# Blender 4.5.2 LTS
# www.blender.org
mtllib barrel_02_small_blue.mtl
g barrel_02_small_blue_Mesh
v 0.000000 0.005246 -0.196737
v 0.000000 0.595456 -0.196737
v 0.038381 0.005246 -0.192956
v 0.038381 0.595456 -0.192956
v 0.075288 0.005246 -0.181761
v 0.075288 0.595456 -0.181761
v 0.109301 0.005246 -0.163581
v 0.109301 0.595456 -0.163581
v 0.139114 0.005246 -0.139114
v 0.139114 0.595456 -0.139114
v 0.163581 0.005246 -0.109301
v 0.163581 0.595456 -0.109301
v 0.181761 0.005246 -0.075288
v 0.181761 0.595456 -0.075288
v 0.192956 0.005246 -0.038381
v 0.192956 0.595456 -0.038381
v 0.196737 0.005246 0.000000
v 0.196737 0.595456 0.000000
v 0.192956 0.005246 0.038381
v 0.192956 0.595456 0.038381
v 0.181761 0.005246 0.075288
v 0.181761 0.595456 0.075288
v 0.163581 0.005246 0.109301
v 0.163581 0.595456 0.109301
v 0.139114 0.005246 0.139114
v 0.139114 0.595456 0.139114
v 0.109301 0.005246 0.163581
v 0.109301 0.595456 0.163581
v 0.075288 0.005246 0.181761
v 0.075288 0.595456 0.181761
v 0.038381 0.005246 0.192956
v 0.038381 0.595456 0.192956
v 0.000000 0.005246 0.196737
v 0.000000 0.595456 0.196737
v -0.038381 0.005246 0.192956
v -0.038381 0.595456 0.192956
v -0.075288 0.005246 0.181761
v -0.075288 0.595456 0.181761
v -0.109301 0.005246 0.163581
v -0.109301 0.595456 0.163581
v -0.139114 0.005246 0.139114
v -0.139114 0.595456 0.139114
v -0.163581 0.005246 0.109301
v -0.163581 0.595456 0.109301
v -0.181761 0.005246 0.075288
v -0.181761 0.595456 0.075288
v -0.192956 0.005246 0.038381
v -0.192956 0.595456 0.038381
v -0.196737 0.005246 0.000000
v -0.196737 0.595456 0.000000
v -0.192956 0.005246 -0.038381
v -0.192956 0.595456 -0.038381
v -0.181761 0.005246 -0.075288
v -0.181761 0.595456 -0.075288
v -0.163581 0.005246 -0.109301
v -0.163581 0.595456 -0.109301
v -0.139114 0.005246 -0.139114
v -0.139114 0.595456 -0.139114
v -0.109301 0.005246 -0.163581
v -0.109301 0.595456 -0.163581
v -0.075288 0.005246 -0.181761
v -0.075288 0.595456 -0.181761
v -0.038381 0.005246 -0.192956
v -0.038381 0.595456 -0.192956
v 0.000000 0.442105 -0.196737
v 0.000000 0.429633 -0.196737
v 0.000000 0.171070 -0.196737
v 0.000000 0.158597 -0.196737
v 0.038381 0.158597 -0.192956
v 0.038381 0.171070 -0.192956
v 0.038381 0.429633 -0.192956
v 0.038381 0.442105 -0.192956
v 0.075288 0.158597 -0.181761
v 0.075288 0.171070 -0.181761
v 0.075288 0.429633 -0.181761
v 0.075288 0.442105 -0.181761
v 0.109301 0.158597 -0.163581
v 0.109301 0.171070 -0.163581
v 0.109301 0.429633 -0.163581
v 0.109301 0.442105 -0.163581
v 0.139114 0.158597 -0.139114
v 0.139114 0.171070 -0.139114
v 0.139114 0.429633 -0.139114
v 0.139114 0.442105 -0.139114
v 0.163581 0.158597 -0.109301
v 0.163581 0.171070 -0.109301
v 0.163581 0.429633 -0.109301
v 0.163581 0.442105 -0.109301
v 0.181761 0.158597 -0.075288
v 0.181761 0.171070 -0.075288
v 0.181761 0.429633 -0.075288
v 0.181761 0.442105 -0.075288
v 0.192956 0.158597 -0.038381
v 0.192956 0.171070 -0.038381
v 0.192956 0.429633 -0.038381
v 0.192956 0.442105 -0.038381
v 0.196737 0.158597 0.000000
v 0.196737 0.171070 0.000000
v 0.196737 0.429633 0.000000
v 0.196737 0.442105 0.000000
v 0.192956 0.158597 0.038381
v 0.192956 0.171070 0.038381
v 0.192956 0.429633 0.038381
v 0.192956 0.442105 0.038381
v 0.181761 0.158597 0.075288
v 0.181761 0.171070 0.075288
v 0.181761 0.429633 0.075288
v 0.181761 0.442105 0.075288
v 0.163581 0.158597 0.109301
v 0.163581 0.171070 0.109301
v 0.163581 0.429633 0.109301
v 0.163581 0.442105 0.109301
v 0.139114 0.158597 0.139114
v 0.139114 0.171070 0.139114
v 0.139114 0.429633 0.139114
v 0.139114 0.442105 0.139114
v 0.109301 0.158597 0.163581
v 0.109301 0.171070 0.163581
v 0.109301 0.429633 0.163581
v 0.109301 0.442105 0.163581
v 0.075288 0.158597 0.181761
v 0.075288 0.171070 0.181761
v 0.075288 0.429633 0.181761
v 0.075288 0.442105 0.181761
v 0.038381 0.158597 0.192956
v 0.038381 0.171070 0.192956
v 0.038381 0.429633 0.192956
v 0.038381 0.442105 0.192956
v 0.000000 0.158597 0.196737
v 0.000000 0.171070 0.196737
v 0.000000 0.429633 0.196737
v 0.000000 0.442105 0.196737
v -0.038381 0.158597 0.192956
v -0.038381 0.171070 0.192956
v -0.038381 0.429633 0.192956
v -0.038381 0.442105 0.192956
v -0.075288 0.158597 0.181761
v -0.075288 0.171070 0.181761
v -0.075288 0.429633 0.181761
v -0.075288 0.442105 0.181761
v -0.109301 0.158597 0.163581
v -0.109301 0.171070 0.163581
v -0.109301 0.429633 0.163581
v -0.109301 0.442105 0.163581
v -0.139114 0.158597 0.139114
v -0.139114 0.171070 0.139114
v -0.139114 0.429633 0.139114
v -0.139114 0.442105 0.139114
v -0.163581 0.158597 0.109301
v -0.163581 0.171070 0.109301
v -0.163581 0.429633 0.109301
v -0.163581 0.442105 0.109301
v -0.181761 0.158597 0.075288
v -0.181761 0.171070 0.075288
v -0.181761 0.429633 0.075288
v -0.181761 0.442105 0.075288
v -0.192956 0.158597 0.038381
v -0.192956 0.171070 0.038381
v -0.192956 0.429633 0.038381
v -0.192956 0.442105 0.038381
v -0.196737 0.158597 0.000000
v -0.196737 0.171070 0.000000
v -0.196737 0.429633 0.000000
v -0.196737 0.442105 0.000000
v -0.192956 0.158597 -0.038381
v -0.192956 0.171070 -0.038381
v -0.192956 0.429633 -0.038381
v -0.192956 0.442105 -0.038381
v -0.181761 0.158597 -0.075288
v -0.181761 0.171070 -0.075288
v -0.181761 0.429633 -0.075288
v -0.181761 0.442105 -0.075288
v -0.163581 0.158597 -0.109301
v -0.163581 0.171070 -0.109301
v -0.163581 0.429633 -0.109301
v -0.163581 0.442105 -0.109301
v -0.139114 0.158597 -0.139114
v -0.139114 0.171070 -0.139114
v -0.139114 0.429633 -0.139114
v -0.139114 0.442105 -0.139114
v -0.109301 0.158597 -0.163581
v -0.109301 0.171070 -0.163581
v -0.109301 0.429633 -0.163581
v -0.109301 0.442105 -0.163581
v -0.075288 0.158597 -0.181761
v -0.075288 0.171070 -0.181761
v -0.075288 0.429633 -0.181761
v -0.075288 0.442105 -0.181761
v -0.038381 0.158597 -0.192956
v -0.038381 0.171070 -0.192956
v -0.038381 0.429633 -0.192956
v -0.038381 0.442105 -0.192956
v 0.000000 0.439402 -0.198592
v 0.000000 0.432336 -0.198592
v 0.000000 0.435869 -0.199596
v 0.000000 0.168367 -0.198592
v 0.000000 0.161301 -0.198592
v -0.000000 0.164834 -0.199596
v 0.038743 0.161301 -0.194776
v 0.038743 0.168367 -0.194776
v 0.038939 0.164834 -0.195761
v 0.038743 0.432336 -0.194776
v 0.038743 0.439402 -0.194776
v 0.038939 0.435869 -0.195761
v 0.075998 0.161301 -0.183475
v 0.075998 0.168367 -0.183475
v 0.076382 0.164834 -0.184402
v 0.075998 0.432336 -0.183475
v 0.075998 0.439402 -0.183475
v 0.076382 0.435869 -0.184402
v 0.110332 0.161301 -0.165123
v 0.110332 0.168367 -0.165123
v 0.110889 0.164834 -0.165958
v 0.110332 0.432336 -0.165123
v 0.110332 0.439402 -0.165123
v 0.110889 0.435869 -0.165958
v 0.140426 0.161301 -0.140426
v 0.140426 0.168367 -0.140426
v 0.141136 0.164834 -0.141136
v 0.140426 0.432336 -0.140426
v 0.140426 0.439402 -0.140426
v 0.141136 0.435869 -0.141136
v 0.165123 0.161301 -0.110332
v 0.165123 0.168367 -0.110332
v 0.165958 0.164834 -0.110889
v 0.165123 0.432336 -0.110332
v 0.165123 0.439402 -0.110332
v 0.165958 0.435869 -0.110889
v 0.183475 0.161301 -0.075998
v 0.183475 0.168367 -0.075998
v 0.184402 0.164834 -0.076382
v 0.183475 0.432336 -0.075998
v 0.183475 0.439402 -0.075998
v 0.184402 0.435869 -0.076382
v 0.194776 0.161301 -0.038743
v 0.194776 0.168367 -0.038743
v 0.195761 0.164834 -0.038939
v 0.194776 0.432336 -0.038743
v 0.194776 0.439402 -0.038743
v 0.195761 0.435869 -0.038939
v 0.198592 0.161301 0.000000
v 0.198592 0.168367 0.000000
v 0.199596 0.164834 -0.000000
v 0.198592 0.432336 0.000000
v 0.198592 0.439402 0.000000
v 0.199596 0.435869 0.000000
v 0.194776 0.161301 0.038743
v 0.194776 0.168367 0.038743
v 0.195761 0.164834 0.038939
v 0.194776 0.432336 0.038743
v 0.194776 0.439402 0.038743
v 0.195761 0.435869 0.038939
v 0.183475 0.161301 0.075998
v 0.183475 0.168367 0.075998
v 0.184402 0.164834 0.076382
v 0.183475 0.432336 0.075998
v 0.183475 0.439402 0.075998
v 0.184402 0.435869 0.076382
v 0.165123 0.161301 0.110332
v 0.165123 0.168367 0.110332
v 0.165958 0.164834 0.110889
v 0.165123 0.432336 0.110332
v 0.165123 0.439402 0.110332
v 0.165958 0.435869 0.110889
v 0.140426 0.161301 0.140426
v 0.140426 0.168367 0.140426
v 0.141136 0.164834 0.141136
v 0.140426 0.432336 0.140426
v 0.140426 0.439402 0.140426
v 0.141136 0.435869 0.141136
v 0.110332 0.161301 0.165123
v 0.110332 0.168367 0.165123
v 0.110889 0.164834 0.165958
v 0.110332 0.432336 0.165123
v 0.110332 0.439402 0.165123
v 0.110889 0.435869 0.165958
v 0.075998 0.161301 0.183475
v 0.075998 0.168367 0.183475
v 0.076382 0.164834 0.184402
v 0.075998 0.432336 0.183475
v 0.075998 0.439402 0.183475
v 0.076382 0.435869 0.184402
v 0.038743 0.161301 0.194776
v 0.038743 0.168367 0.194776
v 0.038939 0.164834 0.195761
v 0.038743 0.432336 0.194776
v 0.038743 0.439402 0.194776
v 0.038939 0.435869 0.195761
v 0.000000 0.161301 0.198592
v 0.000000 0.168367 0.198592
v 0.000000 0.164834 0.199596
v 0.000000 0.432336 0.198592
v 0.000000 0.439402 0.198592
v -0.000000 0.435869 0.199596
v -0.038743 0.161301 0.194776
v -0.038743 0.168367 0.194776
v -0.038939 0.164834 0.195761
v -0.038743 0.432336 0.194776
v -0.038743 0.439402 0.194776
v -0.038939 0.435869 0.195761
v -0.075998 0.161301 0.183475
v -0.075998 0.168367 0.183475
v -0.076382 0.164834 0.184402
v -0.075998 0.432336 0.183475
v -0.075998 0.439402 0.183475
v -0.076382 0.435869 0.184402
v -0.110332 0.161301 0.165123
v -0.110332 0.168367 0.165123
v -0.110889 0.164834 0.165958
v -0.110332 0.432336 0.165123
v -0.110332 0.439402 0.165123
v -0.110889 0.435869 0.165958
v -0.140426 0.161301 0.140426
v -0.140426 0.168367 0.140426
v -0.141136 0.164834 0.141136
v -0.140426 0.432336 0.140426
v -0.140426 0.439402 0.140426
v -0.141136 0.435869 0.141136
v -0.165123 0.161301 0.110332
v -0.165123 0.168367 0.110332
v -0.165958 0.164834 0.110889
v -0.165123 0.432336 0.110332
v -0.165123 0.439402 0.110332
v -0.165958 0.435869 0.110889
v -0.183475 0.161301 0.075998
v -0.183475 0.168367 0.075998
v -0.184402 0.164834 0.076382
v -0.183475 0.432336 0.075998
v -0.183475 0.439402 0.075998
v -0.184402 0.435869 0.076382
v -0.194776 0.161301 0.038743
v -0.194776 0.168367 0.038743
v -0.195761 0.164834 0.038939
v -0.194776 0.432336 0.038743
v -0.194776 0.439402 0.038743
v -0.195761 0.435869 0.038939
v -0.198592 0.161301 0.000000
v -0.198592 0.168367 0.000000
v -0.199596 0.164834 0.000000
v -0.198592 0.432336 0.000000
v -0.198592 0.439402 0.000000
v -0.199596 0.435869 -0.000000
v -0.194776 0.161301 -0.038743
v -0.194776 0.168367 -0.038743
v -0.195761 0.164834 -0.038939
v -0.194776 0.432336 -0.038743
v -0.194776 0.439402 -0.038743
v -0.195761 0.435869 -0.038939
v -0.183475 0.161301 -0.075998
v -0.183475 0.168367 -0.075998
v -0.184402 0.164834 -0.076382
v -0.183475 0.432336 -0.075998
v -0.183475 0.439402 -0.075998
v -0.184402 0.435869 -0.076382
v -0.165123 0.161301 -0.110332
v -0.165123 0.168367 -0.110332
v -0.165958 0.164834 -0.110889
v -0.165123 0.432336 -0.110332
v -0.165123 0.439402 -0.110332
v -0.165958 0.435869 -0.110889
v -0.140426 0.161301 -0.140426
v -0.140426 0.168367 -0.140426
v -0.141136 0.164834 -0.141136
v -0.140426 0.432336 -0.140426
v -0.140426 0.439402 -0.140426
v -0.141136 0.435869 -0.141136
v -0.110332 0.161301 -0.165123
v -0.110332 0.168367 -0.165123
v -0.110889 0.164834 -0.165958
v -0.110332 0.432336 -0.165123
v -0.110332 0.439402 -0.165123
v -0.110889 0.435869 -0.165958
v -0.075998 0.161301 -0.183475
v -0.075998 0.168367 -0.183475
v -0.076382 0.164834 -0.184402
v -0.075998 0.432336 -0.183475
v -0.075998 0.439402 -0.183475
v -0.076382 0.435869 -0.184402
v -0.038743 0.161301 -0.194776
v -0.038743 0.168367 -0.194776
v -0.038939 0.164834 -0.195761
v -0.038743 0.432336 -0.194776
v -0.038743 0.439402 -0.194776
v -0.038939 0.435869 -0.195761
v -0.000000 0.600000 -0.194114
v 0.000000 0.600000 -0.199360
v 0.000000 0.595456 -0.201983
v 0.000000 0.590913 -0.199360
v -0.000000 0.590913 -0.194114
v -0.000000 0.595456 -0.191490
v -0.037870 0.600000 -0.190384
v -0.038893 0.600000 -0.195529
v -0.039405 0.595456 -0.198102
v -0.038893 0.590913 -0.195529
v -0.037870 0.590913 -0.190384
v -0.037358 0.595456 -0.187811
v -0.074284 0.600000 -0.179338
v -0.076292 0.600000 -0.184185
v -0.077296 0.595456 -0.186608
v -0.076292 0.590913 -0.184185
v -0.074284 0.590913 -0.179338
v -0.073280 0.595456 -0.176914
v -0.107844 0.600000 -0.161400
v -0.110758 0.600000 -0.165762
v -0.112216 0.595456 -0.167943
v -0.110758 0.590913 -0.165762
v -0.107844 0.590913 -0.161400
v -0.106386 0.595456 -0.159218
v -0.137259 0.600000 -0.137259
v -0.140969 0.600000 -0.140969
v -0.142824 0.595456 -0.142824
v -0.140969 0.590913 -0.140969
v -0.137259 0.590913 -0.137259
v -0.135404 0.595456 -0.135404
v -0.161400 0.600000 -0.107844
v -0.165762 0.600000 -0.110758
v -0.167943 0.595456 -0.112216
v -0.165762 0.590913 -0.110758
v -0.161400 0.590913 -0.107844
v -0.159218 0.595456 -0.106386
v -0.179338 0.600000 -0.074284
v -0.184185 0.600000 -0.076292
v -0.186608 0.595456 -0.077296
v -0.184185 0.590913 -0.076292
v -0.179338 0.590913 -0.074284
v -0.176914 0.595456 -0.073280
v -0.190384 0.600000 -0.037870
v -0.195529 0.600000 -0.038893
v -0.198102 0.595456 -0.039405
v -0.195529 0.590913 -0.038893
v -0.190384 0.590913 -0.037870
v -0.187811 0.595456 -0.037358
v -0.194114 0.600000 0.000000
v -0.199360 0.600000 -0.000000
v -0.201983 0.595456 -0.000000
v -0.199360 0.590913 -0.000000
v -0.194114 0.590913 0.000000
v -0.191490 0.595456 0.000000
v -0.190384 0.600000 0.037870
v -0.195529 0.600000 0.038893
v -0.198102 0.595456 0.039405
v -0.195529 0.590913 0.038893
v -0.190384 0.590913 0.037870
v -0.187811 0.595456 0.037358
v -0.179338 0.600000 0.074284
v -0.184185 0.600000 0.076292
v -0.186608 0.595456 0.077296
v -0.184185 0.590913 0.076292
v -0.179338 0.590913 0.074284
v -0.176914 0.595456 0.073280
v -0.161400 0.600000 0.107844
v -0.165762 0.600000 0.110758
v -0.167943 0.595456 0.112216
v -0.165762 0.590913 0.110758
v -0.161400 0.590913 0.107844
v -0.159218 0.595456 0.106386
v -0.137259 0.600000 0.137259
v -0.140969 0.600000 0.140969
v -0.142824 0.595456 0.142824
v -0.140969 0.590913 0.140969
v -0.137259 0.590913 0.137259
v -0.135404 0.595456 0.135404
v -0.107844 0.600000 0.161400
v -0.110758 0.600000 0.165762
v -0.112216 0.595456 0.167943
v -0.110758 0.590913 0.165762
v -0.107844 0.590913 0.161400
v -0.106386 0.595456 0.159218
v -0.074284 0.600000 0.179338
v -0.076292 0.600000 0.184185
v -0.077296 0.595456 0.186608
v -0.076292 0.590913 0.184185
v -0.074284 0.590913 0.179338
v -0.073280 0.595456 0.176914
v -0.037870 0.600000 0.190384
v -0.038893 0.600000 0.195529
v -0.039405 0.595456 0.198102
v -0.038893 0.590913 0.195529
v -0.037870 0.590913 0.190384
v -0.037358 0.595456 0.187811
v 0.000000 0.600000 0.194114
v 0.000000 0.600000 0.199360
v 0.000000 0.595456 0.201983
v -0.000000 0.590913 0.199360
v 0.000000 0.590913 0.194114
v 0.000000 0.595456 0.191490
v 0.037870 0.600000 0.190384
v 0.038893 0.600000 0.195529
v 0.039405 0.595456 0.198102
v 0.038893 0.590913 0.195529
v 0.037870 0.590913 0.190384
v 0.037358 0.595456 0.187811
v 0.074284 0.600000 0.179338
v 0.076292 0.600000 0.184185
v 0.077296 0.595456 0.186608
v 0.076292 0.590913 0.184185
v 0.074284 0.590913 0.179338
v 0.073280 0.595456 0.176914
v 0.107844 0.600000 0.161400
v 0.110758 0.600000 0.165762
v 0.112216 0.595456 0.167943
v 0.110758 0.590913 0.165762
v 0.107844 0.590913 0.161400
v 0.106386 0.595456 0.159218
v 0.137259 0.600000 0.137259
v 0.140969 0.600000 0.140969
v 0.142824 0.595456 0.142824
v 0.140969 0.590913 0.140969
v 0.137259 0.590913 0.137259
v 0.135404 0.595456 0.135404
v 0.161400 0.600000 0.107844
v 0.165762 0.600000 0.110758
v 0.167943 0.595456 0.112216
v 0.165762 0.590913 0.110758
v 0.161400 0.590913 0.107844
v 0.159218 0.595456 0.106386
v 0.179338 0.600000 0.074284
v 0.184185 0.600000 0.076292
v 0.186608 0.595456 0.077296
v 0.184185 0.590913 0.076292
v 0.179338 0.590913 0.074284
v 0.176914 0.595456 0.073280
v 0.190384 0.600000 0.037870
v 0.195529 0.600000 0.038893
v 0.198102 0.595456 0.039405
v 0.195529 0.590913 0.038893
v 0.190384 0.590913 0.037870
v 0.187811 0.595456 0.037358
v 0.194114 0.600000 0.000000
v 0.199360 0.600000 0.000000
v 0.201983 0.595456 0.000000
v 0.199360 0.590913 0.000000
v 0.194114 0.590913 0.000000
v 0.191490 0.595456 -0.000000
v 0.190384 0.600000 -0.037870
v 0.195529 0.600000 -0.038893
v 0.198102 0.595456 -0.039405
v 0.195529 0.590913 -0.038893
v 0.190384 0.590913 -0.037870
v 0.187811 0.595456 -0.037358
v 0.179338 0.600000 -0.074284
v 0.184185 0.600000 -0.076292
v 0.186608 0.595456 -0.077296
v 0.184185 0.590913 -0.076292
v 0.179338 0.590913 -0.074284
v 0.176914 0.595456 -0.073280
v 0.161400 0.600000 -0.107844
v 0.165762 0.600000 -0.110758
v 0.167943 0.595456 -0.112216
v 0.165762 0.590913 -0.110758
v 0.161400 0.590913 -0.107844
v 0.159218 0.595456 -0.106386
v 0.137259 0.600000 -0.137259
v 0.140969 0.600000 -0.140969
v 0.142824 0.595456 -0.142824
v 0.140969 0.590913 -0.140969
v 0.137259 0.590913 -0.137259
v 0.135404 0.595456 -0.135404
v 0.107844 0.600000 -0.161400
v 0.110758 0.600000 -0.165762
v 0.112216 0.595456 -0.167943
v 0.110758 0.590913 -0.165762
v 0.107844 0.590913 -0.161400
v 0.106386 0.595456 -0.159218
v 0.074284 0.600000 -0.179338
v 0.076292 0.600000 -0.184185
v 0.077296 0.595456 -0.186608
v 0.076292 0.590913 -0.184185
v 0.074284 0.590913 -0.179338
v 0.073280 0.595456 -0.176914
v 0.037870 0.600000 -0.190384
v 0.038893 0.600000 -0.195529
v 0.039405 0.595456 -0.198102
v 0.038893 0.590913 -0.195529
v 0.037870 0.590913 -0.190384
v 0.037358 0.595456 -0.187811
v 0.038893 0.009790 -0.195529
v 0.037870 0.009790 -0.190384
v 0.037358 0.005246 -0.187811
v 0.037870 0.000703 -0.190384
v 0.038893 0.000703 -0.195529
v 0.039405 0.005246 -0.198102
v 0.076292 0.009790 -0.184185
v 0.074284 0.009790 -0.179338
v 0.073280 0.005246 -0.176914
v 0.074284 0.000703 -0.179338
v 0.076292 0.000703 -0.184185
v 0.077296 0.005246 -0.186608
v 0.110758 0.009790 -0.165762
v 0.107844 0.009790 -0.161400
v 0.106386 0.005246 -0.159218
v 0.107844 0.000703 -0.161400
v 0.110758 0.000703 -0.165762
v 0.112216 0.005246 -0.167943
v 0.140969 0.009790 -0.140969
v 0.137259 0.009790 -0.137259
v 0.135404 0.005246 -0.135404
v 0.137259 0.000703 -0.137259
v 0.140969 0.000703 -0.140969
v 0.142824 0.005246 -0.142824
v 0.165762 0.009790 -0.110758
v 0.161400 0.009790 -0.107844
v 0.159218 0.005246 -0.106386
v 0.161400 0.000703 -0.107844
v 0.165762 0.000703 -0.110758
v 0.167943 0.005246 -0.112216
v 0.184185 0.009790 -0.076292
v 0.179338 0.009790 -0.074284
v 0.176914 0.005246 -0.073280
v 0.179338 0.000703 -0.074284
v 0.184185 0.000703 -0.076292
v 0.186608 0.005246 -0.077296
v 0.195529 0.009790 -0.038893
v 0.190384 0.009790 -0.037870
v 0.187811 0.005246 -0.037358
v 0.190384 0.000703 -0.037870
v 0.195529 0.000703 -0.038893
v 0.198102 0.005246 -0.039405
v 0.199360 0.009790 -0.000000
v 0.194114 0.009790 0.000000
v 0.191490 0.005246 0.000000
v 0.194114 0.000703 0.000000
v 0.199360 0.000703 -0.000000
v 0.201983 0.005246 -0.000000
v 0.195529 0.009790 0.038893
v 0.190384 0.009790 0.037870
v 0.187811 0.005246 0.037358
v 0.190384 0.000703 0.037870
v 0.195529 0.000703 0.038893
v 0.198102 0.005246 0.039405
v 0.184185 0.009790 0.076292
v 0.179338 0.009790 0.074284
v 0.176914 0.005246 0.073280
v 0.179338 0.000703 0.074284
v 0.184185 0.000703 0.076292
v 0.186608 0.005246 0.077296
v 0.165762 0.009790 0.110758
v 0.161400 0.009790 0.107844
v 0.159218 0.005246 0.106386
v 0.161400 0.000703 0.107844
v 0.165762 0.000703 0.110758
v 0.167943 0.005246 0.112216
v 0.140969 0.009790 0.140969
v 0.137259 0.009790 0.137259
v 0.135404 0.005246 0.135404
v 0.137259 0.000703 0.137259
v 0.140969 0.000703 0.140969
v 0.142824 0.005246 0.142824
v 0.110758 0.009790 0.165762
v 0.107844 0.009790 0.161400
v 0.106386 0.005246 0.159218
v 0.107844 0.000703 0.161400
v 0.110758 0.000703 0.165762
v 0.112216 0.005246 0.167943
v 0.076292 0.009790 0.184185
v 0.074284 0.009790 0.179338
v 0.073280 0.005246 0.176914
v 0.074284 0.000703 0.179338
v 0.076292 0.000703 0.184185
v 0.077296 0.005246 0.186608
v 0.038893 0.009790 0.195529
v 0.037870 0.009790 0.190384
v 0.037358 0.005246 0.187811
v 0.037870 0.000703 0.190384
v 0.038893 0.000703 0.195529
v 0.039405 0.005246 0.198102
v 0.000000 0.009790 0.199360
v 0.000000 0.009790 0.194114
v 0.000000 0.005246 0.191490
v 0.000000 0.000703 0.194114
v 0.000000 0.000703 0.199360
v 0.000000 0.005246 0.201983
v -0.038893 0.009790 0.195529
v -0.037870 0.009790 0.190384
v -0.037358 0.005246 0.187811
v -0.037870 0.000703 0.190384
v -0.038893 0.000703 0.195529
v -0.039405 0.005246 0.198102
v -0.076292 0.009790 0.184185
v -0.074284 0.009790 0.179338
v -0.073280 0.005246 0.176914
v -0.074284 0.000703 0.179338
v -0.076292 0.000703 0.184185
v -0.077296 0.005246 0.186608
v -0.110758 0.009790 0.165762
v -0.107844 0.009790 0.161400
v -0.106386 0.005246 0.159218
v -0.107844 0.000703 0.161400
v -0.110758 0.000703 0.165762
v -0.112216 0.005246 0.167943
v -0.140969 0.009790 0.140969
v -0.137259 0.009790 0.137259
v -0.135404 0.005246 0.135404
v -0.137259 0.000703 0.137259
v -0.140969 0.000703 0.140969
v -0.142824 0.005246 0.142824
v -0.165762 0.009790 0.110758
v -0.161400 0.009790 0.107844
v -0.159218 0.005246 0.106386
v -0.161400 0.000703 0.107844
v -0.165762 0.000703 0.110758
v -0.167943 0.005246 0.112216
v -0.184185 0.009790 0.076292
v -0.179338 0.009790 0.074284
v -0.176914 0.005246 0.073280
v -0.179338 0.000703 0.074284
v -0.184185 0.000703 0.076292
v -0.186608 0.005246 0.077296
v -0.195529 0.009790 0.038893
v -0.190384 0.009790 0.037870
v -0.187811 0.005246 0.037358
v -0.190384 0.000703 0.037870
v -0.195529 0.000703 0.038893
v -0.198102 0.005246 0.039405
v -0.199360 0.009790 0.000000
v -0.194114 0.009790 0.000000
v -0.191490 0.005246 -0.000000
v -0.194114 0.000703 0.000000
v -0.199360 0.000703 0.000000
v -0.201983 0.005246 0.000000
v -0.195529 0.009790 -0.038893
v -0.190384 0.009790 -0.037870
v -0.187811 0.005246 -0.037358
v -0.190384 0.000703 -0.037870
v -0.195529 0.000703 -0.038893
v -0.198102 0.005246 -0.039405
v -0.184185 0.009790 -0.076292
v -0.179338 0.009790 -0.074284
v -0.176914 0.005246 -0.073280
v -0.179338 0.000703 -0.074284
v -0.184185 0.000703 -0.076292
v -0.186608 0.005246 -0.077296
v -0.165762 0.009790 -0.110758
v -0.161400 0.009790 -0.107844
v -0.159218 0.005246 -0.106386
v -0.161400 0.000703 -0.107844
v -0.165762 0.000703 -0.110758
v -0.167943 0.005246 -0.112216
v -0.140969 0.009790 -0.140969
v -0.137259 0.009790 -0.137259
v -0.135404 0.005246 -0.135404
v -0.137259 0.000703 -0.137259
v -0.140969 0.000703 -0.140969
v -0.142824 0.005246 -0.142824
v -0.110758 0.009790 -0.165762
v -0.107844 0.009790 -0.161400
v -0.106386 0.005246 -0.159218
v -0.107844 0.000703 -0.161400
v -0.110758 0.000703 -0.165762
v -0.112216 0.005246 -0.167943
v -0.076292 0.009790 -0.184185
v -0.074284 0.009790 -0.179338
v -0.073280 0.005246 -0.176914
v -0.074284 0.000703 -0.179338
v -0.076292 0.000703 -0.184185
v -0.077296 0.005246 -0.186608
v -0.038893 0.009790 -0.195529
v -0.037870 0.009790 -0.190384
v -0.037358 0.005246 -0.187811
v -0.037870 0.000703 -0.190384
v -0.038893 0.000703 -0.195529
v -0.039405 0.005246 -0.198102
v 0.000000 0.009790 -0.199360
v 0.000000 0.009790 -0.194114
v 0.000000 0.005246 -0.191490
v -0.000000 0.000703 -0.194114
v 0.000000 0.000703 -0.199360
v 0.000000 0.005246 -0.201983
v 0.000000 0.595457 0.000000
v 0.000000 0.005246 0.000000
v -0.151423 0.593984 -0.016676
v -0.151423 0.599951 -0.014473
v -0.148169 0.593984 -0.016355
v -0.148599 0.599951 -0.014195
v -0.145041 0.593984 -0.015406
v -0.145884 0.599951 -0.013371
v -0.142158 0.593984 -0.013865
v -0.143382 0.599951 -0.012034
v -0.139631 0.593984 -0.011791
v -0.141189 0.599951 -0.010234
v -0.137557 0.593984 -0.009264
v -0.139389 0.599951 -0.008041
v -0.136016 0.593984 -0.006381
v -0.138051 0.599951 -0.005539
v -0.135068 0.593984 -0.003253
v -0.137228 0.599951 -0.002824
v -0.134747 0.593984 0.000000
v -0.136950 0.599951 0.000000
v -0.135068 0.593984 0.003253
v -0.137228 0.599951 0.002824
v -0.136016 0.593984 0.006381
v -0.138051 0.599951 0.005539
v -0.137557 0.593984 0.009264
v -0.139389 0.599951 0.008041
v -0.139631 0.593984 0.011791
v -0.141189 0.599951 0.010234
v -0.142158 0.593984 0.013865
v -0.143382 0.599951 0.012034
v -0.145041 0.593984 0.015406
v -0.145884 0.599951 0.013371
v -0.148169 0.593984 0.016355
v -0.148599 0.599951 0.014195
v -0.151423 0.593984 0.016676
v -0.151423 0.599951 0.014473
v -0.154676 0.593984 0.016355
v -0.154246 0.599951 0.014195
v -0.157804 0.593984 0.015406
v -0.156961 0.599951 0.013371
v -0.160687 0.593984 0.013865
v -0.159463 0.599951 0.012034
v -0.163214 0.593984 0.011791
v -0.161657 0.599951 0.010234
v -0.165288 0.593984 0.009264
v -0.163456 0.599951 0.008041
v -0.166829 0.593984 0.006381
v -0.164794 0.599951 0.005539
v -0.167778 0.593984 0.003253
v -0.165617 0.599951 0.002824
v -0.168098 0.593984 0.000000
v -0.165896 0.599951 0.000000
v -0.167778 0.593984 -0.003253
v -0.165617 0.599951 -0.002824
v -0.166829 0.593984 -0.006381
v -0.164794 0.599951 -0.005539
v -0.165288 0.593984 -0.009264
v -0.163456 0.599951 -0.008041
v -0.163214 0.593984 -0.011791
v -0.161657 0.599951 -0.010234
v -0.160687 0.593984 -0.013865
v -0.159463 0.599951 -0.012034
v -0.157804 0.593984 -0.015406
v -0.156961 0.599951 -0.013371
v -0.154676 0.593984 -0.016355
v -0.154246 0.599951 -0.014195
v -0.148169 0.599951 -0.016355
v -0.151423 0.599951 -0.016676
v -0.145041 0.599951 -0.015406
v -0.142158 0.599951 -0.013865
v -0.139631 0.599951 -0.011791
v -0.137557 0.599951 -0.009264
v -0.136016 0.599951 -0.006381
v -0.135068 0.599951 -0.003253
v -0.134747 0.599951 0.000000
v -0.135068 0.599951 0.003253
v -0.136016 0.599951 0.006381
v -0.137557 0.599951 0.009264
v -0.139631 0.599951 0.011791
v -0.142158 0.599951 0.013865
v -0.145041 0.599951 0.015406
v -0.148169 0.599951 0.016355
v -0.151423 0.599951 0.016676
v -0.154676 0.599951 0.016355
v -0.157804 0.599951 0.015406
v -0.160687 0.599951 0.013865
v -0.163214 0.599951 0.011791
v -0.165288 0.599951 0.009264
v -0.166829 0.599951 0.006381
v -0.167778 0.599951 0.003253
v -0.168098 0.599951 0.000000
v -0.167778 0.599951 -0.003253
v -0.166829 0.599951 -0.006381
v -0.165288 0.599951 -0.009264
v -0.163214 0.599951 -0.011791
v -0.160687 0.599951 -0.013865
v -0.157804 0.599951 -0.015406
v -0.154676 0.599951 -0.016355
v -0.148599 0.598617 -0.014195
v -0.151423 0.598617 -0.014473
v -0.145884 0.598617 -0.013371
v -0.143382 0.598617 -0.012034
v -0.141189 0.598617 -0.010234
v -0.139389 0.598617 -0.008041
v -0.138051 0.598617 -0.005539
v -0.137228 0.598617 -0.002824
v -0.136950 0.598617 0.000000
v -0.137228 0.598617 0.002824
v -0.138051 0.598617 0.005539
v -0.139389 0.598617 0.008041
v -0.141189 0.598617 0.010234
v -0.143382 0.598617 0.012034
v -0.145884 0.598617 0.013371
v -0.148599 0.598617 0.014195
v -0.151423 0.598617 0.014473
v -0.154246 0.598617 0.014195
v -0.156961 0.598617 0.013371
v -0.159463 0.598617 0.012034
v -0.161657 0.598617 0.010234
v -0.163456 0.598617 0.008041
v -0.164794 0.598617 0.005539
v -0.165617 0.598617 0.002824
v -0.165896 0.598617 0.000000
v -0.165617 0.598617 -0.002824
v -0.164794 0.598617 -0.005539
v -0.163456 0.598617 -0.008041
v -0.161657 0.598617 -0.010234
v -0.159463 0.598617 -0.012034
v -0.156961 0.598617 -0.013371
v -0.154246 0.598617 -0.014195
v -0.151423 0.598617 0.000000
v 0.151423 0.593984 -0.016676
v 0.151423 0.599951 -0.014473
v 0.148169 0.593984 -0.016355
v 0.148599 0.599951 -0.014195
v 0.145041 0.593984 -0.015406
v 0.145884 0.599951 -0.013371
v 0.142158 0.593984 -0.013865
v 0.143382 0.599951 -0.012034
v 0.139631 0.593984 -0.011791
v 0.141189 0.599951 -0.010234
v 0.137557 0.593984 -0.009264
v 0.139389 0.599951 -0.008041
v 0.136016 0.593984 -0.006381
v 0.138051 0.599951 -0.005539
v 0.135068 0.593984 -0.003253
v 0.137228 0.599951 -0.002824
v 0.134747 0.593984 0.000000
v 0.136950 0.599951 0.000000
v 0.135068 0.593984 0.003253
v 0.137228 0.599951 0.002824
v 0.136016 0.593984 0.006381
v 0.138051 0.599951 0.005539
v 0.137557 0.593984 0.009264
v 0.139389 0.599951 0.008041
v 0.139631 0.593984 0.011791
v 0.141189 0.599951 0.010234
v 0.142158 0.593984 0.013865
v 0.143382 0.599951 0.012034
v 0.145041 0.593984 0.015406
v 0.145884 0.599951 0.013371
v 0.148169 0.593984 0.016355
v 0.148599 0.599951 0.014195
v 0.151423 0.593984 0.016676
v 0.151423 0.599951 0.014473
v 0.154676 0.593984 0.016355
v 0.154246 0.599951 0.014195
v 0.157804 0.593984 0.015406
v 0.156961 0.599951 0.013371
v 0.160687 0.593984 0.013865
v 0.159463 0.599951 0.012034
v 0.163214 0.593984 0.011791
v 0.161657 0.599951 0.010234
v 0.165288 0.593984 0.009264
v 0.163456 0.599951 0.008041
v 0.166829 0.593984 0.006381
v 0.164794 0.599951 0.005539
v 0.167778 0.593984 0.003253
v 0.165617 0.599951 0.002824
v 0.168098 0.593984 0.000000
v 0.165896 0.599951 0.000000
v 0.167778 0.593984 -0.003253
v 0.165617 0.599951 -0.002824
v 0.166829 0.593984 -0.006381
v 0.164794 0.599951 -0.005539
v 0.165288 0.593984 -0.009264
v 0.163456 0.599951 -0.008041
v 0.163214 0.593984 -0.011791
v 0.161657 0.599951 -0.010234
v 0.160687 0.593984 -0.013865
v 0.159463 0.599951 -0.012034
v 0.157804 0.593984 -0.015406
v 0.156961 0.599951 -0.013371
v 0.154676 0.593984 -0.016355
v 0.154246 0.599951 -0.014195
v 0.148169 0.599951 -0.016355
v 0.151423 0.599951 -0.016676
v 0.145041 0.599951 -0.015406
v 0.142158 0.599951 -0.013865
v 0.139631 0.599951 -0.011791
v 0.137557 0.599951 -0.009264
v 0.136016 0.599951 -0.006381
v 0.135068 0.599951 -0.003253
v 0.134747 0.599951 0.000000
v 0.135068 0.599951 0.003253
v 0.136016 0.599951 0.006381
v 0.137557 0.599951 0.009264
v 0.139631 0.599951 0.011791
v 0.142158 0.599951 0.013865
v 0.145041 0.599951 0.015406
v 0.148169 0.599951 0.016355
v 0.151423 0.599951 0.016676
v 0.154676 0.599951 0.016355
v 0.157804 0.599951 0.015406
v 0.160687 0.599951 0.013865
v 0.163214 0.599951 0.011791
v 0.165288 0.599951 0.009264
v 0.166829 0.599951 0.006381
v 0.167778 0.599951 0.003253
v 0.168098 0.599951 0.000000
v 0.167778 0.599951 -0.003253
v 0.166829 0.599951 -0.006381
v 0.165288 0.599951 -0.009264
v 0.163214 0.599951 -0.011791
v 0.160687 0.599951 -0.013865
v 0.157804 0.599951 -0.015406
v 0.154676 0.599951 -0.016355
v 0.148599 0.598617 -0.014195
v 0.151423 0.598617 -0.014473
v 0.145884 0.598617 -0.013371
v 0.143382 0.598617 -0.012034
v 0.141189 0.598617 -0.010234
v 0.139389 0.598617 -0.008041
v 0.138051 0.598617 -0.005539
v 0.137228 0.598617 -0.002824
v 0.136950 0.598617 0.000000
v 0.137228 0.598617 0.002824
v 0.138051 0.598617 0.005539
v 0.139389 0.598617 0.008041
v 0.141189 0.598617 0.010234
v 0.143382 0.598617 0.012034
v 0.145884 0.598617 0.013371
v 0.148599 0.598617 0.014195
v 0.151423 0.598617 0.014473
v 0.154246 0.598617 0.014195
v 0.156961 0.598617 0.013371
v 0.159463 0.598617 0.012034
v 0.161657 0.598617 0.010234
v 0.163456 0.598617 0.008041
v 0.164794 0.598617 0.005539
v 0.165617 0.598617 0.002824
v 0.165896 0.598617 0.000000
v 0.165617 0.598617 -0.002824
v 0.164794 0.598617 -0.005539
v 0.163456 0.598617 -0.008041
v 0.161657 0.598617 -0.010234
v 0.159463 0.598617 -0.012034
v 0.156961 0.598617 -0.013371
v 0.154246 0.598617 -0.014195
v 0.151423 0.598617 0.000000
vn -0.0000 -1.0000 -0.0000
vn 0.1020 0.8525 -0.5127
vn 0.3827 -0.0000 -0.9239
vn 0.1951 -0.0000 -0.9808
vn -0.0000 -0.0000 -1.0000
vn -0.1951 -0.0000 -0.9808
vn -0.3827 -0.0000 -0.9239
vn -0.5556 -0.0000 -0.8315
vn -0.7071 -0.0000 -0.7071
vn -0.8315 -0.0000 -0.5556
vn -0.9239 -0.0000 -0.3827
vn -0.9808 -0.0000 -0.1951
vn -1.0000 -0.0000 -0.0000
vn -0.9808 -0.0000 0.1951
vn -0.9239 -0.0000 0.3827
vn -0.8315 -0.0000 0.5556
vn -0.7071 -0.0000 0.7071
vn -0.5556 -0.0000 0.8315
vn -0.3827 -0.0000 0.9239
vn -0.1951 -0.0000 0.9808
vn -0.0000 -0.0000 1.0000
vn 0.1951 -0.0000 0.9808
vn 0.3827 -0.0000 0.9239
vn 0.5556 -0.0000 0.8315
vn 0.7071 -0.0000 0.7071
vn 0.8315 -0.0000 0.5556
vn 0.9239 -0.0000 0.3827
vn 0.9808 -0.0000 0.1951
vn 1.0000 -0.0000 -0.0000
vn 0.9808 -0.0000 -0.1951
vn 0.9239 -0.0000 -0.3827
vn 0.8315 -0.0000 -0.5556
vn 0.7071 -0.0000 -0.7071
vn 0.5556 -0.0000 -0.8315
vn -0.0000 -0.4213 -0.9069
vn -0.0000 0.4213 -0.9069
vn -0.1769 0.4213 -0.8895
vn -0.1769 -0.4213 -0.8895
vn -0.3471 0.4213 -0.8379
vn -0.3471 -0.4213 -0.8379
vn -0.5039 0.4213 -0.7541
vn -0.5039 -0.4213 -0.7541
vn -0.6413 -0.4213 -0.6413
vn -0.6413 0.4213 -0.6413
vn -0.7541 -0.4213 -0.5039
vn -0.7541 0.4213 -0.5039
vn -0.8379 0.4213 -0.3471
vn -0.8379 -0.4213 -0.3471
vn -0.8895 -0.4213 -0.1769
vn -0.8895 0.4213 -0.1769
vn -0.9069 -0.4213 -0.0000
vn -0.9069 0.4213 -0.0000
vn -0.8895 0.4213 0.1769
vn -0.8895 -0.4213 0.1769
vn -0.8379 0.4213 0.3471
vn -0.8379 -0.4213 0.3471
vn -0.7541 0.4213 0.5039
vn -0.7541 -0.4213 0.5039
vn -0.6413 -0.4213 0.6413
vn -0.6413 0.4213 0.6413
vn -0.5039 -0.4213 0.7541
vn -0.5039 0.4213 0.7541
vn -0.5038 0.4213 0.7541
vn -0.3471 0.4213 0.8379
vn -0.3471 -0.4213 0.8379
vn -0.1769 -0.4213 0.8895
vn -0.1769 0.4213 0.8895
vn -0.0000 -0.4213 0.9069
vn -0.0000 0.4213 0.9069
vn 0.1769 0.4213 0.8895
vn 0.1769 -0.4213 0.8895
vn 0.3471 0.4213 0.8379
vn 0.3471 -0.4213 0.8379
vn 0.5039 0.4213 0.7541
vn 0.5039 -0.4213 0.7541
vn 0.6413 -0.4213 0.6413
vn 0.6413 0.4213 0.6413
vn 0.7541 -0.4213 0.5039
vn 0.7541 0.4213 0.5039
vn 0.8379 0.4213 0.3471
vn 0.8379 -0.4213 0.3471
vn 0.8895 -0.4213 0.1769
vn 0.8895 0.4213 0.1769
vn 0.9069 -0.4213 -0.0000
vn 0.9069 0.4213 -0.0000
vn 0.8895 0.4213 -0.1769
vn 0.8895 -0.4213 -0.1769
vn 0.8379 0.4213 -0.3471
vn 0.8379 -0.4213 -0.3471
vn 0.7541 0.4213 -0.5039
vn 0.7541 -0.4213 -0.5039
vn 0.6413 -0.4213 -0.6413
vn 0.6413 0.4213 -0.6413
vn 0.5039 -0.4213 -0.7541
vn 0.5039 0.4213 -0.7541
vn 0.5038 0.4213 -0.7541
vn 0.3471 0.4213 -0.8379
vn 0.3471 -0.4213 -0.8379
vn 0.1769 -0.4213 -0.8895
vn 0.1769 0.4213 -0.8895
vn 0.1609 0.5658 -0.8087
vn -0.0000 0.5658 -0.8246
vn -0.1609 0.5658 -0.8087
vn -0.1609 -0.5658 -0.8087
vn -0.0000 -0.5658 -0.8246
vn 0.1609 -0.5658 -0.8087
vn 0.3155 -0.5658 -0.7618
vn 0.3155 0.5658 -0.7618
vn 0.4581 -0.5658 -0.6856
vn 0.4581 0.5658 -0.6856
vn 0.5831 -0.5658 -0.5831
vn 0.5831 0.5658 -0.5831
vn 0.6856 -0.5658 -0.4581
vn 0.6856 0.5658 -0.4581
vn 0.7618 -0.5658 -0.3155
vn 0.7618 0.5658 -0.3155
vn 0.8087 -0.5658 -0.1609
vn 0.8087 0.5658 -0.1609
vn 0.8246 -0.5658 -0.0000
vn 0.8246 0.5658 -0.0000
vn 0.8087 -0.5658 0.1609
vn 0.8087 0.5658 0.1609
vn 0.7618 -0.5658 0.3155
vn 0.7618 0.5658 0.3155
vn 0.6856 -0.5658 0.4581
vn 0.6856 0.5658 0.4581
vn 0.5831 -0.5658 0.5831
vn 0.5831 0.5658 0.5831
vn 0.4581 -0.5658 0.6856
vn 0.4581 0.5658 0.6856
vn 0.3155 -0.5658 0.7618
vn 0.3155 0.5658 0.7618
vn 0.1609 -0.5658 0.8087
vn 0.1609 0.5658 0.8087
vn -0.0000 -0.5658 0.8246
vn -0.0000 0.5658 0.8246
vn -0.1609 -0.5658 0.8087
vn -0.1609 0.5658 0.8087
vn -0.3155 -0.5658 0.7618
vn -0.3155 0.5658 0.7618
vn -0.4581 -0.5658 0.6856
vn -0.4581 0.5658 0.6856
vn -0.5831 -0.5658 0.5831
vn -0.5831 0.5658 0.5831
vn -0.6856 -0.5658 0.4581
vn -0.6856 0.5658 0.4581
vn -0.7618 -0.5658 0.3155
vn -0.7618 0.5658 0.3155
vn -0.8087 -0.5658 0.1609
vn -0.8087 0.5658 0.1609
vn -0.8246 -0.5658 -0.0000
vn -0.8246 0.5658 -0.0000
vn -0.8087 -0.5658 -0.1609
vn -0.8087 0.5658 -0.1609
vn -0.7618 -0.5658 -0.3155
vn -0.7618 0.5658 -0.3155
vn -0.6856 -0.5658 -0.4581
vn -0.6856 0.5658 -0.4581
vn -0.5831 -0.5658 -0.5831
vn -0.5831 0.5658 -0.5831
vn -0.4581 -0.5658 -0.6856
vn -0.4581 0.5658 -0.6856
vn -0.3155 -0.5658 -0.7618
vn -0.3155 0.5658 -0.7618
vn -0.1020 0.8525 -0.5127
vn -0.0000 0.8795 0.4759
vn -0.0000 0.8525 -0.5227
vn -0.0000 -0.8525 -0.5227
vn 0.0928 -0.8795 0.4667
vn -0.0000 -0.8795 0.4758
vn 0.1821 0.8795 0.4396
vn 0.0928 0.8795 0.4667
vn -0.2000 0.8525 -0.4829
vn -0.1020 -0.8525 -0.5127
vn 0.1821 -0.8795 0.4396
vn 0.2644 0.8795 0.3957
vn -0.2904 0.8525 -0.4346
vn -0.2904 -0.8525 -0.4346
vn -0.2000 -0.8525 -0.4829
vn 0.2644 -0.8795 0.3957
vn 0.3365 0.8795 0.3365
vn -0.3696 -0.8525 -0.3696
vn 0.3365 -0.8795 0.3365
vn 0.3957 0.8795 0.2644
vn -0.4346 0.8525 -0.2904
vn -0.3696 0.8525 -0.3696
vn 0.3957 -0.8795 0.2644
vn -0.4829 0.8525 -0.2000
vn -0.4829 -0.8525 -0.2000
vn -0.4346 -0.8525 -0.2904
vn 0.4667 0.8795 0.0928
vn 0.4396 0.8795 0.1821
vn -0.5127 -0.8525 -0.1020
vn 0.4667 -0.8795 0.0928
vn 0.4396 -0.8795 0.1821
vn 0.4758 0.8795 -0.0000
vn -0.5227 0.8525 -0.0000
vn -0.5127 0.8525 -0.1020
vn -0.5227 -0.8525 -0.0000
vn 0.4759 -0.8795 -0.0000
vn 0.4667 0.8795 -0.0928
vn -0.5127 0.8525 0.1020
vn 0.4667 -0.8795 -0.0928
vn 0.4396 0.8795 -0.1821
vn -0.4829 0.8525 0.2000
vn -0.5127 -0.8525 0.1020
vn 0.4396 -0.8795 -0.1821
vn 0.3957 0.8795 -0.2644
vn -0.4346 0.8525 0.2904
vn -0.4346 -0.8525 0.2904
vn -0.4829 -0.8525 0.2000
vn 0.3957 -0.8795 -0.2644
vn 0.3365 0.8795 -0.3365
vn -0.3696 -0.8525 0.3696
vn 0.3365 -0.8795 -0.3365
vn 0.2644 0.8795 -0.3957
vn -0.2904 0.8525 0.4346
vn -0.3696 0.8525 0.3696
vn 0.2644 -0.8795 -0.3957
vn -0.2000 0.8525 0.4829
vn -0.2000 -0.8525 0.4829
vn -0.2904 -0.8525 0.4346
vn 0.0928 0.8795 -0.4667
vn 0.1821 0.8795 -0.4396
vn -0.1020 -0.8525 0.5127
vn 0.0928 -0.8795 -0.4667
vn 0.1821 -0.8795 -0.4396
vn -0.0000 0.8795 -0.4759
vn -0.0000 0.8525 0.5227
vn -0.1020 0.8525 0.5127
vn -0.0000 -0.8525 0.5227
vn -0.0000 -0.8795 -0.4759
vn -0.0928 0.8795 -0.4667
vn 0.1020 0.8525 0.5127
vn 0.1020 -0.8525 0.5127
vn -0.0928 -0.8795 -0.4667
vn -0.1821 0.8795 -0.4396
vn 0.2000 0.8525 0.4829
vn -0.1821 -0.8795 -0.4396
vn -0.2644 0.8795 -0.3957
vn 0.2000 -0.8525 0.4829
vn -0.2644 -0.8795 -0.3957
vn -0.3365 0.8795 -0.3365
vn 0.2904 0.8525 0.4346
vn 0.2904 -0.8525 0.4346
vn -0.3365 -0.8795 -0.3365
vn -0.3957 0.8795 -0.2644
vn 0.4346 0.8525 0.2904
vn 0.3696 0.8525 0.3696
vn 0.3696 -0.8525 0.3696
vn -0.3957 -0.8795 -0.2644
vn 0.4829 0.8525 0.2000
vn 0.4829 -0.8525 0.2000
vn 0.4346 -0.8525 0.2904
vn -0.4667 0.8795 -0.0928
vn -0.4396 0.8795 -0.1821
vn 0.5127 -0.8525 0.1020
vn -0.4667 -0.8795 -0.0928
vn -0.4396 -0.8795 -0.1821
vn -0.4758 0.8795 -0.0000
vn 0.5227 0.8525 -0.0000
vn 0.5127 0.8525 0.1020
vn 0.5227 -0.8525 -0.0000
vn -0.4759 -0.8795 -0.0000
vn -0.4667 0.8795 0.0928
vn 0.5127 0.8525 -0.1020
vn -0.4667 -0.8795 0.0928
vn -0.4396 0.8795 0.1821
vn 0.4829 0.8525 -0.2000
vn 0.5127 -0.8525 -0.1020
vn -0.4396 -0.8795 0.1821
vn -0.3957 0.8795 0.2644
vn 0.4346 0.8525 -0.2904
vn 0.4346 -0.8525 -0.2904
vn 0.4829 -0.8525 -0.2000
vn -0.3957 -0.8795 0.2644
vn -0.3365 0.8795 0.3365
vn 0.3696 -0.8525 -0.3696
vn -0.3365 -0.8795 0.3365
vn -0.2644 0.8795 0.3957
vn 0.2904 0.8525 -0.4346
vn 0.3696 0.8525 -0.3696
vn -0.2644 -0.8795 0.3957
vn 0.2000 0.8525 -0.4829
vn 0.2000 -0.8525 -0.4829
vn 0.2904 -0.8525 -0.4346
vn -0.0928 0.8795 0.4667
vn -0.1821 0.8795 0.4396
vn 0.1020 -0.8525 -0.5127
vn -0.0928 -0.8795 0.4667
vn -0.1821 -0.8795 0.4396
vn -0.4759 0.8795 -0.0000
vn -0.0000 0.8795 -0.4758
vn -0.0000 -0.8795 -0.4758
vn 0.4759 0.8795 -0.0000
vn -0.0000 0.8795 0.4758
vn -0.0000 1.0000 -0.0000
vt 0.081119 0.260485
vt 0.081387 0.260485
vt 0.095080 0.260485
vt 0.081204 0.261019
vt 0.081837 0.260485
vt 0.081022 0.260485
vt 0.081119 0.329939
vt 0.081387 0.311893
vt 0.081119 0.311893
vt 0.081387 0.329939
vt 0.082181 0.329939
vt 0.082181 0.311893
vt 0.083472 0.329939
vt 0.083472 0.311893
vt 0.085208 0.329939
vt 0.085208 0.311893
vt 0.087323 0.329939
vt 0.087323 0.311893
vt 0.089737 0.329939
vt 0.089737 0.311893
vt 0.092356 0.329939
vt 0.092356 0.311893
vt 0.095080 0.329939
vt 0.095080 0.311893
vt 0.097803 0.329939
vt 0.097803 0.311893
vt 0.100422 0.329939
vt 0.100422 0.311893
vt 0.102836 0.329939
vt 0.102836 0.311893
vt 0.104951 0.329939
vt 0.104951 0.311893
vt 0.106687 0.329939
vt 0.106687 0.311893
vt 0.107978 0.329939
vt 0.107978 0.311893
vt 0.108772 0.329939
vt 0.108772 0.311893
vt 0.109040 0.329939
vt 0.109040 0.311893
vt 0.081119 0.278531
vt 0.081387 0.278531
vt 0.082181 0.260485
vt 0.082181 0.278531
vt 0.083472 0.260485
vt 0.083472 0.278531
vt 0.085208 0.260485
vt 0.085208 0.278531
vt 0.087323 0.260485
vt 0.087323 0.278531
vt 0.089737 0.260485
vt 0.089737 0.278531
vt 0.092356 0.260485
vt 0.092356 0.278531
vt 0.095080 0.278531
vt 0.097803 0.260485
vt 0.097803 0.278531
vt 0.100422 0.260485
vt 0.100422 0.278531
vt 0.102836 0.260485
vt 0.102836 0.278531
vt 0.104951 0.260485
vt 0.104951 0.278531
vt 0.106687 0.260485
vt 0.106687 0.278531
vt 0.107978 0.260485
vt 0.107978 0.278531
vt 0.108772 0.260485
vt 0.108772 0.278531
vt 0.109040 0.260485
vt 0.109040 0.278531
vt 0.081119 0.310425
vt 0.081387 0.279998
vt 0.081387 0.310425
vt 0.081119 0.279998
vt 0.082181 0.310425
vt 0.083472 0.310425
vt 0.082181 0.279998
vt 0.085208 0.310425
vt 0.083472 0.279998
vt 0.087323 0.310425
vt 0.085208 0.279998
vt 0.089737 0.310425
vt 0.087323 0.279998
vt 0.092356 0.310425
vt 0.089737 0.279998
vt 0.095080 0.310425
vt 0.092356 0.279998
vt 0.097803 0.310425
vt 0.095080 0.279998
vt 0.100422 0.310425
vt 0.097803 0.279998
vt 0.102836 0.310425
vt 0.100422 0.279998
vt 0.104951 0.310425
vt 0.102836 0.279998
vt 0.106687 0.310425
vt 0.104951 0.279998
vt 0.107978 0.310425
vt 0.106687 0.279998
vt 0.108772 0.310425
vt 0.107978 0.279998
vt 0.109040 0.310425
vt 0.108772 0.279998
vt 0.109040 0.279998
vt 0.080987 0.310743
vt 0.081188 0.311159
vt 0.080916 0.311159
vt 0.080987 0.311575
vt 0.080987 0.279680
vt 0.081188 0.279265
vt 0.081258 0.279680
vt 0.080916 0.279265
vt 0.081258 0.278849
vt 0.081258 0.310743
vt 0.081994 0.311159
vt 0.081258 0.311575
vt 0.081994 0.279265
vt 0.082060 0.279680
vt 0.082060 0.278849
vt 0.082060 0.310743
vt 0.083303 0.311159
vt 0.082060 0.311575
vt 0.083362 0.279680
vt 0.083303 0.279265
vt 0.083362 0.278849
vt 0.085115 0.310743
vt 0.083362 0.310743
vt 0.085064 0.311159
vt 0.083362 0.311575
vt 0.085115 0.279680
vt 0.085064 0.279265
vt 0.085115 0.278849
vt 0.087250 0.310743
vt 0.087211 0.311159
vt 0.085115 0.311575
vt 0.087211 0.279265
vt 0.087250 0.279680
vt 0.087250 0.278849
vt 0.089659 0.311159
vt 0.087250 0.311575
vt 0.089687 0.279680
vt 0.089659 0.279265
vt 0.089687 0.278849
vt 0.092330 0.310743
vt 0.089687 0.310743
vt 0.092330 0.311575
vt 0.089687 0.311575
vt 0.092330 0.279680
vt 0.092316 0.279265
vt 0.092330 0.278849
vt 0.095080 0.310743
vt 0.092316 0.311159
vt 0.095080 0.311575
vt 0.095080 0.279680
vt 0.095080 0.279265
vt 0.095080 0.278849
vt 0.097843 0.311159
vt 0.095080 0.311159
vt 0.097843 0.279265
vt 0.097829 0.279680
vt 0.097829 0.278849
vt 0.097829 0.310743
vt 0.100500 0.311159
vt 0.097829 0.311575
vt 0.100500 0.279265
vt 0.100472 0.279680
vt 0.100472 0.278849
vt 0.100472 0.310743
vt 0.102948 0.311159
vt 0.100472 0.311575
vt 0.102909 0.279680
vt 0.102948 0.279265
vt 0.102909 0.278849
vt 0.105044 0.310743
vt 0.102909 0.310743
vt 0.105095 0.311159
vt 0.102909 0.311575
vt 0.105044 0.279680
vt 0.105095 0.279265
vt 0.105044 0.278849
vt 0.106797 0.310743
vt 0.106856 0.311159
vt 0.105044 0.311575
vt 0.106856 0.279265
vt 0.106797 0.279680
vt 0.106797 0.278849
vt 0.108165 0.311159
vt 0.106797 0.311575
vt 0.108099 0.279680
vt 0.108165 0.279265
vt 0.108099 0.278849
vt 0.108901 0.310743
vt 0.108099 0.310743
vt 0.108901 0.311575
vt 0.108099 0.311575
vt 0.108901 0.279680
vt 0.108971 0.279265
vt 0.108901 0.278849
vt 0.109172 0.310743
vt 0.108971 0.311159
vt 0.109172 0.311575
vt 0.109172 0.279680
vt 0.109243 0.279265
vt 0.109172 0.278849
vt 0.109243 0.311159
vt 0.080987 0.278849
vt 0.081204 0.330473
vt 0.081305 0.330473
vt 0.080933 0.330473
vt 0.081022 0.329939
vt 0.080746 0.329939
vt 0.080933 0.329404
vt 0.081570 0.329404
vt 0.081305 0.329404
vt 0.081752 0.329939
vt 0.081491 0.329939
vt 0.082353 0.330473
vt 0.081570 0.330473
vt 0.082009 0.330473
vt 0.081837 0.329939
vt 0.081204 0.329404
vt 0.082353 0.329404
vt 0.082525 0.329939
vt 0.083626 0.330473
vt 0.083317 0.330473
vt 0.083317 0.329404
vt 0.082009 0.329404
vt 0.083626 0.329404
vt 0.085339 0.330473
vt 0.083781 0.329939
vt 0.084944 0.329939
vt 0.083162 0.329939
vt 0.085076 0.329404
vt 0.085339 0.329404
vt 0.085471 0.329939
vt 0.087427 0.330473
vt 0.087220 0.330473
vt 0.085076 0.330473
vt 0.087116 0.329939
vt 0.087427 0.329404
vt 0.087530 0.329939
vt 0.089879 0.329939
vt 0.089666 0.330473
vt 0.089594 0.329939
vt 0.089666 0.329404
vt 0.087220 0.329404
vt 0.092392 0.330473
vt 0.089808 0.330473
vt 0.092283 0.329939
vt 0.092320 0.329404
vt 0.092392 0.329404
vt 0.089808 0.329404
vt 0.092429 0.329939
vt 0.095080 0.330473
vt 0.092320 0.330473
vt 0.095080 0.329404
vt 0.097767 0.330473
vt 0.097839 0.330473
vt 0.097876 0.329939
vt 0.097767 0.329404
vt 0.097731 0.329939
vt 0.100351 0.330473
vt 0.100493 0.330473
vt 0.100565 0.329939
vt 0.097839 0.329404
vt 0.100351 0.329404
vt 0.100280 0.329939
vt 0.102732 0.330473
vt 0.102939 0.330473
vt 0.102939 0.329404
vt 0.100493 0.329404
vt 0.102732 0.329404
vt 0.104820 0.330473
vt 0.102629 0.329939
vt 0.105215 0.329939
vt 0.103043 0.329939
vt 0.105083 0.329404
vt 0.104820 0.329404
vt 0.104688 0.329939
vt 0.106533 0.330473
vt 0.106842 0.330473
vt 0.105083 0.330473
vt 0.106997 0.329939
vt 0.106533 0.329404
vt 0.106378 0.329939
vt 0.107634 0.329939
vt 0.108150 0.330473
vt 0.108322 0.329939
vt 0.108150 0.329404
vt 0.106842 0.329404
vt 0.108590 0.330473
vt 0.107806 0.330473
vt 0.109137 0.329939
vt 0.108955 0.329404
vt 0.108590 0.329404
vt 0.107806 0.329404
vt 0.108407 0.329939
vt 0.108854 0.330473
vt 0.109226 0.330473
vt 0.108955 0.330473
vt 0.109413 0.329939
vt 0.109226 0.329404
vt 0.108854 0.329404
vt 0.108668 0.329939
vt 0.082353 0.261019
vt 0.081570 0.261019
vt 0.082525 0.260485
vt 0.081752 0.260485
vt 0.082353 0.259950
vt 0.081570 0.259950
vt 0.082009 0.259950
vt 0.081204 0.259950
vt 0.082009 0.261019
vt 0.083162 0.260485
vt 0.083626 0.261019
vt 0.083626 0.259950
vt 0.083317 0.259950
vt 0.085076 0.261019
vt 0.083317 0.261019
vt 0.085339 0.261019
vt 0.083781 0.260485
vt 0.085339 0.259950
vt 0.084944 0.260485
vt 0.087116 0.260485
vt 0.087427 0.261019
vt 0.087530 0.260485
vt 0.085471 0.260485
vt 0.087427 0.259950
vt 0.087220 0.259950
vt 0.085076 0.259950
vt 0.089666 0.261019
vt 0.087220 0.261019
vt 0.089879 0.260485
vt 0.089666 0.259950
vt 0.089594 0.260485
vt 0.092320 0.261019
vt 0.092392 0.261019
vt 0.089808 0.261019
vt 0.092429 0.260485
vt 0.092392 0.259950
vt 0.089808 0.259950
vt 0.092283 0.260485
vt 0.095080 0.261019
vt 0.095080 0.259950
vt 0.092320 0.259950
vt 0.097876 0.260485
vt 0.097767 0.261019
vt 0.097731 0.260485
vt 0.097767 0.259950
vt 0.097839 0.259950
vt 0.097839 0.261019
vt 0.100565 0.260485
vt 0.100351 0.261019
vt 0.100280 0.260485
vt 0.100351 0.259950
vt 0.100493 0.259950
vt 0.100493 0.261019
vt 0.103043 0.260485
vt 0.102732 0.261019
vt 0.102732 0.259950
vt 0.102939 0.259950
vt 0.105083 0.261019
vt 0.102939 0.261019
vt 0.104820 0.261019
vt 0.104688 0.260485
vt 0.102629 0.260485
vt 0.104820 0.259950
vt 0.105215 0.260485
vt 0.106997 0.260485
vt 0.106533 0.261019
vt 0.106378 0.260485
vt 0.106533 0.259950
vt 0.106842 0.259950
vt 0.105083 0.259950
vt 0.108150 0.261019
vt 0.106842 0.261019
vt 0.107634 0.260485
vt 0.108150 0.259950
vt 0.108322 0.260485
vt 0.108955 0.261019
vt 0.108590 0.261019
vt 0.107806 0.261019
vt 0.108407 0.260485
vt 0.107806 0.259950
vt 0.108590 0.259950
vt 0.109137 0.260485
vt 0.109226 0.261019
vt 0.108854 0.261019
vt 0.108854 0.259950
vt 0.109226 0.259950
vt 0.108955 0.259950
vt 0.109413 0.260485
vt 0.108668 0.260485
vt 0.080933 0.261019
vt 0.081305 0.261019
vt 0.081305 0.259950
vt 0.080933 0.259950
vt 0.080746 0.260485
vt 0.081491 0.260485
vt 0.095080 0.329939
vt 0.093896 0.330468
vt 0.093919 0.329765
vt 0.093896 0.329765
vt 0.093919 0.330468
vt 0.093986 0.329765
vt 0.093986 0.330468
vt 0.094096 0.329765
vt 0.094096 0.330468
vt 0.094243 0.329765
vt 0.094243 0.330468
vt 0.094422 0.329765
vt 0.094422 0.330468
vt 0.094627 0.329765
vt 0.094627 0.330468
vt 0.094849 0.329765
vt 0.094849 0.330468
vt 0.095080 0.329765
vt 0.095080 0.330468
vt 0.095310 0.329765
vt 0.095310 0.330468
vt 0.095532 0.329765
vt 0.095532 0.330468
vt 0.095737 0.329765
vt 0.095737 0.330468
vt 0.095916 0.329765
vt 0.095916 0.330468
vt 0.096063 0.329765
vt 0.096063 0.330468
vt 0.096173 0.329765
vt 0.096173 0.330468
vt 0.096240 0.329765
vt 0.096240 0.330468
vt 0.096263 0.329765
vt 0.096263 0.330468
vt 0.094509 0.330468
vt 0.094353 0.330311
vt 0.094353 0.330468
vt 0.094053 0.330468
vt 0.094072 0.330468
vt 0.094131 0.330468
vt 0.094226 0.330468
vt 0.094686 0.330468
vt 0.094879 0.330468
vt 0.095473 0.330468
vt 0.095280 0.330468
vt 0.095650 0.330468
vt 0.095806 0.330468
vt 0.095933 0.330468
vt 0.096028 0.330468
vt 0.096087 0.330468
vt 0.096107 0.330468
vt 0.096087 0.330311
vt 0.094131 0.330311
vt 0.094226 0.330311
vt 0.096107 0.330311
vt 0.094072 0.330311
vt 0.096028 0.330311
vt 0.094509 0.330311
vt 0.094053 0.330311
vt 0.095933 0.330311
vt 0.094686 0.330311
vt 0.095806 0.330311
vt 0.094879 0.330311
vt 0.095650 0.330311
vt 0.095080 0.330311
vt 0.095473 0.330311
vt 0.095280 0.330311
s 1
g barrel_02_small_blue_regular_material
usemtl regular_material
f 1/1/1 3/2/1 770/3/1
s 2
f 577/4/2 588/5/3 582/6/4
s 3
f 2/7/5 72/8/4 65/9/5
f 64/10/6 65/9/5 192/8/6
f 62/11/7 192/8/6 188/12/7
f 60/13/8 188/12/7 184/14/8
f 58/15/9 184/14/8 180/16/9
f 56/17/10 180/16/9 176/18/10
f 54/19/11 176/18/10 172/20/11
f 52/21/12 172/20/11 168/22/12
f 50/23/13 168/22/12 164/24/13
f 48/25/14 164/24/13 160/26/14
f 46/27/15 160/26/14 156/28/15
f 44/29/16 156/28/15 152/30/16
f 42/31/17 152/30/16 148/32/17
f 40/33/18 148/32/17 144/34/18
f 38/35/19 144/34/18 140/36/19
f 36/37/20 140/36/19 136/38/20
f 34/39/21 136/38/20 132/40/21
f 32/37/22 132/40/21 128/38/22
f 30/35/23 128/38/22 124/36/23
f 28/33/24 124/36/23 120/34/24
f 26/31/25 120/34/24 116/32/25
f 24/29/26 116/32/25 112/30/26
f 22/27/27 112/30/26 108/28/27
f 20/25/28 108/28/27 104/26/28
f 18/23/29 104/26/28 100/24/29
f 16/21/30 100/24/29 96/22/30
f 14/19/31 96/22/30 92/20/31
f 12/17/32 92/20/31 88/18/32
f 10/15/33 88/18/32 84/16/33
f 8/13/34 84/16/33 80/14/34
f 6/11/3 80/14/34 76/12/3
f 4/10/4 76/12/3 72/8/4
s 4
f 68/41/5 3/2/4 1/1/5
f 189/42/6 1/1/5 63/2/6
f 69/42/4 5/43/3 3/2/4
f 73/44/3 7/45/34 5/43/3
f 77/46/34 9/47/33 7/45/34
f 81/48/33 11/49/32 9/47/33
f 85/50/32 13/51/31 11/49/32
f 89/52/31 15/53/30 13/51/31
f 93/54/30 17/3/29 15/53/30
f 97/55/29 19/56/28 17/3/29
f 101/57/28 21/58/27 19/56/28
f 105/59/27 23/60/26 21/58/27
f 109/61/26 25/62/25 23/60/26
f 113/63/25 27/64/24 25/62/25
f 117/65/24 29/66/23 27/64/24
f 121/67/23 31/68/22 29/66/23
f 125/69/22 33/70/21 31/68/22
f 129/71/21 35/68/20 33/70/21
f 133/69/20 37/66/19 35/68/20
f 137/67/19 39/64/18 37/66/19
f 141/65/18 41/62/17 39/64/18
f 145/63/17 43/60/16 41/62/17
f 149/61/16 45/58/15 43/60/16
f 153/59/15 47/56/14 45/58/15
f 157/57/14 49/3/13 47/56/14
f 161/55/13 51/53/12 49/3/13
f 165/54/12 53/51/11 51/53/12
f 169/52/11 55/49/10 53/51/11
f 173/50/10 57/47/9 55/49/10
f 177/48/9 59/45/8 57/47/9
f 181/46/8 61/43/7 59/45/8
f 185/44/7 63/2/6 61/43/7
s 5
f 66/72/5 190/73/6 191/74/6
f 71/74/4 67/75/5 66/72/5
f 75/76/3 70/73/4 71/74/4
f 79/77/34 74/78/3 75/76/3
f 83/79/33 78/80/34 79/77/34
f 87/81/32 82/82/33 83/79/33
f 91/83/31 86/84/32 87/81/32
f 95/85/30 90/86/31 91/83/31
f 99/87/29 94/88/30 95/85/30
f 103/89/28 98/90/29 99/87/29
f 107/91/27 102/92/28 103/89/28
f 111/93/26 106/94/27 107/91/27
f 115/95/25 110/96/26 111/93/26
f 119/97/24 114/98/25 115/95/25
f 123/99/23 118/100/24 119/97/24
f 127/101/22 122/102/23 123/99/23
f 131/103/21 126/104/22 127/101/22
f 135/101/20 130/105/21 131/103/21
f 139/99/19 134/104/20 135/101/20
f 143/97/18 138/102/19 139/99/19
f 147/95/17 142/100/18 143/97/18
f 151/93/16 146/98/17 147/95/17
f 155/91/15 150/96/16 151/93/16
f 159/89/14 154/94/15 155/91/15
f 163/87/13 158/92/14 159/89/14
f 167/85/12 162/90/13 163/87/13
f 171/83/11 166/88/12 167/85/12
f 175/81/10 170/86/11 171/83/11
f 179/79/9 174/84/10 175/81/10
f 183/77/8 178/82/9 179/79/9
f 187/76/7 182/80/8 183/77/8
f 191/74/6 186/78/7 187/76/7
s 6
f 194/106/35 384/107/6 195/108/5
f 384/107/6 193/109/36 195/108/5
s 7
f 196/110/36 381/111/6 380/112/37
f 198/113/5 379/114/38 381/111/6
s 6
f 382/115/38 378/116/7 384/107/6
f 378/116/7 383/117/37 384/107/6
s 7
f 380/112/37 375/118/7 374/119/39
f 375/118/7 379/114/38 373/120/40
s 6
f 376/121/40 372/122/8 378/116/7
f 372/122/8 377/123/39 378/116/7
s 7
f 368/124/41 375/118/7 369/125/8
f 375/118/7 367/126/42 369/125/8
s 6
f 364/127/43 372/122/8 370/128/42
f 366/129/9 371/130/41 372/122/8
s 7
f 362/131/44 369/125/8 363/132/9
f 369/125/8 361/133/43 363/132/9
s 6
f 358/134/45 366/129/9 364/127/43
f 360/135/10 365/136/44 366/129/9
s 7
f 362/131/44 357/137/10 356/138/46
f 363/132/9 355/139/45 357/137/10
s 6
f 358/134/45 354/140/11 360/135/10
f 354/140/11 359/141/46 360/135/10
s 7
f 350/142/47 357/137/10 351/143/11
f 357/137/10 349/144/48 351/143/11
s 6
f 346/145/49 354/140/11 352/146/48
f 354/140/11 347/147/50 353/148/47
s 7
f 344/149/50 351/143/11 345/150/12
f 351/143/11 343/151/49 345/150/12
s 6
f 340/152/51 348/153/12 346/145/49
f 348/153/12 341/154/52 347/147/50
s 7
f 338/155/52 345/150/12 339/156/13
f 345/150/12 337/157/51 339/156/13
s 6
f 340/152/51 336/158/14 342/159/13
f 336/158/14 341/154/52 342/159/13
s 7
f 338/155/52 333/160/14 332/161/53
f 339/156/13 331/162/54 333/160/14
s 6
f 334/163/54 330/164/15 336/158/14
f 330/164/15 335/165/53 336/158/14
s 7
f 332/161/53 327/166/15 326/167/55
f 327/166/15 331/162/54 325/168/56
s 6
f 328/169/56 324/170/16 330/164/15
f 324/170/16 329/171/55 330/164/15
s 7
f 320/172/57 327/166/15 321/173/16
f 327/166/15 319/174/58 321/173/16
s 6
f 316/175/59 324/170/16 322/176/58
f 318/177/17 323/178/57 324/170/16
s 7
f 314/179/60 321/173/16 315/180/17
f 321/173/16 313/181/59 315/180/17
s 6
f 310/182/61 318/177/17 316/175/59
f 312/183/18 317/184/60 318/177/17
s 7
f 314/179/60 309/185/18 308/186/62
f 315/180/17 307/187/61 309/185/18
s 6
f 310/182/61 306/188/19 312/183/18
f 306/188/19 311/189/63 312/183/18
s 7
f 302/190/64 309/185/18 303/191/19
f 309/185/18 301/192/65 303/191/19
s 6
f 298/193/66 306/188/19 304/194/65
f 306/188/19 299/195/67 305/196/64
s 7
f 296/197/67 303/191/19 297/198/20
f 303/191/19 295/199/66 297/198/20
s 6
f 292/200/68 300/201/20 298/193/66
f 300/201/20 293/202/69 299/195/67
s 7
f 290/203/69 297/198/20 291/204/21
f 297/198/20 289/205/68 291/204/21
s 6
f 292/200/68 288/201/22 294/206/21
f 288/201/22 293/202/69 294/206/21
s 7
f 290/203/69 285/198/22 284/197/70
f 291/204/21 283/199/71 285/198/22
s 6
f 286/193/71 282/188/23 288/201/22
f 282/188/23 287/195/70 288/201/22
s 7
f 284/197/70 279/191/23 278/190/72
f 279/191/23 283/199/71 277/192/73
s 6
f 280/194/73 276/183/24 282/188/23
f 276/183/24 281/196/72 282/188/23
s 7
f 272/186/74 279/191/23 273/185/24
f 279/191/23 271/187/75 273/185/24
s 6
f 268/175/76 276/183/24 274/182/75
f 270/177/25 275/189/74 276/183/24
s 7
f 266/179/77 273/185/24 267/180/25
f 273/185/24 265/181/76 267/180/25
s 6
f 262/176/78 270/177/25 268/175/76
f 264/170/26 269/184/77 270/177/25
s 7
f 266/179/77 261/173/26 260/172/79
f 267/180/25 259/174/78 261/173/26
s 6
f 262/176/78 258/164/27 264/170/26
f 258/164/27 263/178/79 264/170/26
s 7
f 254/167/80 261/173/26 255/166/27
f 261/173/26 253/168/81 255/166/27
s 6
f 250/163/82 258/164/27 256/169/81
f 258/164/27 251/165/83 257/171/80
s 7
f 248/161/83 255/166/27 249/160/28
f 255/166/27 247/162/82 249/160/28
s 6
f 244/152/84 252/158/28 250/163/82
f 252/158/28 245/154/85 251/165/83
s 7
f 242/155/85 249/160/28 243/156/29
f 249/160/28 241/157/84 243/156/29
s 6
f 244/152/84 240/153/30 246/159/29
f 240/153/30 245/154/85 246/159/29
s 7
f 242/155/85 237/150/30 236/149/86
f 243/156/29 235/151/87 237/150/30
s 6
f 238/145/87 234/140/31 240/153/30
f 234/140/31 239/147/86 240/153/30
s 7
f 236/149/86 231/143/31 230/142/88
f 231/143/31 235/151/87 229/144/89
s 6
f 232/146/89 228/135/32 234/140/31
f 228/135/32 233/148/88 234/140/31
s 7
f 224/138/90 231/143/31 225/137/32
f 231/143/31 223/139/91 225/137/32
s 6
f 220/127/92 228/135/32 226/134/91
f 222/129/33 227/141/90 228/135/32
s 7
f 218/131/93 225/137/32 219/132/33
f 225/137/32 217/133/92 219/132/33
s 6
f 214/128/94 222/129/33 220/127/92
f 216/122/34 221/136/93 222/129/33
s 7
f 218/131/93 213/125/34 212/124/95
f 219/132/33 211/126/94 213/125/34
s 6
f 214/128/94 210/116/3 216/122/34
f 210/116/3 215/130/96 216/122/34
s 7
f 206/119/97 213/125/34 207/118/3
f 213/125/34 205/120/98 207/118/3
s 6
f 202/115/99 210/116/3 208/121/98
f 210/116/3 203/117/100 209/123/97
s 7
f 200/112/100 207/118/3 201/111/4
f 207/118/3 199/114/99 201/111/4
s 6
f 194/106/35 204/107/4 202/115/99
f 204/107/4 193/109/36 203/117/100
s 7
f 196/110/36 201/111/4 198/113/5
f 201/111/4 197/207/35 198/113/5
s 6
f 72/8/101 193/109/36 65/9/102
f 65/9/102 383/117/37 192/8/103
f 194/106/35 191/74/104 382/115/38
f 202/115/99 66/72/105 194/106/35
s 7
f 69/42/106 197/207/35 199/114/99
f 189/42/104 197/207/35 68/41/105
f 196/110/36 190/73/103 67/75/102
f 196/110/36 70/73/101 200/112/100
f 69/42/106 205/120/98 73/44/107
f 206/119/97 70/73/101 74/78/108
s 6
f 72/8/101 209/123/97 203/117/100
f 208/121/98 71/74/106 202/115/99
s 7
f 73/44/107 211/126/94 77/46/109
f 212/124/95 74/78/108 78/80/110
s 6
f 76/12/108 215/130/96 209/123/97
f 214/128/94 75/76/107 208/121/98
s 7
f 81/48/111 211/126/94 217/133/92
f 212/124/95 82/82/112 218/131/93
s 6
f 84/16/112 215/130/96 80/14/110
f 214/128/94 83/79/111 79/77/109
s 7
f 81/48/111 223/139/91 85/50/113
f 218/131/93 86/84/114 224/138/90
s 6
f 84/16/112 227/141/90 221/136/93
f 226/134/91 83/79/111 220/127/92
s 7
f 89/52/115 223/139/91 229/144/89
f 224/138/90 90/86/116 230/142/88
s 6
f 92/20/116 227/141/90 88/18/114
f 226/134/91 91/83/115 87/81/113
s 7
f 89/52/115 235/151/87 93/54/117
f 230/142/88 94/88/118 236/149/86
s 6
f 96/22/118 233/148/88 92/20/116
f 232/146/89 95/85/117 91/83/115
s 7
f 93/54/117 241/157/84 97/55/119
f 242/155/85 94/88/118 98/90/120
s 6
f 100/24/120 239/147/86 96/22/118
f 244/152/84 95/85/117 238/145/87
s 7
f 101/57/121 241/157/84 247/162/82
f 242/155/85 102/92/122 248/161/83
s 6
f 104/26/122 245/154/85 100/24/120
f 250/163/82 99/87/119 244/152/84
s 7
f 101/57/121 253/168/81 105/59/123
f 254/167/80 102/92/122 106/94/124
s 6
f 104/26/122 257/171/80 251/165/83
f 256/169/81 103/89/121 250/163/82
s 7
f 105/59/123 259/174/78 109/61/125
f 260/172/79 106/94/124 110/96/126
s 6
f 108/28/124 263/178/79 257/171/80
f 262/176/78 107/91/123 256/169/81
s 7
f 113/63/127 259/174/78 265/181/76
f 260/172/79 114/98/128 266/179/77
s 6
f 116/32/128 263/178/79 112/30/126
f 262/176/78 115/95/127 111/93/125
s 7
f 113/63/127 271/187/75 117/65/129
f 266/179/77 118/100/130 272/186/74
s 6
f 116/32/128 275/189/74 269/184/77
f 274/182/75 115/95/127 268/175/76
s 7
f 121/67/131 271/187/75 277/192/73
f 272/186/74 122/102/132 278/190/72
s 6
f 124/36/132 275/189/74 120/34/130
f 274/182/75 123/99/131 119/97/129
s 7
f 121/67/131 283/199/71 125/69/133
f 278/190/72 126/104/134 284/197/70
s 6
f 128/38/134 281/196/72 124/36/132
f 280/194/73 127/101/133 123/99/131
s 7
f 125/69/133 289/205/68 129/71/135
f 290/203/69 126/104/134 130/105/136
s 6
f 132/40/136 287/195/70 128/38/134
f 292/200/68 127/101/133 286/193/71
s 7
f 133/69/137 289/205/68 295/199/66
f 290/203/69 134/104/138 296/197/67
s 6
f 136/38/138 293/202/69 132/40/136
f 298/193/66 131/103/135 292/200/68
s 7
f 133/69/137 301/192/65 137/67/139
f 302/190/64 134/104/138 138/102/140
s 6
f 136/38/138 305/196/64 299/195/67
f 304/194/65 135/101/137 298/193/66
s 7
f 137/67/139 307/187/61 141/65/141
f 308/186/62 138/102/140 142/100/142
s 6
f 140/36/140 311/189/63 305/196/64
f 310/182/61 139/99/139 304/194/65
s 7
f 145/63/143 307/187/61 313/181/59
f 308/186/62 146/98/144 314/179/60
s 6
f 148/32/144 311/189/63 144/34/142
f 310/182/61 147/95/143 143/97/141
s 7
f 145/63/143 319/174/58 149/61/145
f 314/179/60 150/96/146 320/172/57
s 6
f 148/32/144 323/178/57 317/184/60
f 322/176/58 147/95/143 316/175/59
s 7
f 153/59/147 319/174/58 325/168/56
f 320/172/57 154/94/148 326/167/55
s 6
f 156/28/148 323/178/57 152/30/146
f 322/176/58 155/91/147 151/93/145
s 7
f 153/59/147 331/162/54 157/57/149
f 326/167/55 158/92/150 332/161/53
s 6
f 160/26/150 329/171/55 156/28/148
f 328/169/56 159/89/149 155/91/147
s 7
f 157/57/149 337/157/51 161/55/151
f 338/155/52 158/92/150 162/90/152
s 6
f 164/24/152 335/165/53 160/26/150
f 340/152/51 159/89/149 334/163/54
s 7
f 165/54/153 337/157/51 343/151/49
f 338/155/52 166/88/154 344/149/50
s 6
f 168/22/154 341/154/52 164/24/152
f 346/145/49 163/87/151 340/152/51
s 7
f 165/54/153 349/144/48 169/52/155
f 350/142/47 166/88/154 170/86/156
s 6
f 168/22/154 353/148/47 347/147/50
f 352/146/48 167/85/153 346/145/49
s 7
f 169/52/155 355/139/45 173/50/157
f 356/138/46 170/86/156 174/84/158
s 6
f 172/20/156 359/141/46 353/148/47
f 358/134/45 171/83/155 352/146/48
s 7
f 177/48/159 355/139/45 361/133/43
f 356/138/46 178/82/160 362/131/44
s 6
f 180/16/160 359/141/46 176/18/158
f 358/134/45 179/79/159 175/81/157
s 7
f 177/48/159 367/126/42 181/46/161
f 362/131/44 182/80/162 368/124/41
s 6
f 180/16/160 371/130/41 365/136/44
f 370/128/42 179/79/159 364/127/43
s 7
f 185/44/163 367/126/42 373/120/40
f 368/124/41 186/78/164 374/119/39
s 6
f 188/12/164 371/130/41 184/14/162
f 370/128/42 187/76/163 183/77/161
s 7
f 185/44/163 379/114/38 189/42/104
f 374/119/39 190/73/103 380/112/37
s 6
f 192/8/103 377/123/39 188/12/164
f 376/121/40 191/74/104 187/76/163
s 8
f 392/208/165 385/209/166 386/210/167
f 393/211/6 386/210/167 387/212/5
f 388/213/168 393/211/6 387/212/5
f 395/214/169 388/213/168 389/215/170
f 396/216/22 389/215/170 390/217/21
f 397/218/171 396/216/22 391/219/172
f 398/220/173 391/219/172 392/208/165
f 399/221/7 392/208/165 393/211/6
f 394/222/174 399/221/7 393/211/6
f 401/223/175 394/222/174 395/214/169
f 402/224/23 395/214/169 396/216/22
f 403/225/176 402/224/23 397/218/171
f 398/220/173 403/225/176 397/218/171
f 399/221/7 404/226/177 398/220/173
f 406/227/178 399/221/7 400/228/179
f 407/229/180 400/228/179 401/223/175
f 402/224/23 407/229/180 401/223/175
f 409/230/181 408/231/24 403/225/176
f 404/226/177 409/230/181 403/225/176
f 411/232/9 404/226/177 405/233/8
f 412/234/182 405/233/8 406/227/178
f 413/235/183 406/227/178 407/229/180
f 414/236/25 407/229/180 408/231/24
f 415/237/184 414/236/25 409/230/181
f 416/238/185 409/230/181 410/239/186
f 411/232/9 416/238/185 410/239/186
f 412/234/182 417/240/10 411/232/9
f 419/241/187 412/234/182 413/235/183
f 420/242/26 413/235/183 414/236/25
f 415/237/184 426/243/27 420/242/26
f 422/244/188 415/237/184 416/238/185
f 423/245/11 416/238/185 417/240/10
f 424/246/189 417/240/10 418/247/190
f 419/241/187 424/246/189 418/247/190
f 426/243/27 419/241/187 420/242/26
f 427/248/191 426/243/27 421/249/192
f 422/244/188 427/248/191 421/249/192
f 429/250/12 422/244/188 423/245/11
f 430/251/193 423/245/11 424/246/189
f 431/252/194 424/246/189 425/253/195
f 432/254/28 425/253/195 426/243/27
f 433/255/196 432/254/28 427/248/191
f 434/255/197 427/248/191 428/256/198
f 429/250/12 434/255/197 428/256/198
f 436/257/199 429/250/12 430/251/193
f 437/257/200 430/251/193 431/252/194
f 432/254/28 437/257/200 431/252/194
f 439/258/201 438/23/29 433/255/196
f 440/259/202 433/255/196 434/255/197
f 441/260/14 434/255/197 435/23/13
f 436/257/199 441/260/14 435/23/13
f 443/261/203 436/257/199 437/257/200
f 444/262/30 437/257/200 438/23/29
f 445/263/204 444/262/30 439/258/201
f 446/264/205 439/258/201 440/259/202
f 447/265/15 440/259/202 441/260/14
f 442/266/206 447/265/15 441/260/14
f 449/267/207 442/266/206 443/261/203
f 450/268/31 443/261/203 444/262/30
f 451/269/208 450/268/31 445/263/204
f 446/264/205 451/269/208 445/263/204
f 447/265/15 452/270/209 446/264/205
f 454/271/210 447/265/15 448/272/211
f 455/273/212 448/272/211 449/267/207
f 450/268/31 455/273/212 449/267/207
f 457/274/213 456/275/32 451/269/208
f 452/270/209 457/274/213 451/269/208
f 459/276/17 452/270/209 453/277/16
f 460/278/214 453/277/16 454/271/210
f 461/279/215 454/271/210 455/273/212
f 462/280/33 455/273/212 456/275/32
f 463/281/216 462/280/33 457/274/213
f 464/282/217 457/274/213 458/283/218
f 459/276/17 464/282/217 458/283/218
f 460/278/214 465/284/18 459/276/17
f 467/285/219 460/278/214 461/279/215
f 468/286/34 461/279/215 462/280/33
f 463/281/216 474/287/3 468/286/34
f 470/288/220 463/281/216 464/282/217
f 471/289/19 464/282/217 465/284/18
f 472/290/221 465/284/18 466/291/222
f 467/285/219 472/290/221 466/291/222
f 474/287/3 467/285/219 468/286/34
f 475/292/223 474/287/3 469/293/224
f 470/288/220 475/292/223 469/293/224
f 477/294/20 470/288/220 471/289/19
f 478/295/225 471/289/19 472/290/221
f 479/296/226 472/290/221 473/297/227
f 480/298/4 473/297/227 474/287/3
f 481/299/228 480/298/4 475/292/223
f 482/300/229 475/292/223 476/301/230
f 483/302/21 476/301/230 477/294/20
f 484/303/231 477/294/20 478/295/225
f 485/304/232 478/295/225 479/296/226
f 486/305/5 479/296/226 480/298/4
f 487/292/233 486/305/5 481/299/228
f 488/301/234 481/299/228 482/300/229
f 489/294/22 482/300/229 483/302/21
f 490/295/235 483/302/21 484/303/231
f 491/296/236 484/303/231 485/304/232
f 492/298/6 485/304/232 486/305/5
f 493/293/237 492/298/6 487/292/233
f 494/288/238 487/292/233 488/301/234
f 495/289/23 488/301/234 489/294/22
f 490/295/235 495/289/23 489/294/22
f 497/297/239 490/295/235 491/296/236
f 498/287/7 491/296/236 492/298/6
f 499/281/240 498/287/7 493/293/237
f 494/288/238 499/281/240 493/293/237
f 501/284/24 494/288/238 495/289/23
f 496/290/241 501/284/24 495/289/23
f 503/285/242 496/290/241 497/297/239
f 504/286/8 497/297/239 498/287/7
f 505/274/243 504/286/8 499/281/240
f 500/282/244 505/274/243 499/281/240
f 507/276/25 500/282/244 501/284/24
f 502/291/245 507/276/25 501/284/24
f 509/279/246 502/291/245 503/285/242
f 510/280/9 503/285/242 504/286/8
f 511/269/247 510/280/9 505/274/243
f 512/270/248 505/274/243 506/283/249
f 507/276/25 512/270/248 506/283/249
f 508/278/250 513/277/26 507/276/25
f 515/273/251 508/278/250 509/279/246
f 516/275/10 509/279/246 510/280/9
f 511/269/247 522/268/11 516/275/10
f 518/264/252 511/269/247 512/270/248
f 519/265/27 512/270/248 513/277/26
f 520/272/253 513/277/26 514/271/254
f 515/273/251 520/272/253 514/271/254
f 522/268/11 515/273/251 516/275/10
f 523/258/255 522/268/11 517/263/256
f 518/264/252 523/258/255 517/263/256
f 525/260/28 518/264/252 519/265/27
f 526/266/257 519/265/27 520/272/253
f 527/261/258 520/272/253 521/267/259
f 528/262/12 521/267/259 522/268/11
f 529/255/260 528/262/12 523/258/255
f 530/255/261 523/258/255 524/259/262
f 531/23/29 524/259/262 525/260/28
f 532/257/263 525/260/28 526/266/257
f 533/257/264 526/266/257 527/261/258
f 528/262/12 533/257/264 527/261/258
f 535/248/265 534/23/13 529/255/260
f 536/256/266 529/255/260 530/255/261
f 537/250/30 530/255/261 531/23/29
f 532/257/263 537/250/30 531/23/29
f 539/252/267 532/257/263 533/257/264
f 540/254/14 533/257/264 534/23/13
f 541/249/268 540/254/14 535/248/265
f 542/244/269 535/248/265 536/256/266
f 543/245/31 536/256/266 537/250/30
f 538/251/270 543/245/31 537/250/30
f 545/253/271 538/251/270 539/252/267
f 546/243/15 539/252/267 540/254/14
f 547/237/272 546/243/15 541/249/268
f 542/244/269 547/237/272 541/249/268
f 543/245/31 548/238/273 542/244/269
f 550/247/274 543/245/31 544/246/275
f 551/241/276 544/246/275 545/253/271
f 546/243/15 551/241/276 545/253/271
f 553/230/277 552/242/16 547/237/272
f 548/238/273 553/230/277 547/237/272
f 555/232/33 548/238/273 549/240/32
f 556/234/278 549/240/32 550/247/274
f 557/235/279 550/247/274 551/241/276
f 558/236/17 551/241/276 552/242/16
f 559/225/280 558/236/17 553/230/277
f 560/226/281 553/230/277 554/239/282
f 555/232/33 560/226/281 554/239/282
f 556/234/278 561/233/34 555/232/33
f 563/229/283 556/234/278 557/235/279
f 564/231/18 557/235/279 558/236/17
f 559/225/280 570/224/19 564/231/18
f 566/220/284 559/225/280 560/226/281
f 567/221/3 560/226/281 561/233/34
f 568/228/285 561/233/34 562/227/286
f 563/229/283 568/228/285 562/227/286
f 570/224/19 563/229/283 564/231/18
f 571/219/287 570/224/19 565/218/288
f 566/220/284 571/219/287 565/218/288
f 573/211/4 566/220/284 567/221/3
f 574/222/289 567/221/3 568/228/285
f 575/214/290 568/228/285 569/223/291
f 576/216/20 569/223/291 570/224/19
f 385/209/166 576/216/20 571/219/287
f 386/210/167 571/219/287 572/208/2
f 387/212/5 572/208/2 573/211/4
f 388/213/168 573/211/4 574/222/289
f 389/215/170 574/222/289 575/214/290
f 576/216/20 389/215/170 575/214/290
s 2
f 584/306/288 577/4/2 578/307/287
f 585/308/19 578/307/287 579/309/20
f 586/310/291 579/309/20 580/311/290
f 587/312/285 580/311/290 581/313/289
f 588/5/3 581/313/289 582/6/4
f 583/314/284 594/315/34 588/5/3
f 590/316/280 583/314/284 584/306/288
f 585/308/19 590/316/280 584/306/288
f 592/317/283 585/308/19 586/310/291
f 593/318/286 586/310/291 587/312/285
f 588/5/3 593/318/286 587/312/285
f 595/319/282 594/315/34 589/320/281
f 596/321/277 589/320/281 590/316/280
f 591/322/18 596/321/277 590/316/280
f 598/323/279 591/322/18 592/317/283
f 593/318/286 598/323/279 592/317/283
f 600/324/33 593/318/286 594/315/34
f 595/319/282 606/325/32 600/324/33
f 602/326/272 595/319/282 596/321/277
f 603/327/16 596/321/277 597/328/17
f 604/329/276 597/328/17 598/323/279
f 605/330/274 598/323/279 599/331/278
f 606/325/32 599/331/278 600/324/33
f 607/332/269 606/325/32 601/333/273
f 602/326/272 607/332/269 601/333/273
f 609/334/15 602/326/272 603/327/16
f 604/329/276 609/334/15 603/327/16
f 611/335/275 604/329/276 605/330/274
f 612/336/31 605/330/274 606/325/32
f 613/337/266 612/336/31 607/332/269
f 614/338/265 607/332/269 608/339/268
f 615/340/14 608/339/268 609/334/15
f 616/341/267 609/334/15 610/342/271
f 611/335/275 616/341/267 610/342/271
f 618/343/30 611/335/275 612/336/31
f 619/344/261 618/343/30 613/337/266
f 620/344/292 613/337/266 614/338/265
f 621/3/13 614/338/265 615/340/14
f 622/345/264 615/340/14 616/341/267
f 623/345/263 616/341/267 617/346/270
f 624/3/29 617/346/270 618/343/30
f 619/344/261 630/347/28 624/3/29
f 626/348/255 619/344/261 620/344/292
f 627/349/12 620/344/292 621/3/13
f 628/350/258 621/3/13 622/345/264
f 629/351/257 622/345/264 623/345/263
f 630/347/28 623/345/263 624/3/29
f 625/352/262 636/353/27 630/347/28
f 632/354/256 625/352/262 626/348/255
f 633/355/11 626/348/255 627/349/12
f 634/356/259 627/349/12 628/350/258
f 635/357/253 628/350/258 629/351/257
f 636/353/27 629/351/257 630/347/28
f 631/358/252 642/359/26 636/353/27
f 638/360/247 631/358/252 632/354/256
f 633/355/11 638/360/247 632/354/256
f 640/361/251 633/355/11 634/356/259
f 635/357/253 640/361/251 634/356/259
f 636/353/27 641/362/254 635/357/253
f 643/363/249 642/359/26 637/364/248
f 644/365/243 637/364/248 638/360/247
f 645/366/9 638/360/247 639/367/10
f 646/368/246 639/367/10 640/361/251
f 641/362/254 646/368/246 640/361/251
f 648/369/25 641/362/254 642/359/26
f 643/363/249 654/370/24 648/369/25
f 650/371/240 643/363/249 644/365/243
f 651/372/8 644/365/243 645/366/9
f 652/373/242 645/366/9 646/368/246
f 653/374/245 646/368/246 647/375/250
f 654/370/24 647/375/250 648/369/25
f 655/376/238 654/370/24 649/377/244
f 650/371/240 655/376/238 649/377/244
f 657/378/7 650/371/240 651/372/8
f 652/373/242 657/378/7 651/372/8
f 659/379/241 652/373/242 653/374/245
f 660/380/23 653/374/245 654/370/24
f 661/381/234 660/380/23 655/376/238
f 662/382/233 655/376/238 656/383/237
f 663/384/6 656/383/237 657/378/7
f 658/385/239 663/384/6 657/378/7
f 659/379/241 664/386/236 658/385/239
f 666/387/22 659/379/241 660/380/23
f 667/388/229 666/387/22 661/381/234
f 668/389/293 661/381/234 662/382/233
f 663/384/6 668/389/293 662/382/233
f 670/390/294 663/384/6 664/386/236
f 671/391/231 664/386/236 665/392/235
f 666/387/22 671/391/231 665/392/235
f 667/388/229 678/387/20 672/393/21
f 674/382/223 667/388/229 668/389/293
f 675/384/4 668/389/293 669/394/5
f 670/390/294 675/384/4 669/394/5
f 677/392/225 670/390/294 671/391/231
f 678/387/20 671/391/231 672/393/21
f 673/381/230 684/380/19 678/387/20
f 680/383/224 673/381/230 674/382/223
f 681/378/3 674/382/223 675/384/4
f 682/385/227 675/384/4 676/386/226
f 683/379/221 676/386/226 677/392/225
f 684/380/19 677/392/225 678/387/20
f 685/377/217 684/380/19 679/376/220
f 686/371/216 679/376/220 680/383/224
f 681/378/3 686/371/216 680/383/224
f 688/373/219 681/378/3 682/385/227
f 683/379/221 688/373/219 682/385/227
f 690/370/18 683/379/221 684/380/19
f 691/363/218 690/370/18 685/377/217
f 692/365/213 685/377/217 686/371/216
f 693/366/33 686/371/216 687/372/34
f 694/368/215 687/372/34 688/373/219
f 689/374/222 694/368/215 688/373/219
f 696/369/17 689/374/222 690/370/18
f 691/363/218 702/359/16 696/369/17
f 698/360/208 691/363/218 692/365/213
f 699/367/32 692/365/213 693/366/33
f 700/361/212 693/366/33 694/368/215
f 701/362/210 694/368/215 695/375/214
f 702/359/16 695/375/214 696/369/17
f 703/358/205 702/359/16 697/364/209
f 698/360/208 703/358/205 697/364/209
f 705/355/31 698/360/208 699/367/32
f 700/361/212 705/355/31 699/367/32
f 707/357/211 700/361/212 701/362/210
f 708/353/15 701/362/210 702/359/16
f 709/352/202 708/353/15 703/358/205
f 710/348/201 703/358/205 704/354/204
f 711/349/30 704/354/204 705/355/31
f 712/350/203 705/355/31 706/356/207
f 707/357/211 712/350/203 706/356/207
f 714/347/14 707/357/211 708/353/15
f 715/344/197 714/347/14 709/352/202
f 716/344/295 709/352/202 710/348/201
f 717/3/29 710/348/201 711/349/30
f 718/345/200 711/349/30 712/350/203
f 719/345/199 712/350/203 713/351/206
f 720/3/13 713/351/206 714/347/14
f 715/344/197 726/343/12 720/3/13
f 722/338/191 715/344/197 716/344/295
f 723/340/28 716/344/295 717/3/29
f 724/341/194 717/3/29 718/345/200
f 725/346/193 718/345/200 719/345/199
f 726/343/12 719/345/199 720/3/13
f 721/337/198 732/336/11 726/343/12
f 728/339/192 721/337/198 722/338/191
f 729/334/27 722/338/191 723/340/28
f 730/342/195 723/340/28 724/341/194
f 731/335/189 724/341/194 725/346/193
f 732/336/11 725/346/193 726/343/12
f 727/332/188 738/325/10 732/336/11
f 734/326/184 727/332/188 728/339/192
f 729/334/27 734/326/184 728/339/192
f 736/329/187 729/334/27 730/342/195
f 731/335/189 736/329/187 730/342/195
f 732/336/11 737/330/190 731/335/189
f 739/319/186 738/325/10 733/333/185
f 740/321/181 733/333/185 734/326/184
f 741/328/25 734/326/184 735/327/26
f 742/323/183 735/327/26 736/329/187
f 737/330/190 742/323/183 736/329/187
f 744/324/9 737/330/190 738/325/10
f 739/319/186 750/315/8 744/324/9
f 746/316/176 739/319/186 740/321/181
f 747/322/24 740/321/181 741/328/25
f 748/317/180 741/328/25 742/323/183
f 749/318/178 742/323/183 743/331/182
f 750/315/8 743/331/182 744/324/9
f 751/314/173 750/315/8 745/320/177
f 746/316/176 751/314/173 745/320/177
f 753/308/23 746/316/176 747/322/24
f 748/317/180 753/308/23 747/322/24
f 755/312/179 748/317/180 749/318/178
f 750/315/8 755/312/179 749/318/178
f 757/4/165 756/5/7 751/314/173
f 758/307/172 751/314/173 752/306/171
f 759/309/22 752/306/171 753/308/23
f 754/310/175 759/309/22 753/308/23
f 755/312/179 760/311/169 754/310/175
f 762/6/6 755/312/179 756/5/7
f 763/395/167 762/6/6 757/4/165
f 764/396/296 757/4/165 758/307/172
f 759/309/22 764/396/296 758/307/172
f 766/397/170 759/309/22 760/311/169
f 767/398/168 760/311/169 761/313/174
f 768/399/5 761/313/174 762/6/6
f 763/395/167 582/6/4 768/399/5
f 578/307/287 763/395/167 764/396/296
f 579/309/20 764/396/296 765/400/21
f 766/397/170 579/309/20 765/400/21
f 581/313/289 766/397/170 767/398/168
f 582/6/4 767/398/168 768/399/5
s 9
f 4/10/297 2/7/297 769/401/297
f 2/7/297 64/10/297 769/401/297
f 64/10/297 62/11/297 769/401/297
f 62/11/297 60/13/297 769/401/297
f 60/13/297 58/15/297 769/401/297
f 58/15/297 56/17/297 769/401/297
f 56/17/297 54/19/297 769/401/297
f 54/19/297 52/21/297 769/401/297
f 52/21/297 50/23/297 769/401/297
f 50/23/297 48/25/297 769/401/297
f 48/25/297 46/27/297 769/401/297
f 46/27/297 44/29/297 769/401/297
f 44/29/297 42/31/297 769/401/297
f 42/31/297 40/33/297 769/401/297
f 40/33/297 38/35/297 769/401/297
f 38/35/297 36/37/297 769/401/297
f 36/37/297 34/39/297 769/401/297
f 34/39/297 32/37/297 769/401/297
f 32/37/297 30/35/297 769/401/297
f 30/35/297 28/33/297 769/401/297
f 28/33/297 26/31/297 769/401/297
f 26/31/297 24/29/297 769/401/297
f 24/29/297 22/27/297 769/401/297
f 22/27/297 20/25/297 769/401/297
f 20/25/297 18/23/297 769/401/297
f 18/23/297 16/21/297 769/401/297
f 16/21/297 14/19/297 769/401/297
f 14/19/297 12/17/297 769/401/297
f 12/17/297 10/15/297 769/401/297
f 10/15/297 8/13/297 769/401/297
f 8/13/297 6/11/297 769/401/297
f 6/11/297 4/10/297 769/401/297
s 1
f 3/2/1 5/43/1 770/3/1
f 5/43/1 7/45/1 770/3/1
f 7/45/1 9/47/1 770/3/1
f 9/47/1 11/49/1 770/3/1
f 11/49/1 13/51/1 770/3/1
f 13/51/1 15/53/1 770/3/1
f 15/53/1 17/3/1 770/3/1
f 17/3/1 19/56/1 770/3/1
f 19/56/1 21/58/1 770/3/1
f 21/58/1 23/60/1 770/3/1
f 23/60/1 25/62/1 770/3/1
f 25/62/1 27/64/1 770/3/1
f 27/64/1 29/66/1 770/3/1
f 29/66/1 31/68/1 770/3/1
f 31/68/1 33/70/1 770/3/1
f 33/70/1 35/68/1 770/3/1
f 35/68/1 37/66/1 770/3/1
f 37/66/1 39/64/1 770/3/1
f 39/64/1 41/62/1 770/3/1
f 41/62/1 43/60/1 770/3/1
f 43/60/1 45/58/1 770/3/1
f 45/58/1 47/56/1 770/3/1
f 47/56/1 49/3/1 770/3/1
f 49/3/1 51/53/1 770/3/1
f 51/53/1 53/51/1 770/3/1
f 53/51/1 55/49/1 770/3/1
f 55/49/1 57/47/1 770/3/1
f 57/47/1 59/45/1 770/3/1
f 59/45/1 61/43/1 770/3/1
f 61/43/1 63/2/1 770/3/1
f 63/2/1 1/1/1 770/3/1
s 10
f 836/402/5 773/403/4 771/404/5
f 835/405/4 775/406/3 773/403/4
f 837/407/3 777/408/34 775/406/3
f 838/409/34 779/410/33 777/408/34
f 839/411/33 781/412/32 779/410/33
f 840/413/32 783/414/31 781/412/32
f 841/415/31 785/416/30 783/414/31
f 842/417/30 787/418/29 785/416/30
f 843/419/29 789/420/28 787/418/29
f 844/421/28 791/422/27 789/420/28
f 845/423/27 793/424/26 791/422/27
f 846/425/26 795/426/25 793/424/26
f 847/427/25 797/428/24 795/426/25
f 848/429/24 799/430/23 797/428/24
f 849/431/23 801/432/22 799/430/23
f 850/433/22 803/434/21 801/432/22
f 851/435/21 805/432/20 803/434/21
f 852/433/20 807/430/19 805/432/20
f 853/431/19 809/428/18 807/430/19
f 854/429/18 811/426/17 809/428/18
f 855/427/17 813/424/16 811/426/17
f 856/425/16 815/422/15 813/424/16
f 857/423/15 817/420/14 815/422/15
f 858/421/14 819/418/13 817/420/14
f 859/419/13 821/416/12 819/418/13
f 860/417/12 823/414/11 821/416/12
f 861/415/11 825/412/10 823/414/11
f 862/413/10 827/410/9 825/412/10
f 863/411/9 829/408/8 827/410/9
f 864/409/8 831/406/7 829/408/8
s 11
f 826/436/26 895/437/25 828/438/25
s 10
f 865/407/7 833/403/6 831/406/7
f 866/405/6 771/404/5 833/403/6
s 12
f 772/439/297 835/405/297 836/402/297
f 774/440/297 837/407/297 835/405/297
f 776/441/297 838/409/297 837/407/297
f 778/442/297 839/411/297 838/409/297
f 780/438/297 840/413/297 839/411/297
f 782/436/297 841/415/297 840/413/297
f 784/443/297 842/417/297 841/415/297
f 788/419/297 842/417/297 786/444/297
f 788/419/297 844/421/297 843/419/297
f 792/445/297 844/421/297 790/446/297
f 794/447/297 845/423/297 792/445/297
f 796/448/297 846/425/297 794/447/297
f 798/449/297 847/427/297 796/448/297
f 800/450/297 848/429/297 798/449/297
f 802/451/297 849/431/297 800/450/297
f 804/452/297 850/433/297 802/451/297
f 806/451/297 851/435/297 804/452/297
f 808/450/297 852/433/297 806/451/297
f 808/450/297 854/429/297 853/431/297
f 810/449/297 855/427/297 854/429/297
f 814/447/297 855/427/297 812/448/297
f 814/447/297 857/423/297 856/425/297
f 816/445/297 858/421/297 857/423/297
f 818/446/297 859/419/297 858/421/297
f 822/444/297 859/419/297 820/419/297
f 824/443/297 860/417/297 822/444/297
f 826/436/297 861/415/297 824/443/297
f 826/436/297 863/411/297 862/413/297
f 830/442/297 863/411/297 828/438/297
f 832/441/297 864/409/297 830/442/297
f 834/440/297 865/407/297 832/441/297
f 834/440/297 836/402/297 866/405/297
s 11
f 800/450/7 882/453/6 802/451/6
f 774/440/20 869/454/19 776/441/19
f 828/438/25 896/455/24 830/442/24
f 802/451/6 883/456/5 804/452/5
f 776/441/19 870/455/18 778/442/18
f 830/442/24 897/454/23 832/441/23
f 804/452/5 884/453/4 806/451/4
f 778/442/18 871/437/17 780/438/17
f 832/441/23 898/457/22 834/440/22
f 806/451/4 885/458/3 808/450/3
f 780/438/17 872/459/16 782/436/16
f 834/440/22 868/460/21 772/439/21
f 808/450/3 886/461/34 810/449/34
f 782/436/16 873/462/15 784/443/15
f 810/449/34 887/463/33 812/448/33
f 784/443/15 874/464/14 786/444/14
f 812/448/33 888/465/32 814/447/32
f 786/444/14 875/466/13 788/419/13
f 814/447/32 889/467/31 816/445/31
f 788/419/13 876/468/12 790/446/12
f 816/445/31 890/468/30 818/446/30
f 790/446/12 877/467/11 792/445/11
f 818/446/30 891/466/29 820/419/29
f 792/445/11 878/465/10 794/447/10
f 820/419/29 892/464/28 822/444/28
f 794/447/10 879/463/9 796/448/9
f 822/444/28 893/462/27 824/443/27
f 796/448/9 880/461/8 798/449/8
f 824/443/27 894/459/26 826/436/26
f 798/449/8 881/458/7 800/450/7
f 772/439/21 867/457/20 774/440/20
s 13
f 867/457/297 868/460/297 899/466/297
f 868/460/297 898/457/297 899/466/297
f 898/457/297 897/454/297 899/466/297
f 897/454/297 896/455/297 899/466/297
f 896/455/297 895/437/297 899/466/297
f 895/437/297 894/459/297 899/466/297
f 894/459/297 893/462/297 899/466/297
f 893/462/297 892/464/297 899/466/297
f 892/464/297 891/466/297 899/466/297
f 891/466/297 890/468/297 899/466/297
f 890/468/297 889/467/297 899/466/297
f 889/467/297 888/465/297 899/466/297
f 888/465/297 887/463/297 899/466/297
f 887/463/297 886/461/297 899/466/297
f 886/461/297 885/458/297 899/466/297
f 885/458/297 884/453/297 899/466/297
f 884/453/297 883/456/297 899/466/297
f 883/456/297 882/453/297 899/466/297
f 882/453/297 881/458/297 899/466/297
f 881/458/297 880/461/297 899/466/297
f 880/461/297 879/463/297 899/466/297
f 879/463/297 878/465/297 899/466/297
f 878/465/297 877/467/297 899/466/297
f 877/467/297 876/468/297 899/466/297
f 876/468/297 875/466/297 899/466/297
f 875/466/297 874/464/297 899/466/297
f 874/464/297 873/462/297 899/466/297
f 873/462/297 872/459/297 899/466/297
f 872/459/297 871/437/297 899/466/297
f 871/437/297 870/455/297 899/466/297
f 870/455/297 869/454/297 899/466/297
f 869/454/297 867/457/297 899/466/297
s 14
f 902/403/6 965/402/5 900/404/5
f 904/406/7 964/405/6 902/403/6
f 906/408/8 966/407/7 904/406/7
f 908/410/9 967/409/8 906/408/8
f 910/412/10 968/411/9 908/410/9
f 912/414/11 969/413/10 910/412/10
f 914/416/12 970/415/11 912/414/11
f 916/418/13 971/417/12 914/416/12
f 918/420/14 972/419/13 916/418/13
f 920/422/15 973/421/14 918/420/14
f 922/424/16 974/423/15 920/422/15
f 924/426/17 975/425/16 922/424/16
f 926/428/18 976/427/17 924/426/17
f 928/430/19 977/429/18 926/428/18
f 930/432/20 978/431/19 928/430/19
f 932/434/21 979/433/20 930/432/20
f 934/432/22 980/435/21 932/434/21
f 936/430/23 981/433/22 934/432/22
f 938/428/24 982/431/23 936/430/23
f 940/426/25 983/429/24 938/428/24
f 942/424/26 984/427/25 940/426/25
f 944/422/27 985/425/26 942/424/26
f 946/420/28 986/423/27 944/422/27
f 948/418/29 987/421/28 946/420/28
f 950/416/30 988/419/29 948/418/29
f 952/414/31 989/417/30 950/416/30
f 954/412/32 990/415/31 952/414/31
f 956/410/33 991/413/32 954/412/32
f 958/408/34 992/411/33 956/410/33
f 960/406/3 993/409/34 958/408/34
s 15
f 1024/437/17 955/436/16 957/438/17
s 14
f 962/403/4 994/407/3 960/406/3
f 900/404/5 995/405/4 962/403/4
s 16
f 901/439/297 964/405/297 903/440/297
f 903/440/297 966/407/297 905/441/297
f 905/441/297 967/409/297 907/442/297
f 907/442/297 968/411/297 909/438/297
f 909/438/297 969/413/297 911/436/297
f 911/436/297 970/415/297 913/443/297
f 913/443/297 971/417/297 915/444/297
f 971/417/297 917/419/297 915/444/297
f 917/419/297 973/421/297 919/446/297
f 973/421/297 921/445/297 919/446/297
f 974/423/297 923/447/297 921/445/297
f 975/425/297 925/448/297 923/447/297
f 976/427/297 927/449/297 925/448/297
f 977/429/297 929/450/297 927/449/297
f 978/431/297 931/451/297 929/450/297
f 979/433/297 933/452/297 931/451/297
f 980/435/297 935/451/297 933/452/297
f 981/433/297 937/450/297 935/451/297
f 937/450/297 983/429/297 939/449/297
f 939/449/297 984/427/297 941/448/297
f 984/427/297 943/447/297 941/448/297
f 943/447/297 986/423/297 945/445/297
f 945/445/297 987/421/297 947/446/297
f 947/446/297 988/419/297 949/419/297
f 988/419/297 951/444/297 949/419/297
f 989/417/297 953/443/297 951/444/297
f 990/415/297 955/436/297 953/443/297
f 955/436/297 992/411/297 957/438/297
f 992/411/297 959/442/297 957/438/297
f 993/409/297 961/441/297 959/442/297
f 961/441/297 995/405/297 963/440/297
f 963/440/297 965/402/297 901/439/297
s 15
f 1011/453/4 929/450/3 931/451/4
f 998/454/23 903/440/22 905/441/23
f 1025/455/18 957/438/17 959/442/18
f 1012/456/5 931/451/4 933/452/5
f 999/455/24 905/441/23 907/442/24
f 1026/454/19 959/442/18 961/441/19
f 1013/453/6 933/452/5 935/451/6
f 1000/437/25 907/442/24 909/438/25
f 1027/457/20 961/441/19 963/440/20
f 1014/458/7 935/451/6 937/450/7
f 1001/459/26 909/438/25 911/436/26
f 997/460/21 963/440/20 901/439/21
f 1015/461/8 937/450/7 939/449/8
f 1002/462/27 911/436/26 913/443/27
f 1016/463/9 939/449/8 941/448/9
f 1003/464/28 913/443/27 915/444/28
f 1017/465/10 941/448/9 943/447/10
f 1004/466/29 915/444/28 917/419/29
f 1018/467/11 943/447/10 945/445/11
f 1005/468/30 917/419/29 919/446/30
f 1019/468/12 945/445/11 947/446/12
f 1006/467/31 919/446/30 921/445/31
f 1020/466/13 947/446/12 949/419/13
f 1007/465/32 921/445/31 923/447/32
f 1021/464/14 949/419/13 951/444/14
f 1008/463/33 923/447/32 925/448/33
f 1022/462/15 951/444/14 953/443/15
f 1009/461/34 925/448/33 927/449/34
f 1023/459/16 953/443/15 955/436/16
f 1010/458/3 927/449/34 929/450/3
f 996/457/22 901/439/21 903/440/22
s 17
f 996/457/297 1028/466/297 997/460/297
f 997/460/297 1028/466/297 1027/457/297
f 1027/457/297 1028/466/297 1026/454/297
f 1026/454/297 1028/466/297 1025/455/297
f 1025/455/297 1028/466/297 1024/437/297
f 1024/437/297 1028/466/297 1023/459/297
f 1023/459/297 1028/466/297 1022/462/297
f 1022/462/297 1028/466/297 1021/464/297
f 1021/464/297 1028/466/297 1020/466/297
f 1020/466/297 1028/466/297 1019/468/297
f 1019/468/297 1028/466/297 1018/467/297
f 1018/467/297 1028/466/297 1017/465/297
f 1017/465/297 1028/466/297 1016/463/297
f 1016/463/297 1028/466/297 1015/461/297
f 1015/461/297 1028/466/297 1014/458/297
f 1014/458/297 1028/466/297 1013/453/297
f 1013/453/297 1028/466/297 1012/456/297
f 1012/456/297 1028/466/297 1011/453/297
f 1011/453/297 1028/466/297 1010/458/297
f 1010/458/297 1028/466/297 1009/461/297
f 1009/461/297 1028/466/297 1008/463/297
f 1008/463/297 1028/466/297 1007/465/297
f 1007/465/297 1028/466/297 1006/467/297
f 1006/467/297 1028/466/297 1005/468/297
f 1005/468/297 1028/466/297 1004/466/297
f 1004/466/297 1028/466/297 1003/464/297
f 1003/464/297 1028/466/297 1002/462/297
f 1002/462/297 1028/466/297 1001/459/297
f 1001/459/297 1028/466/297 1000/437/297
f 1000/437/297 1028/466/297 999/455/297
f 999/455/297 1028/466/297 998/454/297
f 998/454/297 1028/466/297 996/457/297
s 8
f 391/219/172 390/217/21 385/209/166
s 2
f 577/4/2 583/314/284 588/5/3
s 3
f 2/7/5 4/10/4 72/8/4
f 64/10/6 2/7/5 65/9/5
f 62/11/7 64/10/6 192/8/6
f 60/13/8 62/11/7 188/12/7
f 58/15/9 60/13/8 184/14/8
f 56/17/10 58/15/9 180/16/9
f 54/19/11 56/17/10 176/18/10
f 52/21/12 54/19/11 172/20/11
f 50/23/13 52/21/12 168/22/12
f 48/25/14 50/23/13 164/24/13
f 46/27/15 48/25/14 160/26/14
f 44/29/16 46/27/15 156/28/15
f 42/31/17 44/29/16 152/30/16
f 40/33/18 42/31/17 148/32/17
f 38/35/19 40/33/18 144/34/18
f 36/37/20 38/35/19 140/36/19
f 34/39/21 36/37/20 136/38/20
f 32/37/22 34/39/21 132/40/21
f 30/35/23 32/37/22 128/38/22
f 28/33/24 30/35/23 124/36/23
f 26/31/25 28/33/24 120/34/24
f 24/29/26 26/31/25 116/32/25
f 22/27/27 24/29/26 112/30/26
f 20/25/28 22/27/27 108/28/27
f 18/23/29 20/25/28 104/26/28
f 16/21/30 18/23/29 100/24/29
f 14/19/31 16/21/30 96/22/30
f 12/17/32 14/19/31 92/20/31
f 10/15/33 12/17/32 88/18/32
f 8/13/34 10/15/33 84/16/33
f 6/11/3 8/13/34 80/14/34
f 4/10/4 6/11/3 76/12/3
s 4
f 68/41/5 69/42/4 3/2/4
f 189/42/6 68/41/5 1/1/5
f 69/42/4 73/44/3 5/43/3
f 73/44/3 77/46/34 7/45/34
f 77/46/34 81/48/33 9/47/33
f 81/48/33 85/50/32 11/49/32
f 85/50/32 89/52/31 13/51/31
f 89/52/31 93/54/30 15/53/30
f 93/54/30 97/55/29 17/3/29
f 97/55/29 101/57/28 19/56/28
f 101/57/28 105/59/27 21/58/27
f 105/59/27 109/61/26 23/60/26
f 109/61/26 113/63/25 25/62/25
f 113/63/25 117/65/24 27/64/24
f 117/65/24 121/67/23 29/66/23
f 121/67/23 125/69/22 31/68/22
f 125/69/22 129/71/21 33/70/21
f 129/71/21 133/69/20 35/68/20
f 133/69/20 137/67/19 37/66/19
f 137/67/19 141/65/18 39/64/18
f 141/65/18 145/63/17 41/62/17
f 145/63/17 149/61/16 43/60/16
f 149/61/16 153/59/15 45/58/15
f 153/59/15 157/57/14 47/56/14
f 157/57/14 161/55/13 49/3/13
f 161/55/13 165/54/12 51/53/12
f 165/54/12 169/52/11 53/51/11
f 169/52/11 173/50/10 55/49/10
f 173/50/10 177/48/9 57/47/9
f 177/48/9 181/46/8 59/45/8
f 181/46/8 185/44/7 61/43/7
f 185/44/7 189/42/6 63/2/6
s 5
f 66/72/5 67/75/5 190/73/6
f 71/74/4 70/73/4 67/75/5
f 75/76/3 74/78/3 70/73/4
f 79/77/34 78/80/34 74/78/3
f 83/79/33 82/82/33 78/80/34
f 87/81/32 86/84/32 82/82/33
f 91/83/31 90/86/31 86/84/32
f 95/85/30 94/88/30 90/86/31
f 99/87/29 98/90/29 94/88/30
f 103/89/28 102/92/28 98/90/29
f 107/91/27 106/94/27 102/92/28
f 111/93/26 110/96/26 106/94/27
f 115/95/25 114/98/25 110/96/26
f 119/97/24 118/100/24 114/98/25
f 123/99/23 122/102/23 118/100/24
f 127/101/22 126/104/22 122/102/23
f 131/103/21 130/105/21 126/104/22
f 135/101/20 134/104/20 130/105/21
f 139/99/19 138/102/19 134/104/20
f 143/97/18 142/100/18 138/102/19
f 147/95/17 146/98/17 142/100/18
f 151/93/16 150/96/16 146/98/17
f 155/91/15 154/94/15 150/96/16
f 159/89/14 158/92/14 154/94/15
f 163/87/13 162/90/13 158/92/14
f 167/85/12 166/88/12 162/90/13
f 171/83/11 170/86/11 166/88/12
f 175/81/10 174/84/10 170/86/11
f 179/79/9 178/82/9 174/84/10
f 183/77/8 182/80/8 178/82/9
f 187/76/7 186/78/7 182/80/8
f 191/74/6 190/73/6 186/78/7
s 6
f 194/106/35 382/115/38 384/107/6
f 384/107/6 383/117/37 193/109/36
s 7
f 196/110/36 198/113/5 381/111/6
f 198/113/5 197/207/35 379/114/38
s 6
f 382/115/38 376/121/40 378/116/7
f 378/116/7 377/123/39 383/117/37
s 7
f 380/112/37 381/111/6 375/118/7
f 375/118/7 381/111/6 379/114/38
s 6
f 376/121/40 370/128/42 372/122/8
f 372/122/8 371/130/41 377/123/39
s 7
f 368/124/41 374/119/39 375/118/7
f 375/118/7 373/120/40 367/126/42
s 6
f 364/127/43 366/129/9 372/122/8
f 366/129/9 365/136/44 371/130/41
s 7
f 362/131/44 368/124/41 369/125/8
f 369/125/8 367/126/42 361/133/43
s 6
f 358/134/45 360/135/10 366/129/9
f 360/135/10 359/141/46 365/136/44
s 7
f 362/131/44 363/132/9 357/137/10
f 363/132/9 361/133/43 355/139/45
s 6
f 358/134/45 352/146/48 354/140/11
f 354/140/11 353/148/47 359/141/46
s 7
f 350/142/47 356/138/46 357/137/10
f 357/137/10 355/139/45 349/144/48
s 6
f 346/145/49 348/153/12 354/140/11
f 354/140/11 348/153/12 347/147/50
s 7
f 344/149/50 350/142/47 351/143/11
f 351/143/11 349/144/48 343/151/49
s 6
f 340/152/51 342/159/13 348/153/12
f 348/153/12 342/159/13 341/154/52
s 7
f 338/155/52 344/149/50 345/150/12
f 345/150/12 343/151/49 337/157/51
s 6
f 340/152/51 334/163/54 336/158/14
f 336/158/14 335/165/53 341/154/52
s 7
f 338/155/52 339/156/13 333/160/14
f 339/156/13 337/157/51 331/162/54
s 6
f 334/163/54 328/169/56 330/164/15
f 330/164/15 329/171/55 335/165/53
s 7
f 332/161/53 333/160/14 327/166/15
f 327/166/15 333/160/14 331/162/54
s 6
f 328/169/56 322/176/58 324/170/16
f 324/170/16 323/178/57 329/171/55
s 7
f 320/172/57 326/167/55 327/166/15
f 327/166/15 325/168/56 319/174/58
s 6
f 316/175/59 318/177/17 324/170/16
f 318/177/17 317/184/60 323/178/57
s 7
f 314/179/60 320/172/57 321/173/16
f 321/173/16 319/174/58 313/181/59
s 6
f 310/182/61 312/183/18 318/177/17
f 312/183/18 311/189/63 317/184/60
s 7
f 314/179/60 315/180/17 309/185/18
f 315/180/17 313/181/59 307/187/61
s 6
f 310/182/61 304/194/65 306/188/19
f 306/188/19 305/196/64 311/189/63
s 7
f 302/190/64 308/186/62 309/185/18
f 309/185/18 307/187/61 301/192/65
s 6
f 298/193/66 300/201/20 306/188/19
f 306/188/19 300/201/20 299/195/67
s 7
f 296/197/67 302/190/64 303/191/19
f 303/191/19 301/192/65 295/199/66
s 6
f 292/200/68 294/206/21 300/201/20
f 300/201/20 294/206/21 293/202/69
s 7
f 290/203/69 296/197/67 297/198/20
f 297/198/20 295/199/66 289/205/68
s 6
f 292/200/68 286/193/71 288/201/22
f 288/201/22 287/195/70 293/202/69
s 7
f 290/203/69 291/204/21 285/198/22
f 291/204/21 289/205/68 283/199/71
s 6
f 286/193/71 280/194/73 282/188/23
f 282/188/23 281/196/72 287/195/70
s 7
f 284/197/70 285/198/22 279/191/23
f 279/191/23 285/198/22 283/199/71
s 6
f 280/194/73 274/182/75 276/183/24
f 276/183/24 275/189/74 281/196/72
s 7
f 272/186/74 278/190/72 279/191/23
f 279/191/23 277/192/73 271/187/75
s 6
f 268/175/76 270/177/25 276/183/24
f 270/177/25 269/184/77 275/189/74
s 7
f 266/179/77 272/186/74 273/185/24
f 273/185/24 271/187/75 265/181/76
s 6
f 262/176/78 264/170/26 270/177/25
f 264/170/26 263/178/79 269/184/77
s 7
f 266/179/77 267/180/25 261/173/26
f 267/180/25 265/181/76 259/174/78
s 6
f 262/176/78 256/169/81 258/164/27
f 258/164/27 257/171/80 263/178/79
s 7
f 254/167/80 260/172/79 261/173/26
f 261/173/26 259/174/78 253/168/81
s 6
f 250/163/82 252/158/28 258/164/27
f 258/164/27 252/158/28 251/165/83
s 7
f 248/161/83 254/167/80 255/166/27
f 255/166/27 253/168/81 247/162/82
s 6
f 244/152/84 246/159/29 252/158/28
f 252/158/28 246/159/29 245/154/85
s 7
f 242/155/85 248/161/83 249/160/28
f 249/160/28 247/162/82 241/157/84
s 6
f 244/152/84 238/145/87 240/153/30
f 240/153/30 239/147/86 245/154/85
s 7
f 242/155/85 243/156/29 237/150/30
f 243/156/29 241/157/84 235/151/87
s 6
f 238/145/87 232/146/89 234/140/31
f 234/140/31 233/148/88 239/147/86
s 7
f 236/149/86 237/150/30 231/143/31
f 231/143/31 237/150/30 235/151/87
s 6
f 232/146/89 226/134/91 228/135/32
f 228/135/32 227/141/90 233/148/88
s 7
f 224/138/90 230/142/88 231/143/31
f 231/143/31 229/144/89 223/139/91
s 6
f 220/127/92 222/129/33 228/135/32
f 222/129/33 221/136/93 227/141/90
s 7
f 218/131/93 224/138/90 225/137/32
f 225/137/32 223/139/91 217/133/92
s 6
f 214/128/94 216/122/34 222/129/33
f 216/122/34 215/130/96 221/136/93
s 7
f 218/131/93 219/132/33 213/125/34
f 219/132/33 217/133/92 211/126/94
s 6
f 214/128/94 208/121/98 210/116/3
f 210/116/3 209/123/97 215/130/96
s 7
f 206/119/97 212/124/95 213/125/34
f 213/125/34 211/126/94 205/120/98
s 6
f 202/115/99 204/107/4 210/116/3
f 210/116/3 204/107/4 203/117/100
s 7
f 200/112/100 206/119/97 207/118/3
f 207/118/3 205/120/98 199/114/99
s 6
f 194/106/35 195/108/5 204/107/4
f 204/107/4 195/108/5 193/109/36
s 7
f 196/110/36 200/112/100 201/111/4
f 201/111/4 199/114/99 197/207/35
s 6
f 72/8/101 203/117/100 193/109/36
f 65/9/102 193/109/36 383/117/37
f 194/106/35 66/72/105 191/74/104
f 202/115/99 71/74/106 66/72/105
s 7
f 69/42/106 68/41/105 197/207/35
f 189/42/104 379/114/38 197/207/35
f 196/110/36 380/112/37 190/73/103
f 196/110/36 67/75/102 70/73/101
f 69/42/106 199/114/99 205/120/98
f 206/119/97 200/112/100 70/73/101
s 6
f 72/8/101 76/12/108 209/123/97
f 208/121/98 75/76/107 71/74/106
s 7
f 73/44/107 205/120/98 211/126/94
f 212/124/95 206/119/97 74/78/108
s 6
f 76/12/108 80/14/110 215/130/96
f 214/128/94 79/77/109 75/76/107
s 7
f 81/48/111 77/46/109 211/126/94
f 212/124/95 78/80/110 82/82/112
s 6
f 84/16/112 221/136/93 215/130/96
f 214/128/94 220/127/92 83/79/111
s 7
f 81/48/111 217/133/92 223/139/91
f 218/131/93 82/82/112 86/84/114
s 6
f 84/16/112 88/18/114 227/141/90
f 226/134/91 87/81/113 83/79/111
s 7
f 89/52/115 85/50/113 223/139/91
f 224/138/90 86/84/114 90/86/116
s 6
f 92/20/116 233/148/88 227/141/90
f 226/134/91 232/146/89 91/83/115
s 7
f 89/52/115 229/144/89 235/151/87
f 230/142/88 90/86/116 94/88/118
s 6
f 96/22/118 239/147/86 233/148/88
f 232/146/89 238/145/87 95/85/117
s 7
f 93/54/117 235/151/87 241/157/84
f 242/155/85 236/149/86 94/88/118
s 6
f 100/24/120 245/154/85 239/147/86
f 244/152/84 99/87/119 95/85/117
s 7
f 101/57/121 97/55/119 241/157/84
f 242/155/85 98/90/120 102/92/122
s 6
f 104/26/122 251/165/83 245/154/85
f 250/163/82 103/89/121 99/87/119
s 7
f 101/57/121 247/162/82 253/168/81
f 254/167/80 248/161/83 102/92/122
s 6
f 104/26/122 108/28/124 257/171/80
f 256/169/81 107/91/123 103/89/121
s 7
f 105/59/123 253/168/81 259/174/78
f 260/172/79 254/167/80 106/94/124
s 6
f 108/28/124 112/30/126 263/178/79
f 262/176/78 111/93/125 107/91/123
s 7
f 113/63/127 109/61/125 259/174/78
f 260/172/79 110/96/126 114/98/128
s 6
f 116/32/128 269/184/77 263/178/79
f 262/176/78 268/175/76 115/95/127
s 7
f 113/63/127 265/181/76 271/187/75
f 266/179/77 114/98/128 118/100/130
s 6
f 116/32/128 120/34/130 275/189/74
f 274/182/75 119/97/129 115/95/127
s 7
f 121/67/131 117/65/129 271/187/75
f 272/186/74 118/100/130 122/102/132
s 6
f 124/36/132 281/196/72 275/189/74
f 274/182/75 280/194/73 123/99/131
s 7
f 121/67/131 277/192/73 283/199/71
f 278/190/72 122/102/132 126/104/134
s 6
f 128/38/134 287/195/70 281/196/72
f 280/194/73 286/193/71 127/101/133
s 7
f 125/69/133 283/199/71 289/205/68
f 290/203/69 284/197/70 126/104/134
s 6
f 132/40/136 293/202/69 287/195/70
f 292/200/68 131/103/135 127/101/133
s 7
f 133/69/137 129/71/135 289/205/68
f 290/203/69 130/105/136 134/104/138
s 6
f 136/38/138 299/195/67 293/202/69
f 298/193/66 135/101/137 131/103/135
s 7
f 133/69/137 295/199/66 301/192/65
f 302/190/64 296/197/67 134/104/138
s 6
f 136/38/138 140/36/140 305/196/64
f 304/194/65 139/99/139 135/101/137
s 7
f 137/67/139 301/192/65 307/187/61
f 308/186/62 302/190/64 138/102/140
s 6
f 140/36/140 144/34/142 311/189/63
f 310/182/61 143/97/141 139/99/139
s 7
f 145/63/143 141/65/141 307/187/61
f 308/186/62 142/100/142 146/98/144
s 6
f 148/32/144 317/184/60 311/189/63
f 310/182/61 316/175/59 147/95/143
s 7
f 145/63/143 313/181/59 319/174/58
f 314/179/60 146/98/144 150/96/146
s 6
f 148/32/144 152/30/146 323/178/57
f 322/176/58 151/93/145 147/95/143
s 7
f 153/59/147 149/61/145 319/174/58
f 320/172/57 150/96/146 154/94/148
s 6
f 156/28/148 329/171/55 323/178/57
f 322/176/58 328/169/56 155/91/147
s 7
f 153/59/147 325/168/56 331/162/54
f 326/167/55 154/94/148 158/92/150
s 6
f 160/26/150 335/165/53 329/171/55
f 328/169/56 334/163/54 159/89/149
s 7
f 157/57/149 331/162/54 337/157/51
f 338/155/52 332/161/53 158/92/150
s 6
f 164/24/152 341/154/52 335/165/53
f 340/152/51 163/87/151 159/89/149
s 7
f 165/54/153 161/55/151 337/157/51
f 338/155/52 162/90/152 166/88/154
s 6
f 168/22/154 347/147/50 341/154/52
f 346/145/49 167/85/153 163/87/151
s 7
f 165/54/153 343/151/49 349/144/48
f 350/142/47 344/149/50 166/88/154
s 6
f 168/22/154 172/20/156 353/148/47
f 352/146/48 171/83/155 167/85/153
s 7
f 169/52/155 349/144/48 355/139/45
f 356/138/46 350/142/47 170/86/156
s 6
f 172/20/156 176/18/158 359/141/46
f 358/134/45 175/81/157 171/83/155
s 7
f 177/48/159 173/50/157 355/139/45
f 356/138/46 174/84/158 178/82/160
s 6
f 180/16/160 365/136/44 359/141/46
f 358/134/45 364/127/43 179/79/159
s 7
f 177/48/159 361/133/43 367/126/42
f 362/131/44 178/82/160 182/80/162
s 6
f 180/16/160 184/14/162 371/130/41
f 370/128/42 183/77/161 179/79/159
s 7
f 185/44/163 181/46/161 367/126/42
f 368/124/41 182/80/162 186/78/164
s 6
f 188/12/164 377/123/39 371/130/41
f 370/128/42 376/121/40 187/76/163
s 7
f 185/44/163 373/120/40 379/114/38
f 374/119/39 186/78/164 190/73/103
s 6
f 192/8/103 383/117/37 377/123/39
f 376/121/40 382/115/38 191/74/104
s 8
f 392/208/165 391/219/172 385/209/166
f 393/211/6 392/208/165 386/210/167
f 388/213/168 394/222/174 393/211/6
f 395/214/169 394/222/174 388/213/168
f 396/216/22 395/214/169 389/215/170
f 397/218/171 402/224/23 396/216/22
f 398/220/173 397/218/171 391/219/172
f 399/221/7 398/220/173 392/208/165
f 394/222/174 400/228/179 399/221/7
f 401/223/175 400/228/179 394/222/174
f 402/224/23 401/223/175 395/214/169
f 403/225/176 408/231/24 402/224/23
f 398/220/173 404/226/177 403/225/176
f 399/221/7 405/233/8 404/226/177
f 406/227/178 405/233/8 399/221/7
f 407/229/180 406/227/178 400/228/179
f 402/224/23 408/231/24 407/229/180
f 409/230/181 414/236/25 408/231/24
f 404/226/177 410/239/186 409/230/181
f 411/232/9 410/239/186 404/226/177
f 412/234/182 411/232/9 405/233/8
f 413/235/183 412/234/182 406/227/178
f 414/236/25 413/235/183 407/229/180
f 415/237/184 420/242/26 414/236/25
f 416/238/185 415/237/184 409/230/181
f 411/232/9 417/240/10 416/238/185
f 412/234/182 418/247/190 417/240/10
f 419/241/187 418/247/190 412/234/182
f 420/242/26 419/241/187 413/235/183
f 415/237/184 421/249/192 426/243/27
f 422/244/188 421/249/192 415/237/184
f 423/245/11 422/244/188 416/238/185
f 424/246/189 423/245/11 417/240/10
f 419/241/187 425/253/195 424/246/189
f 426/243/27 425/253/195 419/241/187
f 427/248/191 432/254/28 426/243/27
f 422/244/188 428/256/198 427/248/191
f 429/250/12 428/256/198 422/244/188
f 430/251/193 429/250/12 423/245/11
f 431/252/194 430/251/193 424/246/189
f 432/254/28 431/252/194 425/253/195
f 433/255/196 438/23/29 432/254/28
f 434/255/197 433/255/196 427/248/191
f 429/250/12 435/23/13 434/255/197
f 436/257/199 435/23/13 429/250/12
f 437/257/200 436/257/199 430/251/193
f 432/254/28 438/23/29 437/257/200
f 439/258/201 444/262/30 438/23/29
f 440/259/202 439/258/201 433/255/196
f 441/260/14 440/259/202 434/255/197
f 436/257/199 442/266/206 441/260/14
f 443/261/203 442/266/206 436/257/199
f 444/262/30 443/261/203 437/257/200
f 445/263/204 450/268/31 444/262/30
f 446/264/205 445/263/204 439/258/201
f 447/265/15 446/264/205 440/259/202
f 442/266/206 448/272/211 447/265/15
f 449/267/207 448/272/211 442/266/206
f 450/268/31 449/267/207 443/261/203
f 451/269/208 456/275/32 450/268/31
f 446/264/205 452/270/209 451/269/208
f 447/265/15 453/277/16 452/270/209
f 454/271/210 453/277/16 447/265/15
f 455/273/212 454/271/210 448/272/211
f 450/268/31 456/275/32 455/273/212
f 457/274/213 462/280/33 456/275/32
f 452/270/209 458/283/218 457/274/213
f 459/276/17 458/283/218 452/270/209
f 460/278/214 459/276/17 453/277/16
f 461/279/215 460/278/214 454/271/210
f 462/280/33 461/279/215 455/273/212
f 463/281/216 468/286/34 462/280/33
f 464/282/217 463/281/216 457/274/213
f 459/276/17 465/284/18 464/282/217
f 460/278/214 466/291/222 465/284/18
f 467/285/219 466/291/222 460/278/214
f 468/286/34 467/285/219 461/279/215
f 463/281/216 469/293/224 474/287/3
f 470/288/220 469/293/224 463/281/216
f 471/289/19 470/288/220 464/282/217
f 472/290/221 471/289/19 465/284/18
f 467/285/219 473/297/227 472/290/221
f 474/287/3 473/297/227 467/285/219
f 475/292/223 480/298/4 474/287/3
f 470/288/220 476/301/230 475/292/223
f 477/294/20 476/301/230 470/288/220
f 478/295/225 477/294/20 471/289/19
f 479/296/226 478/295/225 472/290/221
f 480/298/4 479/296/226 473/297/227
f 481/299/228 486/305/5 480/298/4
f 482/300/229 481/299/228 475/292/223
f 483/302/21 482/300/229 476/301/230
f 484/303/231 483/302/21 477/294/20
f 485/304/232 484/303/231 478/295/225
f 486/305/5 485/304/232 479/296/226
f 487/292/233 492/298/6 486/305/5
f 488/301/234 487/292/233 481/299/228
f 489/294/22 488/301/234 482/300/229
f 490/295/235 489/294/22 483/302/21
f 491/296/236 490/295/235 484/303/231
f 492/298/6 491/296/236 485/304/232
f 493/293/237 498/287/7 492/298/6
f 494/288/238 493/293/237 487/292/233
f 495/289/23 494/288/238 488/301/234
f 490/295/235 496/290/241 495/289/23
f 497/297/239 496/290/241 490/295/235
f 498/287/7 497/297/239 491/296/236
f 499/281/240 504/286/8 498/287/7
f 494/288/238 500/282/244 499/281/240
f 501/284/24 500/282/244 494/288/238
f 496/290/241 502/291/245 501/284/24
f 503/285/242 502/291/245 496/290/241
f 504/286/8 503/285/242 497/297/239
f 505/274/243 510/280/9 504/286/8
f 500/282/244 506/283/249 505/274/243
f 507/276/25 506/283/249 500/282/244
f 502/291/245 508/278/250 507/276/25
f 509/279/246 508/278/250 502/291/245
f 510/280/9 509/279/246 503/285/242
f 511/269/247 516/275/10 510/280/9
f 512/270/248 511/269/247 505/274/243
f 507/276/25 513/277/26 512/270/248
f 508/278/250 514/271/254 513/277/26
f 515/273/251 514/271/254 508/278/250
f 516/275/10 515/273/251 509/279/246
f 511/269/247 517/263/256 522/268/11
f 518/264/252 517/263/256 511/269/247
f 519/265/27 518/264/252 512/270/248
f 520/272/253 519/265/27 513/277/26
f 515/273/251 521/267/259 520/272/253
f 522/268/11 521/267/259 515/273/251
f 523/258/255 528/262/12 522/268/11
f 518/264/252 524/259/262 523/258/255
f 525/260/28 524/259/262 518/264/252
f 526/266/257 525/260/28 519/265/27
f 527/261/258 526/266/257 520/272/253
f 528/262/12 527/261/258 521/267/259
f 529/255/260 534/23/13 528/262/12
f 530/255/261 529/255/260 523/258/255
f 531/23/29 530/255/261 524/259/262
f 532/257/263 531/23/29 525/260/28
f 533/257/264 532/257/263 526/266/257
f 528/262/12 534/23/13 533/257/264
f 535/248/265 540/254/14 534/23/13
f 536/256/266 535/248/265 529/255/260
f 537/250/30 536/256/266 530/255/261
f 532/257/263 538/251/270 537/250/30
f 539/252/267 538/251/270 532/257/263
f 540/254/14 539/252/267 533/257/264
f 541/249/268 546/243/15 540/254/14
f 542/244/269 541/249/268 535/248/265
f 543/245/31 542/244/269 536/256/266
f 538/251/270 544/246/275 543/245/31
f 545/253/271 544/246/275 538/251/270
f 546/243/15 545/253/271 539/252/267
f 547/237/272 552/242/16 546/243/15
f 542/244/269 548/238/273 547/237/272
f 543/245/31 549/240/32 548/238/273
f 550/247/274 549/240/32 543/245/31
f 551/241/276 550/247/274 544/246/275
f 546/243/15 552/242/16 551/241/276
f 553/230/277 558/236/17 552/242/16
f 548/238/273 554/239/282 553/230/277
f 555/232/33 554/239/282 548/238/273
f 556/234/278 555/232/33 549/240/32
f 557/235/279 556/234/278 550/247/274
f 558/236/17 557/235/279 551/241/276
f 559/225/280 564/231/18 558/236/17
f 560/226/281 559/225/280 553/230/277
f 555/232/33 561/233/34 560/226/281
f 556/234/278 562/227/286 561/233/34
f 563/229/283 562/227/286 556/234/278
f 564/231/18 563/229/283 557/235/279
f 559/225/280 565/218/288 570/224/19
f 566/220/284 565/218/288 559/225/280
f 567/221/3 566/220/284 560/226/281
f 568/228/285 567/221/3 561/233/34
f 563/229/283 569/223/291 568/228/285
f 570/224/19 569/223/291 563/229/283
f 571/219/287 576/216/20 570/224/19
f 566/220/284 572/208/2 571/219/287
f 573/211/4 572/208/2 566/220/284
f 574/222/289 573/211/4 567/221/3
f 575/214/290 574/222/289 568/228/285
f 576/216/20 575/214/290 569/223/291
f 385/209/166 390/217/21 576/216/20
f 386/210/167 385/209/166 571/219/287
f 387/212/5 386/210/167 572/208/2
f 388/213/168 387/212/5 573/211/4
f 389/215/170 388/213/168 574/222/289
f 576/216/20 390/217/21 389/215/170
s 2
f 584/306/288 583/314/284 577/4/2
f 585/308/19 584/306/288 578/307/287
f 586/310/291 585/308/19 579/309/20
f 587/312/285 586/310/291 580/311/290
f 588/5/3 587/312/285 581/313/289
f 583/314/284 589/320/281 594/315/34
f 590/316/280 589/320/281 583/314/284
f 585/308/19 591/322/18 590/316/280
f 592/317/283 591/322/18 585/308/19
f 593/318/286 592/317/283 586/310/291
f 588/5/3 594/315/34 593/318/286
f 595/319/282 600/324/33 594/315/34
f 596/321/277 595/319/282 589/320/281
f 591/322/18 597/328/17 596/321/277
f 598/323/279 597/328/17 591/322/18
f 593/318/286 599/331/278 598/323/279
f 600/324/33 599/331/278 593/318/286
f 595/319/282 601/333/273 606/325/32
f 602/326/272 601/333/273 595/319/282
f 603/327/16 602/326/272 596/321/277
f 604/329/276 603/327/16 597/328/17
f 605/330/274 604/329/276 598/323/279
f 606/325/32 605/330/274 599/331/278
f 607/332/269 612/336/31 606/325/32
f 602/326/272 608/339/268 607/332/269
f 609/334/15 608/339/268 602/326/272
f 604/329/276 610/342/271 609/334/15
f 611/335/275 610/342/271 604/329/276
f 612/336/31 611/335/275 605/330/274
f 613/337/266 618/343/30 612/336/31
f 614/338/265 613/337/266 607/332/269
f 615/340/14 614/338/265 608/339/268
f 616/341/267 615/340/14 609/334/15
f 611/335/275 617/346/270 616/341/267
f 618/343/30 617/346/270 611/335/275
f 619/344/261 624/3/29 618/343/30
f 620/344/292 619/344/261 613/337/266
f 621/3/13 620/344/292 614/338/265
f 622/345/264 621/3/13 615/340/14
f 623/345/263 622/345/264 616/341/267
f 624/3/29 623/345/263 617/346/270
f 619/344/261 625/352/262 630/347/28
f 626/348/255 625/352/262 619/344/261
f 627/349/12 626/348/255 620/344/292
f 628/350/258 627/349/12 621/3/13
f 629/351/257 628/350/258 622/345/264
f 630/347/28 629/351/257 623/345/263
f 625/352/262 631/358/252 636/353/27
f 632/354/256 631/358/252 625/352/262
f 633/355/11 632/354/256 626/348/255
f 634/356/259 633/355/11 627/349/12
f 635/357/253 634/356/259 628/350/258
f 636/353/27 635/357/253 629/351/257
f 631/358/252 637/364/248 642/359/26
f 638/360/247 637/364/248 631/358/252
f 633/355/11 639/367/10 638/360/247
f 640/361/251 639/367/10 633/355/11
f 635/357/253 641/362/254 640/361/251
f 636/353/27 642/359/26 641/362/254
f 643/363/249 648/369/25 642/359/26
f 644/365/243 643/363/249 637/364/248
f 645/366/9 644/365/243 638/360/247
f 646/368/246 645/366/9 639/367/10
f 641/362/254 647/375/250 646/368/246
f 648/369/25 647/375/250 641/362/254
f 643/363/249 649/377/244 654/370/24
f 650/371/240 649/377/244 643/363/249
f 651/372/8 650/371/240 644/365/243
f 652/373/242 651/372/8 645/366/9
f 653/374/245 652/373/242 646/368/246
f 654/370/24 653/374/245 647/375/250
f 655/376/238 660/380/23 654/370/24
f 650/371/240 656/383/237 655/376/238
f 657/378/7 656/383/237 650/371/240
f 652/373/242 658/385/239 657/378/7
f 659/379/241 658/385/239 652/373/242
f 660/380/23 659/379/241 653/374/245
f 661/381/234 666/387/22 660/380/23
f 662/382/233 661/381/234 655/376/238
f 663/384/6 662/382/233 656/383/237
f 658/385/239 664/386/236 663/384/6
f 659/379/241 665/392/235 664/386/236
f 666/387/22 665/392/235 659/379/241
f 667/388/229 672/393/21 666/387/22
f 668/389/293 667/388/229 661/381/234
f 663/384/6 669/394/5 668/389/293
f 670/390/294 669/394/5 663/384/6
f 671/391/231 670/390/294 664/386/236
f 666/387/22 672/393/21 671/391/231
f 667/388/229 673/381/230 678/387/20
f 674/382/223 673/381/230 667/388/229
f 675/384/4 674/382/223 668/389/293
f 670/390/294 676/386/226 675/384/4
f 677/392/225 676/386/226 670/390/294
f 678/387/20 677/392/225 671/391/231
f 673/381/230 679/376/220 684/380/19
f 680/383/224 679/376/220 673/381/230
f 681/378/3 680/383/224 674/382/223
f 682/385/227 681/378/3 675/384/4
f 683/379/221 682/385/227 676/386/226
f 684/380/19 683/379/221 677/392/225
f 685/377/217 690/370/18 684/380/19
f 686/371/216 685/377/217 679/376/220
f 681/378/3 687/372/34 686/371/216
f 688/373/219 687/372/34 681/378/3
f 683/379/221 689/374/222 688/373/219
f 690/370/18 689/374/222 683/379/221
f 691/363/218 696/369/17 690/370/18
f 692/365/213 691/363/218 685/377/217
f 693/366/33 692/365/213 686/371/216
f 694/368/215 693/366/33 687/372/34
f 689/374/222 695/375/214 694/368/215
f 696/369/17 695/375/214 689/374/222
f 691/363/218 697/364/209 702/359/16
f 698/360/208 697/364/209 691/363/218
f 699/367/32 698/360/208 692/365/213
f 700/361/212 699/367/32 693/366/33
f 701/362/210 700/361/212 694/368/215
f 702/359/16 701/362/210 695/375/214
f 703/358/205 708/353/15 702/359/16
f 698/360/208 704/354/204 703/358/205
f 705/355/31 704/354/204 698/360/208
f 700/361/212 706/356/207 705/355/31
f 707/357/211 706/356/207 700/361/212
f 708/353/15 707/357/211 701/362/210
f 709/352/202 714/347/14 708/353/15
f 710/348/201 709/352/202 703/358/205
f 711/349/30 710/348/201 704/354/204
f 712/350/203 711/349/30 705/355/31
f 707/357/211 713/351/206 712/350/203
f 714/347/14 713/351/206 707/357/211
f 715/344/197 720/3/13 714/347/14
f 716/344/295 715/344/197 709/352/202
f 717/3/29 716/344/295 710/348/201
f 718/345/200 717/3/29 711/349/30
f 719/345/199 718/345/200 712/350/203
f 720/3/13 719/345/199 713/351/206
f 715/344/197 721/337/198 726/343/12
f 722/338/191 721/337/198 715/344/197
f 723/340/28 722/338/191 716/344/295
f 724/341/194 723/340/28 717/3/29
f 725/346/193 724/341/194 718/345/200
f 726/343/12 725/346/193 719/345/199
f 721/337/198 727/332/188 732/336/11
f 728/339/192 727/332/188 721/337/198
f 729/334/27 728/339/192 722/338/191
f 730/342/195 729/334/27 723/340/28
f 731/335/189 730/342/195 724/341/194
f 732/336/11 731/335/189 725/346/193
f 727/332/188 733/333/185 738/325/10
f 734/326/184 733/333/185 727/332/188
f 729/334/27 735/327/26 734/326/184
f 736/329/187 735/327/26 729/334/27
f 731/335/189 737/330/190 736/329/187
f 732/336/11 738/325/10 737/330/190
f 739/319/186 744/324/9 738/325/10
f 740/321/181 739/319/186 733/333/185
f 741/328/25 740/321/181 734/326/184
f 742/323/183 741/328/25 735/327/26
f 737/330/190 743/331/182 742/323/183
f 744/324/9 743/331/182 737/330/190
f 739/319/186 745/320/177 750/315/8
f 746/316/176 745/320/177 739/319/186
f 747/322/24 746/316/176 740/321/181
f 748/317/180 747/322/24 741/328/25
f 749/318/178 748/317/180 742/323/183
f 750/315/8 749/318/178 743/331/182
f 751/314/173 756/5/7 750/315/8
f 746/316/176 752/306/171 751/314/173
f 753/308/23 752/306/171 746/316/176
f 748/317/180 754/310/175 753/308/23
f 755/312/179 754/310/175 748/317/180
f 750/315/8 756/5/7 755/312/179
f 757/4/165 762/6/6 756/5/7
f 758/307/172 757/4/165 751/314/173
f 759/309/22 758/307/172 752/306/171
f 754/310/175 760/311/169 759/309/22
f 755/312/179 761/313/174 760/311/169
f 762/6/6 761/313/174 755/312/179
f 763/395/167 768/399/5 762/6/6
f 764/396/296 763/395/167 757/4/165
f 759/309/22 765/400/21 764/396/296
f 766/397/170 765/400/21 759/309/22
f 767/398/168 766/397/170 760/311/169
f 768/399/5 767/398/168 761/313/174
f 763/395/167 577/4/2 582/6/4
f 578/307/287 577/4/2 763/395/167
f 579/309/20 578/307/287 764/396/296
f 766/397/170 580/311/290 579/309/20
f 581/313/289 580/311/290 766/397/170
f 582/6/4 581/313/289 767/398/168
s 10
f 836/402/5 835/405/4 773/403/4
f 835/405/4 837/407/3 775/406/3
f 837/407/3 838/409/34 777/408/34
f 838/409/34 839/411/33 779/410/33
f 839/411/33 840/413/32 781/412/32
f 840/413/32 841/415/31 783/414/31
f 841/415/31 842/417/30 785/416/30
f 842/417/30 843/419/29 787/418/29
f 843/419/29 844/421/28 789/420/28
f 844/421/28 845/423/27 791/422/27
f 845/423/27 846/425/26 793/424/26
f 846/425/26 847/427/25 795/426/25
f 847/427/25 848/429/24 797/428/24
f 848/429/24 849/431/23 799/430/23
f 849/431/23 850/433/22 801/432/22
f 850/433/22 851/435/21 803/434/21
f 851/435/21 852/433/20 805/432/20
f 852/433/20 853/431/19 807/430/19
f 853/431/19 854/429/18 809/428/18
f 854/429/18 855/427/17 811/426/17
f 855/427/17 856/425/16 813/424/16
f 856/425/16 857/423/15 815/422/15
f 857/423/15 858/421/14 817/420/14
f 858/421/14 859/419/13 819/418/13
f 859/419/13 860/417/12 821/416/12
f 860/417/12 861/415/11 823/414/11
f 861/415/11 862/413/10 825/412/10
f 862/413/10 863/411/9 827/410/9
f 863/411/9 864/409/8 829/408/8
f 864/409/8 865/407/7 831/406/7
s 11
f 826/436/26 894/459/26 895/437/25
s 10
f 865/407/7 866/405/6 833/403/6
f 866/405/6 836/402/5 771/404/5
s 12
f 772/439/297 774/440/297 835/405/297
f 774/440/297 776/441/297 837/407/297
f 776/441/297 778/442/297 838/409/297
f 778/442/297 780/438/297 839/411/297
f 780/438/297 782/436/297 840/413/297
f 782/436/297 784/443/297 841/415/297
f 784/443/297 786/444/297 842/417/297
f 788/419/297 843/419/297 842/417/297
f 788/419/297 790/446/297 844/421/297
f 792/445/297 845/423/297 844/421/297
f 794/447/297 846/425/297 845/423/297
f 796/448/297 847/427/297 846/425/297
f 798/449/297 848/429/297 847/427/297
f 800/450/297 849/431/297 848/429/297
f 802/451/297 850/433/297 849/431/297
f 804/452/297 851/435/297 850/433/297
f 806/451/297 852/433/297 851/435/297
f 808/450/297 853/431/297 852/433/297
f 808/450/297 810/449/297 854/429/297
f 810/449/297 812/448/297 855/427/297
f 814/447/297 856/425/297 855/427/297
f 814/447/297 816/445/297 857/423/297
f 816/445/297 818/446/297 858/421/297
f 818/446/297 820/419/297 859/419/297
f 822/444/297 860/417/297 859/419/297
f 824/443/297 861/415/297 860/417/297
f 826/436/297 862/413/297 861/415/297
f 826/436/297 828/438/297 863/411/297
f 830/442/297 864/409/297 863/411/297
f 832/441/297 865/407/297 864/409/297
f 834/440/297 866/405/297 865/407/297
f 834/440/297 772/439/297 836/402/297
s 11
f 800/450/7 881/458/7 882/453/6
f 774/440/20 867/457/20 869/454/19
f 828/438/25 895/437/25 896/455/24
f 802/451/6 882/453/6 883/456/5
f 776/441/19 869/454/19 870/455/18
f 830/442/24 896/455/24 897/454/23
f 804/452/5 883/456/5 884/453/4
f 778/442/18 870/455/18 871/437/17
f 832/441/23 897/454/23 898/457/22
f 806/451/4 884/453/4 885/458/3
f 780/438/17 871/437/17 872/459/16
f 834/440/22 898/457/22 868/460/21
f 808/450/3 885/458/3 886/461/34
f 782/436/16 872/459/16 873/462/15
f 810/449/34 886/461/34 887/463/33
f 784/443/15 873/462/15 874/464/14
f 812/448/33 887/463/33 888/465/32
f 786/444/14 874/464/14 875/466/13
f 814/447/32 888/465/32 889/467/31
f 788/419/13 875/466/13 876/468/12
f 816/445/31 889/467/31 890/468/30
f 790/446/12 876/468/12 877/467/11
f 818/446/30 890/468/30 891/466/29
f 792/445/11 877/467/11 878/465/10
f 820/419/29 891/466/29 892/464/28
f 794/447/10 878/465/10 879/463/9
f 822/444/28 892/464/28 893/462/27
f 796/448/9 879/463/9 880/461/8
f 824/443/27 893/462/27 894/459/26
f 798/449/8 880/461/8 881/458/7
f 772/439/21 868/460/21 867/457/20
s 14
f 902/403/6 964/405/6 965/402/5
f 904/406/7 966/407/7 964/405/6
f 906/408/8 967/409/8 966/407/7
f 908/410/9 968/411/9 967/409/8
f 910/412/10 969/413/10 968/411/9
f 912/414/11 970/415/11 969/413/10
f 914/416/12 971/417/12 970/415/11
f 916/418/13 972/419/13 971/417/12
f 918/420/14 973/421/14 972/419/13
f 920/422/15 974/423/15 973/421/14
f 922/424/16 975/425/16 974/423/15
f 924/426/17 976/427/17 975/425/16
f 926/428/18 977/429/18 976/427/17
f 928/430/19 978/431/19 977/429/18
f 930/432/20 979/433/20 978/431/19
f 932/434/21 980/435/21 979/433/20
f 934/432/22 981/433/22 980/435/21
f 936/430/23 982/431/23 981/433/22
f 938/428/24 983/429/24 982/431/23
f 940/426/25 984/427/25 983/429/24
f 942/424/26 985/425/26 984/427/25
f 944/422/27 986/423/27 985/425/26
f 946/420/28 987/421/28 986/423/27
f 948/418/29 988/419/29 987/421/28
f 950/416/30 989/417/30 988/419/29
f 952/414/31 990/415/31 989/417/30
f 954/412/32 991/413/32 990/415/31
f 956/410/33 992/411/33 991/413/32
f 958/408/34 993/409/34 992/411/33
f 960/406/3 994/407/3 993/409/34
s 15
f 1024/437/17 1023/459/16 955/436/16
s 14
f 962/403/4 995/405/4 994/407/3
f 900/404/5 965/402/5 995/405/4
s 16
f 901/439/297 965/402/297 964/405/297
f 903/440/297 964/405/297 966/407/297
f 905/441/297 966/407/297 967/409/297
f 907/442/297 967/409/297 968/411/297
f 909/438/297 968/411/297 969/413/297
f 911/436/297 969/413/297 970/415/297
f 913/443/297 970/415/297 971/417/297
f 971/417/297 972/419/297 917/419/297
f 917/419/297 972/419/297 973/421/297
f 973/421/297 974/423/297 921/445/297
f 974/423/297 975/425/297 923/447/297
f 975/425/297 976/427/297 925/448/297
f 976/427/297 977/429/297 927/449/297
f 977/429/297 978/431/297 929/450/297
f 978/431/297 979/433/297 931/451/297
f 979/433/297 980/435/297 933/452/297
f 980/435/297 981/433/297 935/451/297
f 981/433/297 982/431/297 937/450/297
f 937/450/297 982/431/297 983/429/297
f 939/449/297 983/429/297 984/427/297
f 984/427/297 985/425/297 943/447/297
f 943/447/297 985/425/297 986/423/297
f 945/445/297 986/423/297 987/421/297
f 947/446/297 987/421/297 988/419/297
f 988/419/297 989/417/297 951/444/297
f 989/417/297 990/415/297 953/443/297
f 990/415/297 991/413/297 955/436/297
f 955/436/297 991/413/297 992/411/297
f 992/411/297 993/409/297 959/442/297
f 993/409/297 994/407/297 961/441/297
f 961/441/297 994/407/297 995/405/297
f 963/440/297 995/405/297 965/402/297
s 15
f 1011/453/4 1010/458/3 929/450/3
f 998/454/23 996/457/22 903/440/22
f 1025/455/18 1024/437/17 957/438/17
f 1012/456/5 1011/453/4 931/451/4
f 999/455/24 998/454/23 905/441/23
f 1026/454/19 1025/455/18 959/442/18
f 1013/453/6 1012/456/5 933/452/5
f 1000/437/25 999/455/24 907/442/24
f 1027/457/20 1026/454/19 961/441/19
f 1014/458/7 1013/453/6 935/451/6
f 1001/459/26 1000/437/25 909/438/25
f 997/460/21 1027/457/20 963/440/20
f 1015/461/8 1014/458/7 937/450/7
f 1002/462/27 1001/459/26 911/436/26
f 1016/463/9 1015/461/8 939/449/8
f 1003/464/28 1002/462/27 913/443/27
f 1017/465/10 1016/463/9 941/448/9
f 1004/466/29 1003/464/28 915/444/28
f 1018/467/11 1017/465/10 943/447/10
f 1005/468/30 1004/466/29 917/419/29
f 1019/468/12 1018/467/11 945/445/11
f 1006/467/31 1005/468/30 919/446/30
f 1020/466/13 1019/468/12 947/446/12
f 1007/465/32 1006/467/31 921/445/31
f 1021/464/14 1020/466/13 949/419/13
f 1008/463/33 1007/465/32 923/447/32
f 1022/462/15 1021/464/14 951/444/14
f 1009/461/34 1008/463/33 925/448/33
f 1023/459/16 1022/462/15 953/443/15
f 1010/458/3 1009/461/34 927/449/34
f 996/457/22 997/460/21 901/439/21
s 8
f 391/219/172 396/216/22 390/217/21
