# Blender 4.5.2 LTS
# www.blender.org
mtllib metal_garbage_can_01_small.mtl
g metal_garbage_can_01_small_Mesh
v -0.049979 0.277738 -0.120661
v -0.072559 0.277738 -0.108592
v -0.092350 0.277738 -0.092350
v -0.108592 0.277738 -0.072559
v -0.120661 0.277738 -0.049979
v -0.128093 0.277738 -0.025479
v -0.130602 0.277738 0.000000
v -0.128093 0.277738 0.025479
v -0.120661 0.277738 0.049979
v -0.108592 0.277738 0.072559
v -0.092350 0.277738 0.092350
v -0.072559 0.277738 0.108592
v -0.049979 0.277738 0.120661
v -0.025479 0.277738 0.128093
v 0.000000 0.277738 0.130602
v 0.025479 0.277738 0.128093
v 0.049979 0.277738 0.120661
v 0.072559 0.277738 0.108592
v 0.092350 0.277738 0.092350
v 0.108592 0.277738 0.072559
v 0.120661 0.277738 0.049979
v 0.128093 0.277738 0.025479
v 0.130602 0.277738 0.000000
v 0.128093 0.277738 -0.025479
v 0.120661 0.277738 -0.049979
v 0.108592 0.277738 -0.072559
v 0.092350 0.277738 -0.092350
v 0.072559 0.277738 -0.108592
v 0.049979 0.277738 -0.120661
v 0.000000 0.277738 -0.130602
v 0.025479 0.277738 -0.128093
v 0.000000 0.306047 -0.083417
v 0.016274 0.306047 -0.081815
v 0.031922 0.306047 -0.077068
v 0.046344 0.306047 -0.069359
v 0.058985 0.306047 -0.058985
v 0.069359 0.306047 -0.046344
v 0.077068 0.306047 -0.031922
v 0.081815 0.306047 -0.016274
v 0.083417 0.306047 0.000000
v 0.081815 0.306047 0.016274
v 0.077068 0.306047 0.031922
v 0.069359 0.306047 0.046344
v 0.058985 0.306047 0.058985
v 0.046344 0.306047 0.069359
v 0.031922 0.306047 0.077068
v 0.016274 0.306047 0.081815
v -0.000000 0.306047 0.083417
v -0.016274 0.306047 0.081815
v -0.031922 0.306047 0.077068
v -0.046344 0.306047 0.069359
v -0.058985 0.306047 0.058985
v -0.069359 0.306047 0.046344
v -0.077068 0.306047 0.031922
v -0.081815 0.306047 0.016274
v -0.083417 0.306047 -0.000000
v -0.081815 0.306047 -0.016274
v -0.077068 0.306047 -0.031922
v -0.069359 0.306047 -0.046344
v -0.058985 0.306047 -0.058985
v -0.046344 0.306047 -0.069359
v -0.031922 0.306047 -0.077068
v -0.016274 0.306047 -0.081815
v -0.025479 0.277738 -0.128093
v 0.021928 0.298999 -0.110241
v 0.000000 0.298999 -0.112401
v 0.043014 0.298999 -0.103845
v 0.062447 0.298999 -0.093458
v 0.079479 0.298999 -0.079479
v 0.093458 0.298999 -0.062447
v 0.103845 0.298999 -0.043014
v 0.110241 0.298999 -0.021928
v 0.112401 0.298999 0.000000
v 0.110241 0.298999 0.021928
v 0.103845 0.298999 0.043014
v 0.093458 0.298999 0.062447
v 0.079479 0.298999 0.079479
v 0.062447 0.298999 0.093458
v 0.043014 0.298999 0.103845
v 0.021928 0.298999 0.110241
v 0.000000 0.298999 0.112401
v -0.021928 0.298999 0.110241
v -0.043014 0.298999 0.103845
v -0.062447 0.298999 0.093458
v -0.079479 0.298999 0.079479
v -0.093458 0.298999 0.062447
v -0.103845 0.298999 0.043014
v -0.110241 0.298999 0.021928
v -0.112401 0.298999 0.000000
v -0.110241 0.298999 -0.021928
v -0.103845 0.298999 -0.043014
v -0.093458 0.298999 -0.062447
v -0.079479 0.298999 -0.079479
v -0.062447 0.298999 -0.093458
v -0.043014 0.298999 -0.103845
v -0.021928 0.298999 -0.110241
v 0.020620 0.302925 -0.103662
v 0.000000 0.302925 -0.105693
v 0.040447 0.302925 -0.097648
v 0.058720 0.302925 -0.087881
v 0.074736 0.302925 -0.074736
v 0.087881 0.302925 -0.058720
v 0.097648 0.302925 -0.040447
v 0.103662 0.302925 -0.020620
v 0.105693 0.302925 0.000000
v 0.103662 0.302925 0.020620
v 0.097648 0.302925 0.040447
v 0.087881 0.302925 0.058720
v 0.074736 0.302925 0.074736
v 0.058720 0.302925 0.087881
v 0.040447 0.302925 0.097648
v 0.020620 0.302925 0.103662
v 0.000000 0.302925 0.105693
v -0.020620 0.302925 0.103662
v -0.040447 0.302925 0.097648
v -0.058720 0.302925 0.087881
v -0.074736 0.302925 0.074736
v -0.087881 0.302925 0.058720
v -0.097648 0.302925 0.040447
v -0.103662 0.302925 0.020620
v -0.105693 0.302925 0.000000
v -0.103662 0.302925 -0.020620
v -0.097648 0.302925 -0.040447
v -0.087881 0.302925 -0.058720
v -0.074736 0.302925 -0.074736
v -0.058720 0.302925 -0.087881
v -0.040447 0.302925 -0.097648
v -0.020620 0.302925 -0.103662
v 0.018014 0.302925 -0.090564
v 0.000000 0.302925 -0.092338
v 0.035336 0.302925 -0.085309
v 0.051300 0.302925 -0.076776
v 0.065293 0.302925 -0.065293
v 0.076776 0.302925 -0.051300
v 0.085309 0.302925 -0.035336
v 0.090564 0.302925 -0.018014
v 0.092338 0.302925 0.000000
v 0.090564 0.302925 0.018014
v 0.085309 0.302925 0.035336
v 0.076776 0.302925 0.051300
v 0.065293 0.302925 0.065293
v 0.051300 0.302925 0.076776
v 0.035336 0.302925 0.085309
v 0.018014 0.302925 0.090564
v -0.000000 0.302925 0.092338
v -0.018014 0.302925 0.090564
v -0.035336 0.302925 0.085309
v -0.051300 0.302925 0.076776
v -0.065293 0.302925 0.065293
v -0.076776 0.302925 0.051300
v -0.085309 0.302925 0.035336
v -0.090564 0.302925 0.018014
v -0.092338 0.302925 -0.000000
v -0.090564 0.302925 -0.018014
v -0.085309 0.302925 -0.035336
v -0.076776 0.302925 -0.051300
v -0.065293 0.302925 -0.065293
v -0.051300 0.302925 -0.076776
v -0.035336 0.302925 -0.085309
v -0.018014 0.302925 -0.090564
v 0.000000 0.306047 -0.000000
v 0.024156 0.298999 -0.121442
v 0.024799 0.296275 -0.124675
v 0.024570 0.298201 -0.123520
v 0.000000 0.296275 -0.127117
v 0.000000 0.298999 -0.123821
v 0.000000 0.298201 -0.125940
v 0.047384 0.298999 -0.114396
v 0.048646 0.296275 -0.117441
v 0.048195 0.298201 -0.116353
v 0.068791 0.298999 -0.102953
v 0.070623 0.296275 -0.105694
v 0.069968 0.298201 -0.104715
v 0.087555 0.298999 -0.087555
v 0.089886 0.296275 -0.089886
v 0.089053 0.298201 -0.089053
v 0.102953 0.298999 -0.068791
v 0.105694 0.296275 -0.070623
v 0.104715 0.298201 -0.069968
v 0.114396 0.298999 -0.047384
v 0.117441 0.296275 -0.048646
v 0.116353 0.298201 -0.048195
v 0.121442 0.298999 -0.024156
v 0.124675 0.296275 -0.024799
v 0.123520 0.298201 -0.024570
v 0.123821 0.298999 0.000000
v 0.127117 0.296275 0.000000
v 0.125940 0.298201 0.000000
v 0.121442 0.298999 0.024156
v 0.124675 0.296275 0.024799
v 0.123520 0.298201 0.024570
v 0.114396 0.298999 0.047384
v 0.117441 0.296275 0.048646
v 0.116353 0.298201 0.048195
v 0.102953 0.298999 0.068791
v 0.105694 0.296275 0.070623
v 0.104715 0.298201 0.069968
v 0.087555 0.298999 0.087555
v 0.089886 0.296275 0.089886
v 0.089053 0.298201 0.089053
v 0.068791 0.298999 0.102953
v 0.070623 0.296275 0.105694
v 0.069968 0.298201 0.104715
v 0.047384 0.298999 0.114396
v 0.048646 0.296275 0.117441
v 0.048195 0.298201 0.116353
v 0.024156 0.298999 0.121442
v 0.024799 0.296275 0.124675
v 0.024570 0.298201 0.123520
v 0.000000 0.298999 0.123821
v 0.000000 0.296275 0.127117
v 0.000000 0.298201 0.125940
v -0.024156 0.298999 0.121442
v -0.024799 0.296275 0.124675
v -0.024570 0.298201 0.123520
v -0.047384 0.298999 0.114396
v -0.048646 0.296275 0.117441
v -0.048195 0.298201 0.116353
v -0.068791 0.298999 0.102953
v -0.070623 0.296275 0.105694
v -0.069968 0.298201 0.104715
v -0.087555 0.298999 0.087555
v -0.089886 0.296275 0.089886
v -0.089053 0.298201 0.089053
v -0.102953 0.298999 0.068791
v -0.105694 0.296275 0.070623
v -0.104715 0.298201 0.069968
v -0.114396 0.298999 0.047384
v -0.117441 0.296275 0.048646
v -0.116353 0.298201 0.048195
v -0.121442 0.298999 0.024156
v -0.124675 0.296275 0.024799
v -0.123520 0.298201 0.024570
v -0.123821 0.298999 0.000000
v -0.127117 0.296275 0.000000
v -0.125940 0.298201 0.000000
v -0.121442 0.298999 -0.024156
v -0.124675 0.296275 -0.024799
v -0.123520 0.298201 -0.024570
v -0.114396 0.298999 -0.047384
v -0.117441 0.296275 -0.048646
v -0.116353 0.298201 -0.048195
v -0.102953 0.298999 -0.068791
v -0.105694 0.296275 -0.070623
v -0.104715 0.298201 -0.069968
v -0.087555 0.298999 -0.087555
v -0.089886 0.296275 -0.089886
v -0.089053 0.298201 -0.089053
v -0.068791 0.298999 -0.102953
v -0.070623 0.296275 -0.105694
v -0.069968 0.298201 -0.104715
v -0.047384 0.298999 -0.114396
v -0.048646 0.296275 -0.117441
v -0.048195 0.298201 -0.116353
v -0.024156 0.298999 -0.121442
v -0.024799 0.296275 -0.124675
v -0.024570 0.298201 -0.123520
v -0.049582 0.277530 -0.119701
v -0.071981 0.277530 -0.107728
v -0.091615 0.277530 -0.091615
v -0.107728 0.277530 -0.071981
v -0.119701 0.277530 -0.049582
v -0.127073 0.277530 -0.025276
v -0.129563 0.277530 0.000000
v -0.127073 0.277530 0.025276
v -0.119701 0.277530 0.049582
v -0.107728 0.277530 0.071981
v -0.091615 0.277530 0.091615
v -0.071981 0.277530 0.107728
v -0.049582 0.277530 0.119701
v -0.025276 0.277530 0.127073
v 0.000000 0.277530 0.129563
v 0.025276 0.277530 0.127073
v 0.049582 0.277530 0.119701
v 0.071981 0.277530 0.107728
v 0.091615 0.277530 0.091615
v 0.107728 0.277530 0.071981
v 0.119701 0.277530 0.049582
v 0.127073 0.277530 0.025276
v 0.129563 0.277530 0.000000
v 0.127073 0.277530 -0.025276
v 0.119701 0.277530 -0.049582
v 0.107728 0.277530 -0.071981
v 0.091615 0.277530 -0.091615
v 0.071981 0.277530 -0.107728
v 0.049582 0.277530 -0.119701
v 0.000000 0.277530 -0.129563
v 0.025276 0.277530 -0.127073
v -0.025276 0.277530 -0.127073
v -0.048217 0.296126 -0.116406
v -0.070000 0.296126 -0.104763
v -0.089094 0.296126 -0.089094
v -0.104763 0.296126 -0.070000
v -0.116406 0.296126 -0.048217
v -0.123576 0.296126 -0.024581
v -0.125997 0.296126 0.000000
v -0.123576 0.296126 0.024581
v -0.116406 0.296126 0.048217
v -0.104763 0.296126 0.070000
v -0.089094 0.296126 0.089094
v -0.070000 0.296126 0.104763
v -0.048217 0.296126 0.116406
v -0.024581 0.296126 0.123576
v 0.000000 0.296126 0.125997
v 0.024581 0.296126 0.123576
v 0.048217 0.296126 0.116406
v 0.070000 0.296126 0.104763
v 0.089094 0.296126 0.089094
v 0.104763 0.296126 0.070000
v 0.116406 0.296126 0.048217
v 0.123576 0.296126 0.024581
v 0.125997 0.296126 0.000000
v 0.123576 0.296126 -0.024581
v 0.116406 0.296126 -0.048217
v 0.104763 0.296126 -0.070000
v 0.089094 0.296126 -0.089094
v 0.070000 0.296126 -0.104763
v 0.048217 0.296126 -0.116406
v 0.000000 0.296126 -0.125997
v 0.024581 0.296126 -0.123576
v -0.024581 0.296126 -0.123576
v -0.000000 0.296126 0.000000
v 0.049816 0.280004 -0.120267
v 0.025396 0.280004 -0.127675
v 0.000000 0.280004 -0.130176
v -0.025396 0.280004 -0.127675
v 0.072322 0.280004 -0.108237
v 0.092048 0.280004 -0.092048
v 0.108237 0.280004 -0.072322
v 0.120267 0.280004 -0.049816
v 0.127675 0.280004 -0.025396
v 0.130176 0.280004 0.000000
v 0.127675 0.280004 0.025396
v 0.120267 0.280004 0.049816
v 0.108237 0.280004 0.072322
v 0.092048 0.280004 0.092048
v 0.072322 0.280004 0.108237
v 0.049816 0.280004 0.120267
v 0.025396 0.280004 0.127675
v 0.000000 0.280004 0.130176
v -0.025396 0.280004 0.127675
v -0.049816 0.280004 0.120267
v -0.072322 0.280004 0.108237
v -0.092048 0.280004 0.092048
v -0.108237 0.280004 0.072322
v -0.120267 0.280004 0.049816
v -0.127675 0.280004 0.025396
v -0.130176 0.280004 0.000000
v -0.127675 0.280004 -0.025396
v -0.120267 0.280004 -0.049816
v -0.108237 0.280004 -0.072322
v -0.092048 0.280004 -0.092048
v -0.072322 0.280004 -0.108237
v -0.049816 0.280004 -0.120267
v 0.000000 0.278394 -0.130991
v -0.025555 0.278394 -0.128474
v -0.050128 0.278394 -0.121020
v -0.072775 0.278394 -0.108915
v -0.092625 0.278394 -0.092625
v -0.108915 0.278394 -0.072775
v -0.121020 0.278394 -0.050128
v -0.128474 0.278394 -0.025555
v -0.130991 0.278394 0.000000
v -0.128474 0.278394 0.025555
v -0.121020 0.278394 0.050128
v -0.108915 0.278394 0.072775
v -0.092625 0.278394 0.092625
v -0.072775 0.278394 0.108915
v -0.050128 0.278394 0.121020
v -0.025555 0.278394 0.128474
v 0.000000 0.278394 0.130991
v 0.025555 0.278394 0.128474
v 0.050128 0.278394 0.121020
v 0.072775 0.278394 0.108915
v 0.092625 0.278394 0.092625
v 0.108915 0.278394 0.072775
v 0.121020 0.278394 0.050128
v 0.128474 0.278394 0.025555
v 0.130991 0.278394 0.000000
v 0.128474 0.278394 -0.025555
v 0.121020 0.278394 -0.050128
v 0.108915 0.278394 -0.072775
v 0.092625 0.278394 -0.092625
v 0.072775 0.278394 -0.108915
v 0.050128 0.278394 -0.121020
v 0.025555 0.278394 -0.128474
v 0.050040 0.279347 -0.120807
v 0.072647 0.279347 -0.108723
v 0.092462 0.279347 -0.092462
v 0.108723 0.279347 -0.072647
v 0.120807 0.279347 -0.050040
v 0.128248 0.279347 -0.025510
v 0.130760 0.279347 0.000000
v 0.128248 0.279347 0.025510
v 0.120807 0.279347 0.050040
v 0.108723 0.279347 0.072647
v 0.092462 0.279347 0.092462
v 0.072647 0.279347 0.108723
v 0.050040 0.279347 0.120807
v 0.025510 0.279347 0.128248
v 0.000000 0.279347 0.130760
v -0.025510 0.279347 0.128248
v -0.050040 0.279347 0.120807
v -0.072647 0.279347 0.108723
v -0.092462 0.279347 0.092462
v -0.108723 0.279347 0.072647
v -0.120807 0.279347 0.050040
v -0.128248 0.279347 0.025510
v -0.130760 0.279347 0.000000
v -0.128248 0.279347 -0.025510
v -0.120807 0.279347 -0.050040
v -0.108723 0.279347 -0.072647
v -0.092462 0.279347 -0.092462
v -0.072647 0.279347 -0.108723
v -0.050040 0.279347 -0.120807
v 0.025510 0.279347 -0.128248
v 0.000000 0.279347 -0.130760
v -0.025510 0.279347 -0.128248
v 0.000000 0.000000 -0.000000
v 0.000000 0.298728 -0.123499
v 0.024093 0.298728 -0.121126
v 0.047261 0.298728 -0.114098
v 0.068612 0.298728 -0.102685
v 0.087327 0.298728 -0.087327
v 0.102685 0.298728 -0.068612
v 0.114098 0.298728 -0.047261
v 0.121126 0.298728 -0.024093
v 0.123499 0.298728 0.000000
v 0.121126 0.298728 0.024093
v 0.114098 0.298728 0.047261
v 0.102685 0.298728 0.068612
v 0.087327 0.298728 0.087327
v 0.068612 0.298728 0.102685
v 0.047261 0.298728 0.114098
v 0.024093 0.298728 0.121126
v 0.000000 0.298728 0.123499
v -0.024093 0.298728 0.121126
v -0.047261 0.298728 0.114098
v -0.068612 0.298728 0.102685
v -0.087327 0.298728 0.087327
v -0.102685 0.298728 0.068612
v -0.114098 0.298728 0.047261
v -0.121126 0.298728 0.024093
v -0.123499 0.298728 0.000000
v -0.121126 0.298728 -0.024093
v -0.114098 0.298728 -0.047261
v -0.102685 0.298728 -0.068612
v -0.087327 0.298728 -0.087327
v -0.068612 0.298728 -0.102685
v -0.047261 0.298728 -0.114098
v -0.024093 0.298728 -0.121126
v -0.102311 0.033583 0.020351
v -0.102687 0.036171 0.020426
v -0.096729 0.036171 0.040066
v -0.096375 0.033583 0.039920
v -0.073762 0.033583 0.073762
v -0.074033 0.036171 0.074033
v -0.058167 0.036171 0.087054
v -0.057955 0.033583 0.086735
v -0.020351 0.033583 0.102311
v -0.020426 0.036171 0.102687
v 0.000000 0.036171 0.104699
v 0.000000 0.033583 0.104316
v 0.039920 0.033583 0.096375
v 0.040066 0.036171 0.096729
v 0.058167 0.036171 0.087054
v 0.057955 0.033583 0.086735
v 0.086735 0.033583 0.057955
v 0.087054 0.036171 0.058167
v 0.096729 0.036171 0.040066
v 0.096375 0.033583 0.039920
v 0.104316 0.033583 0.000000
v 0.104699 0.036171 0.000000
v 0.102687 0.036171 -0.020426
v 0.102311 0.033583 -0.020351
v 0.086735 0.033583 -0.057955
v 0.087054 0.036171 -0.058167
v 0.074033 0.036171 -0.074033
v 0.073762 0.033583 -0.073762
v 0.039920 0.033583 -0.096375
v 0.040066 0.036171 -0.096729
v 0.020426 0.036171 -0.102687
v 0.020351 0.033583 -0.102311
v -0.003521 0.221820 -0.112912
v -0.003521 0.076907 -0.102482
v 0.023446 0.076907 -0.099826
v 0.025481 0.221820 -0.110056
v 0.035965 0.076907 -0.096028
v 0.039957 0.221820 -0.105665
v 0.059863 0.076907 -0.083255
v 0.065658 0.221820 -0.091927
v 0.069976 0.076907 -0.074955
v 0.077351 0.221820 -0.082331
v 0.087167 0.076907 -0.054009
v 0.095839 0.221820 -0.059803
v 0.093334 0.076907 -0.042471
v 0.102970 0.221820 -0.046462
v 0.101200 0.076907 -0.016540
v 0.111429 0.221820 -0.018575
v 0.102482 0.076907 -0.003521
v 0.112912 0.221820 -0.003521
v 0.099826 0.076907 0.023446
v 0.110056 0.221820 0.025481
v 0.096028 0.076907 0.035965
v 0.105665 0.221820 0.039957
v 0.083255 0.076907 0.059863
v 0.091927 0.221820 0.065658
v 0.074955 0.076907 0.069976
v 0.082331 0.221820 0.077351
v 0.054009 0.076907 0.087167
v 0.059803 0.221820 0.095839
v 0.042471 0.076907 0.093334
v 0.046462 0.221820 0.102970
v 0.016540 0.076907 0.101200
v 0.018575 0.221820 0.111429
v 0.003521 0.076907 0.102482
v 0.003521 0.221820 0.112912
v -0.023446 0.076907 0.099826
v -0.025481 0.221820 0.110056
v -0.035965 0.076907 0.096028
v -0.039957 0.221820 0.105665
v -0.059863 0.076907 0.083255
v -0.065658 0.221820 0.091927
v -0.069976 0.076907 0.074955
v -0.077351 0.221820 0.082331
v -0.087167 0.076907 0.054009
v -0.095839 0.221820 0.059803
v -0.093334 0.076907 0.042471
v -0.102970 0.221820 0.046462
v -0.101200 0.076907 0.016540
v -0.111429 0.221820 0.018575
v -0.102482 0.076907 0.003521
v -0.112912 0.221820 0.003521
v -0.099826 0.076907 -0.023446
v -0.110056 0.221820 -0.025481
v -0.096028 0.076907 -0.035965
v -0.105665 0.221820 -0.039957
v -0.083255 0.076907 -0.059863
v -0.091927 0.221820 -0.065658
v -0.074955 0.076907 -0.069976
v -0.082331 0.221820 -0.077351
v -0.054009 0.076907 -0.087167
v -0.059803 0.221820 -0.095839
v -0.042471 0.076907 -0.093334
v -0.046462 0.221820 -0.102970
v -0.016540 0.076907 -0.101200
v -0.018575 0.221820 -0.111429
v -0.023293 0.265199 -0.117101
v 0.000000 0.265199 -0.119395
v 0.023293 0.265199 -0.117101
v 0.045691 0.265199 -0.110307
v 0.066332 0.265199 -0.099273
v 0.084425 0.265199 -0.084425
v 0.099273 0.265199 -0.066332
v 0.110307 0.265199 -0.045691
v 0.117101 0.265199 -0.023293
v 0.119395 0.265199 0.000000
v 0.117101 0.265199 0.023293
v 0.110307 0.265199 0.045691
v 0.099273 0.265199 0.066332
v 0.084425 0.265199 0.084425
v 0.066332 0.265199 0.099273
v 0.045691 0.265199 0.110307
v 0.023293 0.265199 0.117101
v 0.000000 0.265199 0.119395
v -0.023293 0.265199 0.117101
v -0.045691 0.265199 0.110307
v -0.066332 0.265199 0.099273
v -0.084425 0.265199 0.084425
v -0.099273 0.265199 0.066332
v -0.110307 0.265199 0.045691
v -0.117101 0.265199 0.023293
v -0.119395 0.265199 0.000000
v -0.117101 0.265199 -0.023293
v -0.110307 0.265199 -0.045691
v -0.099273 0.265199 -0.066332
v -0.084425 0.265199 -0.084425
v -0.066332 0.265199 -0.099273
v -0.045691 0.265199 -0.110307
v -0.020599 0.069754 -0.103558
v -0.022794 0.228973 -0.114591
v 0.000000 0.228973 -0.116836
v 0.000000 0.069754 -0.105587
v -0.040406 0.069754 -0.097549
v -0.044711 0.228973 -0.107942
v -0.058661 0.069754 -0.087792
v -0.064910 0.228973 -0.097145
v -0.074661 0.069754 -0.074661
v -0.082615 0.228973 -0.082615
v -0.087792 0.069754 -0.058661
v -0.097145 0.228973 -0.064910
v -0.097549 0.069754 -0.040406
v -0.107942 0.228973 -0.044711
v -0.103558 0.069754 -0.020599
v -0.114591 0.228973 -0.022794
v -0.105587 0.069754 0.000000
v -0.116836 0.228973 0.000000
v -0.103558 0.069754 0.020599
v -0.114591 0.228973 0.022794
v -0.097549 0.069754 0.040406
v -0.107942 0.228973 0.044711
v -0.087792 0.069754 0.058661
v -0.097145 0.228973 0.064910
v -0.074661 0.069754 0.074661
v -0.082615 0.228973 0.082615
v -0.058661 0.069754 0.087792
v -0.064910 0.228973 0.097145
v -0.040406 0.069754 0.097549
v -0.044711 0.228973 0.107942
v -0.020599 0.069754 0.103558
v -0.022794 0.228973 0.114591
v 0.000000 0.069754 0.105587
v 0.000000 0.228973 0.116836
v 0.020599 0.069754 0.103558
v 0.022794 0.228973 0.114591
v 0.040406 0.069754 0.097549
v 0.044711 0.228973 0.107942
v 0.058661 0.069754 0.087792
v 0.064910 0.228973 0.097145
v 0.074661 0.069754 0.074661
v 0.082615 0.228973 0.082615
v 0.087792 0.069754 0.058661
v 0.097145 0.228973 0.064910
v 0.097549 0.069754 0.040406
v 0.107942 0.228973 0.044711
v 0.103558 0.069754 0.020599
v 0.114591 0.228973 0.022794
v 0.105587 0.069754 0.000000
v 0.116836 0.228973 0.000000
v 0.103558 0.069754 -0.020599
v 0.114591 0.228973 -0.022794
v 0.097549 0.069754 -0.040406
v 0.107942 0.228973 -0.044711
v 0.087792 0.069754 -0.058661
v 0.097145 0.228973 -0.064910
v 0.074661 0.069754 -0.074661
v 0.082615 0.228973 -0.082615
v 0.058661 0.069754 -0.087792
v 0.064910 0.228973 -0.097145
v 0.040406 0.069754 -0.097549
v 0.044711 0.228973 -0.107942
v 0.020599 0.069754 -0.103558
v 0.022794 0.228973 -0.114591
v -0.039536 0.037551 -0.095447
v -0.039391 0.032203 -0.095098
v -0.057397 0.037551 -0.085900
v -0.057187 0.032203 -0.085586
v -0.072785 0.032203 -0.072785
v -0.073052 0.037551 -0.073052
v -0.085900 0.037551 -0.057397
v -0.085586 0.032203 -0.057187
v -0.095447 0.037551 -0.039536
v -0.095098 0.032203 -0.039391
v -0.100956 0.032203 -0.020081
v -0.101326 0.037551 -0.020155
v -0.103311 0.037551 0.000000
v -0.102933 0.032203 0.000000
v -0.101326 0.037551 0.020155
v -0.100956 0.032203 0.020081
v -0.095098 0.032203 0.039391
v -0.095447 0.037551 0.039536
v -0.085900 0.037551 0.057397
v -0.085586 0.032203 0.057187
v -0.073052 0.037551 0.073052
v -0.072785 0.032203 0.072785
v -0.057187 0.032203 0.085586
v -0.057397 0.037551 0.085900
v -0.039536 0.037551 0.095447
v -0.039391 0.032203 0.095098
v -0.020155 0.037551 0.101326
v -0.020081 0.032203 0.100956
v 0.000000 0.032203 0.102933
v 0.000000 0.037551 0.103311
v 0.020155 0.037551 0.101326
v 0.020081 0.032203 0.100956
v 0.039536 0.037551 0.095447
v 0.039391 0.032203 0.095098
v 0.057187 0.032203 0.085586
v 0.057397 0.037551 0.085900
v 0.073052 0.037551 0.073052
v 0.072785 0.032203 0.072785
v 0.085900 0.037551 0.057397
v 0.085586 0.032203 0.057187
v 0.095098 0.032203 0.039391
v 0.095447 0.037551 0.039536
v 0.101326 0.037551 0.020155
v 0.100956 0.032203 0.020081
v 0.103311 0.037551 0.000000
v 0.102933 0.032203 0.000000
v 0.100956 0.032203 -0.020081
v 0.101326 0.037551 -0.020155
v 0.095447 0.037551 -0.039536
v 0.095098 0.032203 -0.039391
v 0.085900 0.037551 -0.057397
v 0.085586 0.032203 -0.057187
v 0.072785 0.032203 -0.072785
v 0.073052 0.037551 -0.073052
v 0.057397 0.037551 -0.085900
v 0.057187 0.032203 -0.085586
v 0.039536 0.037551 -0.095447
v 0.039391 0.032203 -0.095098
v -0.020155 0.037551 -0.101326
v -0.020081 0.032203 -0.100956
v 0.020081 0.032203 -0.100956
v 0.020155 0.037551 -0.101326
v 0.000000 0.032203 -0.102933
v 0.000000 0.037551 -0.103311
v -0.102311 0.033583 -0.020351
v -0.102687 0.036171 -0.020426
v -0.096729 0.036171 -0.040066
v -0.096375 0.033583 -0.039920
v -0.073762 0.033583 -0.073762
v -0.074033 0.036171 -0.074033
v -0.058167 0.036171 -0.087054
v -0.057955 0.033583 -0.086735
v 0.000000 0.033583 -0.104316
v 0.000000 0.036171 -0.104699
v 0.058167 0.036171 -0.087054
v 0.057955 0.033583 -0.086735
v 0.096729 0.036171 -0.040066
v 0.096375 0.033583 -0.039920
v 0.102687 0.036171 0.020426
v 0.102311 0.033583 0.020351
v 0.074033 0.036171 0.074033
v 0.073762 0.033583 0.073762
v 0.020426 0.036171 0.102687
v 0.020351 0.033583 0.102311
v -0.040066 0.036171 0.096729
v -0.039920 0.033583 0.096375
v -0.087054 0.036171 0.058167
v -0.086735 0.033583 0.057955
v -0.104699 0.036171 0.000000
v -0.104316 0.033583 0.000000
v -0.087054 0.036171 -0.058167
v -0.086735 0.033583 -0.057955
v -0.040066 0.036171 -0.096729
v -0.039920 0.033583 -0.096375
v -0.020426 0.036171 -0.102687
v -0.020351 0.033583 -0.102311
v -0.038571 0.002606 -0.093120
v -0.019664 0.002606 -0.098855
v -0.055997 0.002606 -0.083806
v -0.071271 0.002606 -0.071271
v -0.083806 0.002606 -0.055997
v -0.093120 0.002606 -0.038571
v -0.098855 0.002606 -0.019664
v -0.100792 0.002606 0.000000
v -0.098855 0.002606 0.019664
v -0.093120 0.002606 0.038571
v -0.083806 0.002606 0.055997
v -0.071271 0.002606 0.071271
v -0.055997 0.002606 0.083806
v -0.038571 0.002606 0.093120
v -0.019664 0.002606 0.098855
v 0.000000 0.002606 0.100792
v 0.019664 0.002606 0.098855
v 0.038571 0.002606 0.093120
v 0.055997 0.002606 0.083806
v 0.071271 0.002606 0.071271
v 0.083806 0.002606 0.055997
v 0.093120 0.002606 0.038571
v 0.098855 0.002606 0.019664
v 0.100792 0.002606 0.000000
v 0.098855 0.002606 -0.019664
v 0.093120 0.002606 -0.038571
v 0.083806 0.002606 -0.055997
v 0.071271 0.002606 -0.071271
v 0.055997 0.002606 -0.083806
v 0.038571 0.002606 -0.093120
v 0.019664 0.002606 -0.098855
v 0.000000 0.002606 -0.100792
v 0.000000 0.000000 -0.102623
v 0.020021 0.000000 -0.100651
v 0.039272 0.000000 -0.094811
v 0.057014 0.000000 -0.085328
v 0.072565 0.000000 -0.072565
v 0.085328 0.000000 -0.057014
v 0.094811 0.000000 -0.039272
v 0.100651 0.000000 -0.020021
v 0.102623 0.000000 0.000000
v 0.100651 0.000000 0.020021
v 0.094811 0.000000 0.039272
v 0.085328 0.000000 0.057014
v 0.072565 0.000000 0.072565
v 0.057014 0.000000 0.085328
v 0.039272 0.000000 0.094811
v 0.020021 0.000000 0.100651
v 0.000000 0.000000 0.102623
v -0.020021 0.000000 0.100651
v -0.039272 0.000000 0.094811
v -0.057014 0.000000 0.085328
v -0.072565 0.000000 0.072565
v -0.085328 0.000000 0.057014
v -0.094811 0.000000 0.039272
v -0.100651 0.000000 0.020021
v -0.102623 0.000000 0.000000
v -0.100651 0.000000 -0.020021
v -0.094811 0.000000 -0.039272
v -0.085328 0.000000 -0.057014
v -0.072565 0.000000 -0.072565
v -0.057014 0.000000 -0.085328
v -0.039272 0.000000 -0.094811
v -0.020021 0.000000 -0.100651
v -0.020047 0.002606 -0.100785
v 0.000000 0.002606 -0.102759
v -0.039324 0.002606 -0.094937
v -0.057090 0.002606 -0.085441
v -0.072662 0.002606 -0.072662
v -0.085441 0.002606 -0.057090
v -0.094937 0.002606 -0.039324
v -0.100785 0.002606 -0.020047
v -0.102759 0.002606 0.000000
v -0.100785 0.002606 0.020047
v -0.094937 0.002606 0.039324
v -0.085441 0.002606 0.057090
v -0.072662 0.002606 0.072662
v -0.057090 0.002606 0.085441
v -0.039324 0.002606 0.094937
v -0.020047 0.002606 0.100785
v 0.000000 0.002606 0.102759
v 0.020047 0.002606 0.100785
v 0.039324 0.002606 0.094937
v 0.057090 0.002606 0.085441
v 0.072662 0.002606 0.072662
v 0.085441 0.002606 0.057090
v 0.094937 0.002606 0.039324
v 0.100785 0.002606 0.020047
v 0.102759 0.002606 0.000000
v 0.100785 0.002606 -0.020047
v 0.094937 0.002606 -0.039324
v 0.085441 0.002606 -0.057090
v 0.072662 0.002606 -0.072662
v 0.057090 0.002606 -0.085441
v 0.039324 0.002606 -0.094937
v 0.020047 0.002606 -0.100785
v -0.046520 0.269051 -0.112310
v -0.112310 0.269051 -0.046520
v -0.119228 0.269051 0.023716
v -0.085958 0.269051 0.085958
v -0.023716 0.269051 0.119228
v 0.046520 0.269051 0.112310
v 0.101076 0.269051 0.067537
v 0.121563 0.269051 0.000000
v 0.101076 0.269051 -0.067537
v 0.046520 0.269051 -0.112310
v -0.067537 0.269051 -0.101076
v -0.119228 0.269051 -0.023716
v -0.112310 0.269051 0.046520
v -0.067537 0.269051 0.101076
v 0.000000 0.269051 0.121563
v 0.067537 0.269051 0.101076
v 0.112310 0.269051 0.046520
v 0.119228 0.269051 -0.023716
v 0.085958 0.269051 -0.085958
v 0.023716 0.269051 -0.119228
v -0.085958 0.269051 -0.085958
v 0.000000 0.269051 -0.121563
v 0.067537 0.269051 -0.101076
v 0.112310 0.269051 -0.046520
v 0.119228 0.269051 0.023716
v 0.085958 0.269051 0.085958
v 0.023716 0.269051 0.119228
v -0.046520 0.269051 0.112310
v -0.101076 0.269051 0.067537
v -0.121563 0.269051 0.000000
v -0.101076 0.269051 -0.067537
v -0.023716 0.269051 -0.119228
v 0.051953 0.307012 0.009741
v 0.051953 0.307012 -0.009741
v -0.051953 0.307012 -0.009741
v -0.051953 0.307012 0.009741
v -0.036253 0.320000 0.009741
v -0.038964 0.317289 0.009741
v -0.037609 0.319637 0.009741
v -0.038601 0.318644 0.009741
v 0.038964 0.317289 0.009741
v 0.036253 0.320000 0.009741
v 0.038601 0.318644 0.009741
v 0.037609 0.319637 0.009741
v -0.038964 0.317289 -0.009741
v -0.036253 0.320000 -0.009741
v -0.038601 0.318644 -0.009741
v -0.037609 0.319637 -0.009741
v 0.036253 0.320000 -0.009741
v 0.038964 0.317289 -0.009741
v 0.037609 0.319637 -0.009741
v 0.038601 0.318644 -0.009741
v -0.041676 0.307012 -0.009741
v -0.038964 0.309723 -0.009741
v -0.040320 0.307375 -0.009741
v -0.039328 0.308367 -0.009741
v -0.038964 0.309723 0.009741
v -0.041676 0.307012 0.009741
v -0.039328 0.308367 0.009741
v -0.040320 0.307375 0.009741
v 0.041676 0.307012 0.009741
v 0.038964 0.309723 0.009741
v 0.040320 0.307375 0.009741
v 0.039328 0.308367 0.009741
v 0.038964 0.309723 -0.009741
v 0.041676 0.307012 -0.009741
v 0.039328 0.308367 -0.009741
v 0.040320 0.307375 -0.009741
v 0.051953 0.305713 0.009741
v 0.051953 0.305713 -0.009741
v -0.051953 0.305713 -0.009741
v -0.051953 0.305713 0.009741
v -0.036082 0.318701 0.009741
v -0.037666 0.317118 0.009741
v -0.036937 0.318472 0.009741
v -0.037437 0.317972 0.009741
v 0.037666 0.317118 0.009741
v 0.036082 0.318701 0.009741
v 0.037437 0.317972 0.009741
v 0.036937 0.318472 0.009741
v -0.037666 0.317118 -0.009741
v -0.036082 0.318701 -0.009741
v -0.037437 0.317972 -0.009741
v -0.036937 0.318472 -0.009741
v 0.036082 0.318701 -0.009741
v 0.037666 0.317118 -0.009741
v 0.036937 0.318472 -0.009741
v 0.037437 0.317972 -0.009741
v -0.041505 0.305713 -0.009741
v -0.037666 0.309552 -0.009741
v -0.039648 0.306211 -0.009741
v -0.038163 0.307695 -0.009741
v -0.037666 0.309552 0.009741
v -0.041505 0.305713 0.009741
v -0.038163 0.307695 0.009741
v -0.039648 0.306211 0.009741
v 0.041505 0.305713 0.009741
v 0.037666 0.309552 0.009741
v 0.039648 0.306211 0.009741
v 0.038163 0.307695 0.009741
v 0.037666 0.309552 -0.009741
v 0.041505 0.305713 -0.009741
v 0.038163 0.307695 -0.009741
v 0.039648 0.306211 -0.009741
v 0.106373 0.239814 -0.051953
v 0.107821 0.259243 -0.051953
v 0.107821 0.259243 0.051953
v 0.106373 0.239814 0.051953
v 0.124342 0.238849 0.036253
v 0.121638 0.239050 0.038964
v 0.123980 0.238876 0.037609
v 0.122990 0.238949 0.038601
v 0.121638 0.239050 -0.038964
v 0.124342 0.238849 -0.036253
v 0.122990 0.238949 -0.038601
v 0.123980 0.238876 -0.037609
v 0.123086 0.258479 0.038964
v 0.125790 0.258277 0.036253
v 0.124438 0.258378 0.038601
v 0.125428 0.258304 0.037609
v 0.125790 0.258277 -0.036253
v 0.123086 0.258479 -0.038964
v 0.125428 0.258304 -0.037609
v 0.124438 0.258378 -0.038601
v 0.112558 0.259243 0.041676
v 0.115541 0.259041 0.038964
v 0.113187 0.259216 0.040320
v 0.114190 0.259142 0.039328
v 0.114093 0.239613 0.038964
v 0.111110 0.239814 0.041676
v 0.112741 0.239713 0.039328
v 0.111739 0.239787 0.040320
v 0.111110 0.239814 -0.041676
v 0.114093 0.239613 -0.038964
v 0.111739 0.239787 -0.040320
v 0.112741 0.239713 -0.039328
v 0.115541 0.259041 -0.038964
v 0.112558 0.259243 -0.041676
v 0.114190 0.259142 -0.039328
v 0.113187 0.259216 -0.040320
v 0.105196 0.239902 -0.051410
v 0.106645 0.259330 -0.051410
v 0.106645 0.259330 0.051410
v 0.105196 0.239902 0.051410
v 0.123047 0.238945 0.036082
v 0.121468 0.239063 0.037666
v 0.122818 0.238962 0.036937
v 0.122320 0.238999 0.037437
v 0.121468 0.239063 -0.037666
v 0.123047 0.238945 -0.036082
v 0.122320 0.238999 -0.037437
v 0.122818 0.238962 -0.036937
v 0.122916 0.258491 0.037666
v 0.124495 0.258374 0.036082
v 0.123768 0.258428 0.037437
v 0.124267 0.258391 0.036937
v 0.124495 0.258374 -0.036082
v 0.122916 0.258491 -0.037666
v 0.124267 0.258391 -0.036937
v 0.123768 0.258428 -0.037437
v 0.111382 0.259330 0.041131
v 0.115371 0.259054 0.037666
v 0.112111 0.259296 0.039560
v 0.113524 0.259191 0.038162
v 0.113923 0.239625 0.037666
v 0.109934 0.239902 0.041131
v 0.112075 0.239763 0.038162
v 0.110662 0.239867 0.039561
v 0.109934 0.239902 -0.041131
v 0.113923 0.239625 -0.037666
v 0.110662 0.239867 -0.039561
v 0.112075 0.239763 -0.038162
v 0.115371 0.259054 -0.037666
v 0.111382 0.259330 -0.041131
v 0.113524 0.259191 -0.038162
v 0.112111 0.259296 -0.039560
v -0.106373 0.239814 -0.051953
v -0.107821 0.259243 -0.051953
v -0.107821 0.259243 0.051953
v -0.106373 0.239814 0.051953
v -0.124342 0.238849 0.036253
v -0.121638 0.239050 0.038964
v -0.123980 0.238876 0.037609
v -0.122990 0.238949 0.038601
v -0.121638 0.239050 -0.038964
v -0.124342 0.238849 -0.036253
v -0.122990 0.238949 -0.038601
v -0.123980 0.238876 -0.037609
v -0.123086 0.258479 0.038964
v -0.125790 0.258277 0.036253
v -0.124438 0.258378 0.038601
v -0.125428 0.258304 0.037609
v -0.125790 0.258277 -0.036253
v -0.123086 0.258479 -0.038964
v -0.125428 0.258304 -0.037609
v -0.124438 0.258378 -0.038601
v -0.112558 0.259243 0.041676
v -0.115541 0.259041 0.038964
v -0.113187 0.259216 0.040320
v -0.114190 0.259142 0.039328
v -0.114093 0.239613 0.038964
v -0.111110 0.239814 0.041676
v -0.112741 0.239713 0.039328
v -0.111739 0.239787 0.040320
v -0.111110 0.239814 -0.041676
v -0.114093 0.239613 -0.038964
v -0.111739 0.239787 -0.040320
v -0.112741 0.239713 -0.039328
v -0.115541 0.259041 -0.038964
v -0.112558 0.259243 -0.041676
v -0.114190 0.259142 -0.039328
v -0.113187 0.259216 -0.040320
v -0.105196 0.239902 -0.051410
v -0.106645 0.259330 -0.051410
v -0.106645 0.259330 0.051410
v -0.105196 0.239902 0.051410
v -0.123047 0.238945 0.036082
v -0.121468 0.239063 0.037666
v -0.122818 0.238962 0.036937
v -0.122320 0.238999 0.037437
v -0.121468 0.239063 -0.037666
v -0.123047 0.238945 -0.036082
v -0.122320 0.238999 -0.037437
v -0.122818 0.238962 -0.036937
v -0.122916 0.258491 0.037666
v -0.124495 0.258374 0.036082
v -0.123768 0.258428 0.037437
v -0.124267 0.258391 0.036937
v -0.124495 0.258374 -0.036082
v -0.122916 0.258491 -0.037666
v -0.124267 0.258391 -0.036937
v -0.123768 0.258428 -0.037437
v -0.111382 0.259330 0.041131
v -0.115371 0.259054 0.037666
v -0.112111 0.259296 0.039560
v -0.113524 0.259191 0.038162
v -0.113923 0.239625 0.037666
v -0.109934 0.239902 0.041131
v -0.112075 0.239763 0.038162
v -0.110662 0.239867 0.039561
v -0.109934 0.239902 -0.041131
v -0.113923 0.239625 -0.037666
v -0.110662 0.239867 -0.039561
v -0.112075 0.239763 -0.038162
v -0.115371 0.259054 -0.037666
v -0.111382 0.259330 -0.041131
v -0.113524 0.259191 -0.038162
v -0.112111 0.259296 -0.039560
v 0.046975 0.306301 0.003391
v 0.046975 0.308001 0.003391
v 0.047965 0.306301 0.004381
v 0.047965 0.308001 0.004381
v 0.047965 0.306301 0.005781
v 0.047965 0.308001 0.005781
v 0.046975 0.306301 0.006771
v 0.046975 0.308001 0.006771
v 0.045575 0.306301 0.006771
v 0.045575 0.308001 0.006771
v 0.044585 0.306301 0.005781
v 0.044585 0.308001 0.005781
v 0.044585 0.306301 0.004381
v 0.044585 0.308001 0.004381
v 0.045575 0.306301 0.003391
v 0.045575 0.308001 0.003391
v 0.046275 0.308001 0.005081
v -0.046975 0.306301 0.003391
v -0.046975 0.308001 0.003391
v -0.047965 0.306301 0.004381
v -0.047965 0.308001 0.004381
v -0.047965 0.306301 0.005781
v -0.047965 0.308001 0.005781
v -0.046975 0.306301 0.006771
v -0.046975 0.308001 0.006771
v -0.045575 0.306301 0.006771
v -0.045575 0.308001 0.006771
v -0.044585 0.306301 0.005781
v -0.044585 0.308001 0.005781
v -0.044585 0.306301 0.004381
v -0.044585 0.308001 0.004381
v -0.045575 0.306301 0.003391
v -0.045575 0.308001 0.003391
v -0.046275 0.308001 0.005081
v 0.046975 0.306301 -0.003391
v 0.046975 0.308001 -0.003391
v 0.047965 0.306301 -0.004381
v 0.047965 0.308001 -0.004381
v 0.047965 0.306301 -0.005781
v 0.047965 0.308001 -0.005781
v 0.046975 0.306301 -0.006771
v 0.046975 0.308001 -0.006771
v 0.045575 0.306301 -0.006771
v 0.045575 0.308001 -0.006771
v 0.044585 0.306301 -0.005781
v 0.044585 0.308001 -0.005781
v 0.044585 0.306301 -0.004381
v 0.044585 0.308001 -0.004381
v 0.045575 0.306301 -0.003391
v 0.045575 0.308001 -0.003391
v 0.046275 0.308001 -0.005081
v -0.046975 0.306301 -0.003391
v -0.046975 0.308001 -0.003391
v -0.047965 0.306301 -0.004381
v -0.047965 0.308001 -0.004381
v -0.047965 0.306301 -0.005781
v -0.047965 0.308001 -0.005781
v -0.046975 0.306301 -0.006771
v -0.046975 0.308001 -0.006771
v -0.045575 0.306301 -0.006771
v -0.045575 0.308001 -0.006771
v -0.044585 0.306301 -0.005781
v -0.044585 0.308001 -0.005781
v -0.044585 0.306301 -0.004381
v -0.044585 0.308001 -0.004381
v -0.045575 0.306301 -0.003391
v -0.045575 0.308001 -0.003391
v -0.046275 0.308001 -0.005081
v 0.110115 0.256746 0.044649
v 0.111641 0.256746 0.045401
v 0.110553 0.255756 0.043761
v 0.112078 0.255756 0.044513
v 0.110553 0.254357 0.043761
v 0.112078 0.254357 0.044513
v 0.110115 0.253367 0.044649
v 0.111641 0.253367 0.045401
v 0.109496 0.253367 0.045905
v 0.111022 0.253367 0.046656
v 0.109059 0.254357 0.046792
v 0.110584 0.254357 0.047544
v 0.109059 0.255756 0.046792
v 0.110584 0.255756 0.047544
v 0.109496 0.256746 0.045905
v 0.111022 0.256746 0.046656
v 0.110115 0.256746 -0.044649
v 0.111641 0.256746 -0.045401
v 0.110553 0.255756 -0.043761
v 0.112078 0.255756 -0.044513
v 0.110553 0.254357 -0.043761
v 0.112078 0.254357 -0.044513
v 0.110115 0.253367 -0.044649
v 0.111641 0.253367 -0.045401
v 0.109496 0.253367 -0.045905
v 0.111022 0.253367 -0.046656
v 0.109059 0.254357 -0.046792
v 0.110584 0.254357 -0.047544
v 0.109059 0.255756 -0.046792
v 0.110584 0.255756 -0.047544
v 0.109496 0.256746 -0.045905
v 0.111022 0.256746 -0.046656
v 0.109424 0.243013 0.044649
v 0.110950 0.243013 0.045401
v 0.109862 0.244002 0.043761
v 0.111387 0.244002 0.044513
v 0.109862 0.245402 0.043761
v 0.111387 0.245402 0.044513
v 0.109424 0.246392 0.044649
v 0.110950 0.246392 0.045401
v 0.108805 0.246392 0.045905
v 0.110331 0.246392 0.046656
v 0.108368 0.245402 0.046792
v 0.109893 0.245402 0.047544
v 0.108368 0.244002 0.046792
v 0.109893 0.244002 0.047544
v 0.108805 0.243013 0.045905
v 0.110331 0.243013 0.046656
v 0.109424 0.243013 -0.044649
v 0.110950 0.243013 -0.045401
v 0.109862 0.244002 -0.043761
v 0.111387 0.244002 -0.044513
v 0.109862 0.245402 -0.043761
v 0.111387 0.245402 -0.044513
v 0.109424 0.246392 -0.044649
v 0.110950 0.246392 -0.045401
v 0.108805 0.246392 -0.045905
v 0.110331 0.246392 -0.046656
v 0.108368 0.245402 -0.046792
v 0.109893 0.245402 -0.047544
v 0.108368 0.244002 -0.046792
v 0.109893 0.244002 -0.047544
v 0.108805 0.243013 -0.045905
v 0.110331 0.243013 -0.046656
v 0.111331 0.255057 0.046029
v 0.111331 0.255057 -0.046029
v 0.110640 0.244702 0.046029
v 0.110640 0.244702 -0.046029
v -0.110115 0.256746 0.044649
v -0.111641 0.256746 0.045401
v -0.110553 0.255756 0.043761
v -0.112078 0.255756 0.044513
v -0.110553 0.254357 0.043761
v -0.112078 0.254357 0.044513
v -0.110115 0.253367 0.044649
v -0.111641 0.253367 0.045401
v -0.109496 0.253367 0.045905
v -0.111022 0.253367 0.046656
v -0.109059 0.254357 0.046792
v -0.110584 0.254357 0.047544
v -0.109059 0.255756 0.046792
v -0.110584 0.255756 0.047544
v -0.109496 0.256746 0.045905
v -0.111022 0.256746 0.046656
v -0.110115 0.256746 -0.044649
v -0.111641 0.256746 -0.045401
v -0.110553 0.255756 -0.043761
v -0.112078 0.255756 -0.044513
v -0.110553 0.254357 -0.043761
v -0.112078 0.254357 -0.044513
v -0.110115 0.253367 -0.044649
v -0.111641 0.253367 -0.045401
v -0.109496 0.253367 -0.045905
v -0.111022 0.253367 -0.046656
v -0.109059 0.254357 -0.046792
v -0.110584 0.254357 -0.047544
v -0.109059 0.255756 -0.046792
v -0.110584 0.255756 -0.047544
v -0.109496 0.256746 -0.045905
v -0.111022 0.256746 -0.046656
v -0.109424 0.243013 0.044649
v -0.110950 0.243013 0.045401
v -0.109862 0.244002 0.043761
v -0.111387 0.244002 0.044513
v -0.109862 0.245402 0.043761
v -0.111387 0.245402 0.044513
v -0.109424 0.246392 0.044649
v -0.110950 0.246392 0.045401
v -0.108805 0.246392 0.045905
v -0.110331 0.246392 0.046656
v -0.108368 0.245402 0.046792
v -0.109893 0.245402 0.047544
v -0.108368 0.244002 0.046792
v -0.109893 0.244002 0.047544
v -0.108805 0.243013 0.045905
v -0.110331 0.243013 0.046656
v -0.109424 0.243013 -0.044649
v -0.110950 0.243013 -0.045401
v -0.109862 0.244002 -0.043761
v -0.111387 0.244002 -0.044513
v -0.109862 0.245402 -0.043761
v -0.111387 0.245402 -0.044513
v -0.109424 0.246392 -0.044649
v -0.110950 0.246392 -0.045401
v -0.108805 0.246392 -0.045905
v -0.110331 0.246392 -0.046656
v -0.108368 0.245402 -0.046792
v -0.109893 0.245402 -0.047544
v -0.108368 0.244002 -0.046792
v -0.109893 0.244002 -0.047544
v -0.108805 0.243013 -0.045905
v -0.110331 0.243013 -0.046656
v -0.111331 0.255057 0.046029
v -0.111331 0.255057 -0.046029
v -0.110640 0.244702 0.046029
v -0.110640 0.244702 -0.046029
v 0.000000 0.298728 -0.121688
v 0.023740 0.298728 -0.119350
v 0.046568 0.298728 -0.112425
v 0.067606 0.298728 -0.101180
v 0.086047 0.298728 -0.086047
v 0.101180 0.298728 -0.067606
v 0.112425 0.298728 -0.046568
v 0.119350 0.298728 -0.023740
v 0.121688 0.298728 0.000000
v 0.119350 0.298728 0.023740
v 0.112425 0.298728 0.046568
v 0.101180 0.298728 0.067606
v 0.086047 0.298728 0.086047
v 0.067606 0.298728 0.101180
v 0.046568 0.298728 0.112425
v 0.023740 0.298728 0.119350
v 0.000000 0.298728 0.121688
v -0.023740 0.298728 0.119350
v -0.046568 0.298728 0.112425
v -0.067606 0.298728 0.101180
v -0.086047 0.298728 0.086047
v -0.101180 0.298728 0.067606
v -0.112425 0.298728 0.046568
v -0.119350 0.298728 0.023740
v -0.121688 0.298728 0.000000
v -0.119350 0.298728 -0.023740
v -0.112425 0.298728 -0.046568
v -0.101180 0.298728 -0.067606
v -0.086047 0.298728 -0.086047
v -0.067606 0.298728 -0.101180
v -0.046568 0.298728 -0.112425
v -0.023740 0.298728 -0.119350
v 0.000000 0.003504 -0.093674
v 0.018275 0.003504 -0.091874
v 0.035848 0.003504 -0.086544
v 0.052043 0.003504 -0.077887
v 0.066238 0.003504 -0.066238
v 0.077887 0.003504 -0.052043
v 0.086544 0.003504 -0.035848
v 0.091874 0.003504 -0.018275
v 0.093674 0.003504 0.000000
v 0.091874 0.003504 0.018275
v 0.086544 0.003504 0.035848
v 0.077887 0.003504 0.052043
v 0.066238 0.003504 0.066238
v 0.052043 0.003504 0.077887
v 0.035848 0.003504 0.086544
v 0.018275 0.003504 0.091874
v 0.000000 0.003504 0.093674
v -0.018275 0.003504 0.091874
v -0.035848 0.003504 0.086544
v -0.052043 0.003504 0.077887
v -0.066238 0.003504 0.066238
v -0.077887 0.003504 0.052043
v -0.086544 0.003504 0.035848
v -0.091874 0.003504 0.018275
v -0.093674 0.003504 0.000000
v -0.091874 0.003504 -0.018275
v -0.086544 0.003504 -0.035848
v -0.077887 0.003504 -0.052043
v -0.066238 0.003504 -0.066238
v -0.052043 0.003504 -0.077887
v -0.035848 0.003504 -0.086544
v -0.018275 0.003504 -0.091874
v 0.021348 0.245435 -0.107323
v 0.000000 0.245435 -0.109425
v -0.077375 0.245435 -0.077375
v -0.090984 0.245435 -0.060794
v 0.021348 0.245435 0.107323
v 0.041875 0.245435 0.101096
v 0.041875 0.245435 -0.101096
v -0.060794 0.245435 -0.090984
v 0.000000 0.245435 0.109425
v 0.060794 0.245435 -0.090984
v -0.041875 0.245435 -0.101096
v -0.021348 0.245435 0.107323
v 0.077375 0.245435 -0.077375
v -0.021348 0.245435 -0.107323
v -0.041875 0.245435 0.101096
v 0.090984 0.245435 -0.060794
v -0.060794 0.245435 0.090984
v 0.101096 0.245435 -0.041875
v -0.077375 0.245435 0.077375
v 0.107323 0.245435 -0.021348
v -0.090984 0.245435 0.060794
v 0.109425 0.245435 0.000000
v -0.101096 0.245435 0.041875
v 0.107323 0.245435 0.021348
v -0.107323 0.245435 0.021348
v 0.101096 0.245435 0.041875
v -0.109425 0.245435 0.000000
v 0.090984 0.245435 0.060794
v -0.107323 0.245435 -0.021348
v 0.077375 0.245435 0.077375
v -0.101096 0.245435 -0.041875
v 0.060794 0.245435 0.090984
v -0.000000 0.003504 -0.000000
vn 0.0985 0.8630 -0.4954
vn -0.0000 0.9609 -0.2768
vn 0.0540 0.9609 -0.2715
vn 0.1933 0.8630 -0.4667
vn 0.1059 0.9609 -0.2557
vn 0.2806 0.8630 -0.4200
vn 0.1538 0.9609 -0.2301
vn 0.1957 0.9609 -0.1957
vn 0.4200 0.8630 -0.2806
vn 0.2301 0.9609 -0.1538
vn 0.2557 0.9609 -0.1059
vn 0.4954 0.8630 -0.0985
vn 0.2715 0.9609 -0.0540
vn 0.5051 0.8630 -0.0000
vn 0.2768 0.9609 -0.0000
vn 0.4954 0.8630 0.0985
vn 0.2715 0.9609 0.0540
vn 0.4667 0.8630 0.1933
vn 0.2557 0.9609 0.1059
vn 0.4200 0.8630 0.2806
vn 0.2301 0.9609 0.1538
vn 0.1957 0.9609 0.1957
vn 0.2806 0.8630 0.4200
vn 0.1538 0.9609 0.2301
vn 0.1059 0.9609 0.2557
vn 0.0985 0.8630 0.4954
vn 0.0540 0.9609 0.2715
vn -0.0000 0.8630 0.5051
vn -0.0000 0.9609 0.2768
vn -0.0985 0.8630 0.4954
vn -0.0540 0.9609 0.2715
vn -0.1933 0.8630 0.4667
vn -0.1059 0.9609 0.2557
vn -0.2806 0.8630 0.4200
vn -0.1538 0.9609 0.2301
vn -0.1957 0.9609 0.1957
vn -0.4200 0.8630 0.2806
vn -0.2301 0.9609 0.1538
vn -0.2557 0.9609 0.1059
vn -0.4954 0.8630 0.0985
vn -0.2715 0.9609 0.0540
vn -0.5051 0.8630 -0.0000
vn -0.2768 0.9609 -0.0000
vn -0.4954 0.8630 -0.0985
vn -0.2715 0.9609 -0.0540
vn -0.4667 0.8630 -0.1933
vn -0.2557 0.9609 -0.1059
vn -0.4200 0.8630 -0.2806
vn -0.2301 0.9609 -0.1538
vn -0.1957 0.9609 -0.1957
vn -0.2806 0.8630 -0.4200
vn -0.1538 0.9609 -0.2301
vn -0.1059 0.9609 -0.2557
vn -0.0985 0.8630 -0.4954
vn -0.0540 0.9609 -0.2715
vn -0.0000 0.8630 -0.5051
vn -0.0000 1.0000 -0.0000
vn 0.0645 0.9439 -0.3240
vn -0.0000 0.9841 -0.1777
vn 0.0347 0.9841 -0.1743
vn 0.0680 0.9841 -0.1642
vn 0.1835 0.9439 -0.2747
vn 0.0987 0.9841 -0.1477
vn 0.1256 0.9841 -0.1256
vn 0.2747 0.9439 -0.1835
vn 0.1477 0.9841 -0.0987
vn 0.1642 0.9841 -0.0680
vn 0.1743 0.9841 -0.0347
vn 0.3052 0.9439 -0.1264
vn 0.1777 0.9841 -0.0000
vn 0.3240 0.9439 -0.0645
vn 0.3240 0.9439 0.0645
vn 0.1743 0.9841 0.0347
vn 0.1642 0.9841 0.0680
vn 0.2747 0.9439 0.1835
vn 0.1477 0.9841 0.0987
vn 0.1256 0.9841 0.1256
vn 0.1835 0.9439 0.2747
vn 0.0987 0.9841 0.1477
vn 0.0680 0.9841 0.1642
vn 0.0347 0.9841 0.1743
vn 0.1264 0.9439 0.3052
vn -0.0000 0.9841 0.1777
vn 0.0645 0.9439 0.3240
vn -0.0645 0.9439 0.3240
vn -0.0347 0.9841 0.1743
vn -0.0680 0.9841 0.1642
vn -0.1835 0.9439 0.2747
vn -0.0987 0.9841 0.1477
vn -0.1256 0.9841 0.1256
vn -0.2747 0.9439 0.1835
vn -0.1477 0.9841 0.0987
vn -0.1642 0.9841 0.0680
vn -0.1743 0.9841 0.0347
vn -0.3052 0.9439 0.1264
vn -0.1777 0.9841 -0.0000
vn -0.3240 0.9439 0.0645
vn -0.3240 0.9439 -0.0645
vn -0.1743 0.9841 -0.0347
vn -0.1642 0.9841 -0.0680
vn -0.2747 0.9439 -0.1835
vn -0.1477 0.9841 -0.0987
vn -0.1256 0.9841 -0.1256
vn -0.1835 0.9439 -0.2747
vn -0.0987 0.9841 -0.1477
vn -0.0680 0.9841 -0.1642
vn -0.0347 0.9841 -0.1743
vn -0.1264 0.9439 -0.3052
vn -0.0645 0.9439 -0.3240
vn -0.0000 0.3554 -0.9347
vn 0.1266 0.7607 -0.6366
vn 0.1824 0.3554 -0.9168
vn -0.0000 0.7607 -0.6491
vn 0.0370 0.9818 -0.1862
vn 0.2484 0.7607 -0.5997
vn 0.3577 0.3554 -0.8636
vn 0.0727 0.9818 -0.1754
vn 0.3606 0.7607 -0.5397
vn 0.5193 0.3554 -0.7772
vn 0.1055 0.9818 -0.1579
vn 0.4590 0.7607 -0.4590
vn 0.6610 0.3554 -0.6610
vn 0.1343 0.9818 -0.1343
vn 0.5397 0.7607 -0.3606
vn 0.7772 0.3554 -0.5193
vn 0.1579 0.9818 -0.1055
vn 0.5997 0.7607 -0.2484
vn 0.8636 0.3554 -0.3577
vn 0.1754 0.9818 -0.0727
vn 0.6366 0.7607 -0.1266
vn 0.9168 0.3554 -0.1824
vn 0.1862 0.9818 -0.0370
vn 0.6491 0.7607 -0.0000
vn 0.9347 0.3554 -0.0000
vn 0.1899 0.9818 -0.0000
vn 0.6366 0.7607 0.1266
vn 0.9168 0.3554 0.1824
vn 0.1862 0.9818 0.0370
vn 0.5997 0.7607 0.2484
vn 0.8636 0.3554 0.3577
vn 0.1754 0.9818 0.0727
vn 0.5397 0.7607 0.3606
vn 0.7772 0.3554 0.5193
vn 0.1579 0.9818 0.1055
vn 0.4590 0.7607 0.4590
vn 0.6610 0.3554 0.6610
vn 0.1343 0.9818 0.1343
vn 0.3606 0.7607 0.5397
vn 0.5193 0.3554 0.7772
vn 0.1055 0.9818 0.1579
vn 0.2484 0.7607 0.5997
vn 0.3577 0.3554 0.8636
vn 0.0727 0.9818 0.1754
vn 0.1266 0.7607 0.6366
vn 0.1824 0.3554 0.9168
vn 0.0370 0.9818 0.1862
vn -0.0000 0.7607 0.6491
vn -0.0000 0.3554 0.9347
vn -0.0000 0.9818 0.1899
vn -0.1266 0.7607 0.6366
vn -0.1824 0.3554 0.9168
vn -0.0370 0.9818 0.1862
vn -0.2484 0.7607 0.5997
vn -0.3577 0.3554 0.8636
vn -0.0727 0.9818 0.1754
vn -0.3606 0.7607 0.5397
vn -0.5193 0.3554 0.7772
vn -0.1055 0.9818 0.1579
vn -0.4590 0.7607 0.4590
vn -0.6610 0.3554 0.6610
vn -0.1343 0.9818 0.1343
vn -0.5397 0.7607 0.3606
vn -0.7772 0.3554 0.5193
vn -0.1579 0.9818 0.1055
vn -0.5997 0.7607 0.2484
vn -0.8636 0.3554 0.3577
vn -0.1754 0.9818 0.0727
vn -0.6366 0.7607 0.1266
vn -0.9168 0.3554 0.1824
vn -0.1862 0.9818 0.0370
vn -0.6491 0.7607 -0.0000
vn -0.9347 0.3554 -0.0000
vn -0.1899 0.9818 -0.0000
vn -0.6366 0.7607 -0.1266
vn -0.9168 0.3554 -0.1824
vn -0.1862 0.9818 -0.0370
vn -0.5997 0.7607 -0.2484
vn -0.8636 0.3554 -0.3577
vn -0.1754 0.9818 -0.0727
vn -0.5397 0.7607 -0.3606
vn -0.7772 0.3554 -0.5193
vn -0.1579 0.9818 -0.1055
vn -0.4590 0.7607 -0.4590
vn -0.6610 0.3554 -0.6610
vn -0.1343 0.9818 -0.1343
vn -0.3606 0.7607 -0.5397
vn -0.5193 0.3554 -0.7772
vn -0.1055 0.9818 -0.1579
vn -0.2484 0.7607 -0.5997
vn -0.3577 0.3554 -0.8636
vn -0.0727 0.9818 -0.1754
vn -0.1266 0.7607 -0.6366
vn -0.1824 0.3554 -0.9168
vn -0.0370 0.9818 -0.1862
vn -0.0000 0.9818 -0.1899
vn 0.2860 0.6644 -0.6905
vn 0.1735 0.4576 -0.8721
vn 0.1458 0.6644 -0.7330
vn -0.2275 -0.8042 -0.5492
vn -0.1930 -0.1450 -0.9704
vn -0.1160 -0.8042 -0.5830
vn 0.4942 -0.8042 -0.3302
vn 0.6996 -0.1450 -0.6996
vn 0.8227 -0.1450 -0.5497
vn -0.6214 0.6644 -0.4152
vn -0.8215 0.4576 -0.3403
vn -0.6905 0.6644 -0.2860
vn -0.0000 0.6644 -0.7473
vn -0.0000 0.4576 -0.8891
vn -0.0000 -0.1450 -0.9894
vn -0.0000 -0.8042 -0.5944
vn 0.9141 -0.1450 -0.3786
vn 0.5492 -0.8042 -0.2275
vn -0.6287 0.4576 -0.6287
vn -0.7393 0.4577 -0.4940
vn -0.1735 0.4576 -0.8721
vn -0.1458 0.6644 -0.7330
vn 0.9704 -0.1450 -0.1930
vn 0.5830 -0.8042 -0.1160
vn -0.4152 0.6644 -0.6214
vn -0.5285 0.6644 -0.5285
vn 0.4152 0.6644 -0.6214
vn 0.3403 0.4576 -0.8215
vn 0.9894 -0.1450 -0.0000
vn 0.5944 -0.8042 -0.0000
vn -0.2860 0.6644 -0.6905
vn -0.4940 0.4576 -0.7393
vn 0.6287 0.4576 -0.6287
vn 0.4940 0.4576 -0.7393
vn 0.9704 -0.1450 0.1930
vn 0.5830 -0.8042 0.1160
vn -0.3403 0.4576 -0.8215
vn 0.6214 0.6644 -0.4152
vn 0.5285 0.6644 -0.5285
vn 0.5492 -0.8042 0.2275
vn 0.9141 -0.1450 0.3786
vn 0.6905 0.6644 -0.2860
vn 0.7393 0.4576 -0.4940
vn 0.4942 -0.8042 0.3302
vn 0.8227 -0.1450 0.5497
vn 0.7330 0.6644 -0.1458
vn 0.8215 0.4576 -0.3403
vn 0.6996 -0.1450 0.6996
vn 0.4203 -0.8042 0.4203
vn 0.7473 0.6644 -0.0000
vn 0.8721 0.4576 -0.1735
vn 0.3302 -0.8042 0.4942
vn 0.5497 -0.1450 0.8227
vn 0.8721 0.4576 0.1735
vn 0.8891 0.4576 -0.0000
vn 0.3786 -0.1450 0.9141
vn 0.2275 -0.8042 0.5492
vn 0.6905 0.6644 0.2860
vn 0.7330 0.6644 0.1458
vn 0.1930 -0.1450 0.9704
vn 0.1160 -0.8042 0.5830
vn 0.6214 0.6644 0.4152
vn 0.8215 0.4576 0.3403
vn -0.0000 -0.1450 0.9894
vn -0.0000 -0.8042 0.5944
vn 0.6287 0.4576 0.6287
vn 0.7393 0.4577 0.4940
vn 0.1810 -0.9806 0.0750
vn -0.5944 -0.8042 -0.0000
vn -0.1921 -0.9806 0.0382
vn -0.5830 -0.8042 0.1160
vn 0.1921 -0.9806 0.0382
vn -0.5492 -0.8042 0.2275
vn -0.1810 -0.9806 0.0750
vn 0.1959 -0.9806 -0.0000
vn -0.1629 -0.9806 0.1088
vn -0.4942 -0.8042 0.3302
vn 0.1921 -0.9806 -0.0382
vn -0.1385 -0.9806 0.1385
vn -0.4203 -0.8042 0.4203
vn 0.1810 -0.9806 -0.0750
vn -0.3302 -0.8042 0.4942
vn -0.1089 -0.9806 0.1629
vn 0.1629 -0.9806 -0.1088
vn -0.0750 -0.9806 0.1810
vn -0.2275 -0.8042 0.5492
vn -0.0382 -0.9806 -0.1921
vn 0.1385 -0.9806 -0.1385
vn 0.4203 -0.8042 -0.4203
vn -0.0382 -0.9806 0.1921
vn -0.1160 -0.8042 0.5830
vn -0.0750 -0.9806 -0.1810
vn 0.3302 -0.8042 -0.4942
vn 0.1089 -0.9806 -0.1629
vn -0.0000 -0.9806 0.1959
vn -0.1088 -0.9806 -0.1629
vn -0.3302 -0.8042 -0.4942
vn 0.0750 -0.9806 -0.1810
vn 0.2275 -0.8042 -0.5492
vn 0.0382 -0.9806 0.1921
vn -0.1385 -0.9806 -0.1385
vn -0.4203 -0.8042 -0.4203
vn 0.0382 -0.9806 -0.1921
vn 0.1160 -0.8042 -0.5830
vn 0.0750 -0.9806 0.1810
vn -0.4942 -0.8042 -0.3302
vn -0.1629 -0.9806 -0.1088
vn -0.0000 -0.9806 -0.1959
vn 0.1088 -0.9806 0.1629
vn -0.1810 -0.9806 -0.0750
vn -0.5492 -0.8042 -0.2275
vn 0.1385 -0.9806 0.1385
vn -0.1921 -0.9806 -0.0382
vn -0.5830 -0.8042 -0.1160
vn 0.1629 -0.9806 0.1088
vn -0.1959 -0.9806 -0.0000
vn -0.3758 -0.1883 -0.9074
vn -0.5456 -0.1883 -0.8166
vn 0.8166 -0.1883 0.5456
vn 0.9074 -0.1883 0.3758
vn -0.6945 -0.1883 -0.6945
vn 0.9632 -0.1883 0.1916
vn -0.8166 -0.1883 -0.5456
vn 0.9821 -0.1883 -0.0000
vn -0.9074 -0.1883 -0.3758
vn 0.9632 -0.1883 -0.1916
vn -0.9632 -0.1883 -0.1916
vn 0.9074 -0.1883 -0.3758
vn -0.9821 -0.1883 -0.0000
vn 0.8166 -0.1883 -0.5456
vn -0.9632 -0.1883 0.1916
vn 0.6945 -0.1883 -0.6945
vn -0.9074 -0.1883 0.3758
vn 0.5456 -0.1883 -0.8166
vn -0.8166 -0.1883 0.5456
vn 0.3758 -0.1883 -0.9074
vn 0.1916 -0.1883 0.9632
vn -0.0000 -0.1883 0.9821
vn -0.6945 -0.1883 0.6945
vn 0.1916 -0.1883 -0.9632
vn 0.3758 -0.1883 0.9074
vn -0.5456 -0.1883 0.8166
vn -0.0000 -0.1883 -0.9821
vn 0.5456 -0.1883 0.8166
vn -0.3758 -0.1883 0.9074
vn -0.1916 -0.1883 -0.9632
vn 0.6945 -0.1883 0.6945
vn -0.1916 -0.1883 0.9632
vn -0.0000 -1.0000 -0.0000
vn -0.1917 0.1847 -0.9639
vn -0.3761 0.1847 -0.9080
vn -0.5460 0.1847 -0.8172
vn -0.8172 0.1847 -0.5460
vn -0.9080 0.1847 -0.3761
vn -0.9639 0.1847 -0.1917
vn -0.9639 0.1847 0.1917
vn -0.9080 0.1847 0.3761
vn -0.8172 0.1847 0.5460
vn -0.5460 0.1847 0.8172
vn -0.3761 0.1847 0.9080
vn -0.1917 0.1847 0.9639
vn 0.1917 0.1847 0.9639
vn 0.3761 0.1847 0.9080
vn 0.5460 0.1847 0.8172
vn 0.8172 0.1847 0.5460
vn 0.9080 0.1847 0.3761
vn 0.9639 0.1847 0.1917
vn 0.9639 0.1847 -0.1917
vn 0.9080 0.1847 -0.3761
vn 0.8172 0.1847 -0.5460
vn 0.5460 0.1847 -0.8172
vn 0.3761 0.1847 -0.9080
vn 0.1917 0.1847 -0.9639
vn 0.3786 -0.1450 -0.9141
vn 0.1930 -0.1450 -0.9704
vn 0.5497 -0.1450 -0.8227
vn 0.4940 0.4576 0.7393
vn 0.3403 0.4576 0.8215
vn 0.1735 0.4576 0.8721
vn -0.0000 0.4576 0.8891
vn -0.1930 -0.1450 0.9704
vn -0.1735 0.4576 0.8721
vn -0.3786 -0.1450 0.9141
vn -0.3403 0.4576 0.8215
vn -0.5497 -0.1450 0.8227
vn -0.4940 0.4576 0.7393
vn -0.6996 -0.1450 0.6996
vn -0.6287 0.4576 0.6287
vn -0.7393 0.4576 0.4940
vn -0.8215 0.4576 0.3403
vn -0.8227 -0.1450 0.5497
vn -0.9704 -0.1450 0.1930
vn -0.8721 0.4576 0.1735
vn -0.9894 -0.1450 -0.0000
vn -0.8891 0.4576 -0.0000
vn -0.9704 -0.1450 -0.1930
vn -0.8721 0.4576 -0.1735
vn -0.9141 -0.1450 -0.3786
vn -0.8227 -0.1450 -0.5497
vn -0.6996 -0.1450 -0.6996
vn -0.5497 -0.1450 -0.8227
vn -0.7330 0.6644 -0.1458
vn -0.3786 -0.1450 -0.9141
vn -0.7473 0.6644 -0.0000
vn -0.7330 0.6644 0.1458
vn -0.6905 0.6644 0.2860
vn -0.6214 0.6644 0.4152
vn -0.5285 0.6644 0.5285
vn -0.4152 0.6644 0.6214
vn -0.2860 0.6644 0.6905
vn -0.1458 0.6644 0.7330
vn -0.9141 -0.1450 0.3786
vn -0.0000 0.6644 0.7473
vn 0.1458 0.6644 0.7330
vn 0.2860 0.6644 0.6905
vn 0.4152 0.6644 0.6214
vn 0.5285 0.6644 0.5285
vn -0.3918 0.7089 -0.5864
vn -0.4987 0.7089 -0.4987
vn 0.6516 0.7089 0.2699
vn 0.6917 0.7089 0.1376
vn -0.5864 0.7089 0.3918
vn -0.4987 0.7089 0.4987
vn 0.3918 0.7089 0.5864
vn 0.4987 0.7089 0.4987
vn 0.1378 -0.7077 0.6930
vn -0.0000 -0.4421 0.8970
vn -0.0000 -0.7077 0.7066
vn 0.6995 -0.1463 -0.6995
vn 0.4983 -0.4421 -0.7458
vn 0.5496 -0.1463 -0.8225
vn 0.6995 -0.1463 0.6995
vn 0.4983 -0.4421 0.7458
vn 0.6343 -0.4421 0.6343
vn -0.8225 -0.1463 0.5496
vn -0.8287 -0.4421 0.3433
vn -0.7458 -0.4421 0.4983
vn -0.1930 -0.1463 -0.9702
vn -0.3433 -0.4421 -0.8287
vn -0.3786 -0.1463 -0.9139
vn -0.9892 -0.1463 -0.0000
vn -0.8797 -0.4421 0.1750
vn -0.9702 -0.1463 0.1930
vn 0.1930 -0.1463 0.9702
vn 0.3433 -0.4421 0.8287
vn 0.3786 -0.1463 0.9139
vn 0.8225 -0.1463 -0.5496
vn 0.8287 -0.4421 -0.3433
vn 0.7458 -0.4421 -0.4983
vn -0.6995 -0.1463 -0.6995
vn -0.4983 -0.4421 -0.7458
vn -0.6343 -0.4421 -0.6343
vn -0.6995 -0.1463 0.6995
vn -0.4983 -0.4421 0.7458
vn -0.5496 -0.1463 0.8225
vn -0.0000 -0.0705 -0.9975
vn 0.2488 -0.1392 -0.9585
vn -0.0570 -0.1392 -0.9886
vn 0.3817 -0.0705 -0.9216
vn 0.5966 -0.1392 -0.7903
vn 0.3257 -0.1392 -0.9352
vn 0.7053 -0.0705 -0.7053
vn 0.8537 -0.1392 -0.5019
vn 0.6588 -0.1392 -0.7394
vn 0.9216 -0.0705 -0.3817
vn 0.9808 -0.1392 -0.1370
vn 0.8916 -0.1392 -0.4310
vn 0.9975 -0.0705 -0.0000
vn 0.9585 -0.1392 0.2488
vn 0.9886 -0.1392 -0.0570
vn 0.9216 -0.0705 0.3817
vn 0.7903 -0.1392 0.5966
vn 0.9352 -0.1392 0.3257
vn 0.7053 -0.0705 0.7053
vn 0.5019 -0.1392 0.8537
vn 0.7394 -0.1392 0.6588
vn 0.3817 -0.0705 0.9216
vn 0.1370 -0.1392 0.9808
vn 0.4310 -0.1392 0.8916
vn -0.0000 -0.0705 0.9975
vn -0.2488 -0.1392 0.9585
vn 0.0570 -0.1392 0.9886
vn -0.3817 -0.0705 0.9216
vn -0.5966 -0.1392 0.7903
vn -0.3257 -0.1392 0.9352
vn -0.7053 -0.0705 0.7053
vn -0.8537 -0.1392 0.5019
vn -0.6588 -0.1392 0.7394
vn -0.9216 -0.0705 0.3817
vn -0.9808 -0.1392 0.1370
vn -0.8916 -0.1392 0.4310
vn -0.9975 -0.0705 -0.0000
vn -0.9585 -0.1392 -0.2488
vn -0.9886 -0.1392 0.0570
vn -0.9216 -0.0705 -0.3817
vn -0.7903 -0.1392 -0.5966
vn -0.9352 -0.1392 -0.3257
vn -0.7053 -0.0705 -0.7053
vn -0.5019 -0.1392 -0.8537
vn -0.7394 -0.1392 -0.6588
vn -0.3817 -0.0705 -0.9216
vn -0.1370 -0.1392 -0.9808
vn -0.4310 -0.1392 -0.8916
vn 0.1376 0.7089 -0.6917
vn -0.0000 0.7089 -0.7053
vn -0.6930 -0.7077 0.1378
vn -0.8970 -0.4421 -0.0000
vn -0.7066 -0.7077 -0.0000
vn -0.4996 -0.7076 -0.4996
vn -0.3925 -0.7077 -0.5875
vn 0.6528 -0.7077 -0.2704
vn 0.8797 -0.4421 -0.1750
vn 0.6930 -0.7077 -0.1378
vn 0.8970 -0.4421 -0.0000
vn 0.7066 -0.7077 -0.0000
vn -0.4996 -0.7077 0.4996
vn -0.5875 -0.7076 0.3925
vn -0.6528 -0.7077 -0.2704
vn -0.8797 -0.4421 -0.1750
vn -0.8287 -0.4421 -0.3433
vn 0.4996 -0.7076 0.4996
vn 0.3925 -0.7077 0.5875
vn -0.6516 0.7089 -0.2699
vn -0.6917 0.7089 -0.1376
vn -0.2699 0.7089 0.6516
vn -0.1376 0.7089 0.6917
vn 0.9702 -0.1463 0.1930
vn 0.8287 -0.4421 0.3433
vn 0.8797 -0.4421 0.1750
vn -0.0000 -0.1463 0.9892
vn 0.1750 -0.4421 0.8797
vn -0.7458 -0.4421 -0.4983
vn -0.8225 -0.1463 -0.5496
vn -0.5496 -0.1463 -0.8225
vn -0.1930 -0.1463 0.9702
vn -0.3433 -0.4421 0.8287
vn -0.1750 -0.4421 0.8797
vn 0.7458 -0.4421 0.4983
vn 0.8225 -0.1463 0.5496
vn -0.0000 -0.1463 -0.9892
vn 0.1750 -0.4421 -0.8797
vn -0.0000 -0.4421 -0.8970
vn -0.9702 -0.1463 -0.1930
vn -0.1946 -0.0705 -0.9783
vn 0.1946 -0.0705 -0.9783
vn 0.8294 -0.0705 -0.5542
vn 0.9783 -0.0705 -0.1946
vn 0.9783 -0.0705 0.1946
vn 0.5542 -0.0705 0.8294
vn 0.1946 -0.0705 0.9783
vn -0.1946 -0.0705 0.9783
vn -0.8294 -0.0705 0.5542
vn -0.9783 -0.0705 0.1946
vn -0.9783 -0.0705 -0.1946
vn -0.5542 -0.0705 -0.8294
vn -0.3693 -0.1999 -0.9076
vn 0.1916 0.0867 -0.9776
vn 0.1851 -0.1999 -0.9622
vn -0.4415 0.0058 -0.8972
vn -0.6885 -0.1999 -0.6972
vn -0.1971 0.0867 -0.9765
vn -0.1972 -0.1999 -0.9598
vn -0.7513 0.0058 -0.6600
vn -0.5494 -0.1999 -0.8113
vn -0.9193 0.0867 -0.3838
vn -0.5558 0.0867 -0.8268
vn -0.9466 0.0058 -0.3222
vn -0.9798 -0.1999 -0.0061
vn -0.8299 0.0867 -0.5511
vn -0.8181 -0.1999 -0.5392
vn -0.9979 0.0058 0.0645
vn -0.9076 -0.1999 0.3693
vn -0.9776 0.0867 -0.1916
vn -0.9622 -0.1999 -0.1851
vn -0.8972 0.0058 0.4415
vn -0.6972 -0.1999 0.6885
vn -0.9765 0.0867 0.1971
vn -0.9598 -0.1999 0.1972
vn -0.6600 0.0058 0.7513
vn -0.8113 -0.1999 0.5494
vn -0.3838 0.0867 0.9193
vn -0.8268 0.0867 0.5558
vn -0.3222 0.0058 0.9466
vn -0.0061 -0.1999 0.9798
vn -0.5511 0.0867 0.8299
vn -0.5392 -0.1999 0.8181
vn 0.0645 0.0058 0.9979
vn 0.3693 -0.1999 0.9076
vn -0.1916 0.0867 0.9776
vn -0.1851 -0.1999 0.9622
vn 0.4415 0.0058 0.8972
vn 0.6885 -0.1999 0.6972
vn 0.1971 0.0867 0.9765
vn 0.1972 -0.1999 0.9598
vn 0.7513 0.0058 0.6600
vn 0.5494 -0.1999 0.8113
vn 0.9193 0.0867 0.3838
vn 0.5558 0.0867 0.8268
vn 0.9466 0.0058 0.3222
vn 0.9798 -0.1999 0.0061
vn 0.8299 0.0867 0.5511
vn 0.8181 -0.1999 0.5392
vn 0.9979 0.0058 -0.0645
vn 0.9076 -0.1999 -0.3693
vn 0.9776 0.0867 0.1916
vn 0.9622 -0.1999 0.1851
vn 0.8972 0.0058 -0.4415
vn 0.6972 -0.1999 -0.6885
vn 0.9765 0.0867 -0.1971
vn 0.9598 -0.1999 -0.1972
vn 0.6600 0.0058 -0.7513
vn 0.8113 -0.1999 -0.5494
vn 0.3838 0.0867 -0.9193
vn 0.8268 0.0867 -0.5558
vn 0.3222 0.0058 -0.9466
vn 0.0061 -0.1999 -0.9798
vn 0.5511 0.0867 -0.8299
vn 0.5392 -0.1999 -0.8181
vn -0.0645 0.0058 -0.9979
vn -0.1872 -0.2812 -0.9412
vn -0.0000 0.6618 -0.7497
vn -0.0000 -0.2812 -0.9596
vn -0.5875 -0.7076 -0.3925
vn 0.1463 0.6617 -0.7353
vn 0.1872 -0.2812 -0.9412
vn 0.1378 -0.7077 -0.6930
vn 0.3672 -0.2812 -0.8866
vn 0.6528 -0.7077 0.2704
vn 0.5875 -0.7076 0.3925
vn 0.4165 0.6617 -0.6234
vn 0.5331 -0.2812 -0.7979
vn 0.3925 -0.7076 -0.5875
vn 0.6343 -0.4421 -0.6343
vn 0.4996 -0.7077 -0.4996
vn 0.5301 0.6617 -0.5301
vn 0.6786 -0.2812 -0.6786
vn 0.5864 0.7089 0.3918
vn 0.7979 -0.2812 -0.5331
vn 0.6917 0.7089 -0.1376
vn 0.6516 0.7089 -0.2699
vn 0.6234 0.6617 -0.4165
vn 0.8866 -0.2812 -0.3672
vn 0.7053 0.7089 -0.0000
vn 0.6927 0.6617 -0.2869
vn 0.9412 -0.2812 -0.1872
vn 0.5875 -0.7076 -0.3925
vn 0.7497 0.6618 -0.0000
vn 0.9596 -0.2812 -0.0000
vn 0.9702 -0.1463 -0.1930
vn 0.9139 -0.1463 -0.3786
vn 0.7353 0.6617 0.1463
vn 0.9412 -0.2812 0.1872
vn 0.8866 -0.2812 0.3672
vn -0.6343 -0.4421 0.6343
vn 0.6234 0.6617 0.4165
vn 0.7979 -0.2812 0.5332
vn 0.3433 -0.4421 -0.8287
vn 0.3786 -0.1463 -0.9139
vn 0.5301 0.6617 0.5301
vn 0.6786 -0.2812 0.6786
vn 0.5331 -0.2812 0.7979
vn 0.9139 -0.1463 0.3786
vn 0.4165 0.6617 0.6234
vn 0.3672 -0.2812 0.8866
vn 0.9892 -0.1463 -0.0000
vn 0.2869 0.6617 0.6927
vn 0.1872 -0.2812 0.9412
vn -0.0000 0.6618 0.7497
vn -0.0000 -0.2812 0.9596
vn 0.1930 -0.1463 -0.9702
vn -0.1463 0.6617 0.7353
vn -0.1872 -0.2812 0.9412
vn 0.2699 0.7089 0.6516
vn -0.3672 -0.2812 0.8866
vn 0.3918 0.7089 -0.5864
vn 0.2699 0.7089 -0.6516
vn -0.4165 0.6617 0.6234
vn -0.5331 -0.2812 0.7979
vn -0.1378 -0.7077 -0.6930
vn -0.0000 -0.7077 -0.7066
vn -0.5301 0.6617 0.5301
vn -0.6786 -0.2812 0.6786
vn -0.1376 0.7089 -0.6917
vn -0.7979 -0.2812 0.5331
vn -0.5864 0.7089 -0.3918
vn -0.6234 0.6617 0.4165
vn -0.8866 -0.2812 0.3672
vn 0.4987 0.7089 -0.4987
vn -0.6927 0.6617 0.2869
vn -0.9412 -0.2812 0.1872
vn -0.6917 0.7089 0.1376
vn -0.7053 0.7089 -0.0000
vn -0.7497 0.6618 -0.0000
vn -0.9596 -0.2812 -0.0000
vn -0.7353 0.6617 -0.1463
vn -0.9412 -0.2812 -0.1872
vn -0.2704 -0.7077 0.6528
vn -0.8866 -0.2812 -0.3672
vn -0.1750 -0.4421 -0.8797
vn -0.6234 0.6617 -0.4165
vn -0.7979 -0.2812 -0.5332
vn -0.3786 -0.1463 0.9139
vn -0.5301 0.6617 -0.5301
vn -0.6786 -0.2812 -0.6786
vn -0.9139 -0.1463 -0.3786
vn -0.5331 -0.2812 -0.7979
vn -0.4165 0.6617 -0.6234
vn -0.3672 -0.2812 -0.8866
vn -0.9139 -0.1463 0.3786
vn -0.2869 0.6617 -0.6927
vn 0.5496 -0.1463 0.8225
vn -0.1314 0.0058 -0.9913
vn -0.3786 0.0867 -0.9215
vn -0.7025 0.0867 -0.7064
vn -0.5007 0.0058 -0.8656
vn -0.9029 -0.1999 -0.3806
vn -0.7939 0.0058 -0.6081
vn -0.9962 0.0867 -0.0028
vn -0.9661 0.0058 -0.2580
vn -0.9215 0.0867 0.3786
vn -0.9913 0.0058 0.1314
vn -0.7064 0.0867 0.7025
vn -0.8656 0.0058 0.5007
vn -0.3806 -0.1999 0.9029
vn -0.6081 0.0058 0.7939
vn -0.0028 0.0867 0.9962
vn -0.2580 0.0058 0.9661
vn 0.3786 0.0867 0.9215
vn 0.1314 0.0058 0.9913
vn 0.7025 0.0867 0.7064
vn 0.5007 0.0058 0.8656
vn 0.9029 -0.1999 0.3806
vn 0.7939 0.0058 0.6081
vn 0.9962 0.0867 0.0028
vn 0.9661 0.0058 0.2580
vn 0.9215 0.0867 -0.3786
vn 0.9913 0.0058 -0.1314
vn 0.7064 0.0867 -0.7025
vn 0.8656 0.0058 -0.5007
vn 0.3806 -0.1999 -0.9029
vn 0.6081 0.0058 -0.7939
vn 0.0028 0.0867 -0.9962
vn 0.2580 0.0058 -0.9661
vn 0.1376 0.7089 0.6917
vn -0.0000 0.7089 0.7053
vn 0.5864 0.7089 -0.3918
vn -0.6528 -0.7077 0.2704
vn 0.2704 -0.7077 0.6528
vn -0.3925 -0.7076 0.5875
vn -0.3918 0.7089 0.5864
vn 0.2704 -0.7077 -0.6528
vn -0.6516 0.7089 0.2699
vn -0.6930 -0.7077 -0.1378
vn 0.6930 -0.7077 0.1378
vn -0.1378 -0.7077 0.6930
vn -0.2704 -0.7077 -0.6528
vn -0.2699 0.7089 -0.6516
vn -0.3817 -0.0722 -0.9215
vn -0.1946 -0.0722 -0.9782
vn -0.5541 -0.0722 -0.8293
vn -0.7053 -0.0722 -0.7053
vn -0.8294 -0.0705 -0.5542
vn -0.8293 -0.0722 -0.5541
vn -0.9215 -0.0722 -0.3817
vn -0.9782 -0.0722 -0.1946
vn -0.9974 -0.0722 -0.0000
vn -0.9782 -0.0722 0.1946
vn -0.9215 -0.0722 0.3817
vn -0.8293 -0.0722 0.5541
vn -0.7053 -0.0722 0.7053
vn -0.5542 -0.0705 0.8294
vn -0.5541 -0.0722 0.8293
vn -0.3817 -0.0722 0.9215
vn -0.1946 -0.0722 0.9782
vn -0.0000 -0.0722 0.9974
vn 0.1946 -0.0722 0.9782
vn 0.3817 -0.0722 0.9215
vn 0.5541 -0.0722 0.8293
vn 0.7053 -0.0722 0.7053
vn 0.8294 -0.0705 0.5542
vn 0.8293 -0.0722 0.5541
vn 0.9215 -0.0722 0.3817
vn 0.9782 -0.0722 0.1946
vn 0.9974 -0.0722 -0.0000
vn 0.9782 -0.0722 -0.1946
vn 0.9215 -0.0722 -0.3817
vn 0.8293 -0.0722 -0.5541
vn 0.7053 -0.0722 -0.7053
vn 0.5542 -0.0705 -0.8294
vn 0.5541 -0.0722 -0.8293
vn 0.3817 -0.0722 -0.9215
vn 0.1946 -0.0722 -0.9782
vn -0.0000 -0.0722 -0.9974
vn -0.0000 -0.0523 -0.9986
vn 0.1948 -0.0523 -0.9794
vn -0.1948 -0.0523 -0.9794
vn 0.3822 -0.0523 -0.9226
vn 0.5548 -0.0523 -0.8303
vn 0.7061 -0.0523 -0.7061
vn 0.8303 -0.0523 -0.5548
vn 0.9226 -0.0523 -0.3822
vn 0.9794 -0.0523 -0.1948
vn 0.9986 -0.0523 -0.0000
vn 0.9794 -0.0523 0.1948
vn 0.9226 -0.0523 0.3822
vn 0.8303 -0.0523 0.5548
vn 0.7061 -0.0523 0.7061
vn 0.5548 -0.0523 0.8303
vn 0.3822 -0.0523 0.9226
vn 0.1948 -0.0523 0.9794
vn -0.0000 -0.0523 0.9986
vn -0.1948 -0.0523 0.9794
vn -0.3822 -0.0523 0.9226
vn -0.5548 -0.0523 0.8303
vn -0.7061 -0.0523 0.7061
vn -0.8303 -0.0523 0.5548
vn -0.9226 -0.0523 0.3822
vn -0.9794 -0.0523 0.1948
vn -0.9986 -0.0523 -0.0000
vn -0.9794 -0.0523 -0.1948
vn -0.9226 -0.0523 -0.3822
vn -0.8303 -0.0523 -0.5548
vn -0.7061 -0.0523 -0.7061
vn -0.5548 -0.0523 -0.8303
vn -0.3822 -0.0523 -0.9226
vn -0.3335 -0.4906 -0.8051
vn -0.1700 -0.4906 -0.8546
vn -0.4841 -0.4906 -0.7245
vn -0.6162 -0.4906 -0.6162
vn -0.7245 -0.4906 -0.4841
vn -0.8051 -0.4906 -0.3335
vn -0.8546 -0.4906 -0.1700
vn -0.8714 -0.4906 -0.0000
vn -0.8546 -0.4906 0.1700
vn -0.8051 -0.4906 0.3335
vn -0.7245 -0.4906 0.4841
vn -0.6162 -0.4906 0.6162
vn -0.4841 -0.4906 0.7245
vn -0.3335 -0.4906 0.8051
vn -0.1700 -0.4906 0.8546
vn -0.0000 -0.4906 0.8714
vn 0.1700 -0.4906 0.8546
vn 0.3335 -0.4906 0.8051
vn 0.4841 -0.4906 0.7245
vn 0.6162 -0.4906 0.6162
vn 0.7245 -0.4906 0.4841
vn 0.8051 -0.4906 0.3335
vn 0.8546 -0.4906 0.1700
vn 0.8714 -0.4906 -0.0000
vn 0.8546 -0.4906 -0.1700
vn 0.8051 -0.4906 -0.3335
vn 0.7245 -0.4906 -0.4841
vn 0.6162 -0.4906 -0.6162
vn 0.4841 -0.4906 -0.7245
vn 0.3335 -0.4906 -0.8051
vn 0.1700 -0.4906 -0.8546
vn -0.0000 -0.4906 -0.8714
vn -0.9914 0.1305 -0.0000
vn -0.8660 0.5000 -0.0000
vn -0.5000 0.8660 -0.0000
vn -0.1305 0.9914 -0.0000
vn 0.9914 0.1305 -0.0000
vn 0.8660 0.5000 -0.0000
vn 0.5000 0.8660 -0.0000
vn 0.1305 0.9914 -0.0000
vn 0.8660 -0.5000 -0.0000
vn 0.9914 -0.1305 -0.0000
vn 0.5000 -0.8660 -0.0000
vn 0.1305 -0.9914 -0.0000
vn -0.8660 -0.5000 -0.0000
vn -0.9914 -0.1305 -0.0000
vn -0.5000 -0.8660 -0.0000
vn -0.1305 -0.9914 -0.0000
vn 1.0000 -0.0000 -0.0000
vn -1.0000 -0.0000 -0.0000
vn -0.0000 -0.0000 -1.0000
vn -0.0000 -0.0000 1.0000
vn 0.1302 -0.0097 0.9914
vn 0.4986 -0.0372 0.8660
vn 0.8636 -0.0644 0.5000
vn 0.9887 -0.0737 0.1305
vn 0.1302 -0.0097 -0.9914
vn 0.4986 -0.0372 -0.8660
vn 0.8636 -0.0644 -0.5000
vn 0.9887 -0.0737 -0.1305
vn 0.9054 -0.0675 0.4193
vn 0.8160 -0.0608 0.5748
vn 0.8151 -0.0608 0.5761
vn 0.4958 -0.0370 0.8676
vn 0.4957 -0.0370 0.8677
vn 0.9054 -0.0675 -0.4193
vn 0.8160 -0.0608 -0.5748
vn 0.9054 -0.0675 -0.4192
vn 0.8151 -0.0608 -0.5761
vn 0.4958 -0.0370 -0.8676
vn 0.9054 -0.0675 0.4192
vn 0.9061 -0.0675 0.4176
vn 0.9061 -0.0675 -0.4176
vn -0.4986 0.0372 -0.8660
vn -0.1302 0.0097 -0.9914
vn -0.8636 0.0644 -0.5000
vn -0.9887 0.0737 -0.1305
vn -0.1302 0.0097 0.9914
vn -0.4986 0.0372 0.8660
vn -0.8636 0.0644 0.5000
vn -0.9887 0.0737 0.1305
vn -0.9053 0.0675 -0.4193
vn -0.8160 0.0608 -0.5748
vn -0.9054 0.0675 -0.4192
vn -0.8151 0.0608 -0.5761
vn -0.4959 0.0370 -0.8676
vn -0.4957 0.0370 -0.8677
vn -0.8160 0.0608 0.5748
vn -0.9053 0.0675 0.4193
vn -0.9054 0.0675 0.4192
vn -0.4959 0.0370 0.8676
vn -0.8151 0.0608 0.5761
vn -0.4957 0.0370 0.8677
vn -0.9061 0.0675 -0.4176
vn -0.9061 0.0675 0.4176
vn -0.4165 0.0310 -0.9086
vn -0.4165 0.0310 0.9086
vn 0.0743 0.9972 -0.0000
vn 0.0744 0.9972 -0.0000
vn -0.0743 -0.9972 -0.0000
vn -0.0744 -0.9972 -0.0000
vn 0.0710 0.9975 0.0056
vn 0.0648 0.9977 0.0196
vn 0.0650 0.9977 0.0201
vn -0.0710 -0.9975 -0.0055
vn -0.0648 -0.9977 -0.0196
vn -0.0708 -0.9975 -0.0050
vn 0.0741 0.9972 0.0002
vn 0.0708 0.9975 0.0050
vn -0.0741 -0.9972 -0.0002
vn -0.0741 -0.9973 -0.0001
vn 0.0741 0.9972 0.0001
vn -0.0710 -0.9975 0.0055
vn -0.0648 -0.9977 0.0196
vn -0.0651 -0.9977 0.0201
vn 0.0710 0.9975 -0.0056
vn 0.0648 0.9977 -0.0196
vn 0.0708 0.9975 -0.0050
vn -0.0741 -0.9972 0.0002
vn -0.0708 -0.9975 0.0050
vn 0.0741 0.9972 -0.0002
vn 0.0741 0.9973 -0.0001
vn -0.0741 -0.9973 0.0001
vn -0.0650 -0.9977 -0.0201
vn -0.0613 -0.9977 -0.0283
vn 0.0613 0.9977 0.0283
vn 0.0650 0.9977 -0.0201
vn 0.0613 0.9977 -0.0283
vn -0.0613 -0.9977 0.0283
vn -0.4986 -0.0372 0.8660
vn -0.1302 -0.0097 0.9914
vn -0.8636 -0.0644 0.5000
vn -0.9887 -0.0737 0.1305
vn -0.4986 -0.0372 -0.8660
vn -0.1302 -0.0097 -0.9914
vn -0.8636 -0.0644 -0.5000
vn -0.9887 -0.0737 -0.1305
vn -0.9054 -0.0675 0.4193
vn -0.8160 -0.0608 0.5748
vn -0.9054 -0.0675 0.4192
vn -0.8151 -0.0608 0.5761
vn -0.4958 -0.0370 0.8676
vn -0.4957 -0.0370 0.8677
vn -0.8160 -0.0608 -0.5748
vn -0.9054 -0.0675 -0.4192
vn -0.4959 -0.0370 -0.8676
vn -0.8151 -0.0608 -0.5761
vn -0.4957 -0.0370 -0.8677
vn -0.9061 -0.0675 0.4176
vn -0.9061 -0.0675 -0.4176
vn 0.1302 0.0097 -0.9914
vn 0.4986 0.0372 -0.8660
vn 0.8636 0.0644 -0.5000
vn 0.9887 0.0737 -0.1305
vn 0.1302 0.0097 0.9914
vn 0.4986 0.0372 0.8660
vn 0.8636 0.0644 0.5000
vn 0.9887 0.0737 0.1305
vn 0.9053 0.0675 -0.4193
vn 0.8160 0.0608 -0.5748
vn 0.8151 0.0608 -0.5761
vn 0.4959 0.0370 -0.8676
vn 0.4957 0.0370 -0.8677
vn 0.9053 0.0675 0.4193
vn 0.8160 0.0608 0.5748
vn 0.9054 0.0675 0.4192
vn 0.8151 0.0608 0.5761
vn 0.4959 0.0370 0.8676
vn 0.4957 0.0370 0.8677
vn 0.9054 0.0675 -0.4192
vn 0.9061 0.0675 -0.4176
vn 0.9061 0.0675 0.4176
vn 0.4165 0.0310 -0.9086
vn 0.4165 0.0310 0.9086
vn -0.0743 0.9972 -0.0000
vn 0.0743 -0.9972 -0.0000
vn -0.0744 0.9972 -0.0000
vn -0.0648 0.9977 0.0196
vn -0.0710 0.9975 0.0056
vn -0.0650 0.9977 0.0201
vn 0.0710 -0.9975 -0.0055
vn 0.0648 -0.9977 -0.0196
vn 0.0650 -0.9977 -0.0201
vn -0.0708 0.9975 0.0050
vn -0.0741 0.9972 0.0002
vn 0.0741 -0.9972 -0.0002
vn 0.0708 -0.9975 -0.0050
vn 0.0648 -0.9977 0.0196
vn 0.0710 -0.9975 0.0055
vn 0.0651 -0.9977 0.0201
vn -0.0710 0.9975 -0.0056
vn -0.0648 0.9977 -0.0196
vn -0.0650 0.9977 -0.0201
vn 0.0708 -0.9975 0.0050
vn 0.0741 -0.9972 0.0002
vn -0.0741 0.9972 -0.0002
vn -0.0708 0.9975 -0.0050
vn 0.0744 -0.9972 -0.0000
vn 0.0613 -0.9977 -0.0283
vn -0.0613 0.9977 0.0283
vn -0.0613 0.9977 -0.0283
vn -0.0614 0.9977 -0.0283
vn 0.0613 -0.9977 0.0283
vn 0.7071 -0.0000 -0.7071
vn 0.7071 -0.0000 0.7071
vn -0.7071 -0.0000 0.7071
vn -0.7071 -0.0000 -0.7071
vn 0.3127 0.7071 -0.6342
vn 0.4422 -0.0000 -0.8969
vn 0.3127 -0.7071 -0.6342
vn -0.3127 -0.7071 0.6342
vn -0.4422 -0.0000 0.8969
vn -0.3127 0.7071 0.6342
vn 0.8969 -0.0000 -0.4422
vn 0.3127 0.7071 0.6342
vn 0.4422 -0.0000 0.8969
vn 0.3127 -0.7071 0.6342
vn -0.3127 -0.7071 -0.6342
vn -0.4422 -0.0000 -0.8969
vn -0.3127 0.7071 -0.6342
vn 0.8969 -0.0000 0.4422
vn -0.8969 -0.0000 -0.4422
vn -0.8969 -0.0000 0.4422
vn -0.0000 0.8016 -0.5978
vn 0.1166 0.8016 -0.5863
vn -0.7353 0.6618 0.1463
vn 0.5978 0.8016 -0.0000
vn -0.4227 0.8016 0.4227
vn 0.1166 0.8016 0.5863
vn -0.1463 0.6618 -0.7353
vn -0.5523 0.8016 -0.2288
vn -0.4971 0.8016 -0.3321
vn 0.2288 0.8016 -0.5523
vn -0.2869 0.6618 0.6926
vn 0.5863 0.8016 0.1166
vn -0.4971 0.8016 0.3321
vn -0.0000 0.8016 0.5978
vn -0.4227 0.8016 -0.4227
vn 0.3321 0.8016 -0.4971
vn 0.5523 0.8016 0.2288
vn -0.6926 0.6618 -0.2869
vn -0.5523 0.8016 0.2288
vn -0.3321 0.8016 -0.4971
vn 0.4227 0.8016 -0.4227
vn 0.4971 0.8016 0.3321
vn -0.5863 0.8016 0.1166
vn 0.7353 0.6618 -0.1463
vn -0.1166 0.8016 0.5863
vn -0.2288 0.8016 -0.5523
vn 0.4971 0.8016 -0.3321
vn 0.4227 0.8016 0.4227
vn -0.5978 0.8016 -0.0000
vn -0.1166 0.8016 -0.5863
vn 0.1463 0.6618 0.7353
vn 0.5523 0.8016 -0.2288
vn -0.2288 0.8016 0.5523
vn 0.2869 0.6618 -0.6926
vn 0.3321 0.8016 0.4971
vn -0.5863 0.8016 -0.1166
vn 0.5863 0.8016 -0.1166
vn -0.3321 0.8016 0.4971
vn 0.2288 0.8016 0.5523
vn 0.6926 0.6618 0.2869
vn -0.0000 0.1458 0.9893
vn -0.1947 0.0650 0.9787
vn -0.1930 0.1458 0.9703
vn 0.8226 0.1458 0.5496
vn 0.7056 0.0650 0.7056
vn 0.6996 0.1458 0.6996
vn -0.3786 0.1458 -0.9140
vn -0.1947 0.0650 -0.9787
vn -0.1930 0.1458 -0.9703
vn -0.3819 0.0650 0.9219
vn -0.3786 0.1458 0.9140
vn 0.5544 0.0650 0.8297
vn 0.5496 0.1458 0.8226
vn -0.0000 0.0650 -0.9979
vn -0.0000 0.1458 -0.9893
vn -0.5544 0.0650 0.8297
vn -0.5496 0.1458 0.8226
vn 0.3786 0.1458 0.9140
vn 0.3819 0.0650 0.9219
vn 0.1947 0.0650 -0.9787
vn 0.1930 0.1458 -0.9703
vn -0.7056 0.0650 0.7056
vn -0.6996 0.1458 0.6996
vn 0.1947 0.0650 0.9787
vn 0.1930 0.1458 0.9703
vn 0.3819 0.0650 -0.9219
vn 0.3786 0.1458 -0.9140
vn -0.8297 0.0650 0.5544
vn -0.8226 0.1458 0.5496
vn -0.0000 0.0650 0.9979
vn 0.5544 0.0650 -0.8297
vn 0.5496 0.1458 -0.8226
vn -0.9140 0.1458 0.3786
vn -0.9219 0.0650 0.3819
vn 0.7056 0.0650 -0.7056
vn 0.6996 0.1458 -0.6996
vn -0.9787 0.0650 0.1947
vn -0.9703 0.1458 0.1930
vn 0.8297 0.0650 -0.5544
vn 0.8226 0.1458 -0.5496
vn -0.9979 0.0650 -0.0000
vn -0.9893 0.1458 -0.0000
vn 0.9140 0.1458 -0.3786
vn 0.9219 0.0650 -0.3819
vn -0.9787 0.0650 -0.1947
vn -0.9703 0.1458 -0.1930
vn 0.9787 0.0650 -0.1947
vn 0.9703 0.1458 -0.1930
vn -0.9219 0.0650 -0.3819
vn -0.9140 0.1458 -0.3786
vn 0.9979 0.0650 -0.0000
vn 0.9893 0.1458 -0.0000
vn -0.8297 0.0650 -0.5544
vn -0.8226 0.1458 -0.5496
vn 0.9787 0.0650 0.1947
vn 0.9703 0.1458 0.1930
vn -0.7056 0.0650 -0.7056
vn -0.6996 0.1458 -0.6996
vn 0.9219 0.0650 0.3819
vn 0.9140 0.1458 0.3786
vn -0.5544 0.0650 -0.8297
vn -0.5496 0.1458 -0.8226
vn 0.8297 0.0650 0.5544
vn -0.3819 0.0650 -0.9219
vn 0.3572 0.8630 -0.3572
vn 0.4667 0.8630 -0.1933
vn 0.3572 0.8630 0.3572
vn 0.1933 0.8630 0.4667
vn -0.3572 0.8630 0.3572
vn -0.4667 0.8630 0.1933
vn -0.3572 0.8630 -0.3572
vn -0.1933 0.8630 -0.4667
vn -0.0000 0.9439 -0.3304
vn 0.1264 0.9439 -0.3052
vn 0.2336 0.9439 -0.2336
vn 0.3304 0.9438 -0.0000
vn 0.3052 0.9439 0.1264
vn 0.2336 0.9439 0.2336
vn -0.0000 0.9439 0.3304
vn -0.1264 0.9439 0.3052
vn -0.2336 0.9439 0.2336
vn -0.3304 0.9438 -0.0000
vn -0.3052 0.9439 -0.1264
vn -0.2336 0.9439 -0.2336
vn -0.6949 0.1847 -0.6949
vn -0.9828 0.1847 -0.0000
vn -0.6949 0.1847 0.6949
vn -0.0000 0.1847 0.9828
vn 0.6949 0.1847 0.6949
vn 0.9828 0.1847 -0.0000
vn 0.6949 0.1847 -0.6949
vn -0.0000 0.1847 -0.9828
vn 0.4957 -0.0370 -0.8677
vn 0.0614 0.9977 -0.0283
vn -0.0741 0.9972 0.0001
vn 0.0741 -0.9973 -0.0001
vn 0.0741 -0.9973 0.0001
vn -0.0741 0.9973 -0.0001
vt 0.096369 0.104013
vt 0.096229 0.105114
vt 0.096167 0.105114
vt 0.096173 0.104013
vt 0.095983 0.105114
vt 0.095855 0.104013
vt 0.095684 0.105114
vt 0.095281 0.105114
vt 0.094905 0.104013
vt 0.094791 0.105114
vt 0.094231 0.105114
vt 0.093664 0.104013
vt 0.093624 0.105114
vt 0.092992 0.104013
vt 0.092992 0.105114
vt 0.092321 0.104013
vt 0.092361 0.105114
vt 0.091675 0.104013
vt 0.091753 0.105114
vt 0.091080 0.104013
vt 0.091194 0.105114
vt 0.090703 0.105114
vt 0.090130 0.104013
vt 0.090300 0.105114
vt 0.090001 0.105114
vt 0.089616 0.104013
vt 0.089817 0.105114
vt 0.089549 0.104013
vt 0.089755 0.105114
vt 0.089811 0.104013
vt 0.094310 0.104013
vt 0.096435 0.104013
vt 0.095820 0.105114
vt 0.095766 0.105114
vt 0.095605 0.105114
vt 0.095344 0.105114
vt 0.094992 0.105114
vt 0.094564 0.105114
vt 0.094075 0.105114
vt 0.093544 0.105114
vt 0.092440 0.105114
vt 0.091910 0.105114
vt 0.091421 0.105114
vt 0.090992 0.105114
vt 0.090641 0.105114
vt 0.090379 0.105114
vt 0.090218 0.105114
vt 0.090164 0.105114
vt 0.095547 0.105989
vt 0.095498 0.105989
vt 0.095353 0.105989
vt 0.095117 0.105989
vt 0.094799 0.105989
vt 0.094412 0.105989
vt 0.093970 0.105989
vt 0.093491 0.105989
vt 0.092992 0.105989
vt 0.092494 0.105989
vt 0.092014 0.105989
vt 0.091573 0.105989
vt 0.091186 0.105989
vt 0.090868 0.105989
vt 0.090632 0.105989
vt 0.090486 0.105989
vt 0.090437 0.105989
vt 0.096886 0.103250
vt 0.096775 0.103790
vt 0.096811 0.103250
vt 0.096850 0.103790
vt 0.096712 0.104013
vt 0.096556 0.103790
vt 0.096589 0.103250
vt 0.096496 0.104013
vt 0.096200 0.103790
vt 0.096229 0.103250
vt 0.096145 0.104013
vt 0.095720 0.103790
vt 0.095745 0.103250
vt 0.095674 0.104013
vt 0.095135 0.103790
vt 0.095155 0.103250
vt 0.095099 0.104013
vt 0.094468 0.103790
vt 0.094482 0.103250
vt 0.094444 0.104013
vt 0.093745 0.103790
vt 0.093752 0.103250
vt 0.093732 0.104013
vt 0.092992 0.103790
vt 0.092992 0.103250
vt 0.092240 0.103790
vt 0.092233 0.103250
vt 0.092252 0.104013
vt 0.091516 0.103790
vt 0.091502 0.103250
vt 0.091541 0.104013
vt 0.090849 0.103790
vt 0.090829 0.103250
vt 0.090885 0.104013
vt 0.090265 0.103790
vt 0.090239 0.103250
vt 0.090310 0.104013
vt 0.089785 0.103790
vt 0.089755 0.103250
vt 0.089839 0.104013
vt 0.089428 0.103790
vt 0.089395 0.103250
vt 0.089488 0.104013
vt 0.089209 0.103790
vt 0.089173 0.103250
vt 0.089273 0.104013
vt 0.089135 0.103790
vt 0.089099 0.103250
vt 0.089200 0.104013
vt 0.096785 0.104013
vt 0.096676 0.098689
vt 0.096920 0.098505
vt 0.096903 0.098689
vt 0.096688 0.098054
vt 0.096927 0.098237
vt 0.096916 0.098054
vt 0.095215 0.098054
vt 0.095829 0.098237
vt 0.095221 0.098237
vt 0.095207 0.098689
vt 0.094525 0.098505
vt 0.094518 0.098689
vt 0.096979 0.098689
vt 0.096997 0.098505
vt 0.095427 0.104013
vt 0.097004 0.098237
vt 0.096992 0.098054
vt 0.094528 0.098237
vt 0.094523 0.098054
vt 0.095824 0.098505
vt 0.095217 0.098505
vt 0.093775 0.098237
vt 0.093773 0.098054
vt 0.096307 0.098689
vt 0.095812 0.098689
vt 0.096692 0.098505
vt 0.092992 0.098237
vt 0.092992 0.098054
vt 0.090558 0.104013
vt 0.096322 0.098505
vt 0.092210 0.098237
vt 0.092212 0.098054
vt 0.091461 0.098054
vt 0.091457 0.098237
vt 0.090770 0.098054
vt 0.090763 0.098237
vt 0.093770 0.098689
vt 0.090155 0.098237
vt 0.090164 0.098054
vt 0.092992 0.098689
vt 0.093774 0.098505
vt 0.089666 0.098054
vt 0.089656 0.098237
vt 0.092211 0.098505
vt 0.092992 0.098505
vt 0.089285 0.098237
vt 0.089296 0.098054
vt 0.091466 0.098689
vt 0.092214 0.098689
vt 0.089057 0.098237
vt 0.089069 0.098054
vt 0.090777 0.098689
vt 0.091459 0.098505
vt 0.088980 0.098237
vt 0.088992 0.098054
vt 0.090160 0.098505
vt 0.090767 0.098505
vt 0.091474 0.097995
vt 0.092218 0.097995
vt 0.092992 0.097995
vt 0.090788 0.097995
vt 0.093766 0.097995
vt 0.090186 0.097995
vt 0.094511 0.097995
vt 0.089693 0.097995
vt 0.095197 0.097995
vt 0.089326 0.097995
vt 0.096884 0.097995
vt 0.095798 0.097995
vt 0.095821 0.098054
vt 0.089100 0.097995
vt 0.096658 0.097995
vt 0.096318 0.098054
vt 0.096292 0.097995
vt 0.089024 0.097995
vt 0.096961 0.097995
vt 0.089783 0.103208
vt 0.094469 0.103208
vt 0.090263 0.103208
vt 0.093745 0.103208
vt 0.090848 0.103208
vt 0.092992 0.103208
vt 0.091515 0.103208
vt 0.092239 0.103208
vt 0.095136 0.103208
vt 0.089427 0.103208
vt 0.096851 0.103208
vt 0.096777 0.103208
vt 0.095721 0.103208
vt 0.089207 0.103208
vt 0.096558 0.103208
vt 0.096201 0.103208
vt 0.089133 0.103208
vt 0.089677 0.098689
vt 0.089309 0.098689
vt 0.089082 0.098689
vt 0.096699 0.098237
vt 0.096328 0.098237
vt 0.089662 0.098505
vt 0.089292 0.098505
vt 0.089064 0.098505
vt 0.088987 0.098505
vt 0.090173 0.098689
vt 0.089005 0.098689
vt 0.095623 0.030728
vt 0.095260 0.030341
vt 0.095230 0.030728
vt 0.091781 0.030728
vt 0.092367 0.030341
vt 0.092375 0.030728
vt 0.091234 0.030728
vt 0.090725 0.030341
vt 0.090755 0.030728
vt 0.090361 0.030728
vt 0.089900 0.029228
vt 0.089797 0.029615
vt 0.089839 0.029228
vt 0.095649 0.029615
vt 0.095659 0.030341
vt 0.090336 0.029615
vt 0.090733 0.029615
vt 0.091211 0.030341
vt 0.091769 0.029615
vt 0.091217 0.029615
vt 0.096137 0.030341
vt 0.095944 0.029615
vt 0.095955 0.030341
vt 0.092992 0.030341
vt 0.092369 0.029615
vt 0.089847 0.030341
vt 0.090040 0.029615
vt 0.090029 0.030341
vt 0.094774 0.030341
vt 0.094215 0.029615
vt 0.094767 0.029615
vt 0.095251 0.029615
vt 0.090326 0.030341
vt 0.096649 0.094539
vt 0.096502 0.084385
vt 0.096571 0.084385
vt 0.096371 0.094539
vt 0.095968 0.084385
vt 0.096298 0.084385
vt 0.095578 0.094539
vt 0.094980 0.084385
vt 0.095523 0.084385
vt 0.094392 0.094539
vt 0.093690 0.084385
vt 0.094362 0.084385
vt 0.092992 0.094539
vt 0.092294 0.084385
vt 0.092992 0.084385
vt 0.091593 0.094539
vt 0.091004 0.084385
vt 0.091623 0.084385
vt 0.090406 0.094539
vt 0.090017 0.084385
vt 0.090462 0.084385
vt 0.089614 0.094539
vt 0.089482 0.084385
vt 0.089686 0.084385
vt 0.089335 0.094539
vt 0.089414 0.084385
vt 0.096096 0.030728
vt 0.096199 0.030341
vt 0.096157 0.030728
vt 0.092377 0.029228
vt 0.092992 0.029615
vt 0.092992 0.029228
vt 0.095222 0.029228
vt 0.095614 0.029228
vt 0.094199 0.029228
vt 0.093616 0.029615
vt 0.093607 0.029228
vt 0.090763 0.029228
vt 0.091241 0.029228
vt 0.090371 0.029228
vt 0.094203 0.030728
vt 0.093618 0.030341
vt 0.093610 0.030728
vt 0.090069 0.030728
vt 0.089889 0.030728
vt 0.089785 0.030341
vt 0.089858 0.029615
vt 0.096126 0.029615
vt 0.096187 0.029615
vt 0.096579 0.094539
vt 0.095024 0.094539
vt 0.093706 0.094539
vt 0.092279 0.094539
vt 0.089952 0.094539
vt 0.089405 0.094539
vt 0.090961 0.094539
vt 0.096033 0.094539
vt 0.096451 0.082380
vt 0.096092 0.041759
vt 0.096405 0.082380
vt 0.095980 0.039754
vt 0.096146 0.082380
vt 0.095662 0.041759
vt 0.095928 0.082380
vt 0.095279 0.039754
vt 0.095003 0.082380
vt 0.095135 0.041759
vt 0.094826 0.041759
vt 0.094230 0.039754
vt 0.094216 0.082380
vt 0.093710 0.041759
vt 0.093773 0.082380
vt 0.092992 0.039754
vt 0.092884 0.082380
vt 0.092486 0.041759
vt 0.092423 0.082380
vt 0.091755 0.039754
vt 0.091569 0.082380
vt 0.091338 0.041759
vt 0.091160 0.082380
vt 0.090705 0.039754
vt 0.090177 0.082380
vt 0.090696 0.041759
vt 0.090442 0.041759
vt 0.090004 0.039754
vt 0.089756 0.082380
vt 0.089935 0.041759
vt 0.089621 0.082380
vt 0.089758 0.039754
vt 0.089534 0.082380
vt 0.089893 0.041759
vt 0.089579 0.082380
vt 0.089838 0.082380
vt 0.090322 0.041759
vt 0.090057 0.082380
vt 0.090981 0.082380
vt 0.090849 0.041759
vt 0.091159 0.041759
vt 0.091768 0.082380
vt 0.092274 0.041759
vt 0.092212 0.082380
vt 0.093100 0.082380
vt 0.093499 0.041759
vt 0.093561 0.082380
vt 0.094415 0.082380
vt 0.094646 0.041759
vt 0.094824 0.082380
vt 0.095808 0.082380
vt 0.095288 0.041759
vt 0.095542 0.041759
vt 0.096229 0.082380
vt 0.096050 0.041759
vt 0.096363 0.082380
vt 0.096226 0.039754
vt 0.096644 0.095618
vt 0.096775 0.103937
vt 0.096716 0.095618
vt 0.094744 0.029228
vt 0.096702 0.103937
vt 0.096084 0.029228
vt 0.096432 0.095618
vt 0.091786 0.029228
vt 0.096137 0.103937
vt 0.096088 0.095618
vt 0.095667 0.103937
vt 0.095625 0.095618
vt 0.091765 0.030341
vt 0.095061 0.095618
vt 0.094219 0.030341
vt 0.095094 0.103937
vt 0.094417 0.095618
vt 0.094440 0.103937
vt 0.093719 0.095618
vt 0.092992 0.103937
vt 0.092992 0.095618
vt 0.092254 0.103937
vt 0.092266 0.095618
vt 0.091567 0.095618
vt 0.090891 0.103937
vt 0.090924 0.095618
vt 0.090317 0.103937
vt 0.090359 0.095618
vt 0.089896 0.095618
vt 0.089847 0.103937
vt 0.089552 0.095618
vt 0.089497 0.103937
vt 0.089340 0.095618
vt 0.089210 0.103937
vt 0.089269 0.095618
vt 0.089282 0.103937
vt 0.095916 0.030728
vt 0.096145 0.029228
vt 0.094750 0.030728
vt 0.091545 0.103937
vt 0.093730 0.103937
vt 0.090079 0.029228
vt 0.096487 0.103937
vt 0.096164 0.039754
vt 0.096131 0.041759
vt 0.095851 0.041759
vt 0.095681 0.039754
vt 0.095361 0.082380
vt 0.094789 0.039754
vt 0.094094 0.041759
vt 0.093623 0.039754
vt 0.092884 0.041759
vt 0.092361 0.039754
vt 0.091691 0.041759
vt 0.091195 0.039754
vt 0.090470 0.082380
vt 0.090303 0.039754
vt 0.090051 0.041759
vt 0.089820 0.039754
vt 0.089853 0.041759
vt 0.090133 0.041759
vt 0.090623 0.082380
vt 0.091891 0.041759
vt 0.093100 0.041759
vt 0.094293 0.041759
vt 0.095514 0.082380
vt 0.095933 0.041759
vt 0.095905 0.029228
vt 0.092992 0.030728
vt 0.089828 0.030728
vt 0.096020 0.020932
vt 0.095844 0.020932
vt 0.095559 0.020932
vt 0.095175 0.020932
vt 0.094707 0.020932
vt 0.094174 0.020932
vt 0.093594 0.020932
vt 0.092992 0.020932
vt 0.092390 0.020932
vt 0.091811 0.020932
vt 0.091277 0.020932
vt 0.090809 0.020932
vt 0.090425 0.020932
vt 0.090140 0.020932
vt 0.089964 0.020932
vt 0.089905 0.020932
vt 0.096079 0.020932
vt 0.091788 0.020932
vt 0.091244 0.020932
vt 0.092992 0.020202
vt 0.092379 0.020202
vt 0.090767 0.020932
vt 0.090088 0.020202
vt 0.089909 0.020202
vt 0.090375 0.020932
vt 0.094738 0.020202
vt 0.094195 0.020202
vt 0.090084 0.020932
vt 0.096075 0.020202
vt 0.096135 0.020202
vt 0.089905 0.020932
vt 0.091789 0.020202
vt 0.090379 0.020202
vt 0.089845 0.020932
vt 0.095215 0.020202
vt 0.095896 0.020202
vt 0.091246 0.020202
vt 0.090770 0.020202
vt 0.095606 0.020202
vt 0.092378 0.020932
vt 0.096140 0.020932
vt 0.096079 0.020932
vt 0.095900 0.020932
vt 0.095609 0.020932
vt 0.095218 0.020932
vt 0.094197 0.020932
vt 0.093605 0.020202
vt 0.093606 0.020932
vt 0.089849 0.020202
vt 0.094741 0.020932
vt 0.092694 0.109140
vt 0.093291 0.109520
vt 0.093291 0.109140
vt 0.092694 0.109520
vt 0.093291 0.109798
vt 0.092694 0.109798
vt 0.093291 0.109900
vt 0.092694 0.109900
vt 0.092694 0.106259
vt 0.093291 0.106361
vt 0.093291 0.106259
vt 0.092694 0.106361
vt 0.093291 0.106639
vt 0.092694 0.106639
vt 0.093291 0.107019
vt 0.092694 0.107019
vt 0.093291 0.109332
vt 0.092694 0.109092
vt 0.093291 0.109092
vt 0.093291 0.109472
vt 0.092694 0.109332
vt 0.093291 0.109536
vt 0.092694 0.109472
vt 0.092694 0.109536
vt 0.093291 0.106035
vt 0.092694 0.105895
vt 0.093291 0.105895
vt 0.093291 0.106451
vt 0.092694 0.106035
vt 0.093291 0.106971
vt 0.092694 0.106451
vt 0.092694 0.106971
vt 0.091799 0.087209
vt 0.091810 0.092627
vt 0.091799 0.092655
vt 0.091840 0.087160
vt 0.091840 0.092606
vt 0.091882 0.087153
vt 0.091882 0.092599
vt 0.094186 0.092655
vt 0.094174 0.087181
vt 0.094186 0.087209
vt 0.094174 0.092627
vt 0.094144 0.087160
vt 0.094144 0.092606
vt 0.094103 0.087153
vt 0.091716 0.092869
vt 0.091757 0.087416
vt 0.091757 0.092862
vt 0.091788 0.087395
vt 0.091788 0.092841
vt 0.091799 0.087367
vt 0.091799 0.092813
vt 0.094269 0.092869
vt 0.094227 0.087416
vt 0.094269 0.087423
vt 0.094227 0.092862
vt 0.094197 0.087395
vt 0.094186 0.092813
vt 0.094186 0.087367
vt 0.091716 0.087423
vt 0.091401 0.092869
vt 0.091401 0.087423
vt 0.094583 0.092869
vt 0.091846 0.092641
vt 0.091838 0.087213
vt 0.091838 0.092659
vt 0.091861 0.092630
vt 0.091846 0.087195
vt 0.091887 0.087180
vt 0.091861 0.087184
vt 0.094146 0.087213
vt 0.094139 0.092641
vt 0.094146 0.092659
vt 0.094139 0.087195
vt 0.094123 0.092630
vt 0.094123 0.087184
vt 0.094097 0.092626
vt 0.091732 0.092894
vt 0.091780 0.087438
vt 0.091732 0.087448
vt 0.091780 0.092884
vt 0.091823 0.087409
vt 0.091823 0.092855
vt 0.091838 0.087370
vt 0.094204 0.087438
vt 0.094252 0.092894
vt 0.094252 0.087448
vt 0.094161 0.087409
vt 0.094204 0.092884
vt 0.094146 0.087370
vt 0.094161 0.092855
vt 0.091838 0.092816
vt 0.094097 0.087180
vt 0.094146 0.092816
vt 0.091418 0.092894
vt 0.094567 0.092894
vt 0.094583 0.087423
vt 0.091418 0.087448
vt 0.091810 0.087181
vt 0.094103 0.092599
vt 0.094197 0.092841
vt 0.091887 0.092626
vt 0.094567 0.087448
vt 0.092858 0.106537
vt 0.092888 0.106060
vt 0.092888 0.106537
vt 0.092815 0.106537
vt 0.092858 0.106060
vt 0.092785 0.106537
vt 0.092815 0.106060
vt 0.092785 0.106060
vt 0.092837 0.106537
vt 0.093096 0.106060
vt 0.093126 0.106537
vt 0.093096 0.106537
vt 0.093126 0.106060
vt 0.093169 0.106537
vt 0.093169 0.106060
vt 0.093200 0.106537
vt 0.093200 0.106060
vt 0.093148 0.106537
vt 0.091629 0.091892
vt 0.091625 0.092170
vt 0.091602 0.092170
vt 0.091629 0.091500
vt 0.091652 0.091892
vt 0.091602 0.091222
vt 0.091652 0.091500
vt 0.091586 0.091222
vt 0.091625 0.091222
vt 0.091563 0.091222
vt 0.091559 0.091500
vt 0.091536 0.091892
vt 0.091536 0.091500
vt 0.091563 0.092170
vt 0.091559 0.091892
vt 0.094383 0.092170
vt 0.094355 0.091892
vt 0.094402 0.091696
vt 0.091586 0.092170
vt 0.094360 0.092170
vt 0.094333 0.091892
vt 0.094355 0.091500
vt 0.094333 0.091500
vt 0.094383 0.091222
vt 0.094398 0.091222
vt 0.094421 0.091222
vt 0.094448 0.091500
vt 0.094425 0.091500
vt 0.094448 0.091892
vt 0.094425 0.091892
vt 0.094421 0.092170
vt 0.091602 0.088320
vt 0.091629 0.088597
vt 0.091582 0.088794
vt 0.094398 0.092170
vt 0.091652 0.088597
vt 0.091629 0.088990
vt 0.091652 0.088990
vt 0.091602 0.089267
vt 0.091586 0.089267
vt 0.091563 0.089267
vt 0.091536 0.088990
vt 0.091559 0.088990
vt 0.091536 0.088597
vt 0.091586 0.088320
vt 0.091563 0.088320
vt 0.094383 0.088320
vt 0.094421 0.088320
vt 0.094402 0.088794
vt 0.094355 0.088597
vt 0.094360 0.088320
vt 0.094355 0.088990
vt 0.094333 0.088597
vt 0.094383 0.089267
vt 0.094333 0.088990
vt 0.094398 0.089267
vt 0.094360 0.089267
vt 0.094448 0.088990
vt 0.094421 0.089267
vt 0.094448 0.088597
vt 0.094425 0.088990
vt 0.094398 0.088320
vt 0.094425 0.088597
vt 0.091582 0.091696
vt 0.094360 0.091222
vt 0.091625 0.088320
vt 0.091625 0.089267
vt 0.091559 0.088597
vt 0.089265 0.103937
vt 0.089337 0.103937
vt 0.095628 0.103937
vt 0.096648 0.103937
vt 0.091566 0.103937
vt 0.090921 0.103937
vt 0.089549 0.103937
vt 0.093719 0.103937
vt 0.095063 0.103937
vt 0.096719 0.103937
vt 0.090357 0.103937
vt 0.089893 0.103937
vt 0.094418 0.103937
vt 0.096436 0.103937
vt 0.096091 0.103937
vt 0.092265 0.103937
vt 0.096344 0.088999
vt 0.095806 0.021184
vt 0.096279 0.088999
vt 0.094854 0.088999
vt 0.095021 0.021184
vt 0.095362 0.088999
vt 0.089896 0.088999
vt 0.090178 0.021184
vt 0.089705 0.088999
vt 0.095643 0.021184
vt 0.096089 0.088999
vt 0.095378 0.021184
vt 0.095779 0.088999
vt 0.090123 0.021184
vt 0.089641 0.088999
vt 0.090341 0.021184
vt 0.094586 0.021184
vt 0.095861 0.021184
vt 0.090607 0.021184
vt 0.090205 0.088999
vt 0.094275 0.088999
vt 0.094090 0.021184
vt 0.090963 0.021184
vt 0.090622 0.088999
vt 0.093552 0.021184
vt 0.093646 0.088999
vt 0.091398 0.021184
vt 0.091130 0.088999
vt 0.092992 0.021184
vt 0.092992 0.088999
vt 0.091710 0.088999
vt 0.091894 0.021184
vt 0.092432 0.021184
vt 0.092338 0.088999
s 1
g metal_garbage_can_01_small_metal_rough
usemtl metal_rough
f 65/1/1 98/2/2 97/3/3
f 67/4/4 97/3/3 99/5/5
f 68/6/6 99/5/5 100/7/7
f 101/8/8 68/6/6 100/7/7
f 70/9/9 101/8/8 102/10/10
f 103/11/11 70/9/9 102/10/10
f 72/12/12 103/11/11 104/13/13
f 73/14/14 104/13/13 105/15/15
f 74/16/16 105/15/15 106/17/17
f 75/18/18 106/17/17 107/19/19
f 76/20/20 107/19/19 108/21/21
f 109/22/22 76/20/20 108/21/21
f 78/23/23 109/22/22 110/24/24
f 111/25/25 78/23/23 110/24/24
f 80/26/26 111/25/25 112/27/27
f 81/28/28 112/27/27 113/29/29
f 82/26/30 113/29/29 114/27/31
f 83/30/32 114/27/31 115/25/33
f 84/23/34 115/25/33 116/24/35
f 117/22/36 84/23/34 116/24/35
f 86/20/37 117/22/36 118/21/38
f 119/19/39 86/20/37 118/21/38
f 88/16/40 119/19/39 120/17/41
f 89/14/42 120/17/41 121/15/43
f 90/12/44 121/15/43 122/13/45
f 91/31/46 122/13/45 123/11/47
f 92/9/48 123/11/47 124/10/49
f 125/8/50 92/9/48 124/10/49
f 94/6/51 125/8/50 126/7/52
f 127/5/53 94/6/51 126/7/52
f 96/1/54 127/5/53 128/3/55
f 66/32/56 128/3/55 98/2/2
f 97/3/3 130/33/57 129/34/57
f 99/5/5 129/34/57 131/35/57
f 100/7/7 131/35/57 132/36/57
f 133/37/57 100/7/7 132/36/57
f 102/10/10 133/37/57 134/38/57
f 103/11/11 134/38/57 135/39/57
f 104/13/13 135/39/57 136/40/57
f 105/15/15 136/40/57 137/15/57
f 106/17/17 137/15/57 138/41/57
f 107/19/19 138/41/57 139/42/57
f 108/21/21 139/42/57 140/43/57
f 141/44/57 108/21/21 140/43/57
f 110/24/24 141/44/57 142/45/57
f 111/25/25 142/45/57 143/46/57
f 112/27/27 143/46/57 144/47/57
f 113/29/29 144/47/57 145/48/57
f 114/27/31 145/48/57 146/47/57
f 115/25/33 146/47/57 147/46/57
f 116/24/35 147/46/57 148/45/57
f 149/44/57 116/24/35 148/45/57
f 118/21/38 149/44/57 150/43/57
f 119/19/39 150/43/57 151/42/57
f 120/17/41 151/42/57 152/41/57
f 121/15/43 152/41/57 153/15/57
f 122/13/45 153/15/57 154/40/57
f 123/11/47 154/40/57 155/39/57
f 124/10/49 155/39/57 156/38/57
f 157/37/57 124/10/49 156/38/57
f 126/7/52 157/37/57 158/36/57
f 127/5/53 158/36/57 159/35/57
f 128/3/55 159/35/57 160/34/57
f 98/2/2 160/34/57 130/33/57
s 2
f 129/34/58 32/49/59 33/50/60
f 34/51/61 129/34/58 33/50/60
f 132/36/62 34/51/61 35/52/63
f 36/53/64 132/36/62 35/52/63
f 134/38/65 36/53/64 37/54/66
f 38/55/67 134/38/65 37/54/66
f 39/56/68 135/39/69 38/55/67
f 40/57/70 136/40/71 39/56/68
f 138/41/72 40/57/70 41/58/73
f 42/59/74 138/41/72 41/58/73
f 140/43/75 42/59/74 43/60/76
f 44/61/77 140/43/75 43/60/76
f 142/45/78 44/61/77 45/62/79
f 46/63/80 142/45/78 45/62/79
f 47/64/81 143/46/82 46/63/80
f 48/65/83 144/47/84 47/64/81
f 146/47/85 48/65/83 49/64/86
f 50/63/87 146/47/85 49/64/86
f 148/45/88 50/63/87 51/62/89
f 52/61/90 148/45/88 51/62/89
f 150/43/91 52/61/90 53/60/92
f 54/59/93 150/43/91 53/60/92
f 55/58/94 151/42/95 54/59/93
f 56/57/96 152/41/97 55/58/94
f 154/40/98 56/57/96 57/56/99
f 58/55/100 154/40/98 57/56/99
f 156/38/101 58/55/100 59/54/102
f 60/53/103 156/38/101 59/54/102
f 158/36/104 60/53/103 61/52/105
f 62/51/106 158/36/104 61/52/105
f 63/50/107 159/35/108 62/51/106
f 32/49/59 160/34/109 63/50/107
f 33/50/60 161/57/57 34/51/61
f 34/51/61 161/57/57 35/52/63
f 35/52/63 161/57/57 36/53/64
f 36/53/64 161/57/57 37/54/66
f 37/54/66 161/57/57 38/55/67
f 38/55/67 161/57/57 39/56/68
f 39/56/68 161/57/57 40/57/70
f 40/57/70 161/57/57 41/58/73
f 41/58/73 161/57/57 42/59/74
f 42/59/74 161/57/57 43/60/76
f 43/60/76 161/57/57 44/61/77
f 44/61/77 161/57/57 45/62/79
f 45/62/79 161/57/57 46/63/80
f 46/63/80 161/57/57 47/64/81
f 47/64/81 161/57/57 48/65/83
f 48/65/83 161/57/57 49/64/86
f 49/64/86 161/57/57 50/63/87
f 50/63/87 161/57/57 51/62/89
f 51/62/89 161/57/57 52/61/90
f 52/61/90 161/57/57 53/60/92
f 53/60/92 161/57/57 54/59/93
f 54/59/93 161/57/57 55/58/94
f 55/58/94 161/57/57 56/57/96
f 56/57/96 161/57/57 57/56/99
f 57/56/99 161/57/57 58/55/100
f 58/55/100 161/57/57 59/54/102
f 59/54/102 161/57/57 60/53/103
f 60/53/103 161/57/57 61/52/105
f 61/52/105 161/57/57 62/51/106
f 62/51/106 161/57/57 63/50/107
f 63/50/107 161/57/57 32/49/59
f 32/49/59 161/57/57 33/50/60
s 3
f 165/66/110 164/67/111 163/68/112
f 167/69/113 162/70/114 164/67/111
f 163/68/112 170/71/115 169/72/116
f 164/67/111 168/73/117 170/71/115
f 169/72/116 173/74/118 172/75/119
f 173/74/118 168/73/117 171/76/120
f 172/75/119 176/77/121 175/78/122
f 173/74/118 174/79/123 176/77/121
f 175/78/122 179/80/124 178/81/125
f 179/80/124 174/79/123 177/82/126
f 178/81/125 182/83/127 181/84/128
f 179/80/124 180/85/129 182/83/127
f 181/84/128 185/86/130 184/87/131
f 182/83/127 183/88/132 185/86/130
f 184/87/131 188/89/133 187/90/134
f 185/86/130 186/14/135 188/89/133
f 187/90/134 191/91/136 190/92/137
f 188/89/133 189/93/138 191/91/136
f 190/92/137 194/94/139 193/95/140
f 191/91/136 192/96/141 194/94/139
f 193/95/140 197/97/142 196/98/143
f 197/97/142 192/96/141 195/99/144
f 196/98/143 200/100/145 199/101/146
f 197/97/142 198/102/147 200/100/145
f 199/101/146 203/103/148 202/104/149
f 203/103/148 198/102/147 201/105/150
f 202/104/149 206/106/151 205/107/152
f 203/103/148 204/108/153 206/106/151
f 205/107/152 209/109/154 208/110/155
f 206/106/151 207/111/156 209/109/154
f 208/110/155 212/112/157 211/113/158
f 209/109/154 210/114/159 212/112/157
f 211/113/158 215/109/160 214/110/161
f 212/112/157 213/111/162 215/109/160
f 214/110/161 218/106/163 217/107/164
f 215/109/160 216/108/165 218/106/163
f 217/107/164 221/103/166 220/104/167
f 221/103/166 216/108/165 219/105/168
f 220/104/167 224/100/169 223/101/170
f 221/103/166 222/102/171 224/100/169
f 223/101/170 227/97/172 226/98/173
f 227/97/172 222/102/171 225/99/174
f 226/98/173 230/94/175 229/95/176
f 227/97/172 228/96/177 230/94/175
f 229/95/176 233/91/178 232/92/179
f 230/94/175 231/93/180 233/91/178
f 232/92/179 236/89/181 235/90/182
f 233/91/178 234/14/183 236/89/181
f 235/90/182 239/86/184 238/87/185
f 236/89/181 237/88/186 239/86/184
f 238/87/185 242/83/187 241/84/188
f 239/86/184 240/85/189 242/83/187
f 241/84/188 245/80/190 244/81/191
f 245/80/190 240/85/189 243/82/192
f 244/81/191 248/77/193 247/78/194
f 245/80/190 246/79/195 248/77/193
f 247/78/194 251/74/196 250/75/197
f 251/74/196 246/79/195 249/76/198
f 250/75/197 254/71/199 253/72/200
f 251/74/196 252/73/201 254/71/199
f 253/72/200 257/67/202 256/68/203
f 254/71/199 255/70/204 257/67/202
f 256/68/203 167/69/113 165/66/110
f 257/67/202 166/115/205 167/69/113
s 4
f 323/116/206 416/117/207 324/118/208
s 3
f 168/73/117 65/1/57 67/4/57
s 4
f 1/119/209 356/120/210 64/121/211
s 3
f 162/70/114 66/32/57 65/1/57
s 4
f 26/122/212 383/123/213 382/124/214
s 3
f 166/115/205 96/1/57 66/32/57
s 4
f 351/125/215 411/126/216 350/127/217
s 3
f 171/76/120 67/4/57 68/6/57
s 4
f 325/128/218 416/117/207 417/129/219
s 3
f 69/130/57 171/76/120 68/6/57
s 4
f 64/121/211 355/131/220 30/132/221
s 3
f 177/82/126 69/130/57 70/9/57
s 4
f 26/122/212 381/133/222 25/134/223
s 3
f 71/31/57 177/82/126 70/9/57
s 4
f 351/125/215 413/135/224 412/136/225
s 3
f 72/12/57 180/85/129 71/31/57
s 4
f 325/128/218 418/117/226 326/118/227
s 3
f 186/14/135 72/12/57 73/14/57
s 4
f 25/134/223 380/137/228 24/138/229
s 3
f 189/93/138 73/14/57 74/16/57
s 4
f 353/139/230 413/135/224 352/140/231
s 3
f 192/96/141 74/16/57 75/18/57
s 4
f 327/139/232 387/141/233 323/116/206
s 3
f 195/99/144 75/18/57 76/20/57
s 4
f 24/138/229 379/142/234 23/143/235
s 3
f 77/144/57 195/99/144 76/20/57
s 4
f 354/116/236 414/145/237 353/139/230
s 3
f 201/105/150 77/144/57 78/23/57
s 4
f 327/139/232 389/135/238 388/145/239
s 3
f 79/30/57 201/105/150 78/23/57
s 4
f 23/143/235 378/146/240 22/147/241
s 3
f 80/26/57 204/108/153 79/30/57
s 4
f 326/118/227 415/141/242 354/116/236
s 3
f 210/114/159 80/26/57 81/28/57
s 4
f 329/125/243 389/135/238 328/140/244
s 3
f 213/111/162 81/28/57 82/26/57
s 4
f 21/148/245 378/146/240 377/149/246
s 3
f 216/108/165 82/26/57 83/30/57
s 4
f 330/127/247 390/136/248 329/125/243
s 3
f 219/105/168 83/30/57 84/23/57
s 4
f 20/150/249 377/149/246 376/151/250
s 3
f 85/144/57 219/105/168 84/23/57
s 4
f 331/152/251 391/126/252 330/127/247
s 3
f 225/99/174 85/144/57 86/20/57
s 4
f 20/150/249 375/153/253 19/154/254
s 3
f 87/18/57 225/99/174 86/20/57
s 4
f 332/155/255 392/156/256 331/152/251
s 3
f 88/16/57 228/96/177 87/18/57
s 4
f 18/157/257 375/153/253 374/158/258
s 3
f 234/14/183 88/16/57 89/14/57
s 4
f 332/155/255 394/159/259 393/160/260
s 3
f 237/88/186 89/14/57 90/12/57
s 4
f 18/157/257 373/161/261 17/162/262
s 3
f 240/85/189 90/12/57 91/31/57
s 4
f 334/163/263 394/159/259 333/164/264
s 3
f 243/82/192 91/31/57 92/9/57
s 4
f 17/162/262 372/165/265 16/166/266
s 3
f 93/130/57 243/82/192 92/9/57
s 4
f 335/167/267 395/168/268 334/163/263
s 3
f 249/76/198 93/130/57 94/6/57
s 4
f 16/166/266 371/169/269 15/170/270
s 3
f 95/4/57 249/76/198 94/6/57
s 4
f 335/167/267 397/171/271 396/172/272
s 3
f 96/1/57 252/73/201 95/4/57
s 4
f 20/150/249 278/173/273 21/148/245
f 7/143/274 265/174/275 8/147/276
f 21/148/245 279/174/277 22/147/241
f 9/148/278 265/174/275 266/173/279
f 22/147/241 280/175/280 23/143/235
f 9/148/278 267/176/281 10/150/282
f 23/143/235 281/177/283 24/138/229
f 10/150/282 268/178/284 11/154/285
f 25/134/223 281/177/283 282/179/286
f 12/157/287 268/178/284 269/180/288
f 25/134/223 283/181/289 26/122/212
f 12/157/287 270/182/290 13/162/291
f 30/132/221 289/183/292 64/121/211
f 26/122/212 284/184/293 27/185/294
f 13/162/291 271/186/295 14/166/296
f 1/119/209 289/183/292 258/187/297
f 28/188/298 284/184/293 285/189/299
f 14/166/296 272/190/300 15/170/270
f 1/119/209 259/189/301 2/188/302
f 28/188/298 286/187/303 29/119/304
f 15/170/270 273/186/305 16/166/266
f 2/188/302 260/184/306 3/185/307
f 29/119/304 288/183/308 31/121/309
f 17/162/262 273/186/305 274/182/310
f 4/122/311 260/184/306 261/181/312
f 31/121/309 287/191/313 30/132/221
f 17/162/262 275/180/314 18/157/257
f 4/122/311 262/179/315 5/134/316
f 18/157/257 276/178/317 19/154/254
f 5/134/316 263/177/318 6/138/319
f 20/150/249 276/178/317 277/176/320
f 6/138/319 264/175/321 7/143/274
s 5
f 274/182/322 307/192/323 275/180/323
f 261/181/324 294/193/325 262/179/325
f 275/180/323 308/194/326 276/178/326
f 262/179/325 295/195/327 263/177/327
f 276/178/326 309/196/328 277/176/328
f 263/177/327 296/197/329 264/175/329
f 277/176/328 310/198/330 278/173/330
f 265/174/331 296/197/329 297/199/331
f 278/173/330 311/199/332 279/174/332
f 265/174/331 298/198/333 266/173/333
f 279/174/332 312/197/334 280/175/334
f 266/173/333 299/196/335 267/176/335
f 281/177/336 312/197/334 313/195/336
f 267/176/335 300/194/337 268/178/337
f 281/177/336 314/193/338 282/179/338
f 268/178/337 301/192/339 269/180/339
f 282/179/338 315/200/340 283/181/340
f 269/180/339 302/201/341 270/182/341
f 289/183/342 319/202/343 321/203/342
f 283/181/340 316/204/344 284/184/344
f 270/182/341 303/205/345 271/186/345
f 289/183/342 290/206/346 258/187/346
f 284/184/344 317/207/347 285/189/347
f 271/186/345 304/208/348 272/190/348
f 258/187/346 291/207/349 259/189/349
f 285/189/347 318/206/350 286/187/350
f 273/186/351 304/208/348 305/205/351
f 259/189/349 292/204/352 260/184/352
f 286/187/350 320/203/353 288/183/353
f 273/186/351 306/201/322 274/182/322
f 260/184/352 293/200/324 261/181/324
f 288/183/353 319/202/343 287/191/343
s 6
f 319/202/354 320/203/354 322/197/354
f 320/203/354 318/206/354 322/197/354
f 318/206/354 317/207/354 322/197/354
f 317/207/354 316/204/354 322/197/354
f 316/204/354 315/200/354 322/197/354
f 315/200/354 314/193/354 322/197/354
f 314/193/354 313/195/354 322/197/354
f 313/195/354 312/197/354 322/197/354
f 312/197/354 311/199/354 322/197/354
f 311/199/354 310/198/354 322/197/354
f 310/198/354 309/196/354 322/197/354
f 309/196/354 308/194/354 322/197/354
f 308/194/354 307/192/354 322/197/354
f 307/192/354 306/201/354 322/197/354
f 306/201/354 305/205/354 322/197/354
f 305/205/354 304/208/354 322/197/354
f 304/208/354 303/205/354 322/197/354
f 303/205/354 302/201/354 322/197/354
f 302/201/354 301/192/354 322/197/354
f 301/192/354 300/194/354 322/197/354
f 300/194/354 299/196/354 322/197/354
f 299/196/354 298/198/354 322/197/354
f 298/198/354 297/199/354 322/197/354
f 297/199/354 296/197/354 322/197/354
f 296/197/354 295/195/354 322/197/354
f 295/195/354 294/193/354 322/197/354
f 294/193/354 293/200/354 322/197/354
f 293/200/354 292/204/354 322/197/354
f 292/204/354 291/207/354 322/197/354
f 291/207/354 290/206/354 322/197/354
f 290/206/354 321/203/354 322/197/354
f 321/203/354 319/202/354 322/197/354
s 3
f 326/118/355 253/72/200 256/68/203
f 354/116/356 250/75/197 253/72/200
f 353/139/357 247/78/194 250/75/197
f 247/78/194 351/125/358 244/81/191
f 244/81/191 350/127/359 241/84/188
f 241/84/188 349/152/360 238/87/185
f 349/152/360 235/90/182 238/87/185
f 235/90/182 347/164/361 232/92/179
f 347/164/361 229/95/176 232/92/179
f 346/163/362 226/98/173 229/95/176
f 345/167/363 223/101/170 226/98/173
f 223/101/170 343/209/364 220/104/167
f 220/104/167 342/210/365 217/107/164
f 217/107/164 341/211/366 214/110/161
f 341/211/366 211/113/158 214/110/161
f 211/113/158 339/211/367 208/110/155
f 339/211/367 205/107/152 208/110/155
f 338/210/368 202/104/149 205/107/152
f 337/209/369 199/101/146 202/104/149
f 199/101/146 335/167/370 196/98/143
f 196/98/143 334/163/371 193/95/140
f 193/95/140 333/164/372 190/92/137
f 333/164/372 187/90/134 190/92/137
f 187/90/134 331/152/373 184/87/131
f 331/152/373 181/84/128 184/87/131
f 330/127/374 178/81/125 181/84/128
f 329/125/375 175/78/122 178/81/125
f 175/78/122 327/139/376 172/75/119
f 172/75/119 323/116/377 169/72/116
f 165/66/110 326/118/355 256/68/203
f 324/118/378 165/66/110 163/68/112
f 169/72/116 324/118/378 163/68/112
s 4
f 385/212/379 416/117/207 387/141/233
f 386/120/380 417/129/219 416/117/207
f 355/131/220 418/117/226 417/129/219
f 384/213/381 387/141/233 388/145/239
f 383/123/213 388/145/239 389/135/238
f 390/136/248 383/123/213 389/135/238
f 391/126/252 382/124/214 390/136/248
f 380/137/228 391/126/252 392/156/256
f 379/142/234 392/156/256 393/160/260
f 378/146/240 393/160/260 394/159/259
f 377/149/246 394/159/259 395/168/268
f 376/151/250 395/168/268 396/172/272
f 375/153/253 396/172/272 397/171/271
f 398/214/382 375/153/253 397/171/271
f 399/215/383 374/158/258 398/214/382
f 372/165/265 399/215/383 400/216/384
f 371/169/269 400/216/384 401/217/385
f 370/165/386 401/217/385 402/216/387
f 369/161/388 402/216/387 403/215/389
f 368/158/390 403/215/389 404/214/391
f 367/153/392 404/214/391 405/171/393
f 406/172/394 367/153/392 405/171/393
f 407/168/395 366/151/396 406/172/394
f 364/146/397 407/168/395 408/159/398
f 363/142/399 408/159/398 409/160/400
f 362/137/401 409/160/400 410/156/402
f 361/133/403 410/156/402 411/126/216
f 360/124/404 411/126/216 412/136/225
f 359/123/405 412/136/225 413/135/224
f 414/145/237 359/123/405 413/135/224
f 415/141/242 358/213/406 414/145/237
f 356/120/210 415/141/242 418/117/226
f 350/127/217 410/156/402 349/152/407
f 28/188/298 383/123/213 27/185/294
f 2/188/302 357/212/408 1/119/209
f 348/155/409 410/156/402 409/160/400
f 28/188/298 385/212/379 384/213/381
f 2/188/302 359/123/405 358/213/406
f 348/155/409 408/159/398 347/164/410
f 29/119/304 386/120/380 385/212/379
f 4/122/311 359/123/405 3/185/307
f 347/164/410 407/168/395 346/163/411
f 30/132/221 386/120/380 31/121/309
f 4/122/311 361/133/403 360/124/404
f 346/163/411 406/172/394 345/167/412
f 5/134/316 362/137/401 361/133/403
f 345/167/412 405/171/393 344/218/413
f 7/143/274 362/137/401 6/138/319
f 343/209/414 405/171/393 404/214/391
f 8/147/276 363/142/399 7/143/274
f 343/209/414 403/215/389 342/210/415
f 9/148/278 364/146/397 8/147/276
f 342/210/415 402/216/387 341/211/416
f 10/150/282 365/149/417 9/148/278
f 340/219/418 402/216/387 401/217/385
f 10/150/282 367/153/392 366/151/396
f 340/219/418 400/216/384 339/211/419
f 12/157/287 367/153/392 11/154/285
f 339/211/419 399/215/383 338/210/420
f 12/157/287 369/161/388 368/158/390
f 338/210/420 398/214/382 337/209/421
f 13/162/291 370/165/386 369/161/388
f 337/209/421 397/171/271 336/218/422
f 15/170/270 370/165/386 14/166/296
s 7
f 646/220/423 713/221/424 649/222/424
f 685/223/425 722/224/426 686/225/426
f 662/226/427 457/227/428 664/228/428
f 679/229/429 724/227/430 680/228/430
s 8
f 675/230/431 463/231/432 672/232/433
f 478/221/434 719/233/435 718/234/436
f 724/227/437 467/235/438 725/236/439
f 730/237/440 455/238/441 731/239/442
f 738/240/443 737/241/444 736/242/445
f 732/243/446 452/244/447 453/224/448
f 726/245/449 464/246/450 465/247/451
f 477/248/452 721/249/453 476/250/454
f 713/221/455 715/233/456 712/251/457
f 457/227/458 459/235/459 458/252/460
s 9
f 549/253/461 643/254/462 582/255/463
f 551/256/464 639/257/465 641/258/466
f 553/259/467 635/260/468 637/261/469
f 555/262/470 631/263/471 633/264/472
f 557/265/473 627/266/474 629/267/475
f 559/268/476 623/269/477 625/270/478
f 561/271/479 619/272/480 621/273/481
f 563/274/482 615/275/483 617/276/484
f 565/277/485 611/275/486 613/278/487
f 567/274/488 607/272/489 609/276/490
f 569/271/491 603/269/492 605/273/493
f 571/268/494 599/266/495 601/270/496
f 573/265/497 595/263/498 597/267/499
f 575/262/500 591/260/501 593/264/502
f 577/259/503 587/257/504 589/261/505
f 579/256/506 581/254/507 585/258/508
s 7
f 705/279/509 717/280/510 707/281/510
s 8
f 659/282/511 733/283/512 657/284/513
f 648/285/514 715/233/456 647/286/515
f 693/287/516 475/288/517 690/289/518
f 690/289/518 472/283/519 689/284/520
f 665/290/521 731/239/442 663/291/522
f 653/287/523 708/288/524 711/249/525
f 681/290/526 467/235/438 678/292/527
s 7
f 652/293/528 709/294/529 655/295/529
f 668/296/530 461/245/531 670/297/531
s 8
f 722/224/532 471/238/533 723/244/534
f 462/298/535 727/299/536 726/245/449
f 713/221/455 735/250/537 734/248/538
f 714/234/539 737/241/444 715/233/456
f 461/245/540 729/246/541 460/299/542
f 724/227/437 468/239/543 469/237/544
f 717/280/545 483/300/546 716/301/547
f 709/294/548 711/249/525 708/288/524
s 9
f 548/302/549 582/255/463 581/254/507
f 550/302/550 641/258/466 643/254/462
f 639/257/465 553/259/467 637/261/469
f 554/303/551 633/264/472 635/260/468
f 556/304/552 629/267/475 631/263/471
f 558/305/553 625/270/478 627/266/474
f 623/269/477 561/271/479 621/273/481
f 562/306/554 617/276/484 619/272/480
f 564/307/555 613/278/487 615/275/483
f 566/307/556 609/276/490 611/275/486
f 607/272/489 569/271/491 605/273/493
f 570/308/557 601/270/496 603/269/492
f 572/305/558 597/267/499 599/266/495
f 574/304/559 593/264/502 595/263/498
f 591/260/501 577/259/503 589/261/505
f 578/309/560 585/258/508 587/257/504
f 484/310/561 546/311/562 547/312/563
f 581/254/507 584/313/564 585/258/508
f 545/314/565 542/315/566 543/316/567
f 587/257/504 588/317/568 589/261/505
f 539/318/569 540/319/570 538/320/571
f 591/260/501 592/321/572 593/264/502
f 537/322/573 534/323/574 535/324/575
f 595/263/498 596/325/576 597/267/499
f 533/326/577 530/327/578 531/328/579
f 599/266/495 600/329/580 601/270/496
f 529/330/581 526/331/582 527/332/583
f 603/269/492 604/333/584 605/273/493
f 523/334/585 524/335/586 522/336/587
f 607/272/489 608/337/588 609/276/490
f 521/338/589 518/339/590 519/340/591
f 611/275/486 612/341/592 613/278/487
f 517/342/593 514/343/594 515/344/595
f 615/275/483 616/337/596 617/276/484
f 513/345/597 510/346/598 511/347/599
f 619/272/480 620/333/600 621/273/481
f 507/348/601 508/349/602 506/350/603
f 623/269/477 624/329/604 625/270/478
f 505/351/605 502/352/606 503/353/607
f 627/266/474 628/325/608 629/267/475
f 501/354/609 498/355/610 499/356/611
f 631/263/471 632/321/612 633/264/472
f 497/357/613 494/358/614 495/359/615
f 635/260/468 636/317/616 637/261/469
f 491/360/617 492/361/618 490/362/619
f 639/257/465 640/313/620 641/258/466
f 489/363/621 486/364/622 487/365/623
f 643/254/462 583/366/624 582/255/463
s 10
f 867/367/625 420/368/626 857/369/627
s 8
f 653/287/523 735/250/537 651/370/628
s 10
f 857/369/627 421/371/629 855/367/630
s 8
f 704/372/631 716/301/547 483/300/546
s 10
f 421/371/629 845/373/632 855/367/630
s 8
f 684/374/633 468/239/543 683/291/634
s 10
f 845/373/632 423/375/635 858/376/636
s 8
f 699/286/637 479/251/638 696/285/639
s 10
f 858/376/636 424/377/640 854/378/641
s 7
f 682/226/642 470/379/425 685/223/425
s 10
f 424/377/640 844/380/643 854/378/641
s 7
f 691/295/644 720/381/645 692/293/645
s 10
f 425/382/646 859/383/647 844/380/643
s 7
f 691/295/644 473/243/648 474/294/644
s 10
f 426/384/649 853/385/650 859/383/647
s 8
f 696/285/639 476/250/454 695/370/651
s 10
f 853/385/650 428/386/652 843/387/653
s 8
f 474/294/654 721/249/453 720/381/655
s 10
f 843/387/653 429/388/656 860/389/657
s 8
f 732/243/446 708/288/524 733/283/512
s 10
f 429/388/656 852/390/658 860/389/657
s 8
f 457/227/458 731/239/442 456/236/659
s 10
f 852/390/658 431/391/660 842/392/661
s 8
f 718/234/436 480/241/662 481/242/663
s 10
f 842/392/661 432/393/664 861/394/665
s 8
f 462/298/535 460/299/542 463/231/432
s 10
f 432/393/664 851/395/666 861/394/665
s 8
f 469/237/544 471/238/533 470/379/667
s 10
f 433/396/668 841/397/669 851/395/666
s 8
f 473/243/670 475/288/517 474/294/654
s 10
f 434/398/671 862/399/672 841/397/669
s 8
f 478/221/434 476/250/454 479/251/638
s 10
f 862/399/672 436/400/673 850/401/674
s 8
f 482/240/675 480/241/662 483/300/546
s 10
f 850/401/674 437/402/676 840/399/677
s 7
f 676/296/678 466/252/429 679/229/429
s 10
f 437/402/676 863/397/679 840/399/677
s 7
f 698/220/680 481/242/681 700/403/681
s 10
f 863/397/679 439/396/682 849/395/683
s 8
f 703/372/684 716/301/547 706/404/685
s 10
f 849/395/683 440/393/686 839/394/687
s 7
f 702/279/688 717/280/510 738/240/688
s 10
f 440/393/686 864/392/689 839/394/687
s 7
f 650/405/690 710/381/528 652/293/528
s 10
f 441/391/691 848/390/692 864/392/689
s 7
f 697/222/693 718/234/680 698/220/680
s 10
f 442/406/694 838/389/695 848/390/692
s 7
f 658/225/696 732/243/697 453/224/696
s 10
f 838/389/695 444/386/698 865/387/699
s 8
f 684/374/633 723/244/534 471/238/533
s 10
f 865/387/699 445/407/700 847/385/701
s 8
f 669/408/702 460/299/542 729/246/541
s 10
f 445/407/700 837/383/703 847/385/701
s 8
f 717/280/545 739/300/704 738/240/443
s 10
f 837/383/703 447/382/705 866/380/706
s 8
f 458/252/460 729/246/541 728/247/707
s 10
f 866/380/706 448/377/708 856/378/709
s 8
f 734/248/538 711/249/525 710/381/710
s 10
f 448/377/708 846/376/711 856/378/709
s 8
f 473/243/670 723/244/534 472/283/519
s 10
f 449/375/712 836/373/713 846/376/711
s 8
f 453/224/448 455/238/441 454/379/714
s 10
f 450/409/715 867/367/625 836/373/713
s 8
f 466/252/716 464/246/450 467/235/438
s 9
f 547/312/563 580/410/717 581/254/507
f 547/312/563 582/255/463 484/310/561
f 484/310/561 583/366/624 485/411/718
f 546/311/562 583/366/624 580/410/717
f 545/314/565 584/313/564 544/412/719
f 543/316/567 586/413/720 587/257/504
f 545/314/565 587/257/504 585/258/508
f 544/412/719 586/413/720 542/315/566
f 541/414/721 588/317/568 540/319/570
f 539/318/569 590/415/722 591/260/501
f 539/318/569 589/261/505 541/414/721
f 540/319/570 590/415/722 538/320/571
f 537/322/573 592/321/572 536/416/723
f 535/324/575 594/417/724 595/263/498
f 535/324/575 593/264/502 537/322/573
f 534/323/574 592/321/572 594/417/724
f 533/326/577 596/325/576 532/418/725
f 531/328/579 598/419/726 599/266/495
f 531/328/579 597/267/499 533/326/577
f 530/327/578 596/325/576 598/419/726
f 529/330/581 600/329/580 528/420/727
f 527/332/583 602/421/728 603/269/492
f 529/330/581 603/269/492 601/270/496
f 528/420/727 602/421/728 526/331/582
f 525/422/729 604/333/584 524/335/586
f 523/334/585 606/423/730 607/272/489
f 523/334/585 605/273/493 525/422/729
f 524/335/586 606/423/730 522/336/587
f 521/338/589 608/337/588 520/424/731
f 519/340/591 610/425/732 611/275/486
f 519/340/591 609/276/490 521/338/589
f 518/339/590 608/337/588 610/425/732
f 517/342/593 612/341/592 516/426/733
f 515/344/595 614/425/734 615/275/483
f 515/344/595 613/278/487 517/342/593
f 514/343/594 612/341/592 614/425/734
f 513/345/597 616/337/596 512/427/735
f 511/347/599 618/423/736 619/272/480
f 513/345/597 619/272/480 617/276/484
f 512/427/735 618/423/736 510/346/598
f 509/428/737 620/333/600 508/349/602
f 507/348/601 622/421/738 623/269/477
f 507/348/601 621/273/481 509/428/737
f 508/349/602 622/421/738 506/350/603
f 505/351/605 624/329/604 504/429/739
f 503/353/607 626/419/740 627/266/474
f 503/353/607 625/270/478 505/351/605
f 502/352/606 624/329/604 626/419/740
f 501/354/609 628/325/608 500/430/741
f 499/356/611 630/417/742 631/263/471
f 499/356/611 629/267/475 501/354/609
f 498/355/610 628/325/608 630/417/742
f 497/357/613 632/321/612 496/431/743
f 495/359/615 634/415/744 635/260/468
f 497/357/613 635/260/468 633/264/472
f 496/431/743 634/415/744 494/358/614
f 493/432/745 636/317/616 492/361/618
f 491/360/617 638/413/746 639/257/465
f 491/360/617 637/261/469 493/432/745
f 492/361/618 638/413/746 490/362/619
f 489/363/621 640/313/620 488/433/747
f 487/365/623 642/410/748 643/254/462
f 487/365/623 641/258/466 489/363/621
f 486/364/622 640/313/620 642/410/748
s 7
f 674/297/749 462/298/750 726/245/749
f 694/405/751 478/221/693 697/222/693
s 8
f 660/374/752 452/244/447 659/282/511
f 677/408/753 727/299/536 675/230/431
f 669/408/702 459/235/459 666/292/754
s 7
f 667/229/755 728/247/530 668/296/530
s 8
f 701/434/756 483/300/546 480/241/662
s 7
f 658/225/696 454/379/757 661/223/757
f 674/297/749 465/247/678 676/296/678
s 8
f 660/374/752 731/239/442 455/238/441
f 683/291/634 725/236/439 681/290/526
s 7
f 661/223/757 730/237/427 662/226/427
f 700/403/681 482/240/509 705/279/509
s 8
f 666/292/754 456/236/659 665/290/521
f 654/289/758 733/283/512 708/288/524
s 7
f 680/228/430 469/237/642 682/226/642
f 655/295/529 732/243/697 656/435/697
f 664/228/428 458/252/755 667/229/755
s 8
f 687/282/759 472/283/519 723/244/534
f 651/370/628 712/251/457 648/285/514
s 7
f 649/222/424 734/248/690 650/405/690
s 8
f 671/230/760 463/231/432 460/299/542
s 7
f 686/225/426 473/243/648 688/435/648
s 8
f 645/434/761 739/300/704 703/372/684
f 693/287/516 476/250/454 721/249/453
s 7
f 670/297/531 462/298/750 673/436/750
f 702/279/688 736/242/762 644/403/762
f 692/293/645 477/248/751 694/405/751
s 8
f 645/434/761 715/233/456 737/241/444
f 677/408/753 467/235/438 464/246/450
f 701/434/756 719/233/435 699/286/637
s 7
f 644/403/762 714/234/423 646/220/423
s 9
f 584/313/564 702/279/549 644/403/506
f 586/413/720 644/403/506 646/220/560
s 11
f 645/434/763 741/437/764 740/438/763
f 742/439/765 645/434/763 740/438/763
s 9
f 588/317/568 646/220/560 649/222/503
s 11
f 743/440/766 647/286/765 742/439/765
s 9
f 590/415/722 649/222/503 650/405/767
s 11
f 651/370/768 743/440/766 744/441/768
s 9
f 592/321/572 650/405/767 652/293/500
s 11
f 653/287/769 744/441/768 745/442/769
s 9
f 594/417/724 652/293/500 655/295/559
s 11
f 654/289/770 745/442/769 746/443/770
s 9
f 596/325/576 655/295/559 656/435/497
s 11
f 657/284/771 746/443/770 747/444/771
s 9
f 598/419/726 656/435/497 658/225/558
s 11
f 659/282/772 747/444/771 748/445/772
s 9
f 600/329/580 658/225/558 661/223/494
s 11
f 660/374/773 748/445/772 749/446/773
s 9
f 602/421/728 661/223/494 662/226/557
s 11
f 750/447/774 660/374/773 749/446/773
s 9
f 604/333/584 662/226/557 664/228/491
s 11
f 751/448/775 663/291/774 750/447/774
s 9
f 606/423/730 664/228/491 667/229/776
s 11
f 666/292/777 751/448/775 752/449/777
s 9
f 608/337/588 667/229/776 668/296/488
s 11
f 669/408/778 752/449/777 753/450/778
s 9
f 610/425/732 668/296/488 670/297/556
s 11
f 671/230/779 753/450/778 754/451/779
s 9
f 612/341/592 670/297/556 673/436/485
s 11
f 672/232/780 754/451/779 755/452/780
s 9
f 614/425/734 673/436/485 674/297/555
s 11
f 675/230/781 755/452/780 756/451/781
s 9
f 616/337/596 674/297/555 676/296/482
s 11
f 677/408/782 756/451/781 757/450/782
s 9
f 618/423/736 676/296/482 679/229/554
s 11
f 758/449/783 677/408/782 757/450/782
s 9
f 620/333/600 679/229/554 680/228/479
s 11
f 759/448/784 678/292/783 758/449/783
s 9
f 622/421/738 680/228/479 682/226/785
s 11
f 683/291/786 759/448/784 760/447/786
s 9
f 624/329/604 682/226/785 685/223/476
s 11
f 684/374/787 760/447/786 761/446/787
s 9
f 626/419/740 685/223/476 686/225/553
s 11
f 687/282/788 761/446/787 762/445/788
s 9
f 628/325/608 686/225/553 688/435/473
s 11
f 689/284/789 762/445/788 763/444/789
s 9
f 630/417/742 688/435/473 691/295/552
s 11
f 690/289/790 763/444/789 764/443/790
s 9
f 632/321/612 691/295/552 692/293/470
s 11
f 693/287/791 764/443/790 765/442/791
s 9
f 634/415/744 692/293/470 694/405/551
s 11
f 766/441/792 693/287/791 765/442/791
s 9
f 636/317/616 694/405/551 697/222/467
s 11
f 767/440/793 695/370/792 766/441/792
s 9
f 638/413/746 697/222/467 698/220/794
s 11
f 699/286/795 767/440/793 768/439/795
s 9
f 640/313/620 698/220/794 700/403/464
s 11
f 701/434/796 768/439/795 769/438/796
s 9
f 642/410/748 700/403/464 705/279/550
s 11
f 704/372/797 769/438/796 770/437/797
f 703/372/764 771/453/798 741/437/764
s 9
f 580/410/717 707/281/461 702/279/549
f 583/366/624 705/279/550 707/281/461
s 11
f 706/404/798 770/437/797 771/453/798
s 12
f 750/447/57 814/454/57 815/455/57
s 13
f 419/456/354 795/457/354 796/456/354
s 12
f 750/447/57 816/458/57 751/448/57
s 13
f 419/456/354 786/459/354 787/460/354
s 12
f 752/449/57 816/458/57 817/461/57
s 13
f 419/456/354 777/462/354 778/463/354
s 12
f 752/449/57 818/464/57 753/450/57
s 13
f 419/456/354 803/465/354 772/466/354
s 12
f 753/450/57 819/467/57 754/451/57
s 13
f 419/456/354 794/468/354 795/457/354
f 419/456/354 785/469/354 786/459/354
s 12
f 755/452/57 819/467/57 820/470/57
s 13
f 419/456/354 776/471/354 777/462/354
s 12
f 756/451/57 820/470/57 821/467/57
s 13
f 419/456/354 802/472/354 803/465/354
s 12
f 757/450/57 821/467/57 822/464/57
s 13
f 419/456/354 793/473/354 794/468/354
f 419/456/354 784/474/354 785/469/354
s 12
f 758/449/57 822/464/57 823/461/57
s 13
f 419/456/354 775/475/354 776/471/354
s 12
f 758/449/57 824/458/57 759/448/57
s 13
f 419/456/354 801/475/354 802/472/354
f 419/456/354 792/474/354 793/473/354
s 12
f 760/447/57 824/458/57 825/455/57
s 13
f 419/456/354 783/473/354 784/474/354
s 12
f 760/447/57 826/454/57 761/446/57
s 13
f 419/456/354 774/472/354 775/475/354
s 12
f 761/446/57 827/476/57 762/445/57
s 13
f 419/456/354 800/471/354 801/475/354
s 12
f 763/444/57 827/476/57 828/444/57
s 13
f 419/456/354 791/469/354 792/474/354
f 419/456/354 782/468/354 783/473/354
s 14
f 805/477/799 773/465/800 772/466/799
f 804/478/801 772/466/799 803/465/801
f 835/478/800 774/472/802 773/465/800
f 834/479/802 775/475/803 774/472/802
f 833/480/803 776/471/804 775/475/803
f 832/481/804 777/462/805 776/471/804
f 777/462/805 830/482/806 778/463/806
f 830/482/806 779/483/807 778/463/806
f 829/484/807 780/456/808 779/483/807
f 828/444/808 781/457/809 780/456/808
f 827/476/809 782/468/810 781/457/809
f 826/454/810 783/473/811 782/468/810
f 825/455/811 784/474/812 783/473/811
f 824/458/812 785/469/813 784/474/812
f 785/469/813 822/464/814 786/459/814
f 822/464/814 787/460/815 786/459/814
f 821/467/815 788/485/816 787/460/815
f 820/470/816 789/460/817 788/485/816
f 819/467/817 790/459/818 789/460/817
f 818/464/818 791/469/819 790/459/818
f 817/461/819 792/474/820 791/469/819
f 816/458/820 793/473/821 792/474/820
f 793/473/821 814/454/822 794/468/822
f 814/454/822 795/457/823 794/468/822
f 813/476/823 796/456/824 795/457/823
f 812/444/824 797/483/825 796/456/824
f 811/484/825 798/463/826 797/483/825
f 810/482/826 799/462/827 798/463/826
f 809/486/827 800/471/828 799/462/827
f 808/481/828 801/475/829 800/471/828
f 801/475/829 806/479/830 802/472/830
f 806/479/830 803/465/801 802/472/830
s 13
f 419/456/354 778/463/354 779/483/354
s 12
f 749/446/57 813/476/57 814/454/57
s 13
f 419/456/354 787/460/354 788/485/354
s 12
f 748/445/57 812/444/57 813/476/57
s 13
f 419/456/354 796/456/354 797/483/354
s 12
f 747/444/57 811/484/57 812/444/57
s 13
f 419/456/354 779/483/354 780/456/354
s 12
f 745/442/57 811/484/57 746/443/57
s 13
f 419/456/354 788/485/354 789/460/354
s 12
f 771/453/57 835/478/57 805/477/57
f 744/441/57 810/482/57 745/442/57
s 13
f 419/456/354 797/483/354 798/463/354
s 12
f 741/437/57 805/477/57 804/478/57
f 744/441/57 808/481/57 809/486/57
f 769/438/57 835/478/57 770/437/57
s 13
f 419/456/354 780/456/354 781/457/354
s 12
f 742/439/57 808/481/57 743/440/57
s 13
f 419/456/354 789/460/354 790/459/354
s 12
f 768/439/57 834/479/57 769/438/57
s 13
f 419/456/354 772/466/354 773/465/354
s 12
f 742/439/57 806/479/57 807/480/57
s 13
f 419/456/354 798/463/354 799/462/354
s 12
f 768/439/57 832/481/57 833/480/57
f 740/438/57 804/478/57 806/479/57
f 766/441/57 832/481/57 767/440/57
s 13
f 419/456/354 781/457/354 782/468/354
f 419/456/354 790/459/354 791/469/354
s 12
f 766/441/57 830/482/57 831/486/57
s 13
f 419/456/354 799/462/354 800/471/354
s 12
f 765/442/57 829/484/57 830/482/57
s 13
f 419/456/354 773/465/354 774/472/354
s 12
f 764/443/57 828/444/57 829/484/57
s 10
f 579/256/831 867/367/625 548/302/832
f 846/376/711 579/256/831 578/309/833
f 856/378/709 578/309/833 577/259/834
f 576/303/835 856/378/709 577/259/834
f 575/262/836 866/380/706 576/303/835
f 847/385/701 575/262/836 574/304/837
f 573/265/838 847/385/701 574/304/837
f 572/305/839 865/387/699 573/265/838
f 571/268/840 838/389/695 572/305/839
f 864/392/689 571/268/840 570/308/841
f 839/394/687 570/308/841 569/271/842
f 568/306/843 839/394/687 569/271/842
f 567/274/844 849/395/683 568/306/843
f 840/399/677 567/274/844 566/307/845
f 565/277/846 840/399/677 566/307/845
f 564/307/847 850/401/674 565/277/846
f 563/274/848 862/399/672 564/307/847
f 851/395/666 563/274/848 562/306/849
f 861/394/665 562/306/849 561/271/850
f 560/308/851 861/394/665 561/271/850
f 559/268/852 842/392/661 560/308/851
f 860/389/657 559/268/852 558/305/853
f 557/265/854 860/389/657 558/305/853
f 556/304/855 843/387/653 557/265/854
f 555/262/856 853/385/650 556/304/855
f 844/380/643 555/262/856 554/303/857
f 854/378/641 554/303/857 553/259/858
f 552/309/859 854/378/641 553/259/858
f 551/256/860 858/376/636 552/309/859
f 855/367/630 551/256/860 550/302/861
f 549/253/862 855/367/630 550/302/861
f 548/302/832 857/369/627 549/253/862
s 15
f 873/487/863 882/488/864 880/489/863
f 875/490/864 883/491/865 882/488/864
f 874/492/865 881/493/866 883/491/865
f 885/489/867 878/490/868 876/487/867
f 887/488/868 879/492/869 878/490/868
f 886/491/869 877/494/870 879/492/869
f 893/495/866 890/496/865 888/497/866
f 895/498/865 891/499/864 890/496/865
f 894/500/864 889/501/863 891/499/864
f 901/497/870 898/498/869 896/495/870
f 903/496/869 899/500/868 898/498/869
f 902/499/868 897/502/867 899/500/868
f 880/489/863 892/502/863 873/487/863
f 877/494/870 881/493/866 872/494/866
f 876/487/867 900/501/867 885/489/867
f 888/497/866 871/495/57 893/495/866
f 896/495/870 869/497/57 901/497/870
s 16
f 918/503/871 909/504/872 916/505/872
f 919/506/873 911/507/871 918/503/871
f 917/508/874 910/509/873 919/506/873
f 914/507/875 921/505/876 912/504/876
f 915/509/877 923/503/875 914/507/875
f 913/510/878 922/506/877 915/509/877
f 926/511/873 929/512/874 924/513/874
f 927/514/871 931/515/873 926/511/873
f 925/516/872 930/517/871 927/514/871
f 934/515/877 937/513/878 932/512/878
f 935/517/875 939/511/877 934/515/877
f 933/518/876 938/514/875 935/517/875
f 928/518/872 916/505/872 909/504/872
f 917/508/874 913/510/878 908/510/874
f 936/516/876 912/504/876 921/505/876
f 907/512/354 924/513/874 929/512/874
f 905/513/354 932/512/878 937/513/878
s 17
f 868/495/879 905/513/879 869/497/879
s 18
f 870/497/880 907/512/880 871/495/880
s 19
f 880/489/881 918/503/881 916/505/881
s 20
f 873/487/882 911/507/882 875/490/882
s 19
f 882/488/881 919/506/881 918/503/881
s 20
f 875/490/882 910/509/882 874/492/882
s 19
f 881/493/881 919/506/881 883/491/881
s 20
f 872/494/882 910/509/882 908/510/882
f 876/487/882 914/507/882 912/504/882
s 19
f 885/489/881 923/503/881 887/488/881
s 20
f 878/490/882 915/509/882 914/507/882
s 19
f 887/488/881 922/506/881 886/491/881
s 20
f 877/494/882 915/509/882 879/492/882
s 19
f 884/493/881 922/506/881 920/508/881
f 890/496/881 924/513/881 888/497/881
s 20
f 895/498/882 929/512/882 931/515/882
s 19
f 891/499/881 926/511/881 890/496/881
s 20
f 894/500/882 931/515/882 930/517/882
s 19
f 891/499/881 925/516/881 927/514/881
s 20
f 894/500/882 928/518/882 892/502/882
f 898/498/882 932/512/882 896/495/882
s 19
f 903/496/881 937/513/881 939/511/881
s 20
f 899/500/882 934/515/882 898/498/882
s 19
f 902/499/881 939/511/881 938/514/881
s 20
f 899/500/882 933/518/882 935/517/882
s 19
f 902/499/881 936/516/881 900/501/881
s 20
f 892/502/882 909/504/882 873/487/882
s 19
f 889/501/881 916/505/881 925/516/881
s 20
f 872/494/882 913/510/882 877/494/882
s 19
f 884/493/881 917/508/881 881/493/881
f 900/501/881 921/505/881 885/489/881
s 20
f 897/502/882 912/504/882 933/518/882
f 893/495/882 907/512/882 929/512/882
s 19
f 888/497/881 906/513/881 870/497/881
f 901/497/881 905/513/881 937/513/881
s 20
f 896/495/882 904/512/882 868/495/882
s 21
f 945/519/883 954/520/884 952/521/883
f 954/520/884 946/522/885 955/523/885
f 955/523/885 944/524/886 953/525/886
f 957/526/887 950/527/888 948/528/887
f 959/529/888 951/530/889 950/527/888
f 958/531/889 949/532/890 951/530/889
f 960/533/891 967/534/892 962/535/893
f 962/535/893 966/536/894 963/537/895
f 963/537/895 964/538/883 961/539/883
f 973/540/896 970/541/897 968/542/898
f 975/543/899 971/544/900 970/541/897
f 971/544/900 972/545/887 969/546/887
f 952/521/883 964/538/883 945/519/883
f 949/532/890 953/525/886 944/524/886
f 957/526/887 969/546/887 972/545/887
f 965/547/901 942/548/902 943/549/902
f 968/542/898 941/550/903 973/540/896
s 22
f 990/551/904 981/552/905 988/553/905
f 991/554/906 983/555/904 990/551/904
f 991/554/906 980/556/907 982/557/906
f 984/558/908 995/559/909 993/560/908
f 986/561/909 994/562/910 995/559/909
f 987/563/910 992/564/911 994/562/910
f 996/565/912 1003/566/913 1001/567/914
f 998/568/915 1002/569/916 1003/566/913
f 999/570/917 1000/571/905 1002/569/916
f 1006/572/918 1009/573/919 1004/574/920
f 1007/575/921 1011/576/922 1006/572/918
f 1005/577/908 1010/578/923 1007/575/921
f 981/552/905 997/579/905 988/553/905
f 980/556/907 992/564/911 985/580/911
f 1008/581/908 984/558/908 993/560/908
f 1001/567/914 978/582/924 996/565/912
f 977/583/925 1004/574/920 1009/573/919
s 23
f 940/584/926 977/583/926 941/550/926
s 24
f 943/549/927 978/582/927 979/585/927
s 25
f 952/521/928 990/551/928 988/553/929
s 26
f 945/519/930 983/555/930 947/586/930
s 25
f 955/523/928 990/551/928 954/520/928
s 26
f 947/586/930 982/557/930 946/522/930
s 25
f 953/525/928 991/554/928 955/523/928
s 26
f 944/524/930 982/557/930 980/556/930
f 948/528/930 986/561/930 984/558/931
s 25
f 957/526/928 995/559/928 959/529/928
s 26
f 950/527/930 987/563/930 986/561/930
s 25
f 959/529/928 994/562/928 958/531/928
s 26
f 949/532/930 987/563/930 951/530/930
s 25
f 956/587/928 994/562/928 992/564/928
f 962/535/932 996/565/933 960/533/934
s 26
f 967/534/935 1001/567/936 1003/566/937
s 25
f 963/537/938 998/568/939 962/535/932
s 26
f 966/536/940 1003/566/937 1002/569/941
s 25
f 963/537/938 997/579/928 999/570/942
s 26
f 966/536/940 1000/571/930 964/538/930
f 970/541/943 1004/574/944 968/542/945
s 25
f 975/543/946 1009/573/947 1011/576/948
s 26
f 971/544/949 1006/572/950 970/541/943
s 25
f 974/588/951 1011/576/948 1010/578/952
s 26
f 971/544/949 1005/577/930 1007/575/953
s 25
f 974/588/951 1008/581/928 972/545/929
s 26
f 964/538/930 981/552/931 945/519/930
s 25
f 961/539/928 988/553/929 997/579/928
s 26
f 944/524/930 985/580/930 949/532/930
s 25
f 956/587/928 989/589/928 953/525/928
f 972/545/929 993/560/929 957/526/928
s 26
f 969/546/930 984/558/931 1005/577/930
f 965/547/954 979/585/955 1001/567/936
s 25
f 960/533/934 978/582/956 942/548/956
f 973/540/957 977/583/958 1009/573/947
s 26
f 968/542/945 976/590/959 940/584/959
s 27
f 1026/520/960 1017/519/961 1024/521/961
f 1026/520/960 1018/522/962 1019/586/960
f 1027/523/962 1016/524/963 1018/522/962
f 1022/527/964 1029/526/965 1020/528/965
f 1023/530/966 1031/529/964 1022/527/964
f 1021/532/967 1030/531/966 1023/530/966
f 1032/533/968 1039/534/969 1037/547/970
f 1034/535/971 1038/536/972 1039/534/969
f 1035/537/973 1036/538/961 1038/536/972
f 1042/541/974 1045/540/975 1040/542/975
f 1043/544/976 1047/543/977 1042/541/974
f 1043/544/976 1044/545/965 1046/588/978
f 1036/538/961 1024/521/961 1017/519/961
f 1025/525/963 1021/532/967 1016/524/963
f 1029/526/965 1041/546/965 1020/528/965
f 1037/547/970 1014/548/979 1032/533/968
f 1013/550/980 1040/542/975 1045/540/975
s 28
f 1053/552/981 1062/551/982 1060/553/981
f 1062/551/982 1054/557/983 1063/554/983
f 1054/557/983 1061/589/984 1063/554/983
f 1056/558/985 1067/559/986 1058/561/986
f 1058/561/986 1066/562/987 1059/563/987
f 1066/562/987 1057/580/988 1059/563/987
f 1068/565/989 1075/566/990 1070/568/991
f 1070/568/991 1074/569/992 1071/570/993
f 1071/570/993 1072/571/981 1069/579/981
f 1081/573/994 1078/572/995 1076/574/996
f 1083/576/997 1079/575/998 1078/572/995
f 1082/578/999 1077/577/985 1079/575/998
f 1053/552/981 1069/579/981 1072/571/981
f 1057/580/988 1061/589/984 1052/556/984
f 1056/558/985 1080/581/985 1065/560/985
f 1073/567/1000 1050/582/1001 1051/585/1001
f 1076/574/996 1049/583/1002 1081/573/994
s 29
f 1049/583/1003 1012/584/1003 1013/550/1003
s 30
f 1015/549/1004 1050/582/1004 1014/548/1004
s 31
f 1024/521/1005 1062/551/1005 1026/520/1005
s 32
f 1055/555/1006 1017/519/1006 1019/586/1006
s 31
f 1062/551/1005 1027/523/1007 1026/520/1005
s 32
f 1054/557/1006 1019/586/1006 1018/522/1006
s 31
f 1063/554/1005 1025/525/1005 1027/523/1007
s 32
f 1016/524/1006 1054/557/1006 1018/522/1006
f 1020/528/1006 1058/561/1006 1022/527/1006
s 31
f 1067/559/1007 1029/526/1005 1031/529/1005
s 32
f 1022/527/1006 1059/563/1006 1023/530/1006
s 31
f 1066/562/1007 1031/529/1005 1030/531/1005
s 32
f 1059/563/1006 1021/532/1006 1023/530/1006
s 31
f 1028/587/1005 1066/562/1007 1030/531/1005
f 1068/565/1008 1034/535/1009 1032/533/1010
s 32
f 1039/534/1011 1073/567/1012 1037/547/1013
s 31
f 1070/568/1014 1035/537/1015 1034/535/1009
s 32
f 1038/536/1016 1075/566/1017 1039/534/1011
s 31
f 1035/537/1015 1069/579/1005 1033/539/1005
s 32
f 1072/571/1006 1038/536/1016 1036/538/1006
f 1076/574/1018 1042/541/1019 1040/542/1020
s 31
f 1047/543/1021 1081/573/1022 1045/540/1023
s 32
f 1078/572/1024 1043/544/1025 1042/541/1019
s 31
f 1046/588/1026 1083/576/1027 1047/543/1021
s 32
f 1043/544/1025 1077/577/1006 1041/546/1006
s 31
f 1080/581/1005 1046/588/1026 1044/545/1005
s 32
f 1053/552/1028 1036/538/1006 1017/519/1006
s 31
f 1033/539/1005 1060/553/1007 1024/521/1005
s 32
f 1057/580/1006 1016/524/1006 1021/532/1006
s 31
f 1061/589/1005 1028/587/1005 1025/525/1005
f 1065/560/1007 1044/545/1005 1029/526/1005
s 32
f 1041/546/1006 1056/558/1028 1020/528/1006
f 1037/547/1013 1051/585/1029 1015/549/1029
s 31
f 1050/582/1030 1032/533/1010 1014/548/1030
f 1045/540/1023 1049/583/1031 1013/550/1032
s 32
f 1048/590/1033 1040/542/1020 1012/584/1033
s 0
f 1087/591/1034 1084/592/1034 1085/593/1034
f 1089/594/879 1086/595/879 1087/591/879
f 1091/596/1035 1088/597/1035 1089/594/1035
f 1093/596/882 1090/598/882 1091/596/882
f 1095/594/1036 1092/598/1036 1093/596/1036
f 1097/591/880 1094/597/880 1095/594/880
f 1099/593/1037 1096/595/1037 1097/591/1037
f 1099/593/881 1084/592/881 1098/592/881
f 1085/593/57 1099/593/57 1100/599/57
f 1099/593/57 1097/591/57 1100/599/57
f 1097/591/57 1095/594/57 1100/599/57
f 1095/594/57 1093/596/57 1100/599/57
f 1093/596/57 1091/596/57 1100/599/57
f 1091/596/57 1089/594/57 1100/599/57
f 1089/594/57 1087/591/57 1100/599/57
f 1087/591/57 1085/593/57 1100/599/57
f 1101/592/1037 1104/591/1037 1102/593/1037
f 1103/595/880 1106/594/880 1104/591/880
f 1105/597/1036 1108/596/1036 1106/594/1036
f 1107/598/882 1110/596/882 1108/596/882
f 1109/598/1035 1112/594/1035 1110/596/1035
f 1111/597/879 1114/591/879 1112/594/879
f 1113/595/1034 1116/593/1034 1114/591/1034
f 1101/592/881 1116/593/881 1115/592/881
f 1102/593/57 1117/599/57 1116/593/57
f 1116/593/57 1117/599/57 1114/591/57
f 1114/591/57 1117/599/57 1112/594/57
f 1112/594/57 1117/599/57 1110/596/57
f 1110/596/57 1117/599/57 1108/596/57
f 1108/596/57 1117/599/57 1106/594/57
f 1106/594/57 1117/599/57 1104/591/57
f 1104/591/57 1117/599/57 1102/593/57
f 1118/600/1035 1121/601/1035 1119/602/1035
f 1120/603/879 1123/604/879 1121/601/879
f 1122/605/1034 1125/606/1034 1123/604/1034
f 1124/607/881 1127/606/881 1125/606/881
f 1126/607/1037 1129/604/1037 1127/606/1037
f 1128/605/880 1131/601/880 1129/604/880
f 1130/603/1036 1133/602/1036 1131/601/1036
f 1118/600/882 1133/602/882 1132/600/882
f 1119/602/57 1134/608/57 1133/602/57
f 1133/602/57 1134/608/57 1131/601/57
f 1131/601/57 1134/608/57 1129/604/57
f 1129/604/57 1134/608/57 1127/606/57
f 1127/606/57 1134/608/57 1125/606/57
f 1125/606/57 1134/608/57 1123/604/57
f 1123/604/57 1134/608/57 1121/601/57
f 1121/601/57 1134/608/57 1119/602/57
f 1138/601/1036 1135/600/1036 1136/602/1036
f 1140/604/880 1137/603/880 1138/601/880
f 1142/606/1037 1139/605/1037 1140/604/1037
f 1144/606/881 1141/607/881 1142/606/881
f 1146/604/1034 1143/607/1034 1144/606/1034
f 1148/601/879 1145/605/879 1146/604/879
f 1150/602/1035 1147/603/1035 1148/601/1035
f 1150/602/882 1135/600/882 1149/600/882
f 1136/602/57 1150/602/57 1151/608/57
f 1150/602/57 1148/601/57 1151/608/57
f 1148/601/57 1146/604/57 1151/608/57
f 1146/604/57 1144/606/57 1151/608/57
f 1144/606/57 1142/606/57 1151/608/57
f 1142/606/57 1140/604/57 1151/608/57
f 1140/604/57 1138/601/57 1151/608/57
f 1138/601/57 1136/602/57 1151/608/57
f 1155/609/1038 1152/610/1038 1153/611/1038
f 1157/612/1039 1154/613/1039 1155/609/1039
f 1159/614/1040 1156/615/1040 1157/612/1040
f 1159/614/354 1160/616/354 1158/617/354
f 1161/618/1041 1162/619/1041 1160/616/1041
f 1165/620/1042 1162/619/1042 1163/621/1042
f 1167/622/1043 1164/623/1043 1165/620/1043
f 1169/624/1044 1171/625/1044 1217/626/1044
f 1166/627/57 1153/611/57 1152/610/57
f 1168/628/1045 1171/625/1045 1169/624/1045
f 1170/629/1046 1173/630/1046 1171/625/1046
f 1172/631/1047 1175/632/1047 1173/630/1047
f 1175/632/354 1176/633/354 1177/634/354
f 1176/633/1048 1179/635/1048 1177/634/1048
f 1178/636/1049 1181/637/1049 1179/635/1049
f 1180/638/1050 1183/639/1050 1181/637/1050
f 1185/640/1051 1187/641/1051 1218/642/1051
f 1182/643/57 1169/624/57 1183/639/57
f 1185/640/1040 1186/644/1040 1187/641/1040
f 1186/644/1039 1189/645/1039 1187/641/1039
f 1188/646/1038 1191/647/1038 1189/645/1038
f 1191/647/57 1192/648/57 1193/649/57
f 1192/648/1043 1195/650/1043 1193/649/1043
f 1194/651/1042 1197/652/1042 1195/650/1042
f 1197/652/1041 1198/653/1041 1199/654/1041
f 1201/655/1044 1215/656/1044 1219/657/1044
f 1198/653/354 1185/640/354 1199/654/354
f 1203/658/1047 1200/659/1047 1201/655/1047
f 1205/660/1046 1202/661/1046 1203/658/1046
f 1207/662/1045 1204/663/1045 1205/660/1045
f 1207/662/57 1208/664/57 1206/665/57
f 1211/666/1050 1208/664/1050 1209/667/1050
f 1213/668/1049 1210/669/1049 1211/666/1049
f 1213/668/1048 1214/670/1048 1212/671/1048
f 1214/670/354 1201/655/354 1200/659/354
f 1153/611/1051 1167/622/1051 1216/672/1051
f 1167/622/1051 1165/620/1051 1216/672/1051
f 1165/620/1051 1163/621/1051 1216/672/1051
f 1163/621/1051 1161/618/1051 1216/672/1051
f 1161/618/1051 1159/614/1051 1216/672/1051
f 1159/614/1051 1157/612/1051 1216/672/1051
f 1157/612/1051 1155/609/1051 1216/672/1051
f 1155/609/1051 1153/611/1051 1216/672/1051
f 1171/625/1044 1173/630/1044 1217/626/1044
f 1173/630/1044 1175/632/1044 1217/626/1044
f 1175/632/1044 1177/634/1044 1217/626/1044
f 1177/634/1044 1179/635/1044 1217/626/1044
f 1179/635/1044 1181/637/1044 1217/626/1044
f 1181/637/1044 1183/639/1044 1217/626/1044
f 1183/639/1044 1169/624/1044 1217/626/1044
f 1187/641/1051 1189/645/1051 1218/642/1051
f 1189/645/1051 1191/647/1051 1218/642/1051
f 1191/647/1051 1193/649/1051 1218/642/1051
f 1193/649/1051 1195/650/1051 1218/642/1051
f 1195/650/1051 1197/652/1051 1218/642/1051
f 1197/652/1051 1199/654/1051 1218/642/1051
f 1199/654/1051 1185/640/1051 1218/642/1051
f 1215/656/1044 1213/668/1044 1219/657/1044
f 1213/668/1044 1211/666/1044 1219/657/1044
f 1211/666/1044 1209/667/1044 1219/657/1044
f 1209/667/1044 1207/662/1044 1219/657/1044
f 1207/662/1044 1205/660/1044 1219/657/1044
f 1205/660/1044 1203/658/1044 1219/657/1044
f 1203/658/1044 1201/655/1044 1219/657/1044
f 1220/610/1050 1223/609/1050 1221/611/1050
f 1222/613/1049 1225/612/1049 1223/609/1049
f 1224/615/1048 1227/614/1048 1225/612/1048
f 1227/614/354 1228/616/354 1229/618/354
f 1228/616/1047 1231/621/1047 1229/618/1047
f 1230/619/1046 1233/620/1046 1231/621/1046
f 1232/623/1045 1235/622/1045 1233/620/1045
f 1237/624/1052 1285/626/1052 1239/625/1052
f 1234/627/57 1221/611/57 1235/622/57
f 1239/625/1043 1236/628/1043 1237/624/1043
f 1241/630/1042 1238/629/1042 1239/625/1042
f 1243/632/1041 1240/631/1041 1241/630/1041
f 1243/632/354 1244/633/354 1242/673/354
f 1245/634/1040 1246/636/1040 1244/633/1040
f 1249/637/1039 1246/636/1039 1247/635/1039
f 1251/639/1038 1248/638/1038 1249/637/1038
f 1253/640/1053 1286/642/1053 1255/641/1053
f 1250/643/57 1237/624/57 1236/628/57
f 1255/641/1048 1252/674/1048 1253/640/1048
f 1257/645/1049 1254/644/1049 1255/641/1049
f 1259/647/1050 1256/646/1050 1257/645/1050
f 1259/647/57 1260/648/57 1258/675/57
f 1263/650/1045 1260/648/1045 1261/649/1045
f 1265/652/1046 1262/651/1046 1263/650/1046
f 1265/652/1047 1266/653/1047 1264/676/1047
f 1269/655/1052 1287/657/1052 1283/656/1052
f 1266/653/354 1253/640/354 1252/674/354
f 1269/655/1041 1270/661/1041 1271/658/1041
f 1270/661/1042 1273/660/1042 1271/658/1042
f 1272/663/1043 1275/662/1043 1273/660/1043
f 1275/662/57 1276/664/57 1277/667/57
f 1276/664/1038 1279/666/1038 1277/667/1038
f 1278/669/1039 1281/668/1039 1279/666/1039
f 1281/668/1040 1282/670/1040 1283/656/1040
f 1282/670/354 1269/655/354 1283/656/354
f 1221/611/1053 1284/672/1053 1235/622/1053
f 1235/622/1053 1284/672/1053 1233/620/1053
f 1233/620/1053 1284/672/1053 1231/621/1053
f 1231/621/1053 1284/672/1053 1229/618/1053
f 1229/618/1053 1284/672/1053 1227/614/1053
f 1227/614/1053 1284/672/1053 1225/612/1053
f 1225/612/1053 1284/672/1053 1223/609/1053
f 1223/609/1053 1284/672/1053 1221/611/1053
f 1239/625/1052 1285/626/1052 1241/630/1052
f 1241/630/1052 1285/626/1052 1243/632/1052
f 1243/632/1052 1285/626/1052 1245/634/1052
f 1245/634/1052 1285/626/1052 1247/635/1052
f 1247/635/1052 1285/626/1052 1249/637/1052
f 1249/637/1052 1285/626/1052 1251/639/1052
f 1251/639/1052 1285/626/1052 1237/624/1052
f 1255/641/1053 1286/642/1053 1257/645/1053
f 1257/645/1053 1286/642/1053 1259/647/1053
f 1259/647/1053 1286/642/1053 1261/649/1053
f 1261/649/1053 1286/642/1053 1263/650/1053
f 1263/650/1053 1286/642/1053 1265/652/1053
f 1265/652/1053 1286/642/1053 1267/654/1053
f 1267/654/1053 1286/642/1053 1253/640/1053
f 1283/656/1052 1287/657/1052 1281/668/1052
f 1281/668/1052 1287/657/1052 1279/666/1052
f 1279/666/1052 1287/657/1052 1277/667/1052
f 1277/667/1052 1287/657/1052 1275/662/1052
f 1275/662/1052 1287/657/1052 1273/660/1052
f 1273/660/1052 1287/657/1052 1271/658/1052
f 1271/658/1052 1287/657/1052 1269/655/1052
s 10
f 437/402/676 1304/677/1054 1305/678/1055
f 443/388/1056 1312/386/1057 444/386/698
f 423/375/635 1292/679/1058 424/377/640
f 450/409/715 1319/680/1059 451/371/1060
f 431/391/660 1298/681/1061 1299/682/1062
f 437/402/676 1306/683/1063 438/398/1064
f 445/407/700 1312/386/1057 1313/684/1065
f 424/377/640 1293/685/1066 425/382/646
f 451/371/1060 1288/686/1067 420/368/626
f 431/391/660 1300/687/1068 432/393/664
f 439/396/682 1306/683/1063 1307/688/1069
f 445/407/700 1314/689/1070 446/384/1071
f 425/382/646 1294/689/1072 426/384/649
f 432/393/664 1301/688/1073 433/396/668
f 439/396/682 1308/687/1074 440/393/686
f 447/382/705 1314/689/1070 1315/685/1075
f 426/384/649 1295/684/1076 427/407/1077
f 421/371/629 1288/686/1067 1289/680/1078
f 433/396/668 1302/683/1079 434/398/671
f 440/393/686 1309/682/1080 441/391/691
f 447/382/705 1316/679/1081 448/377/708
f 427/407/1077 1296/386/1082 428/386/652
f 434/398/671 1303/678/1083 435/402/1084
f 441/391/691 1310/681/1085 442/406/694
f 421/371/629 1290/690/1086 422/409/1087
f 448/377/708 1317/691/1088 449/375/712
f 429/388/656 1296/386/1082 1297/692/1089
f 435/402/1084 1304/677/1054 436/400/673
f 442/406/694 1311/692/1090 443/388/1056
f 423/375/635 1290/690/1086 1291/691/1091
f 449/375/712 1318/690/1092 450/409/715
f 429/388/656 1298/681/1061 430/406/1093
f 1353/693/1094 1321/694/1095 1352/695/1096
f 1355/696/1097 1348/697/1098 1354/698/1099
f 1357/699/1100 1335/700/1101 1356/701/1102
f 1352/695/1096 1322/702/1103 1358/703/1104
f 1354/698/1099 1349/704/1105 1359/705/1106
f 1356/701/1102 1336/706/1107 1360/707/1108
f 1358/703/1104 1323/704/1109 1361/705/1110
f 1362/703/1111 1349/704/1105 1350/702/1112
f 1360/707/1108 1337/700/1113 1363/701/1114
f 1361/705/1110 1324/697/1115 1364/698/1116
f 1362/703/1111 1351/694/1117 1365/695/1118
f 1363/701/1114 1338/708/1119 1366/699/1120
f 1364/698/1116 1325/709/1121 1367/696/1122
f 1365/695/1118 1320/710/1123 1353/693/1094
f 1366/699/1120 1339/711/1124 1368/712/1125
f 1369/713/1126 1325/709/1121 1326/714/1127
f 1368/712/1125 1340/715/1128 1370/716/1129
f 1369/713/1126 1327/717/1130 1371/718/1131
f 1370/716/1129 1341/719/1132 1372/720/1133
f 1371/718/1131 1328/721/1134 1373/722/1135
f 1374/723/1136 1341/719/1132 1342/724/1137
f 1373/722/1135 1329/725/1138 1375/726/1139
f 1374/723/1136 1343/725/1140 1376/726/1141
f 1375/726/1139 1330/724/1142 1377/723/1143
f 1376/726/1141 1344/721/1144 1378/722/1145
f 1377/723/1143 1331/719/1146 1379/720/1147
f 1378/722/1145 1345/717/1148 1380/718/1149
f 1379/720/1147 1332/715/1150 1381/716/1151
f 1380/718/1149 1346/714/1152 1382/713/1153
f 1381/716/1151 1333/711/1154 1383/712/1155
f 1382/713/1153 1347/709/1156 1355/696/1097
f 1357/699/1100 1333/711/1154 1334/708/1157
f 1301/688/1073 1357/699/1100 1302/683/1079
f 1314/689/1070 1355/696/1097 1315/685/1075
f 1300/687/1068 1383/712/1155 1301/688/1073
f 1313/684/1065 1382/713/1153 1314/689/1070
f 1300/687/1068 1379/720/1147 1381/716/1151
f 1312/386/1057 1380/718/1149 1313/684/1065
f 1298/681/1061 1379/720/1147 1299/682/1062
f 1311/692/1090 1378/722/1145 1312/386/1057
f 1297/692/1089 1377/723/1143 1298/681/1061
f 1310/681/1085 1376/726/1141 1311/692/1090
f 1296/386/1082 1375/726/1139 1297/692/1089
f 1309/682/1080 1374/723/1136 1310/681/1085
f 1295/684/1076 1373/722/1135 1296/386/1082
f 1308/687/1074 1372/720/1133 1309/682/1080
f 1294/689/1072 1371/718/1131 1295/684/1076
f 1308/687/1074 1368/712/1125 1370/716/1129
f 1293/685/1066 1369/713/1126 1294/689/1072
f 1306/683/1063 1368/712/1125 1307/688/1069
f 1319/680/1059 1353/693/1094 1288/686/1067
f 1292/679/1058 1367/696/1122 1293/685/1066
f 1305/678/1055 1366/699/1120 1306/683/1063
f 1318/690/1092 1365/695/1118 1319/680/1059
f 1292/679/1058 1361/705/1110 1364/698/1116
f 1304/677/1054 1363/701/1114 1305/678/1055
f 1317/691/1088 1362/703/1111 1318/690/1092
f 1290/690/1086 1361/705/1110 1291/691/1091
f 1303/678/1083 1360/707/1108 1304/677/1054
f 1316/679/1081 1359/705/1106 1317/691/1088
f 1289/680/1078 1358/703/1104 1290/690/1086
f 1302/683/1079 1356/701/1102 1303/678/1083
f 1316/679/1081 1355/696/1097 1354/698/1099
f 1288/686/1067 1352/695/1096 1289/680/1078
s 225
f 1321/694/57 1320/710/57 1384/721/57
f 1320/710/57 1351/694/57 1384/721/57
f 1351/694/57 1350/702/57 1384/721/57
f 1350/702/57 1349/704/57 1384/721/57
f 1349/704/57 1348/697/57 1384/721/57
f 1348/697/57 1347/709/57 1384/721/57
f 1347/709/57 1346/714/57 1384/721/57
f 1346/714/57 1345/717/57 1384/721/57
f 1345/717/57 1344/721/57 1384/721/57
f 1344/721/57 1343/725/57 1384/721/57
f 1343/725/57 1342/724/57 1384/721/57
f 1342/724/57 1341/719/57 1384/721/57
f 1341/719/57 1340/715/57 1384/721/57
f 1340/715/57 1339/711/57 1384/721/57
f 1339/711/57 1338/708/57 1384/721/57
f 1338/708/57 1337/700/57 1384/721/57
f 1337/700/57 1336/706/57 1384/721/57
f 1336/706/57 1335/700/57 1384/721/57
f 1335/700/57 1334/708/57 1384/721/57
f 1334/708/57 1333/711/57 1384/721/57
f 1333/711/57 1332/715/57 1384/721/57
f 1332/715/57 1331/719/57 1384/721/57
f 1331/719/57 1330/724/57 1384/721/57
f 1330/724/57 1329/725/57 1384/721/57
f 1329/725/57 1328/721/57 1384/721/57
f 1328/721/57 1327/717/57 1384/721/57
f 1327/717/57 1326/714/57 1384/721/57
f 1326/714/57 1325/709/57 1384/721/57
f 1325/709/57 1324/697/57 1384/721/57
f 1324/697/57 1323/704/57 1384/721/57
f 1323/704/57 1322/702/57 1384/721/57
f 1322/702/57 1321/694/57 1384/721/57
s 1
f 65/1/1 66/32/56 98/2/2
f 67/4/4 65/1/1 97/3/3
f 68/6/6 67/4/4 99/5/5
f 101/8/8 69/130/1158 68/6/6
f 70/9/9 69/130/1158 101/8/8
f 103/11/11 71/31/1159 70/9/9
f 72/12/12 71/31/1159 103/11/11
f 73/14/14 72/12/12 104/13/13
f 74/16/16 73/14/14 105/15/15
f 75/18/18 74/16/16 106/17/17
f 76/20/20 75/18/18 107/19/19
f 109/22/22 77/144/1160 76/20/20
f 78/23/23 77/144/1160 109/22/22
f 111/25/25 79/30/1161 78/23/23
f 80/26/26 79/30/1161 111/25/25
f 81/28/28 80/26/26 112/27/27
f 82/26/30 81/28/28 113/29/29
f 83/30/32 82/26/30 114/27/31
f 84/23/34 83/30/32 115/25/33
f 117/22/36 85/144/1162 84/23/34
f 86/20/37 85/144/1162 117/22/36
f 119/19/39 87/18/1163 86/20/37
f 88/16/40 87/18/1163 119/19/39
f 89/14/42 88/16/40 120/17/41
f 90/12/44 89/14/42 121/15/43
f 91/31/46 90/12/44 122/13/45
f 92/9/48 91/31/46 123/11/47
f 125/8/50 93/130/1164 92/9/48
f 94/6/51 93/130/1164 125/8/50
f 127/5/53 95/4/1165 94/6/51
f 96/1/54 95/4/1165 127/5/53
f 66/32/56 96/1/54 128/3/55
f 97/3/3 98/2/2 130/33/57
f 99/5/5 97/3/3 129/34/57
f 100/7/7 99/5/5 131/35/57
f 133/37/57 101/8/8 100/7/7
f 102/10/10 101/8/8 133/37/57
f 103/11/11 102/10/10 134/38/57
f 104/13/13 103/11/11 135/39/57
f 105/15/15 104/13/13 136/40/57
f 106/17/17 105/15/15 137/15/57
f 107/19/19 106/17/17 138/41/57
f 108/21/21 107/19/19 139/42/57
f 141/44/57 109/22/22 108/21/21
f 110/24/24 109/22/22 141/44/57
f 111/25/25 110/24/24 142/45/57
f 112/27/27 111/25/25 143/46/57
f 113/29/29 112/27/27 144/47/57
f 114/27/31 113/29/29 145/48/57
f 115/25/33 114/27/31 146/47/57
f 116/24/35 115/25/33 147/46/57
f 149/44/57 117/22/36 116/24/35
f 118/21/38 117/22/36 149/44/57
f 119/19/39 118/21/38 150/43/57
f 120/17/41 119/19/39 151/42/57
f 121/15/43 120/17/41 152/41/57
f 122/13/45 121/15/43 153/15/57
f 123/11/47 122/13/45 154/40/57
f 124/10/49 123/11/47 155/39/57
f 157/37/57 125/8/50 124/10/49
f 126/7/52 125/8/50 157/37/57
f 127/5/53 126/7/52 158/36/57
f 128/3/55 127/5/53 159/35/57
f 98/2/2 128/3/55 160/34/57
s 2
f 129/34/58 130/33/1166 32/49/59
f 34/51/61 131/35/1167 129/34/58
f 132/36/62 131/35/1167 34/51/61
f 36/53/64 133/37/1168 132/36/62
f 134/38/65 133/37/1168 36/53/64
f 38/55/67 135/39/69 134/38/65
f 39/56/68 136/40/71 135/39/69
f 40/57/70 137/15/1169 136/40/71
f 138/41/72 137/15/1169 40/57/70
f 42/59/74 139/42/1170 138/41/72
f 140/43/75 139/42/1170 42/59/74
f 44/61/77 141/44/1171 140/43/75
f 142/45/78 141/44/1171 44/61/77
f 46/63/80 143/46/82 142/45/78
f 47/64/81 144/47/84 143/46/82
f 48/65/83 145/48/1172 144/47/84
f 146/47/85 145/48/1172 48/65/83
f 50/63/87 147/46/1173 146/47/85
f 148/45/88 147/46/1173 50/63/87
f 52/61/90 149/44/1174 148/45/88
f 150/43/91 149/44/1174 52/61/90
f 54/59/93 151/42/95 150/43/91
f 55/58/94 152/41/97 151/42/95
f 56/57/96 153/15/1175 152/41/97
f 154/40/98 153/15/1175 56/57/96
f 58/55/100 155/39/1176 154/40/98
f 156/38/101 155/39/1176 58/55/100
f 60/53/103 157/37/1177 156/38/101
f 158/36/104 157/37/1177 60/53/103
f 62/51/106 159/35/108 158/36/104
f 63/50/107 160/34/109 159/35/108
f 32/49/59 130/33/1166 160/34/109
s 3
f 165/66/110 167/69/113 164/67/111
f 167/69/113 166/115/205 162/70/114
f 163/68/112 164/67/111 170/71/115
f 164/67/111 162/70/114 168/73/117
f 169/72/116 170/71/115 173/74/118
f 173/74/118 170/71/115 168/73/117
f 172/75/119 173/74/118 176/77/121
f 173/74/118 171/76/120 174/79/123
f 175/78/122 176/77/121 179/80/124
f 179/80/124 176/77/121 174/79/123
f 178/81/125 179/80/124 182/83/127
f 179/80/124 177/82/126 180/85/129
f 181/84/128 182/83/127 185/86/130
f 182/83/127 180/85/129 183/88/132
f 184/87/131 185/86/130 188/89/133
f 185/86/130 183/88/132 186/14/135
f 187/90/134 188/89/133 191/91/136
f 188/89/133 186/14/135 189/93/138
f 190/92/137 191/91/136 194/94/139
f 191/91/136 189/93/138 192/96/141
f 193/95/140 194/94/139 197/97/142
f 197/97/142 194/94/139 192/96/141
f 196/98/143 197/97/142 200/100/145
f 197/97/142 195/99/144 198/102/147
f 199/101/146 200/100/145 203/103/148
f 203/103/148 200/100/145 198/102/147
f 202/104/149 203/103/148 206/106/151
f 203/103/148 201/105/150 204/108/153
f 205/107/152 206/106/151 209/109/154
f 206/106/151 204/108/153 207/111/156
f 208/110/155 209/109/154 212/112/157
f 209/109/154 207/111/156 210/114/159
f 211/113/158 212/112/157 215/109/160
f 212/112/157 210/114/159 213/111/162
f 214/110/161 215/109/160 218/106/163
f 215/109/160 213/111/162 216/108/165
f 217/107/164 218/106/163 221/103/166
f 221/103/166 218/106/163 216/108/165
f 220/104/167 221/103/166 224/100/169
f 221/103/166 219/105/168 222/102/171
f 223/101/170 224/100/169 227/97/172
f 227/97/172 224/100/169 222/102/171
f 226/98/173 227/97/172 230/94/175
f 227/97/172 225/99/174 228/96/177
f 229/95/176 230/94/175 233/91/178
f 230/94/175 228/96/177 231/93/180
f 232/92/179 233/91/178 236/89/181
f 233/91/178 231/93/180 234/14/183
f 235/90/182 236/89/181 239/86/184
f 236/89/181 234/14/183 237/88/186
f 238/87/185 239/86/184 242/83/187
f 239/86/184 237/88/186 240/85/189
f 241/84/188 242/83/187 245/80/190
f 245/80/190 242/83/187 240/85/189
f 244/81/191 245/80/190 248/77/193
f 245/80/190 243/82/192 246/79/195
f 247/78/194 248/77/193 251/74/196
f 251/74/196 248/77/193 246/79/195
f 250/75/197 251/74/196 254/71/199
f 251/74/196 249/76/198 252/73/201
f 253/72/200 254/71/199 257/67/202
f 254/71/199 252/73/201 255/70/204
f 256/68/203 257/67/202 167/69/113
f 257/67/202 255/70/204 166/115/205
s 4
f 323/116/206 387/141/233 416/117/207
s 3
f 168/73/117 162/70/114 65/1/57
s 4
f 1/119/209 357/212/408 356/120/210
s 3
f 162/70/114 166/115/205 66/32/57
s 4
f 26/122/212 27/185/294 383/123/213
s 3
f 166/115/205 255/70/204 96/1/57
s 4
f 351/125/215 412/136/225 411/126/216
s 3
f 171/76/120 168/73/117 67/4/57
s 4
f 325/128/218 324/118/208 416/117/207
s 3
f 69/130/57 174/79/123 171/76/120
s 4
f 64/121/211 356/120/210 355/131/220
s 3
f 177/82/126 174/79/123 69/130/57
s 4
f 26/122/212 382/124/214 381/133/222
s 3
f 71/31/57 180/85/129 177/82/126
s 4
f 351/125/215 352/140/231 413/135/224
s 3
f 72/12/57 183/88/132 180/85/129
s 4
f 325/128/218 417/129/219 418/117/226
s 3
f 186/14/135 183/88/132 72/12/57
s 4
f 25/134/223 381/133/222 380/137/228
s 3
f 189/93/138 186/14/135 73/14/57
s 4
f 353/139/230 414/145/237 413/135/224
s 3
f 192/96/141 189/93/138 74/16/57
s 4
f 327/139/232 388/145/239 387/141/233
s 3
f 195/99/144 192/96/141 75/18/57
s 4
f 24/138/229 380/137/228 379/142/234
s 3
f 77/144/57 198/102/147 195/99/144
s 4
f 354/116/236 415/141/242 414/145/237
s 3
f 201/105/150 198/102/147 77/144/57
s 4
f 327/139/232 328/140/244 389/135/238
s 3
f 79/30/57 204/108/153 201/105/150
s 4
f 23/143/235 379/142/234 378/146/240
s 3
f 80/26/57 207/111/156 204/108/153
s 4
f 326/118/227 418/117/226 415/141/242
s 3
f 210/114/159 207/111/156 80/26/57
s 4
f 329/125/243 390/136/248 389/135/238
s 3
f 213/111/162 210/114/159 81/28/57
s 4
f 21/148/245 22/147/241 378/146/240
s 3
f 216/108/165 213/111/162 82/26/57
s 4
f 330/127/247 391/126/252 390/136/248
s 3
f 219/105/168 216/108/165 83/30/57
s 4
f 20/150/249 21/148/245 377/149/246
s 3
f 85/144/57 222/102/171 219/105/168
s 4
f 331/152/251 392/156/256 391/126/252
s 3
f 225/99/174 222/102/171 85/144/57
s 4
f 20/150/249 376/151/250 375/153/253
s 3
f 87/18/57 228/96/177 225/99/174
s 4
f 332/155/255 393/160/260 392/156/256
s 3
f 88/16/57 231/93/180 228/96/177
s 4
f 18/157/257 19/154/254 375/153/253
s 3
f 234/14/183 231/93/180 88/16/57
s 4
f 332/155/255 333/164/264 394/159/259
s 3
f 237/88/186 234/14/183 89/14/57
s 4
f 18/157/257 374/158/258 373/161/261
s 3
f 240/85/189 237/88/186 90/12/57
s 4
f 334/163/263 395/168/268 394/159/259
s 3
f 243/82/192 240/85/189 91/31/57
s 4
f 17/162/262 373/161/261 372/165/265
s 3
f 93/130/57 246/79/195 243/82/192
s 4
f 335/167/267 396/172/272 395/168/268
s 3
f 249/76/198 246/79/195 93/130/57
s 4
f 16/166/266 372/165/265 371/169/269
s 3
f 95/4/57 252/73/201 249/76/198
s 4
f 335/167/267 336/218/422 397/171/271
s 3
f 96/1/57 255/70/204 252/73/201
s 4
f 20/150/249 277/176/320 278/173/273
f 7/143/274 264/175/321 265/174/275
f 21/148/245 278/173/273 279/174/277
f 9/148/278 8/147/276 265/174/275
f 22/147/241 279/174/277 280/175/280
f 9/148/278 266/173/279 267/176/281
f 23/143/235 280/175/280 281/177/283
f 10/150/282 267/176/281 268/178/284
f 25/134/223 24/138/229 281/177/283
f 12/157/287 11/154/285 268/178/284
f 25/134/223 282/179/286 283/181/289
f 12/157/287 269/180/288 270/182/290
f 30/132/221 287/191/313 289/183/292
f 26/122/212 283/181/289 284/184/293
f 13/162/291 270/182/290 271/186/295
f 1/119/209 64/121/211 289/183/292
f 28/188/298 27/185/294 284/184/293
f 14/166/296 271/186/295 272/190/300
f 1/119/209 258/187/297 259/189/301
f 28/188/298 285/189/299 286/187/303
f 15/170/270 272/190/300 273/186/305
f 2/188/302 259/189/301 260/184/306
f 29/119/304 286/187/303 288/183/308
f 17/162/262 16/166/266 273/186/305
f 4/122/311 3/185/307 260/184/306
f 31/121/309 288/183/308 287/191/313
f 17/162/262 274/182/310 275/180/314
f 4/122/311 261/181/312 262/179/315
f 18/157/257 275/180/314 276/178/317
f 5/134/316 262/179/315 263/177/318
f 20/150/249 19/154/254 276/178/317
f 6/138/319 263/177/318 264/175/321
s 5
f 274/182/322 306/201/322 307/192/323
f 261/181/324 293/200/324 294/193/325
f 275/180/323 307/192/323 308/194/326
f 262/179/325 294/193/325 295/195/327
f 276/178/326 308/194/326 309/196/328
f 263/177/327 295/195/327 296/197/329
f 277/176/328 309/196/328 310/198/330
f 265/174/331 264/175/329 296/197/329
f 278/173/330 310/198/330 311/199/332
f 265/174/331 297/199/331 298/198/333
f 279/174/332 311/199/332 312/197/334
f 266/173/333 298/198/333 299/196/335
f 281/177/336 280/175/334 312/197/334
f 267/176/335 299/196/335 300/194/337
f 281/177/336 313/195/336 314/193/338
f 268/178/337 300/194/337 301/192/339
f 282/179/338 314/193/338 315/200/340
f 269/180/339 301/192/339 302/201/341
f 289/183/342 287/191/343 319/202/343
f 283/181/340 315/200/340 316/204/344
f 270/182/341 302/201/341 303/205/345
f 289/183/342 321/203/342 290/206/346
f 284/184/344 316/204/344 317/207/347
f 271/186/345 303/205/345 304/208/348
f 258/187/346 290/206/346 291/207/349
f 285/189/347 317/207/347 318/206/350
f 273/186/351 272/190/348 304/208/348
f 259/189/349 291/207/349 292/204/352
f 286/187/350 318/206/350 320/203/353
f 273/186/351 305/205/351 306/201/322
f 260/184/352 292/204/352 293/200/324
f 288/183/353 320/203/353 319/202/343
s 3
f 326/118/355 354/116/356 253/72/200
f 354/116/356 353/139/357 250/75/197
f 353/139/357 352/140/1178 247/78/194
f 247/78/194 352/140/1178 351/125/358
f 244/81/191 351/125/358 350/127/359
f 241/84/188 350/127/359 349/152/360
f 349/152/360 348/155/1179 235/90/182
f 235/90/182 348/155/1179 347/164/361
f 347/164/361 346/163/362 229/95/176
f 346/163/362 345/167/363 226/98/173
f 345/167/363 344/218/1180 223/101/170
f 223/101/170 344/218/1180 343/209/364
f 220/104/167 343/209/364 342/210/365
f 217/107/164 342/210/365 341/211/366
f 341/211/366 340/219/1181 211/113/158
f 211/113/158 340/219/1181 339/211/367
f 339/211/367 338/210/368 205/107/152
f 338/210/368 337/209/369 202/104/149
f 337/209/369 336/218/1182 199/101/146
f 199/101/146 336/218/1182 335/167/370
f 196/98/143 335/167/370 334/163/371
f 193/95/140 334/163/371 333/164/372
f 333/164/372 332/155/1183 187/90/134
f 187/90/134 332/155/1183 331/152/373
f 331/152/373 330/127/374 181/84/128
f 330/127/374 329/125/375 178/81/125
f 329/125/375 328/140/1184 175/78/122
f 175/78/122 328/140/1184 327/139/376
f 172/75/119 327/139/376 323/116/377
f 165/66/110 325/128/1185 326/118/355
f 324/118/378 325/128/1185 165/66/110
f 169/72/116 323/116/377 324/118/378
s 4
f 385/212/379 386/120/380 416/117/207
f 386/120/380 355/131/220 417/129/219
f 355/131/220 356/120/210 418/117/226
f 384/213/381 385/212/379 387/141/233
f 383/123/213 384/213/381 388/145/239
f 390/136/248 382/124/214 383/123/213
f 391/126/252 381/133/222 382/124/214
f 380/137/228 381/133/222 391/126/252
f 379/142/234 380/137/228 392/156/256
f 378/146/240 379/142/234 393/160/260
f 377/149/246 378/146/240 394/159/259
f 376/151/250 377/149/246 395/168/268
f 375/153/253 376/151/250 396/172/272
f 398/214/382 374/158/258 375/153/253
f 399/215/383 373/161/261 374/158/258
f 372/165/265 373/161/261 399/215/383
f 371/169/269 372/165/265 400/216/384
f 370/165/386 371/169/269 401/217/385
f 369/161/388 370/165/386 402/216/387
f 368/158/390 369/161/388 403/215/389
f 367/153/392 368/158/390 404/214/391
f 406/172/394 366/151/396 367/153/392
f 407/168/395 365/149/417 366/151/396
f 364/146/397 365/149/417 407/168/395
f 363/142/399 364/146/397 408/159/398
f 362/137/401 363/142/399 409/160/400
f 361/133/403 362/137/401 410/156/402
f 360/124/404 361/133/403 411/126/216
f 359/123/405 360/124/404 412/136/225
f 414/145/237 358/213/406 359/123/405
f 415/141/242 357/212/408 358/213/406
f 356/120/210 357/212/408 415/141/242
f 350/127/217 411/126/216 410/156/402
f 28/188/298 384/213/381 383/123/213
f 2/188/302 358/213/406 357/212/408
f 348/155/409 349/152/407 410/156/402
f 28/188/298 29/119/304 385/212/379
f 2/188/302 3/185/307 359/123/405
f 348/155/409 409/160/400 408/159/398
f 29/119/304 31/121/309 386/120/380
f 4/122/311 360/124/404 359/123/405
f 347/164/410 408/159/398 407/168/395
f 30/132/221 355/131/220 386/120/380
f 4/122/311 5/134/316 361/133/403
f 346/163/411 407/168/395 406/172/394
f 5/134/316 6/138/319 362/137/401
f 345/167/412 406/172/394 405/171/393
f 7/143/274 363/142/399 362/137/401
f 343/209/414 344/218/413 405/171/393
f 8/147/276 364/146/397 363/142/399
f 343/209/414 404/214/391 403/215/389
f 9/148/278 365/149/417 364/146/397
f 342/210/415 403/215/389 402/216/387
f 10/150/282 366/151/396 365/149/417
f 340/219/418 341/211/416 402/216/387
f 10/150/282 11/154/285 367/153/392
f 340/219/418 401/217/385 400/216/384
f 12/157/287 368/158/390 367/153/392
f 339/211/419 400/216/384 399/215/383
f 12/157/287 13/162/291 369/161/388
f 338/210/420 399/215/383 398/214/382
f 13/162/291 14/166/296 370/165/386
f 337/209/421 398/214/382 397/171/271
f 15/170/270 371/169/269 370/165/386
s 7
f 646/220/423 714/234/423 713/221/424
f 685/223/425 470/379/425 722/224/426
f 662/226/427 730/237/427 457/227/428
f 679/229/429 466/252/429 724/227/430
s 8
f 675/230/431 727/299/536 463/231/432
f 478/221/434 479/251/638 719/233/435
f 724/227/437 466/252/716 467/235/438
f 730/237/440 454/379/714 455/238/441
f 738/240/443 739/300/704 737/241/444
f 732/243/446 733/283/512 452/244/447
f 726/245/449 727/299/536 464/246/450
f 477/248/452 720/381/655 721/249/453
f 713/221/455 714/234/539 715/233/456
f 457/227/458 456/236/659 459/235/459
s 9
f 549/253/461 550/302/550 643/254/462
f 551/256/464 552/309/794 639/257/465
f 553/259/467 554/303/551 635/260/468
f 555/262/470 556/304/552 631/263/471
f 557/265/473 558/305/553 627/266/474
f 559/268/476 560/308/785 623/269/477
f 561/271/479 562/306/554 619/272/480
f 563/274/482 564/307/555 615/275/483
f 565/277/485 566/307/556 611/275/486
f 567/274/488 568/306/776 607/272/489
f 569/271/491 570/308/557 603/269/492
f 571/268/494 572/305/558 599/266/495
f 573/265/497 574/304/559 595/263/498
f 575/262/500 576/303/767 591/260/501
f 577/259/503 578/309/560 587/257/504
f 579/256/506 548/302/549 581/254/507
s 7
f 705/279/509 482/240/509 717/280/510
s 8
f 659/282/511 452/244/447 733/283/512
f 648/285/514 712/251/457 715/233/456
f 693/287/516 721/249/453 475/288/517
f 690/289/518 475/288/517 472/283/519
f 665/290/521 456/236/659 731/239/442
f 653/287/523 654/289/758 708/288/524
f 681/290/526 725/236/439 467/235/438
s 7
f 652/293/528 710/381/528 709/294/529
f 668/296/530 728/247/530 461/245/531
s 8
f 722/224/532 470/379/667 471/238/533
f 462/298/535 463/231/432 727/299/536
f 713/221/455 712/251/457 735/250/537
f 714/234/539 736/242/445 737/241/444
f 461/245/540 728/247/707 729/246/541
f 724/227/437 725/236/439 468/239/543
f 717/280/545 482/240/675 483/300/546
f 709/294/548 710/381/710 711/249/525
s 9
f 548/302/549 549/253/461 582/255/463
f 550/302/550 551/256/464 641/258/466
f 639/257/465 552/309/794 553/259/467
f 554/303/551 555/262/470 633/264/472
f 556/304/552 557/265/473 629/267/475
f 558/305/553 559/268/476 625/270/478
f 623/269/477 560/308/785 561/271/479
f 562/306/554 563/274/482 617/276/484
f 564/307/555 565/277/485 613/278/487
f 566/307/556 567/274/488 609/276/490
f 607/272/489 568/306/776 569/271/491
f 570/308/557 571/268/494 601/270/496
f 572/305/558 573/265/497 597/267/499
f 574/304/559 575/262/500 593/264/502
f 591/260/501 576/303/767 577/259/503
f 578/309/560 579/256/506 585/258/508
f 484/310/561 485/411/718 546/311/562
f 581/254/507 580/410/717 584/313/564
f 545/314/565 544/412/719 542/315/566
f 587/257/504 586/413/720 588/317/568
f 539/318/569 541/414/721 540/319/570
f 591/260/501 590/415/722 592/321/572
f 537/322/573 536/416/723 534/323/574
f 595/263/498 594/417/724 596/325/576
f 533/326/577 532/418/725 530/327/578
f 599/266/495 598/419/726 600/329/580
f 529/330/581 528/420/727 526/331/582
f 603/269/492 602/421/728 604/333/584
f 523/334/585 525/422/729 524/335/586
f 607/272/489 606/423/730 608/337/588
f 521/338/589 520/424/731 518/339/590
f 611/275/486 610/425/732 612/341/592
f 517/342/593 516/426/733 514/343/594
f 615/275/483 614/425/734 616/337/596
f 513/345/597 512/427/735 510/346/598
f 619/272/480 618/423/736 620/333/600
f 507/348/601 509/428/737 508/349/602
f 623/269/477 622/421/738 624/329/604
f 505/351/605 504/429/739 502/352/606
f 627/266/474 626/419/740 628/325/608
f 501/354/609 500/430/741 498/355/610
f 631/263/471 630/417/742 632/321/612
f 497/357/613 496/431/743 494/358/614
f 635/260/468 634/415/744 636/317/616
f 491/360/617 493/432/745 492/361/618
f 639/257/465 638/413/746 640/313/620
f 489/363/621 488/433/747 486/364/622
f 643/254/462 642/410/748 583/366/624
s 10
f 867/367/625 451/371/1060 420/368/626
s 8
f 653/287/523 711/249/525 735/250/537
s 10
f 857/369/627 420/368/626 421/371/629
s 8
f 704/372/631 706/404/685 716/301/547
s 10
f 421/371/629 422/409/1087 845/373/632
s 8
f 684/374/633 471/238/533 468/239/543
s 10
f 845/373/632 422/409/1087 423/375/635
s 8
f 699/286/637 719/233/435 479/251/638
s 10
f 858/376/636 423/375/635 424/377/640
s 7
f 682/226/642 469/237/642 470/379/425
s 10
f 424/377/640 425/382/646 844/380/643
s 7
f 691/295/644 474/294/644 720/381/645
s 10
f 425/382/646 426/384/649 859/383/647
s 7
f 691/295/644 688/435/648 473/243/648
s 10
f 426/384/649 427/407/1077 853/385/650
s 8
f 696/285/639 479/251/638 476/250/454
s 10
f 853/385/650 427/407/1077 428/386/652
s 8
f 474/294/654 475/288/517 721/249/453
s 10
f 843/387/653 428/386/652 429/388/656
s 8
f 732/243/446 709/294/548 708/288/524
s 10
f 429/388/656 430/406/1093 852/390/658
s 8
f 457/227/458 730/237/440 731/239/442
s 10
f 852/390/658 430/406/1093 431/391/660
s 8
f 718/234/436 719/233/435 480/241/662
s 10
f 842/392/661 431/391/660 432/393/664
s 8
f 462/298/535 461/245/540 460/299/542
s 10
f 432/393/664 433/396/668 851/395/666
s 8
f 469/237/544 468/239/543 471/238/533
s 10
f 433/396/668 434/398/671 841/397/669
s 8
f 473/243/670 472/283/519 475/288/517
s 10
f 434/398/671 435/402/1084 862/399/672
s 8
f 478/221/434 477/248/452 476/250/454
s 10
f 862/399/672 435/402/1084 436/400/673
s 8
f 482/240/675 481/242/663 480/241/662
s 10
f 850/401/674 436/400/673 437/402/676
s 7
f 676/296/678 465/247/678 466/252/429
s 10
f 437/402/676 438/398/1064 863/397/679
s 7
f 698/220/680 718/234/680 481/242/681
s 10
f 863/397/679 438/398/1064 439/396/682
s 8
f 703/372/684 739/300/704 716/301/547
s 10
f 849/395/683 439/396/682 440/393/686
s 7
f 702/279/688 707/281/510 717/280/510
s 10
f 440/393/686 441/391/691 864/392/689
s 7
f 650/405/690 734/248/690 710/381/528
s 10
f 441/391/691 442/406/694 848/390/692
s 7
f 697/222/693 478/221/693 718/234/680
s 10
f 442/406/694 443/388/1056 838/389/695
s 7
f 658/225/696 656/435/697 732/243/697
s 10
f 838/389/695 443/388/1056 444/386/698
s 8
f 684/374/633 687/282/759 723/244/534
s 10
f 865/387/699 444/386/698 445/407/700
s 8
f 669/408/702 671/230/760 460/299/542
s 10
f 445/407/700 446/384/1071 837/383/703
s 8
f 717/280/545 716/301/547 739/300/704
s 10
f 837/383/703 446/384/1071 447/382/705
s 8
f 458/252/460 459/235/459 729/246/541
s 10
f 866/380/706 447/382/705 448/377/708
s 8
f 734/248/538 735/250/537 711/249/525
s 10
f 448/377/708 449/375/712 846/376/711
s 8
f 473/243/670 722/224/532 723/244/534
s 10
f 449/375/712 450/409/715 836/373/713
s 8
f 453/224/448 452/244/447 455/238/441
s 10
f 450/409/715 451/371/1060 867/367/625
s 8
f 466/252/716 465/247/451 464/246/450
s 9
f 547/312/563 546/311/562 580/410/717
f 547/312/563 581/254/507 582/255/463
f 484/310/561 582/255/463 583/366/624
f 546/311/562 485/411/718 583/366/624
f 545/314/565 585/258/508 584/313/564
f 543/316/567 542/315/566 586/413/720
f 545/314/565 543/316/567 587/257/504
f 544/412/719 584/313/564 586/413/720
f 541/414/721 589/261/505 588/317/568
f 539/318/569 538/320/571 590/415/722
f 539/318/569 591/260/501 589/261/505
f 540/319/570 588/317/568 590/415/722
f 537/322/573 593/264/502 592/321/572
f 535/324/575 534/323/574 594/417/724
f 535/324/575 595/263/498 593/264/502
f 534/323/574 536/416/723 592/321/572
f 533/326/577 597/267/499 596/325/576
f 531/328/579 530/327/578 598/419/726
f 531/328/579 599/266/495 597/267/499
f 530/327/578 532/418/725 596/325/576
f 529/330/581 601/270/496 600/329/580
f 527/332/583 526/331/582 602/421/728
f 529/330/581 527/332/583 603/269/492
f 528/420/727 600/329/580 602/421/728
f 525/422/729 605/273/493 604/333/584
f 523/334/585 522/336/587 606/423/730
f 523/334/585 607/272/489 605/273/493
f 524/335/586 604/333/584 606/423/730
f 521/338/589 609/276/490 608/337/588
f 519/340/591 518/339/590 610/425/732
f 519/340/591 611/275/486 609/276/490
f 518/339/590 520/424/731 608/337/588
f 517/342/593 613/278/487 612/341/592
f 515/344/595 514/343/594 614/425/734
f 515/344/595 615/275/483 613/278/487
f 514/343/594 516/426/733 612/341/592
f 513/345/597 617/276/484 616/337/596
f 511/347/599 510/346/598 618/423/736
f 513/345/597 511/347/599 619/272/480
f 512/427/735 616/337/596 618/423/736
f 509/428/737 621/273/481 620/333/600
f 507/348/601 506/350/603 622/421/738
f 507/348/601 623/269/477 621/273/481
f 508/349/602 620/333/600 622/421/738
f 505/351/605 625/270/478 624/329/604
f 503/353/607 502/352/606 626/419/740
f 503/353/607 627/266/474 625/270/478
f 502/352/606 504/429/739 624/329/604
f 501/354/609 629/267/475 628/325/608
f 499/356/611 498/355/610 630/417/742
f 499/356/611 631/263/471 629/267/475
f 498/355/610 500/430/741 628/325/608
f 497/357/613 633/264/472 632/321/612
f 495/359/615 494/358/614 634/415/744
f 497/357/613 495/359/615 635/260/468
f 496/431/743 632/321/612 634/415/744
f 493/432/745 637/261/469 636/317/616
f 491/360/617 490/362/619 638/413/746
f 491/360/617 639/257/465 637/261/469
f 492/361/618 636/317/616 638/413/746
f 489/363/621 641/258/466 640/313/620
f 487/365/623 486/364/622 642/410/748
f 487/365/623 643/254/462 641/258/466
f 486/364/622 488/433/747 640/313/620
s 7
f 674/297/749 673/436/750 462/298/750
f 694/405/751 477/248/751 478/221/693
s 8
f 660/374/752 455/238/441 452/244/447
f 677/408/753 464/246/450 727/299/536
f 669/408/702 729/246/541 459/235/459
s 7
f 667/229/755 458/252/755 728/247/530
s 8
f 701/434/756 704/372/631 483/300/546
s 7
f 658/225/696 453/224/696 454/379/757
f 674/297/749 726/245/749 465/247/678
s 8
f 660/374/752 663/291/522 731/239/442
f 683/291/634 468/239/543 725/236/439
s 7
f 661/223/757 454/379/757 730/237/427
f 700/403/681 481/242/681 482/240/509
s 8
f 666/292/754 459/235/459 456/236/659
f 654/289/758 657/284/513 733/283/512
s 7
f 680/228/430 724/227/430 469/237/642
f 655/295/529 709/294/529 732/243/697
f 664/228/428 457/227/428 458/252/755
s 8
f 687/282/759 689/284/520 472/283/519
f 651/370/628 735/250/537 712/251/457
s 7
f 649/222/424 713/221/424 734/248/690
s 8
f 671/230/760 672/232/433 463/231/432
s 7
f 686/225/426 722/224/426 473/243/648
s 8
f 645/434/761 737/241/444 739/300/704
f 693/287/516 695/370/651 476/250/454
s 7
f 670/297/531 461/245/531 462/298/750
f 702/279/688 738/240/688 736/242/762
f 692/293/645 720/381/645 477/248/751
s 8
f 645/434/761 647/286/515 715/233/456
f 677/408/753 678/292/527 467/235/438
f 701/434/756 480/241/662 719/233/435
s 7
f 644/403/762 736/242/762 714/234/423
s 9
f 584/313/564 580/410/717 702/279/549
f 586/413/720 584/313/564 644/403/506
s 11
f 645/434/763 703/372/764 741/437/764
f 742/439/765 647/286/765 645/434/763
s 9
f 588/317/568 586/413/720 646/220/560
s 11
f 743/440/766 648/285/766 647/286/765
s 9
f 590/415/722 588/317/568 649/222/503
s 11
f 651/370/768 648/285/766 743/440/766
s 9
f 592/321/572 590/415/722 650/405/767
s 11
f 653/287/769 651/370/768 744/441/768
s 9
f 594/417/724 592/321/572 652/293/500
s 11
f 654/289/770 653/287/769 745/442/769
s 9
f 596/325/576 594/417/724 655/295/559
s 11
f 657/284/771 654/289/770 746/443/770
s 9
f 598/419/726 596/325/576 656/435/497
s 11
f 659/282/772 657/284/771 747/444/771
s 9
f 600/329/580 598/419/726 658/225/558
s 11
f 660/374/773 659/282/772 748/445/772
s 9
f 602/421/728 600/329/580 661/223/494
s 11
f 750/447/774 663/291/774 660/374/773
s 9
f 604/333/584 602/421/728 662/226/557
s 11
f 751/448/775 665/290/775 663/291/774
s 9
f 606/423/730 604/333/584 664/228/491
s 11
f 666/292/777 665/290/775 751/448/775
s 9
f 608/337/588 606/423/730 667/229/776
s 11
f 669/408/778 666/292/777 752/449/777
s 9
f 610/425/732 608/337/588 668/296/488
s 11
f 671/230/779 669/408/778 753/450/778
s 9
f 612/341/592 610/425/732 670/297/556
s 11
f 672/232/780 671/230/779 754/451/779
s 9
f 614/425/734 612/341/592 673/436/485
s 11
f 675/230/781 672/232/780 755/452/780
s 9
f 616/337/596 614/425/734 674/297/555
s 11
f 677/408/782 675/230/781 756/451/781
s 9
f 618/423/736 616/337/596 676/296/482
s 11
f 758/449/783 678/292/783 677/408/782
s 9
f 620/333/600 618/423/736 679/229/554
s 11
f 759/448/784 681/290/784 678/292/783
s 9
f 622/421/738 620/333/600 680/228/479
s 11
f 683/291/786 681/290/784 759/448/784
s 9
f 624/329/604 622/421/738 682/226/785
s 11
f 684/374/787 683/291/786 760/447/786
s 9
f 626/419/740 624/329/604 685/223/476
s 11
f 687/282/788 684/374/787 761/446/787
s 9
f 628/325/608 626/419/740 686/225/553
s 11
f 689/284/789 687/282/788 762/445/788
s 9
f 630/417/742 628/325/608 688/435/473
s 11
f 690/289/790 689/284/789 763/444/789
s 9
f 632/321/612 630/417/742 691/295/552
s 11
f 693/287/791 690/289/790 764/443/790
s 9
f 634/415/744 632/321/612 692/293/470
s 11
f 766/441/792 695/370/792 693/287/791
s 9
f 636/317/616 634/415/744 694/405/551
s 11
f 767/440/793 696/285/793 695/370/792
s 9
f 638/413/746 636/317/616 697/222/467
s 11
f 699/286/795 696/285/793 767/440/793
s 9
f 640/313/620 638/413/746 698/220/794
s 11
f 701/434/796 699/286/795 768/439/795
s 9
f 642/410/748 640/313/620 700/403/464
s 11
f 704/372/797 701/434/796 769/438/796
f 703/372/764 706/404/798 771/453/798
s 9
f 580/410/717 583/366/624 707/281/461
f 583/366/624 642/410/748 705/279/550
s 11
f 706/404/798 704/372/797 770/437/797
s 12
f 750/447/57 749/446/57 814/454/57
f 750/447/57 815/455/57 816/458/57
f 752/449/57 751/448/57 816/458/57
f 752/449/57 817/461/57 818/464/57
f 753/450/57 818/464/57 819/467/57
f 755/452/57 754/451/57 819/467/57
f 756/451/57 755/452/57 820/470/57
f 757/450/57 756/451/57 821/467/57
f 758/449/57 757/450/57 822/464/57
f 758/449/57 823/461/57 824/458/57
f 760/447/57 759/448/57 824/458/57
f 760/447/57 825/455/57 826/454/57
f 761/446/57 826/454/57 827/476/57
f 763/444/57 762/445/57 827/476/57
s 14
f 805/477/799 835/478/800 773/465/800
f 804/478/801 805/477/799 772/466/799
f 835/478/800 834/479/802 774/472/802
f 834/479/802 833/480/803 775/475/803
f 833/480/803 832/481/804 776/471/804
f 832/481/804 831/486/805 777/462/805
f 777/462/805 831/486/805 830/482/806
f 830/482/806 829/484/807 779/483/807
f 829/484/807 828/444/808 780/456/808
f 828/444/808 827/476/809 781/457/809
f 827/476/809 826/454/810 782/468/810
f 826/454/810 825/455/811 783/473/811
f 825/455/811 824/458/812 784/474/812
f 824/458/812 823/461/813 785/469/813
f 785/469/813 823/461/813 822/464/814
f 822/464/814 821/467/815 787/460/815
f 821/467/815 820/470/816 788/485/816
f 820/470/816 819/467/817 789/460/817
f 819/467/817 818/464/818 790/459/818
f 818/464/818 817/461/819 791/469/819
f 817/461/819 816/458/820 792/474/820
f 816/458/820 815/455/821 793/473/821
f 793/473/821 815/455/821 814/454/822
f 814/454/822 813/476/823 795/457/823
f 813/476/823 812/444/824 796/456/824
f 812/444/824 811/484/825 797/483/825
f 811/484/825 810/482/826 798/463/826
f 810/482/826 809/486/827 799/462/827
f 809/486/827 808/481/828 800/471/828
f 808/481/828 807/480/829 801/475/829
f 801/475/829 807/480/829 806/479/830
f 806/479/830 804/478/801 803/465/801
s 12
f 749/446/57 748/445/57 813/476/57
f 748/445/57 747/444/57 812/444/57
f 747/444/57 746/443/57 811/484/57
f 745/442/57 810/482/57 811/484/57
f 771/453/57 770/437/57 835/478/57
f 744/441/57 809/486/57 810/482/57
f 741/437/57 771/453/57 805/477/57
f 744/441/57 743/440/57 808/481/57
f 769/438/57 834/479/57 835/478/57
f 742/439/57 807/480/57 808/481/57
f 768/439/57 833/480/57 834/479/57
f 742/439/57 740/438/57 806/479/57
f 768/439/57 767/440/57 832/481/57
f 740/438/57 741/437/57 804/478/57
f 766/441/57 831/486/57 832/481/57
f 766/441/57 765/442/57 830/482/57
f 765/442/57 764/443/57 829/484/57
f 764/443/57 763/444/57 828/444/57
s 10
f 579/256/831 836/373/713 867/367/625
f 846/376/711 836/373/713 579/256/831
f 856/378/709 846/376/711 578/309/833
f 576/303/835 866/380/706 856/378/709
f 575/262/836 837/383/703 866/380/706
f 847/385/701 837/383/703 575/262/836
f 573/265/838 865/387/699 847/385/701
f 572/305/839 838/389/695 865/387/699
f 571/268/840 848/390/692 838/389/695
f 864/392/689 848/390/692 571/268/840
f 839/394/687 864/392/689 570/308/841
f 568/306/843 849/395/683 839/394/687
f 567/274/844 863/397/679 849/395/683
f 840/399/677 863/397/679 567/274/844
f 565/277/846 850/401/674 840/399/677
f 564/307/847 862/399/672 850/401/674
f 563/274/848 841/397/669 862/399/672
f 851/395/666 841/397/669 563/274/848
f 861/394/665 851/395/666 562/306/849
f 560/308/851 842/392/661 861/394/665
f 559/268/852 852/390/658 842/392/661
f 860/389/657 852/390/658 559/268/852
f 557/265/854 843/387/653 860/389/657
f 556/304/855 853/385/650 843/387/653
f 555/262/856 859/383/647 853/385/650
f 844/380/643 859/383/647 555/262/856
f 854/378/641 844/380/643 554/303/857
f 552/309/859 858/376/636 854/378/641
f 551/256/860 845/373/632 858/376/636
f 855/367/630 845/373/632 551/256/860
f 549/253/862 857/369/627 855/367/630
f 548/302/832 867/367/625 857/369/627
s 15
f 873/487/863 875/490/864 882/488/864
f 875/490/864 874/492/865 883/491/865
f 874/492/865 872/494/866 881/493/866
f 885/489/867 887/488/868 878/490/868
f 887/488/868 886/491/869 879/492/869
f 886/491/869 884/493/870 877/494/870
f 893/495/866 895/498/865 890/496/865
f 895/498/865 894/500/864 891/499/864
f 894/500/864 892/502/863 889/501/863
f 901/497/870 903/496/869 898/498/869
f 903/496/869 902/499/868 899/500/868
f 902/499/868 900/501/867 897/502/867
f 880/489/863 889/501/863 892/502/863
f 877/494/870 884/493/870 881/493/866
f 876/487/867 897/502/867 900/501/867
f 888/497/866 870/497/57 871/495/57
f 896/495/870 868/495/57 869/497/57
s 16
f 918/503/871 911/507/871 909/504/872
f 919/506/873 910/509/873 911/507/871
f 917/508/874 908/510/874 910/509/873
f 914/507/875 923/503/875 921/505/876
f 915/509/877 922/506/877 923/503/875
f 913/510/878 920/508/878 922/506/877
f 926/511/873 931/515/873 929/512/874
f 927/514/871 930/517/871 931/515/873
f 925/516/872 928/518/872 930/517/871
f 934/515/877 939/511/877 937/513/878
f 935/517/875 938/514/875 939/511/877
f 933/518/876 936/516/876 938/514/875
f 928/518/872 925/516/872 916/505/872
f 917/508/874 920/508/878 913/510/878
f 936/516/876 933/518/876 912/504/876
f 907/512/354 906/513/354 924/513/874
f 905/513/354 904/512/354 932/512/878
s 17
f 868/495/879 904/512/879 905/513/879
s 18
f 870/497/880 906/513/880 907/512/880
s 19
f 880/489/881 882/488/881 918/503/881
s 20
f 873/487/882 909/504/882 911/507/882
s 19
f 882/488/881 883/491/881 919/506/881
s 20
f 875/490/882 911/507/882 910/509/882
s 19
f 881/493/881 917/508/881 919/506/881
s 20
f 872/494/882 874/492/882 910/509/882
f 876/487/882 878/490/882 914/507/882
s 19
f 885/489/881 921/505/881 923/503/881
s 20
f 878/490/882 879/492/882 915/509/882
s 19
f 887/488/881 923/503/881 922/506/881
s 20
f 877/494/882 913/510/882 915/509/882
s 19
f 884/493/881 886/491/881 922/506/881
f 890/496/881 926/511/881 924/513/881
s 20
f 895/498/882 893/495/882 929/512/882
s 19
f 891/499/881 927/514/881 926/511/881
s 20
f 894/500/882 895/498/882 931/515/882
s 19
f 891/499/881 889/501/881 925/516/881
s 20
f 894/500/882 930/517/882 928/518/882
f 898/498/882 934/515/882 932/512/882
s 19
f 903/496/881 901/497/881 937/513/881
s 20
f 899/500/882 935/517/882 934/515/882
s 19
f 902/499/881 903/496/881 939/511/881
s 20
f 899/500/882 897/502/882 933/518/882
s 19
f 902/499/881 938/514/881 936/516/881
s 20
f 892/502/882 928/518/882 909/504/882
s 19
f 889/501/881 880/489/881 916/505/881
s 20
f 872/494/882 908/510/882 913/510/882
s 19
f 884/493/881 920/508/881 917/508/881
f 900/501/881 936/516/881 921/505/881
s 20
f 897/502/882 876/487/882 912/504/882
f 893/495/882 871/495/882 907/512/882
s 19
f 888/497/881 924/513/881 906/513/881
f 901/497/881 869/497/881 905/513/881
s 20
f 896/495/882 932/512/882 904/512/882
s 21
f 945/519/883 947/586/884 954/520/884
f 954/520/884 947/586/884 946/522/885
f 955/523/885 946/522/885 944/524/886
f 957/526/887 959/529/888 950/527/888
f 959/529/888 958/531/889 951/530/889
f 958/531/889 956/587/890 949/532/890
f 960/533/891 965/547/901 967/534/892
f 962/535/893 967/534/892 966/536/894
f 963/537/895 966/536/894 964/538/883
f 973/540/896 975/543/899 970/541/897
f 975/543/899 974/588/1186 971/544/900
f 971/544/900 974/588/1186 972/545/887
f 952/521/883 961/539/883 964/538/883
f 949/532/890 956/587/890 953/525/886
f 957/526/887 948/528/887 969/546/887
f 965/547/901 960/533/891 942/548/902
f 968/542/898 940/584/903 941/550/903
s 22
f 990/551/904 983/555/904 981/552/905
f 991/554/906 982/557/906 983/555/904
f 991/554/906 989/589/907 980/556/907
f 984/558/908 986/561/909 995/559/909
f 986/561/909 987/563/910 994/562/910
f 987/563/910 985/580/911 992/564/911
f 996/565/912 998/568/915 1003/566/913
f 998/568/915 999/570/917 1002/569/916
f 999/570/917 997/579/905 1000/571/905
f 1006/572/918 1011/576/922 1009/573/919
f 1007/575/921 1010/578/923 1011/576/922
f 1005/577/908 1008/581/908 1010/578/923
f 981/552/905 1000/571/905 997/579/905
f 980/556/907 989/589/907 992/564/911
f 1008/581/908 1005/577/908 984/558/908
f 1001/567/914 979/585/924 978/582/924
f 977/583/925 976/590/925 1004/574/920
s 23
f 940/584/926 976/590/926 977/583/926
s 24
f 943/549/927 942/548/927 978/582/927
s 25
f 952/521/928 954/520/928 990/551/928
s 26
f 945/519/930 981/552/931 983/555/930
s 25
f 955/523/928 991/554/928 990/551/928
s 26
f 947/586/930 983/555/930 982/557/930
s 25
f 953/525/928 989/589/928 991/554/928
s 26
f 944/524/930 946/522/930 982/557/930
f 948/528/930 950/527/930 986/561/930
s 25
f 957/526/928 993/560/929 995/559/928
s 26
f 950/527/930 951/530/930 987/563/930
s 25
f 959/529/928 995/559/928 994/562/928
s 26
f 949/532/930 985/580/930 987/563/930
s 25
f 956/587/928 958/531/928 994/562/928
f 962/535/932 998/568/939 996/565/933
s 26
f 967/534/935 965/547/954 1001/567/936
s 25
f 963/537/938 999/570/942 998/568/939
s 26
f 966/536/940 967/534/935 1003/566/937
s 25
f 963/537/938 961/539/928 997/579/928
s 26
f 966/536/940 1002/569/941 1000/571/930
f 970/541/943 1006/572/950 1004/574/944
s 25
f 975/543/946 973/540/957 1009/573/947
s 26
f 971/544/949 1007/575/953 1006/572/950
s 25
f 974/588/951 975/543/946 1011/576/948
s 26
f 971/544/949 969/546/930 1005/577/930
s 25
f 974/588/951 1010/578/952 1008/581/928
s 26
f 964/538/930 1000/571/930 981/552/931
s 25
f 961/539/928 952/521/928 988/553/929
s 26
f 944/524/930 980/556/930 985/580/930
s 25
f 956/587/928 992/564/928 989/589/928
f 972/545/929 1008/581/928 993/560/929
s 26
f 969/546/930 948/528/930 984/558/931
f 965/547/954 943/549/955 979/585/955
s 25
f 960/533/934 996/565/933 978/582/956
f 973/540/957 941/550/1187 977/583/958
s 26
f 968/542/945 1004/574/944 976/590/959
s 27
f 1026/520/960 1019/586/960 1017/519/961
f 1026/520/960 1027/523/962 1018/522/962
f 1027/523/962 1025/525/963 1016/524/963
f 1022/527/964 1031/529/964 1029/526/965
f 1023/530/966 1030/531/966 1031/529/964
f 1021/532/967 1028/587/967 1030/531/966
f 1032/533/968 1034/535/971 1039/534/969
f 1034/535/971 1035/537/973 1038/536/972
f 1035/537/973 1033/539/961 1036/538/961
f 1042/541/974 1047/543/977 1045/540/975
f 1043/544/976 1046/588/978 1047/543/977
f 1043/544/976 1041/546/965 1044/545/965
f 1036/538/961 1033/539/961 1024/521/961
f 1025/525/963 1028/587/967 1021/532/967
f 1029/526/965 1044/545/965 1041/546/965
f 1037/547/970 1015/549/979 1014/548/979
f 1013/550/980 1012/584/980 1040/542/975
s 28
f 1053/552/981 1055/555/982 1062/551/982
f 1062/551/982 1055/555/982 1054/557/983
f 1054/557/983 1052/556/984 1061/589/984
f 1056/558/985 1065/560/985 1067/559/986
f 1058/561/986 1067/559/986 1066/562/987
f 1066/562/987 1064/564/988 1057/580/988
f 1068/565/989 1073/567/1000 1075/566/990
f 1070/568/991 1075/566/990 1074/569/992
f 1071/570/993 1074/569/992 1072/571/981
f 1081/573/994 1083/576/997 1078/572/995
f 1083/576/997 1082/578/999 1079/575/998
f 1082/578/999 1080/581/985 1077/577/985
f 1053/552/981 1060/553/981 1069/579/981
f 1057/580/988 1064/564/988 1061/589/984
f 1056/558/985 1077/577/985 1080/581/985
f 1073/567/1000 1068/565/989 1050/582/1001
f 1076/574/996 1048/590/1002 1049/583/1002
s 29
f 1049/583/1003 1048/590/1003 1012/584/1003
s 30
f 1015/549/1004 1051/585/1004 1050/582/1004
s 31
f 1024/521/1005 1060/553/1007 1062/551/1005
s 32
f 1055/555/1006 1053/552/1028 1017/519/1006
s 31
f 1062/551/1005 1063/554/1005 1027/523/1007
s 32
f 1054/557/1006 1055/555/1006 1019/586/1006
s 31
f 1063/554/1005 1061/589/1005 1025/525/1005
s 32
f 1016/524/1006 1052/556/1006 1054/557/1006
f 1020/528/1006 1056/558/1028 1058/561/1006
s 31
f 1067/559/1007 1065/560/1007 1029/526/1005
s 32
f 1022/527/1006 1058/561/1006 1059/563/1006
s 31
f 1066/562/1007 1067/559/1007 1031/529/1005
s 32
f 1059/563/1006 1057/580/1006 1021/532/1006
s 31
f 1028/587/1005 1064/564/1007 1066/562/1007
f 1068/565/1008 1070/568/1014 1034/535/1009
s 32
f 1039/534/1011 1075/566/1017 1073/567/1012
s 31
f 1070/568/1014 1071/570/1188 1035/537/1015
s 32
f 1038/536/1016 1074/569/1189 1075/566/1017
s 31
f 1035/537/1015 1071/570/1188 1069/579/1005
s 32
f 1072/571/1006 1074/569/1189 1038/536/1016
f 1076/574/1018 1078/572/1024 1042/541/1019
s 31
f 1047/543/1021 1083/576/1027 1081/573/1022
s 32
f 1078/572/1024 1079/575/1190 1043/544/1025
s 31
f 1046/588/1026 1082/578/1191 1083/576/1027
s 32
f 1043/544/1025 1079/575/1190 1077/577/1006
s 31
f 1080/581/1005 1082/578/1191 1046/588/1026
s 32
f 1053/552/1028 1072/571/1006 1036/538/1006
s 31
f 1033/539/1005 1069/579/1005 1060/553/1007
s 32
f 1057/580/1006 1052/556/1006 1016/524/1006
s 31
f 1061/589/1005 1064/564/1007 1028/587/1005
f 1065/560/1007 1080/581/1005 1044/545/1005
s 32
f 1041/546/1006 1077/577/1006 1056/558/1028
f 1037/547/1013 1073/567/1012 1051/585/1029
s 31
f 1050/582/1030 1068/565/1008 1032/533/1010
f 1045/540/1023 1081/573/1022 1049/583/1031
s 32
f 1048/590/1033 1076/574/1018 1040/542/1020
s 0
f 1087/591/1034 1086/595/1034 1084/592/1034
f 1089/594/879 1088/597/879 1086/595/879
f 1091/596/1035 1090/598/1035 1088/597/1035
f 1093/596/882 1092/598/882 1090/598/882
f 1095/594/1036 1094/597/1036 1092/598/1036
f 1097/591/880 1096/595/880 1094/597/880
f 1099/593/1037 1098/592/1037 1096/595/1037
f 1099/593/881 1085/593/881 1084/592/881
f 1101/592/1037 1103/595/1037 1104/591/1037
f 1103/595/880 1105/597/880 1106/594/880
f 1105/597/1036 1107/598/1036 1108/596/1036
f 1107/598/882 1109/598/882 1110/596/882
f 1109/598/1035 1111/597/1035 1112/594/1035
f 1111/597/879 1113/595/879 1114/591/879
f 1113/595/1034 1115/592/1034 1116/593/1034
f 1101/592/881 1102/593/881 1116/593/881
f 1118/600/1035 1120/603/1035 1121/601/1035
f 1120/603/879 1122/605/879 1123/604/879
f 1122/605/1034 1124/607/1034 1125/606/1034
f 1124/607/881 1126/607/881 1127/606/881
f 1126/607/1037 1128/605/1037 1129/604/1037
f 1128/605/880 1130/603/880 1131/601/880
f 1130/603/1036 1132/600/1036 1133/602/1036
f 1118/600/882 1119/602/882 1133/602/882
f 1138/601/1036 1137/603/1036 1135/600/1036
f 1140/604/880 1139/605/880 1137/603/880
f 1142/606/1037 1141/607/1037 1139/605/1037
f 1144/606/881 1143/607/881 1141/607/881
f 1146/604/1034 1145/605/1034 1143/607/1034
f 1148/601/879 1147/603/879 1145/605/879
f 1150/602/1035 1149/600/1035 1147/603/1035
f 1150/602/882 1136/602/882 1135/600/882
f 1155/609/1038 1154/613/1038 1152/610/1038
f 1157/612/1039 1156/615/1039 1154/613/1039
f 1159/614/1040 1158/617/1040 1156/615/1040
f 1159/614/354 1161/618/354 1160/616/354
f 1161/618/1041 1163/621/1041 1162/619/1041
f 1165/620/1042 1164/623/1042 1162/619/1042
f 1167/622/1043 1166/627/1043 1164/623/1043
f 1166/627/57 1167/622/57 1153/611/57
f 1168/628/1045 1170/629/1045 1171/625/1045
f 1170/629/1046 1172/631/1046 1173/630/1046
f 1172/631/1047 1174/673/1047 1175/632/1047
f 1175/632/354 1174/673/354 1176/633/354
f 1176/633/1048 1178/636/1048 1179/635/1048
f 1178/636/1049 1180/638/1049 1181/637/1049
f 1180/638/1050 1182/643/1050 1183/639/1050
f 1182/643/57 1168/628/57 1169/624/57
f 1185/640/1040 1184/674/1040 1186/644/1040
f 1186/644/1039 1188/646/1039 1189/645/1039
f 1188/646/1038 1190/675/1038 1191/647/1038
f 1191/647/57 1190/675/57 1192/648/57
f 1192/648/1043 1194/651/1043 1195/650/1043
f 1194/651/1042 1196/676/1042 1197/652/1042
f 1197/652/1041 1196/676/1041 1198/653/1041
f 1198/653/354 1184/674/354 1185/640/354
f 1203/658/1047 1202/661/1047 1200/659/1047
f 1205/660/1046 1204/663/1046 1202/661/1046
f 1207/662/1045 1206/665/1045 1204/663/1045
f 1207/662/57 1209/667/57 1208/664/57
f 1211/666/1050 1210/669/1050 1208/664/1050
f 1213/668/1049 1212/671/1049 1210/669/1049
f 1213/668/1048 1215/656/1048 1214/670/1048
f 1214/670/354 1215/656/354 1201/655/354
f 1220/610/1050 1222/613/1050 1223/609/1050
f 1222/613/1049 1224/615/1049 1225/612/1049
f 1224/615/1048 1226/617/1048 1227/614/1048
f 1227/614/354 1226/617/354 1228/616/354
f 1228/616/1047 1230/619/1047 1231/621/1047
f 1230/619/1046 1232/623/1046 1233/620/1046
f 1232/623/1045 1234/627/1045 1235/622/1045
f 1234/627/57 1220/610/57 1221/611/57
f 1239/625/1043 1238/629/1043 1236/628/1043
f 1241/630/1042 1240/631/1042 1238/629/1042
f 1243/632/1041 1242/673/1041 1240/631/1041
f 1243/632/354 1245/634/354 1244/633/354
f 1245/634/1040 1247/635/1040 1246/636/1040
f 1249/637/1039 1248/638/1039 1246/636/1039
f 1251/639/1038 1250/643/1038 1248/638/1038
f 1250/643/57 1251/639/57 1237/624/57
f 1255/641/1048 1254/644/1048 1252/674/1048
f 1257/645/1049 1256/646/1049 1254/644/1049
f 1259/647/1050 1258/675/1050 1256/646/1050
f 1259/647/57 1261/649/57 1260/648/57
f 1263/650/1045 1262/651/1045 1260/648/1045
f 1265/652/1046 1264/676/1046 1262/651/1046
f 1265/652/1047 1267/654/1047 1266/653/1047
f 1266/653/354 1267/654/354 1253/640/354
f 1269/655/1041 1268/659/1041 1270/661/1041
f 1270/661/1042 1272/663/1042 1273/660/1042
f 1272/663/1043 1274/665/1043 1275/662/1043
f 1275/662/57 1274/665/57 1276/664/57
f 1276/664/1038 1278/669/1038 1279/666/1038
f 1278/669/1039 1280/671/1039 1281/668/1039
f 1281/668/1040 1280/671/1040 1282/670/1040
f 1282/670/354 1268/659/354 1269/655/354
s 10
f 437/402/676 436/400/673 1304/677/1054
f 443/388/1056 1311/692/1090 1312/386/1057
f 423/375/635 1291/691/1091 1292/679/1058
f 450/409/715 1318/690/1092 1319/680/1059
f 431/391/660 430/406/1093 1298/681/1061
f 437/402/676 1305/678/1055 1306/683/1063
f 445/407/700 444/386/698 1312/386/1057
f 424/377/640 1292/679/1058 1293/685/1066
f 451/371/1060 1319/680/1059 1288/686/1067
f 431/391/660 1299/682/1062 1300/687/1068
f 439/396/682 438/398/1064 1306/683/1063
f 445/407/700 1313/684/1065 1314/689/1070
f 425/382/646 1293/685/1066 1294/689/1072
f 432/393/664 1300/687/1068 1301/688/1073
f 439/396/682 1307/688/1069 1308/687/1074
f 447/382/705 446/384/1071 1314/689/1070
f 426/384/649 1294/689/1072 1295/684/1076
f 421/371/629 420/368/626 1288/686/1067
f 433/396/668 1301/688/1073 1302/683/1079
f 440/393/686 1308/687/1074 1309/682/1080
f 447/382/705 1315/685/1075 1316/679/1081
f 427/407/1077 1295/684/1076 1296/386/1082
f 434/398/671 1302/683/1079 1303/678/1083
f 441/391/691 1309/682/1080 1310/681/1085
f 421/371/629 1289/680/1078 1290/690/1086
f 448/377/708 1316/679/1081 1317/691/1088
f 429/388/656 428/386/652 1296/386/1082
f 435/402/1084 1303/678/1083 1304/677/1054
f 442/406/694 1310/681/1085 1311/692/1090
f 423/375/635 422/409/1087 1290/690/1086
f 449/375/712 1317/691/1088 1318/690/1092
f 429/388/656 1297/692/1089 1298/681/1061
f 1353/693/1094 1320/710/1123 1321/694/1095
f 1355/696/1097 1347/709/1156 1348/697/1098
f 1357/699/1100 1334/708/1157 1335/700/1101
f 1352/695/1096 1321/694/1095 1322/702/1103
f 1354/698/1099 1348/697/1098 1349/704/1105
f 1356/701/1102 1335/700/1101 1336/706/1107
f 1358/703/1104 1322/702/1103 1323/704/1109
f 1362/703/1111 1359/705/1106 1349/704/1105
f 1360/707/1108 1336/706/1107 1337/700/1113
f 1361/705/1110 1323/704/1109 1324/697/1115
f 1362/703/1111 1350/702/1112 1351/694/1117
f 1363/701/1114 1337/700/1113 1338/708/1119
f 1364/698/1116 1324/697/1115 1325/709/1121
f 1365/695/1118 1351/694/1117 1320/710/1123
f 1366/699/1120 1338/708/1119 1339/711/1124
f 1369/713/1126 1367/696/1122 1325/709/1121
f 1368/712/1125 1339/711/1124 1340/715/1128
f 1369/713/1126 1326/714/1127 1327/717/1130
f 1370/716/1129 1340/715/1128 1341/719/1132
f 1371/718/1131 1327/717/1130 1328/721/1134
f 1374/723/1136 1372/720/1133 1341/719/1132
f 1373/722/1135 1328/721/1134 1329/725/1138
f 1374/723/1136 1342/724/1137 1343/725/1140
f 1375/726/1139 1329/725/1138 1330/724/1142
f 1376/726/1141 1343/725/1140 1344/721/1144
f 1377/723/1143 1330/724/1142 1331/719/1146
f 1378/722/1145 1344/721/1144 1345/717/1148
f 1379/720/1147 1331/719/1146 1332/715/1150
f 1380/718/1149 1345/717/1148 1346/714/1152
f 1381/716/1151 1332/715/1150 1333/711/1154
f 1382/713/1153 1346/714/1152 1347/709/1156
f 1357/699/1100 1383/712/1155 1333/711/1154
f 1301/688/1073 1383/712/1155 1357/699/1100
f 1314/689/1070 1382/713/1153 1355/696/1097
f 1300/687/1068 1381/716/1151 1383/712/1155
f 1313/684/1065 1380/718/1149 1382/713/1153
f 1300/687/1068 1299/682/1062 1379/720/1147
f 1312/386/1057 1378/722/1145 1380/718/1149
f 1298/681/1061 1377/723/1143 1379/720/1147
f 1311/692/1090 1376/726/1141 1378/722/1145
f 1297/692/1089 1375/726/1139 1377/723/1143
f 1310/681/1085 1374/723/1136 1376/726/1141
f 1296/386/1082 1373/722/1135 1375/726/1139
f 1309/682/1080 1372/720/1133 1374/723/1136
f 1295/684/1076 1371/718/1131 1373/722/1135
f 1308/687/1074 1370/716/1129 1372/720/1133
f 1294/689/1072 1369/713/1126 1371/718/1131
f 1308/687/1074 1307/688/1069 1368/712/1125
f 1293/685/1066 1367/696/1122 1369/713/1126
f 1306/683/1063 1366/699/1120 1368/712/1125
f 1319/680/1059 1365/695/1118 1353/693/1094
f 1292/679/1058 1364/698/1116 1367/696/1122
f 1305/678/1055 1363/701/1114 1366/699/1120
f 1318/690/1092 1362/703/1111 1365/695/1118
f 1292/679/1058 1291/691/1091 1361/705/1110
f 1304/677/1054 1360/707/1108 1363/701/1114
f 1317/691/1088 1359/705/1106 1362/703/1111
f 1290/690/1086 1358/703/1104 1361/705/1110
f 1303/678/1083 1356/701/1102 1360/707/1108
f 1316/679/1081 1354/698/1099 1359/705/1106
f 1289/680/1078 1352/695/1096 1358/703/1104
f 1302/683/1079 1357/699/1100 1356/701/1102
f 1316/679/1081 1315/685/1075 1355/696/1097
f 1288/686/1067 1353/693/1094 1352/695/1096
