# Blender 4.5.2 LTS
# www.blender.org
mtllib metal_garbage_can_01_big.mtl
g metal_garbage_can_01_big_Mesh
v -0.089026 0.494721 -0.214927
v -0.129245 0.494721 -0.193429
v -0.164498 0.494721 -0.164498
v -0.193429 0.494721 -0.129245
v -0.214927 0.494721 -0.089026
v -0.228166 0.494721 -0.045385
v -0.232636 0.494721 0.000000
v -0.228166 0.494721 0.045385
v -0.214927 0.494721 0.089026
v -0.193429 0.494721 0.129245
v -0.164498 0.494721 0.164498
v -0.129245 0.494721 0.193429
v -0.089026 0.494721 0.214927
v -0.045385 0.494721 0.228166
v 0.000000 0.494721 0.232636
v 0.045385 0.494721 0.228166
v 0.089026 0.494721 0.214927
v 0.129245 0.494721 0.193429
v 0.164498 0.494721 0.164498
v 0.193429 0.494721 0.129245
v 0.214927 0.494721 0.089026
v 0.228166 0.494721 0.045385
v 0.232636 0.494721 0.000000
v 0.228166 0.494721 -0.045385
v 0.214927 0.494721 -0.089026
v 0.193429 0.494721 -0.129245
v 0.164498 0.494721 -0.164498
v 0.129245 0.494721 -0.193429
v 0.089026 0.494721 -0.214927
v 0.000000 0.494721 -0.232636
v 0.045385 0.494721 -0.228166
v 0.000000 0.545147 -0.148587
v 0.028988 0.545147 -0.145732
v 0.056862 0.545147 -0.137277
v 0.082551 0.545147 -0.123546
v 0.105067 0.545147 -0.105067
v 0.123546 0.545147 -0.082551
v 0.137277 0.545147 -0.056862
v 0.145732 0.545147 -0.028988
v 0.148587 0.545147 0.000000
v 0.145732 0.545147 0.028988
v 0.137277 0.545147 0.056862
v 0.123546 0.545147 0.082551
v 0.105067 0.545147 0.105067
v 0.082551 0.545147 0.123546
v 0.056862 0.545147 0.137277
v 0.028988 0.545147 0.145732
v -0.000000 0.545147 0.148587
v -0.028988 0.545147 0.145732
v -0.056862 0.545147 0.137277
v -0.082551 0.545147 0.123546
v -0.105067 0.545147 0.105067
v -0.123546 0.545147 0.082551
v -0.137277 0.545147 0.056862
v -0.145732 0.545147 0.028988
v -0.148587 0.545147 -0.000000
v -0.145732 0.545147 -0.028988
v -0.137277 0.545147 -0.056862
v -0.123546 0.545147 -0.082551
v -0.105067 0.545147 -0.105067
v -0.082551 0.545147 -0.123546
v -0.056862 0.545147 -0.137277
v -0.028988 0.545147 -0.145732
v -0.045385 0.494721 -0.228166
v 0.039060 0.532592 -0.196367
v 0.000000 0.532592 -0.200214
v 0.076619 0.532592 -0.184974
v 0.111233 0.532592 -0.166472
v 0.141573 0.532592 -0.141573
v 0.166472 0.532592 -0.111233
v 0.184974 0.532592 -0.076619
v 0.196367 0.532592 -0.039060
v 0.200214 0.532592 0.000000
v 0.196367 0.532592 0.039060
v 0.184974 0.532592 0.076619
v 0.166472 0.532592 0.111233
v 0.141573 0.532592 0.141573
v 0.111233 0.532592 0.166472
v 0.076619 0.532592 0.184974
v 0.039060 0.532592 0.196367
v 0.000000 0.532592 0.200214
v -0.039060 0.532592 0.196367
v -0.076619 0.532592 0.184974
v -0.111233 0.532592 0.166472
v -0.141573 0.532592 0.141573
v -0.166472 0.532592 0.111233
v -0.184974 0.532592 0.076619
v -0.196367 0.532592 0.039060
v -0.200214 0.532592 0.000000
v -0.196367 0.532592 -0.039060
v -0.184974 0.532592 -0.076619
v -0.166472 0.532592 -0.111233
v -0.141573 0.532592 -0.141573
v -0.111233 0.532592 -0.166472
v -0.076619 0.532592 -0.184974
v -0.039060 0.532592 -0.196367
v 0.036729 0.539585 -0.184649
v 0.000000 0.539585 -0.188266
v 0.072046 0.539585 -0.173935
v 0.104595 0.539585 -0.156538
v 0.133124 0.539585 -0.133124
v 0.156538 0.539585 -0.104595
v 0.173935 0.539585 -0.072046
v 0.184649 0.539585 -0.036729
v 0.188266 0.539585 0.000000
v 0.184649 0.539585 0.036729
v 0.173935 0.539585 0.072046
v 0.156538 0.539585 0.104595
v 0.133124 0.539585 0.133124
v 0.104595 0.539585 0.156538
v 0.072046 0.539585 0.173935
v 0.036729 0.539585 0.184649
v 0.000000 0.539585 0.188266
v -0.036729 0.539585 0.184649
v -0.072046 0.539585 0.173935
v -0.104595 0.539585 0.156538
v -0.133124 0.539585 0.133124
v -0.156538 0.539585 0.104595
v -0.173935 0.539585 0.072046
v -0.184649 0.539585 0.036729
v -0.188266 0.539585 0.000000
v -0.184649 0.539585 -0.036729
v -0.173935 0.539585 -0.072046
v -0.156538 0.539585 -0.104595
v -0.133124 0.539585 -0.133124
v -0.104595 0.539585 -0.156538
v -0.072046 0.539585 -0.173935
v -0.036729 0.539585 -0.184649
v 0.032088 0.539585 -0.161317
v 0.000000 0.539585 -0.164478
v 0.062943 0.539585 -0.151957
v 0.091379 0.539585 -0.136758
v 0.116303 0.539585 -0.116303
v 0.136758 0.539585 -0.091379
v 0.151957 0.539585 -0.062943
v 0.161317 0.539585 -0.032088
v 0.164478 0.539585 0.000000
v 0.161317 0.539585 0.032088
v 0.151957 0.539585 0.062943
v 0.136758 0.539585 0.091379
v 0.116303 0.539585 0.116303
v 0.091379 0.539585 0.136758
v 0.062943 0.539585 0.151957
v 0.032088 0.539585 0.161317
v -0.000000 0.539585 0.164478
v -0.032088 0.539585 0.161317
v -0.062943 0.539585 0.151957
v -0.091379 0.539585 0.136758
v -0.116303 0.539585 0.116303
v -0.136758 0.539585 0.091379
v -0.151957 0.539585 0.062943
v -0.161317 0.539585 0.032088
v -0.164478 0.539585 -0.000000
v -0.161317 0.539585 -0.032088
v -0.151957 0.539585 -0.062943
v -0.136758 0.539585 -0.091379
v -0.116303 0.539585 -0.116303
v -0.091379 0.539585 -0.136758
v -0.062943 0.539585 -0.151957
v -0.032088 0.539585 -0.161317
v 0.000000 0.545147 -0.000000
v 0.043028 0.532592 -0.216318
v 0.044174 0.527741 -0.222077
v 0.043765 0.531171 -0.220020
v 0.000000 0.527741 -0.226428
v 0.000000 0.532592 -0.220556
v 0.000000 0.531171 -0.224331
v 0.084403 0.532592 -0.203768
v 0.086650 0.527741 -0.209192
v 0.085848 0.531171 -0.207254
v 0.122535 0.532592 -0.183386
v 0.125797 0.527741 -0.188268
v 0.124631 0.531171 -0.186524
v 0.155957 0.532592 -0.155957
v 0.160109 0.527741 -0.160109
v 0.158626 0.531171 -0.158626
v 0.183386 0.532592 -0.122535
v 0.188268 0.527741 -0.125797
v 0.186524 0.531171 -0.124631
v 0.203768 0.532592 -0.084403
v 0.209192 0.527741 -0.086650
v 0.207254 0.531171 -0.085848
v 0.216318 0.532592 -0.043028
v 0.222077 0.527741 -0.044174
v 0.220020 0.531171 -0.043765
v 0.220556 0.532592 0.000000
v 0.226428 0.527741 0.000000
v 0.224331 0.531171 0.000000
v 0.216318 0.532592 0.043028
v 0.222077 0.527741 0.044174
v 0.220020 0.531171 0.043765
v 0.203768 0.532592 0.084403
v 0.209192 0.527741 0.086650
v 0.207254 0.531171 0.085848
v 0.183386 0.532592 0.122535
v 0.188268 0.527741 0.125797
v 0.186524 0.531171 0.124631
v 0.155957 0.532592 0.155957
v 0.160109 0.527741 0.160109
v 0.158626 0.531171 0.158626
v 0.122535 0.532592 0.183386
v 0.125797 0.527741 0.188268
v 0.124631 0.531171 0.186524
v 0.084403 0.532592 0.203768
v 0.086650 0.527741 0.209192
v 0.085848 0.531171 0.207254
v 0.043028 0.532592 0.216318
v 0.044174 0.527741 0.222077
v 0.043765 0.531171 0.220020
v 0.000000 0.532592 0.220556
v 0.000000 0.527741 0.226428
v 0.000000 0.531171 0.224331
v -0.043028 0.532592 0.216318
v -0.044174 0.527741 0.222077
v -0.043765 0.531171 0.220020
v -0.084403 0.532592 0.203768
v -0.086650 0.527741 0.209192
v -0.085848 0.531171 0.207254
v -0.122535 0.532592 0.183386
v -0.125797 0.527741 0.188268
v -0.124631 0.531171 0.186524
v -0.155957 0.532592 0.155957
v -0.160109 0.527741 0.160109
v -0.158626 0.531171 0.158626
v -0.183386 0.532592 0.122535
v -0.188268 0.527741 0.125797
v -0.186524 0.531171 0.124631
v -0.203768 0.532592 0.084403
v -0.209192 0.527741 0.086650
v -0.207254 0.531171 0.085848
v -0.216318 0.532592 0.043028
v -0.222077 0.527741 0.044174
v -0.220020 0.531171 0.043765
v -0.220556 0.532592 0.000000
v -0.226428 0.527741 0.000000
v -0.224331 0.531171 0.000000
v -0.216318 0.532592 -0.043028
v -0.222077 0.527741 -0.044174
v -0.220020 0.531171 -0.043765
v -0.203768 0.532592 -0.084403
v -0.209192 0.527741 -0.086650
v -0.207254 0.531171 -0.085848
v -0.183386 0.532592 -0.122535
v -0.188268 0.527741 -0.125797
v -0.186524 0.531171 -0.124631
v -0.155957 0.532592 -0.155957
v -0.160109 0.527741 -0.160109
v -0.158626 0.531171 -0.158626
v -0.122535 0.532592 -0.183386
v -0.125797 0.527741 -0.188268
v -0.124631 0.531171 -0.186524
v -0.084403 0.532592 -0.203768
v -0.086650 0.527741 -0.209192
v -0.085848 0.531171 -0.207254
v -0.043028 0.532592 -0.216318
v -0.044174 0.527741 -0.222077
v -0.043765 0.531171 -0.220020
v -0.088317 0.494351 -0.213217
v -0.128217 0.494351 -0.191890
v -0.163189 0.494351 -0.163189
v -0.191890 0.494351 -0.128217
v -0.213217 0.494351 -0.088317
v -0.226350 0.494351 -0.045024
v -0.230784 0.494351 0.000000
v -0.226350 0.494351 0.045024
v -0.213217 0.494351 0.088317
v -0.191890 0.494351 0.128217
v -0.163189 0.494351 0.163189
v -0.128217 0.494351 0.191890
v -0.088317 0.494351 0.213217
v -0.045024 0.494351 0.226350
v 0.000000 0.494351 0.230784
v 0.045024 0.494351 0.226350
v 0.088317 0.494351 0.213217
v 0.128217 0.494351 0.191890
v 0.163189 0.494351 0.163189
v 0.191890 0.494351 0.128217
v 0.213217 0.494351 0.088317
v 0.226350 0.494351 0.045024
v 0.230784 0.494351 0.000000
v 0.226350 0.494351 -0.045024
v 0.213217 0.494351 -0.088317
v 0.191890 0.494351 -0.128217
v 0.163189 0.494351 -0.163189
v 0.128217 0.494351 -0.191890
v 0.088317 0.494351 -0.213217
v 0.000000 0.494351 -0.230784
v 0.045024 0.494351 -0.226350
v -0.045024 0.494351 -0.226350
v -0.085887 0.527476 -0.207349
v -0.124688 0.527476 -0.186609
v -0.158698 0.527476 -0.158698
v -0.186609 0.527476 -0.124688
v -0.207349 0.527476 -0.085887
v -0.220121 0.527476 -0.043785
v -0.224433 0.527476 0.000000
v -0.220121 0.527476 0.043785
v -0.207349 0.527476 0.085887
v -0.186609 0.527476 0.124688
v -0.158698 0.527476 0.158698
v -0.124688 0.527476 0.186609
v -0.085887 0.527476 0.207349
v -0.043785 0.527476 0.220121
v 0.000000 0.527476 0.224433
v 0.043785 0.527476 0.220121
v 0.085887 0.527476 0.207349
v 0.124688 0.527476 0.186609
v 0.158698 0.527476 0.158698
v 0.186609 0.527476 0.124688
v 0.207349 0.527476 0.085887
v 0.220121 0.527476 0.043785
v 0.224433 0.527476 0.000000
v 0.220121 0.527476 -0.043785
v 0.207349 0.527476 -0.085887
v 0.186609 0.527476 -0.124688
v 0.158698 0.527476 -0.158698
v 0.124688 0.527476 -0.186609
v 0.085887 0.527476 -0.207349
v 0.000000 0.527476 -0.224433
v 0.043785 0.527476 -0.220121
v -0.043785 0.527476 -0.220121
v -0.000000 0.527476 0.000000
v 0.088735 0.498759 -0.214226
v 0.045237 0.498759 -0.227421
v 0.000000 0.498759 -0.231876
v -0.045237 0.498759 -0.227421
v 0.128823 0.498759 -0.192798
v 0.163961 0.498759 -0.163961
v 0.192798 0.498759 -0.128823
v 0.214226 0.498759 -0.088735
v 0.227421 0.498759 -0.045237
v 0.231876 0.498759 0.000000
v 0.227421 0.498759 0.045237
v 0.214226 0.498759 0.088735
v 0.192798 0.498759 0.128823
v 0.163961 0.498759 0.163961
v 0.128823 0.498759 0.192798
v 0.088735 0.498759 0.214226
v 0.045237 0.498759 0.227421
v 0.000000 0.498759 0.231876
v -0.045237 0.498759 0.227421
v -0.088735 0.498759 0.214226
v -0.128823 0.498759 0.192798
v -0.163961 0.498759 0.163961
v -0.192798 0.498759 0.128823
v -0.214226 0.498759 0.088735
v -0.227421 0.498759 0.045237
v -0.231876 0.498759 0.000000
v -0.227421 0.498759 -0.045237
v -0.214226 0.498759 -0.088735
v -0.192798 0.498759 -0.128823
v -0.163961 0.498759 -0.163961
v -0.128823 0.498759 -0.192798
v -0.088735 0.498759 -0.214226
v 0.000000 0.495889 -0.233329
v -0.045520 0.495889 -0.228845
v -0.089291 0.495889 -0.215568
v -0.129631 0.495889 -0.194006
v -0.164988 0.495889 -0.164988
v -0.194006 0.495889 -0.129631
v -0.215568 0.495889 -0.089291
v -0.228845 0.495889 -0.045520
v -0.233329 0.495889 0.000000
v -0.228845 0.495889 0.045520
v -0.215568 0.495889 0.089291
v -0.194006 0.495889 0.129631
v -0.164988 0.495889 0.164988
v -0.129631 0.495889 0.194006
v -0.089291 0.495889 0.215568
v -0.045520 0.495889 0.228845
v 0.000000 0.495889 0.233329
v 0.045520 0.495889 0.228845
v 0.089291 0.495889 0.215568
v 0.129631 0.495889 0.194006
v 0.164988 0.495889 0.164988
v 0.194006 0.495889 0.129631
v 0.215568 0.495889 0.089291
v 0.228845 0.495889 0.045520
v 0.233329 0.495889 0.000000
v 0.228845 0.495889 -0.045520
v 0.215568 0.495889 -0.089291
v 0.194006 0.495889 -0.129631
v 0.164988 0.495889 -0.164988
v 0.129631 0.495889 -0.194006
v 0.089291 0.495889 -0.215568
v 0.045520 0.495889 -0.228845
v 0.089134 0.497588 -0.215188
v 0.129402 0.497588 -0.193664
v 0.164697 0.497588 -0.164697
v 0.193664 0.497588 -0.129402
v 0.215188 0.497588 -0.089134
v 0.228442 0.497588 -0.045440
v 0.232917 0.497588 0.000000
v 0.228442 0.497588 0.045440
v 0.215188 0.497588 0.089134
v 0.193664 0.497588 0.129402
v 0.164697 0.497588 0.164697
v 0.129402 0.497588 0.193664
v 0.089134 0.497588 0.215188
v 0.045440 0.497588 0.228442
v 0.000000 0.497588 0.232917
v -0.045440 0.497588 0.228442
v -0.089134 0.497588 0.215188
v -0.129402 0.497588 0.193664
v -0.164697 0.497588 0.164697
v -0.193664 0.497588 0.129402
v -0.215188 0.497588 0.089134
v -0.228442 0.497588 0.045440
v -0.232917 0.497588 0.000000
v -0.228442 0.497588 -0.045440
v -0.215188 0.497588 -0.089134
v -0.193664 0.497588 -0.129402
v -0.164697 0.497588 -0.164697
v -0.129402 0.497588 -0.193664
v -0.089134 0.497588 -0.215188
v 0.045440 0.497588 -0.228442
v 0.000000 0.497588 -0.232917
v -0.045440 0.497588 -0.228442
v 0.000000 0.000000 -0.000000
v 0.000000 0.532110 -0.219983
v 0.042916 0.532110 -0.215756
v 0.084184 0.532110 -0.203237
v 0.122216 0.532110 -0.182909
v 0.155551 0.532110 -0.155551
v 0.182909 0.532110 -0.122216
v 0.203237 0.532110 -0.084184
v 0.215756 0.532110 -0.042916
v 0.219983 0.532110 0.000000
v 0.215756 0.532110 0.042916
v 0.203237 0.532110 0.084184
v 0.182909 0.532110 0.122216
v 0.155551 0.532110 0.155551
v 0.122216 0.532110 0.182909
v 0.084184 0.532110 0.203237
v 0.042916 0.532110 0.215756
v 0.000000 0.532110 0.219983
v -0.042916 0.532110 0.215756
v -0.084184 0.532110 0.203237
v -0.122216 0.532110 0.182909
v -0.155551 0.532110 0.155551
v -0.182909 0.532110 0.122216
v -0.203237 0.532110 0.084184
v -0.215756 0.532110 0.042916
v -0.219983 0.532110 0.000000
v -0.215756 0.532110 -0.042916
v -0.203237 0.532110 -0.084184
v -0.182909 0.532110 -0.122216
v -0.155551 0.532110 -0.155551
v -0.122216 0.532110 -0.182909
v -0.084184 0.532110 -0.203237
v -0.042916 0.532110 -0.215756
v -0.182242 0.059819 0.036250
v -0.182911 0.064431 0.036383
v -0.172298 0.064431 0.071368
v -0.171668 0.059819 0.071107
v -0.131389 0.059819 0.131389
v -0.131872 0.064431 0.131872
v -0.103611 0.064431 0.155065
v -0.103232 0.059819 0.154497
v -0.036250 0.059819 0.182242
v -0.036383 0.064431 0.182911
v 0.000000 0.064431 0.186495
v 0.000000 0.059819 0.185812
v 0.071107 0.059819 0.171668
v 0.071368 0.064431 0.172298
v 0.103611 0.064431 0.155065
v 0.103232 0.059819 0.154497
v 0.154497 0.059819 0.103232
v 0.155065 0.064431 0.103611
v 0.172298 0.064431 0.071368
v 0.171668 0.059819 0.071107
v 0.185812 0.059819 0.000000
v 0.186495 0.064431 0.000000
v 0.182911 0.064431 -0.036383
v 0.182242 0.059819 -0.036250
v 0.154497 0.059819 -0.103232
v 0.155065 0.064431 -0.103611
v 0.131872 0.064431 -0.131872
v 0.131389 0.059819 -0.131389
v 0.071107 0.059819 -0.171668
v 0.071368 0.064431 -0.172298
v 0.036383 0.064431 -0.182911
v 0.036250 0.059819 -0.182242
v -0.006271 0.395118 -0.201125
v -0.006271 0.136991 -0.182546
v 0.041764 0.136991 -0.177815
v 0.045388 0.395118 -0.196037
v 0.064064 0.136991 -0.171051
v 0.071173 0.395118 -0.188215
v 0.106632 0.136991 -0.148298
v 0.116954 0.395118 -0.163745
v 0.124645 0.136991 -0.133514
v 0.137782 0.395118 -0.146651
v 0.155266 0.136991 -0.096203
v 0.170714 0.395118 -0.106525
v 0.166251 0.136991 -0.075651
v 0.183415 0.395118 -0.082761
v 0.180262 0.136991 -0.029462
v 0.198484 0.395118 -0.033087
v 0.182546 0.136991 -0.006271
v 0.201125 0.395118 -0.006271
v 0.177815 0.136991 0.041764
v 0.196037 0.395118 0.045388
v 0.171051 0.136991 0.064064
v 0.188215 0.395118 0.071173
v 0.148298 0.136991 0.106632
v 0.163745 0.395118 0.116954
v 0.133514 0.136991 0.124645
v 0.146651 0.395118 0.137782
v 0.096203 0.136991 0.155266
v 0.106525 0.395118 0.170714
v 0.075651 0.136991 0.166251
v 0.082761 0.395118 0.183415
v 0.029462 0.136991 0.180262
v 0.033087 0.395118 0.198484
v 0.006271 0.136991 0.182546
v 0.006271 0.395118 0.201125
v -0.041764 0.136991 0.177815
v -0.045388 0.395118 0.196037
v -0.064064 0.136991 0.171051
v -0.071173 0.395118 0.188215
v -0.106632 0.136991 0.148298
v -0.116954 0.395118 0.163745
v -0.124645 0.136991 0.133514
v -0.137782 0.395118 0.146651
v -0.155266 0.136991 0.096203
v -0.170714 0.395118 0.106525
v -0.166251 0.136991 0.075651
v -0.183415 0.395118 0.082761
v -0.180262 0.136991 0.029462
v -0.198484 0.395118 0.033087
v -0.182546 0.136991 0.006271
v -0.201125 0.395118 0.006271
v -0.177815 0.136991 -0.041764
v -0.196037 0.395118 -0.045388
v -0.171051 0.136991 -0.064064
v -0.188215 0.395118 -0.071173
v -0.148298 0.136991 -0.106632
v -0.163745 0.395118 -0.116954
v -0.133514 0.136991 -0.124645
v -0.146651 0.395118 -0.137782
v -0.096203 0.136991 -0.155266
v -0.106525 0.395118 -0.170714
v -0.075651 0.136991 -0.166251
v -0.082761 0.395118 -0.183415
v -0.029462 0.136991 -0.180262
v -0.033087 0.395118 -0.198484
v -0.041490 0.472387 -0.208586
v 0.000000 0.472387 -0.212673
v 0.041490 0.472387 -0.208586
v 0.081386 0.472387 -0.196484
v 0.118155 0.472387 -0.176831
v 0.150383 0.472387 -0.150383
v 0.176831 0.472387 -0.118155
v 0.196484 0.472387 -0.081386
v 0.208586 0.472387 -0.041490
v 0.212673 0.472387 0.000000
v 0.208586 0.472387 0.041490
v 0.196484 0.472387 0.081386
v 0.176831 0.472387 0.118155
v 0.150383 0.472387 0.150383
v 0.118155 0.472387 0.176831
v 0.081386 0.472387 0.196484
v 0.041490 0.472387 0.208586
v 0.000000 0.472387 0.212673
v -0.041490 0.472387 0.208586
v -0.081386 0.472387 0.196484
v -0.118155 0.472387 0.176831
v -0.150383 0.472387 0.150383
v -0.176831 0.472387 0.118155
v -0.196484 0.472387 0.081386
v -0.208586 0.472387 0.041490
v -0.212673 0.472387 0.000000
v -0.208586 0.472387 -0.041490
v -0.196484 0.472387 -0.081386
v -0.176831 0.472387 -0.118155
v -0.150383 0.472387 -0.150383
v -0.118155 0.472387 -0.176831
v -0.081386 0.472387 -0.196484
v -0.036692 0.124250 -0.184463
v -0.040601 0.407860 -0.204115
v 0.000000 0.407860 -0.208114
v 0.000000 0.124250 -0.188076
v -0.071974 0.124250 -0.173760
v -0.079642 0.407860 -0.192272
v -0.104490 0.124250 -0.156380
v -0.115622 0.407860 -0.173040
v -0.132990 0.124250 -0.132990
v -0.147159 0.407860 -0.147159
v -0.156380 0.124250 -0.104490
v -0.173040 0.407860 -0.115622
v -0.173760 0.124250 -0.071974
v -0.192272 0.407860 -0.079642
v -0.184463 0.124250 -0.036692
v -0.204115 0.407860 -0.040601
v -0.188076 0.124250 0.000000
v -0.208114 0.407860 0.000000
v -0.184463 0.124250 0.036692
v -0.204115 0.407860 0.040601
v -0.173760 0.124250 0.071974
v -0.192272 0.407860 0.079642
v -0.156380 0.124250 0.104490
v -0.173040 0.407860 0.115622
v -0.132990 0.124250 0.132990
v -0.147159 0.407860 0.147159
v -0.104490 0.124250 0.156380
v -0.115622 0.407860 0.173040
v -0.071974 0.124250 0.173760
v -0.079642 0.407860 0.192272
v -0.036692 0.124250 0.184463
v -0.040601 0.407860 0.204115
v 0.000000 0.124250 0.188076
v 0.000000 0.407860 0.208114
v 0.036692 0.124250 0.184463
v 0.040601 0.407860 0.204115
v 0.071974 0.124250 0.173760
v 0.079642 0.407860 0.192272
v 0.104490 0.124250 0.156380
v 0.115622 0.407860 0.173040
v 0.132990 0.124250 0.132990
v 0.147159 0.407860 0.147159
v 0.156380 0.124250 0.104490
v 0.173040 0.407860 0.115622
v 0.173760 0.124250 0.071974
v 0.192272 0.407860 0.079642
v 0.184463 0.124250 0.036692
v 0.204115 0.407860 0.040601
v 0.188076 0.124250 0.000000
v 0.208114 0.407860 0.000000
v 0.184463 0.124250 -0.036692
v 0.204115 0.407860 -0.040601
v 0.173760 0.124250 -0.071974
v 0.192272 0.407860 -0.079642
v 0.156380 0.124250 -0.104490
v 0.173040 0.407860 -0.115622
v 0.132990 0.124250 -0.132990
v 0.147159 0.407860 -0.147159
v 0.104490 0.124250 -0.156380
v 0.115622 0.407860 -0.173040
v 0.071974 0.124250 -0.173760
v 0.079642 0.407860 -0.192272
v 0.036692 0.124250 -0.184463
v 0.040601 0.407860 -0.204115
v -0.070423 0.066889 -0.170016
v -0.070165 0.057361 -0.169394
v -0.102238 0.066889 -0.153010
v -0.101864 0.057361 -0.152450
v -0.129648 0.057361 -0.129648
v -0.130124 0.066889 -0.130124
v -0.153010 0.066889 -0.102238
v -0.152450 0.057361 -0.101864
v -0.170016 0.066889 -0.070423
v -0.169394 0.057361 -0.070165
v -0.179827 0.057361 -0.035770
v -0.180488 0.066889 -0.035901
v -0.184024 0.066889 0.000000
v -0.183351 0.057361 0.000000
v -0.180488 0.066889 0.035901
v -0.179827 0.057361 0.035770
v -0.169394 0.057361 0.070165
v -0.170016 0.066889 0.070423
v -0.153010 0.066889 0.102238
v -0.152450 0.057361 0.101864
v -0.130124 0.066889 0.130124
v -0.129648 0.057361 0.129648
v -0.101864 0.057361 0.152450
v -0.102238 0.066889 0.153010
v -0.070423 0.066889 0.170016
v -0.070165 0.057361 0.169394
v -0.035901 0.066889 0.180488
v -0.035770 0.057361 0.179827
v 0.000000 0.057361 0.183351
v 0.000000 0.066889 0.184024
v 0.035901 0.066889 0.180488
v 0.035770 0.057361 0.179827
v 0.070423 0.066889 0.170016
v 0.070165 0.057361 0.169394
v 0.101864 0.057361 0.152450
v 0.102238 0.066889 0.153010
v 0.130124 0.066889 0.130124
v 0.129648 0.057361 0.129648
v 0.153010 0.066889 0.102238
v 0.152450 0.057361 0.101864
v 0.169394 0.057361 0.070165
v 0.170016 0.066889 0.070423
v 0.180488 0.066889 0.035901
v 0.179827 0.057361 0.035770
v 0.184024 0.066889 0.000000
v 0.183351 0.057361 0.000000
v 0.179827 0.057361 -0.035770
v 0.180488 0.066889 -0.035901
v 0.170016 0.066889 -0.070423
v 0.169394 0.057361 -0.070165
v 0.153010 0.066889 -0.102238
v 0.152450 0.057361 -0.101864
v 0.129648 0.057361 -0.129648
v 0.130124 0.066889 -0.130124
v 0.102238 0.066889 -0.153010
v 0.101864 0.057361 -0.152450
v 0.070423 0.066889 -0.170016
v 0.070165 0.057361 -0.169394
v -0.035901 0.066889 -0.180488
v -0.035770 0.057361 -0.179827
v 0.035770 0.057361 -0.179827
v 0.035901 0.066889 -0.180488
v 0.000000 0.057361 -0.183351
v 0.000000 0.066889 -0.184024
v -0.182242 0.059819 -0.036250
v -0.182911 0.064431 -0.036383
v -0.172298 0.064431 -0.071368
v -0.171668 0.059819 -0.071107
v -0.131389 0.059819 -0.131389
v -0.131872 0.064431 -0.131872
v -0.103611 0.064431 -0.155065
v -0.103232 0.059819 -0.154497
v 0.000000 0.059819 -0.185812
v 0.000000 0.064431 -0.186495
v 0.103611 0.064431 -0.155065
v 0.103232 0.059819 -0.154497
v 0.172298 0.064431 -0.071368
v 0.171668 0.059819 -0.071107
v 0.182911 0.064431 0.036383
v 0.182242 0.059819 0.036250
v 0.131872 0.064431 0.131872
v 0.131389 0.059819 0.131389
v 0.036383 0.064431 0.182911
v 0.036250 0.059819 0.182242
v -0.071368 0.064431 0.172298
v -0.071107 0.059819 0.171668
v -0.155065 0.064431 0.103611
v -0.154497 0.059819 0.103232
v -0.186495 0.064431 0.000000
v -0.185812 0.059819 0.000000
v -0.155065 0.064431 -0.103611
v -0.154497 0.059819 -0.103232
v -0.071368 0.064431 -0.172298
v -0.071107 0.059819 -0.171668
v -0.036383 0.064431 -0.182911
v -0.036250 0.059819 -0.182242
v -0.068705 0.004643 -0.165870
v -0.035026 0.004643 -0.176086
v -0.099745 0.004643 -0.149279
v -0.126951 0.004643 -0.126951
v -0.149279 0.004643 -0.099745
v -0.165870 0.004643 -0.068705
v -0.176086 0.004643 -0.035026
v -0.179536 0.004643 0.000000
v -0.176086 0.004643 0.035026
v -0.165870 0.004643 0.068705
v -0.149279 0.004643 0.099745
v -0.126951 0.004643 0.126951
v -0.099745 0.004643 0.149279
v -0.068705 0.004643 0.165870
v -0.035026 0.004643 0.176086
v 0.000000 0.004643 0.179536
v 0.035026 0.004643 0.176086
v 0.068705 0.004643 0.165870
v 0.099745 0.004643 0.149279
v 0.126951 0.004643 0.126951
v 0.149279 0.004643 0.099745
v 0.165870 0.004643 0.068705
v 0.176086 0.004643 0.035026
v 0.179536 0.004643 0.000000
v 0.176086 0.004643 -0.035026
v 0.165870 0.004643 -0.068705
v 0.149279 0.004643 -0.099745
v 0.126951 0.004643 -0.126951
v 0.099745 0.004643 -0.149279
v 0.068705 0.004643 -0.165870
v 0.035026 0.004643 -0.176086
v 0.000000 0.004643 -0.179536
v 0.000000 0.000000 -0.182798
v 0.035662 0.000000 -0.179285
v 0.069954 0.000000 -0.168883
v 0.101557 0.000000 -0.151991
v 0.129257 0.000000 -0.129257
v 0.151991 0.000000 -0.101557
v 0.168883 0.000000 -0.069954
v 0.179285 0.000000 -0.035662
v 0.182798 0.000000 0.000000
v 0.179285 0.000000 0.035662
v 0.168883 0.000000 0.069954
v 0.151991 0.000000 0.101557
v 0.129257 0.000000 0.129257
v 0.101557 0.000000 0.151991
v 0.069954 0.000000 0.168883
v 0.035662 0.000000 0.179285
v 0.000000 0.000000 0.182798
v -0.035662 0.000000 0.179285
v -0.069954 0.000000 0.168883
v -0.101557 0.000000 0.151991
v -0.129257 0.000000 0.129257
v -0.151991 0.000000 0.101557
v -0.168883 0.000000 0.069954
v -0.179285 0.000000 0.035662
v -0.182798 0.000000 0.000000
v -0.179285 0.000000 -0.035662
v -0.168883 0.000000 -0.069954
v -0.151991 0.000000 -0.101557
v -0.129257 0.000000 -0.129257
v -0.101557 0.000000 -0.151991
v -0.069954 0.000000 -0.168883
v -0.035662 0.000000 -0.179285
v -0.035709 0.004643 -0.179524
v 0.000000 0.004643 -0.183041
v -0.070047 0.004643 -0.169107
v -0.101692 0.004643 -0.152193
v -0.129429 0.004643 -0.129429
v -0.152193 0.004643 -0.101692
v -0.169107 0.004643 -0.070047
v -0.179524 0.004643 -0.035709
v -0.183041 0.004643 0.000000
v -0.179524 0.004643 0.035709
v -0.169107 0.004643 0.070047
v -0.152193 0.004643 0.101692
v -0.129429 0.004643 0.129429
v -0.101692 0.004643 0.152193
v -0.070047 0.004643 0.169107
v -0.035709 0.004643 0.179524
v 0.000000 0.004643 0.183041
v 0.035709 0.004643 0.179524
v 0.070047 0.004643 0.169107
v 0.101692 0.004643 0.152193
v 0.129429 0.004643 0.129429
v 0.152193 0.004643 0.101692
v 0.169107 0.004643 0.070047
v 0.179524 0.004643 0.035709
v 0.183041 0.004643 0.000000
v 0.179524 0.004643 -0.035709
v 0.169107 0.004643 -0.070047
v 0.152193 0.004643 -0.101692
v 0.129429 0.004643 -0.129429
v 0.101692 0.004643 -0.152193
v 0.070047 0.004643 -0.169107
v 0.035709 0.004643 -0.179524
v -0.082864 0.479247 -0.200053
v -0.200053 0.479247 -0.082864
v -0.212375 0.479247 0.042244
v -0.153114 0.479247 0.153114
v -0.042244 0.479247 0.212375
v 0.082864 0.479247 0.200053
v 0.180043 0.479247 0.120301
v 0.216535 0.479247 0.000000
v 0.180043 0.479247 -0.120301
v 0.082864 0.479247 -0.200053
v -0.120301 0.479247 -0.180043
v -0.212375 0.479247 -0.042244
v -0.200053 0.479247 0.082864
v -0.120301 0.479247 0.180043
v 0.000000 0.479247 0.216535
v 0.120301 0.479247 0.180043
v 0.200053 0.479247 0.082864
v 0.212375 0.479247 -0.042244
v 0.153114 0.479247 -0.153114
v 0.042244 0.479247 -0.212375
v -0.153114 0.479247 -0.153114
v 0.000000 0.479247 -0.216535
v 0.120301 0.479247 -0.180043
v 0.200053 0.479247 -0.082864
v 0.212375 0.479247 0.042244
v 0.153114 0.479247 0.153114
v 0.042244 0.479247 0.212375
v -0.082864 0.479247 0.200053
v -0.180043 0.479247 0.120301
v -0.216535 0.479247 0.000000
v -0.180043 0.479247 -0.120301
v -0.042244 0.479247 -0.212375
v 0.092541 0.546866 0.017351
v 0.092541 0.546866 -0.017351
v -0.092541 0.546866 -0.017351
v -0.092541 0.546866 0.017351
v -0.064576 0.570001 0.017351
v -0.069406 0.565172 0.017351
v -0.066991 0.569354 0.017351
v -0.068759 0.567586 0.017351
v 0.069406 0.565172 0.017351
v 0.064576 0.570001 0.017351
v 0.068759 0.567586 0.017351
v 0.066991 0.569354 0.017351
v -0.069406 0.565172 -0.017351
v -0.064576 0.570001 -0.017351
v -0.068759 0.567586 -0.017351
v -0.066991 0.569354 -0.017351
v 0.064576 0.570001 -0.017351
v 0.069406 0.565172 -0.017351
v 0.066991 0.569354 -0.017351
v 0.068759 0.567586 -0.017351
v -0.074235 0.546866 -0.017351
v -0.069406 0.551695 -0.017351
v -0.071820 0.547513 -0.017351
v -0.070053 0.549280 -0.017351
v -0.069406 0.551695 0.017351
v -0.074235 0.546866 0.017351
v -0.070053 0.549280 0.017351
v -0.071820 0.547513 0.017351
v 0.074235 0.546866 0.017351
v 0.069406 0.551695 0.017351
v 0.071820 0.547513 0.017351
v 0.070053 0.549280 0.017351
v 0.069406 0.551695 -0.017351
v 0.074235 0.546866 -0.017351
v 0.070053 0.549280 -0.017351
v 0.071820 0.547513 -0.017351
v 0.092541 0.544552 0.017351
v 0.092541 0.544552 -0.017351
v -0.092541 0.544552 -0.017351
v -0.092541 0.544552 0.017351
v -0.064272 0.567688 0.017351
v -0.067092 0.564867 0.017351
v -0.065793 0.567280 0.017351
v -0.066684 0.566389 0.017351
v 0.067092 0.564867 0.017351
v 0.064272 0.567688 0.017351
v 0.066684 0.566389 0.017351
v 0.065793 0.567280 0.017351
v -0.067092 0.564867 -0.017351
v -0.064272 0.567688 -0.017351
v -0.066684 0.566389 -0.017351
v -0.065793 0.567280 -0.017351
v 0.064272 0.567688 -0.017351
v 0.067092 0.564867 -0.017351
v 0.065793 0.567280 -0.017351
v 0.066684 0.566389 -0.017351
v -0.073930 0.544552 -0.017351
v -0.067092 0.551390 -0.017351
v -0.070623 0.545439 -0.017351
v -0.067978 0.548083 -0.017351
v -0.067092 0.551390 0.017351
v -0.073930 0.544552 0.017351
v -0.067978 0.548083 0.017351
v -0.070623 0.545439 0.017351
v 0.073930 0.544552 0.017351
v 0.067092 0.551390 0.017351
v 0.070623 0.545439 0.017351
v 0.067978 0.548083 0.017351
v 0.067092 0.551390 -0.017351
v 0.073930 0.544552 -0.017351
v 0.067978 0.548083 -0.017351
v 0.070623 0.545439 -0.017351
v 0.189478 0.427170 -0.092541
v 0.192057 0.461777 -0.092541
v 0.192057 0.461777 0.092541
v 0.189478 0.427170 0.092541
v 0.221484 0.425450 0.064576
v 0.216668 0.425809 0.069406
v 0.220839 0.425498 0.066991
v 0.219076 0.425630 0.068759
v 0.216668 0.425809 -0.069406
v 0.221484 0.425450 -0.064576
v 0.219076 0.425630 -0.068759
v 0.220839 0.425498 -0.066991
v 0.219248 0.460416 0.069406
v 0.224064 0.460057 0.064576
v 0.221656 0.460236 0.068759
v 0.223419 0.460105 0.066991
v 0.224064 0.460057 -0.064576
v 0.219248 0.460416 -0.069406
v 0.223419 0.460105 -0.066991
v 0.221656 0.460236 -0.068759
v 0.200495 0.461777 0.074235
v 0.205808 0.461418 0.069406
v 0.201615 0.461728 0.071820
v 0.203401 0.461597 0.070053
v 0.203229 0.426811 0.069406
v 0.197915 0.427170 0.074235
v 0.200821 0.426990 0.070053
v 0.199035 0.427122 0.071820
v 0.197915 0.427170 -0.074235
v 0.203229 0.426811 -0.069406
v 0.199035 0.427122 -0.071820
v 0.200821 0.426990 -0.070053
v 0.205808 0.461418 -0.069406
v 0.200495 0.461777 -0.074235
v 0.203401 0.461597 -0.070053
v 0.201615 0.461728 -0.071820
v 0.187381 0.427326 -0.091575
v 0.189961 0.461933 -0.091575
v 0.189961 0.461933 0.091575
v 0.187381 0.427326 0.091575
v 0.219177 0.425622 0.064272
v 0.216365 0.425832 0.067092
v 0.218770 0.425652 0.065793
v 0.217882 0.425719 0.066684
v 0.216365 0.425832 -0.067092
v 0.219177 0.425622 -0.064272
v 0.217882 0.425719 -0.066684
v 0.218770 0.425652 -0.065793
v 0.218944 0.460438 0.067092
v 0.221757 0.460229 0.064272
v 0.220462 0.460325 0.066684
v 0.221350 0.460259 0.065793
v 0.221757 0.460229 -0.064272
v 0.218944 0.460438 -0.067092
v 0.221350 0.460259 -0.065793
v 0.220462 0.460325 -0.066684
v 0.198400 0.461933 0.073265
v 0.205505 0.461440 0.067092
v 0.199698 0.461871 0.070466
v 0.202214 0.461686 0.067976
v 0.202925 0.426833 0.067092
v 0.195821 0.427326 0.073265
v 0.199634 0.427079 0.067976
v 0.197116 0.427265 0.070469
v 0.195821 0.427326 -0.073265
v 0.202925 0.426833 -0.067092
v 0.197116 0.427265 -0.070469
v 0.199634 0.427079 -0.067976
v 0.205505 0.461440 -0.067092
v 0.198400 0.461933 -0.073265
v 0.202214 0.461686 -0.067976
v 0.199698 0.461871 -0.070466
v -0.189478 0.427170 -0.092541
v -0.192057 0.461777 -0.092541
v -0.192057 0.461777 0.092541
v -0.189478 0.427170 0.092541
v -0.221484 0.425450 0.064576
v -0.216668 0.425809 0.069406
v -0.220839 0.425498 0.066991
v -0.219076 0.425630 0.068759
v -0.216668 0.425809 -0.069406
v -0.221484 0.425450 -0.064576
v -0.219076 0.425630 -0.068759
v -0.220839 0.425498 -0.066991
v -0.219248 0.460416 0.069406
v -0.224064 0.460057 0.064576
v -0.221656 0.460236 0.068759
v -0.223419 0.460105 0.066991
v -0.224064 0.460057 -0.064576
v -0.219248 0.460416 -0.069406
v -0.223419 0.460105 -0.066991
v -0.221656 0.460236 -0.068759
v -0.200495 0.461777 0.074235
v -0.205808 0.461418 0.069406
v -0.201615 0.461728 0.071820
v -0.203401 0.461597 0.070053
v -0.203229 0.426811 0.069406
v -0.197915 0.427170 0.074235
v -0.200821 0.426990 0.070053
v -0.199035 0.427122 0.071820
v -0.197915 0.427170 -0.074235
v -0.203229 0.426811 -0.069406
v -0.199035 0.427122 -0.071820
v -0.200821 0.426990 -0.070053
v -0.205808 0.461418 -0.069406
v -0.200495 0.461777 -0.074235
v -0.203401 0.461597 -0.070053
v -0.201615 0.461728 -0.071820
v -0.187381 0.427326 -0.091575
v -0.189961 0.461933 -0.091575
v -0.189961 0.461933 0.091575
v -0.187381 0.427326 0.091575
v -0.219177 0.425622 0.064272
v -0.216365 0.425832 0.067092
v -0.218770 0.425652 0.065793
v -0.217882 0.425719 0.066684
v -0.216365 0.425832 -0.067092
v -0.219177 0.425622 -0.064272
v -0.217882 0.425719 -0.066684
v -0.218770 0.425652 -0.065793
v -0.218944 0.460438 0.067092
v -0.221757 0.460229 0.064272
v -0.220462 0.460325 0.066684
v -0.221350 0.460259 0.065793
v -0.221757 0.460229 -0.064272
v -0.218944 0.460438 -0.067092
v -0.221350 0.460259 -0.065793
v -0.220462 0.460325 -0.066684
v -0.198400 0.461933 0.073265
v -0.205505 0.461440 0.067092
v -0.199698 0.461871 0.070466
v -0.202214 0.461686 0.067976
v -0.202925 0.426833 0.067092
v -0.195821 0.427326 0.073265
v -0.199634 0.427079 0.067976
v -0.197116 0.427265 0.070469
v -0.195821 0.427326 -0.073265
v -0.202925 0.426833 -0.067092
v -0.197116 0.427265 -0.070469
v -0.199634 0.427079 -0.067976
v -0.205505 0.461440 -0.067092
v -0.198400 0.461933 -0.073265
v -0.202214 0.461686 -0.067976
v -0.199698 0.461871 -0.070466
v 0.083675 0.545599 0.006041
v 0.083675 0.548628 0.006041
v 0.085438 0.545599 0.007804
v 0.085438 0.548628 0.007804
v 0.085438 0.545599 0.010297
v 0.085438 0.548628 0.010297
v 0.083675 0.545599 0.012061
v 0.083675 0.548628 0.012061
v 0.081181 0.545599 0.012061
v 0.081181 0.548628 0.012061
v 0.079418 0.545599 0.010297
v 0.079418 0.548628 0.010297
v 0.079418 0.545599 0.007804
v 0.079418 0.548628 0.007804
v 0.081181 0.545599 0.006041
v 0.081181 0.548628 0.006041
v 0.082428 0.548628 0.009051
v -0.083675 0.545599 0.006041
v -0.083675 0.548628 0.006041
v -0.085438 0.545599 0.007804
v -0.085438 0.548628 0.007804
v -0.085438 0.545599 0.010297
v -0.085438 0.548628 0.010297
v -0.083675 0.545599 0.012061
v -0.083675 0.548628 0.012061
v -0.081181 0.545599 0.012061
v -0.081181 0.548628 0.012061
v -0.079418 0.545599 0.010297
v -0.079418 0.548628 0.010297
v -0.079418 0.545599 0.007804
v -0.079418 0.548628 0.007804
v -0.081181 0.545599 0.006041
v -0.081181 0.548628 0.006041
v -0.082428 0.548628 0.009051
v 0.083675 0.545599 -0.006041
v 0.083675 0.548628 -0.006041
v 0.085438 0.545599 -0.007804
v 0.085438 0.548628 -0.007804
v 0.085438 0.545599 -0.010297
v 0.085438 0.548628 -0.010297
v 0.083675 0.545599 -0.012061
v 0.083675 0.548628 -0.012061
v 0.081181 0.545599 -0.012061
v 0.081181 0.548628 -0.012061
v 0.079418 0.545599 -0.010297
v 0.079418 0.548628 -0.010297
v 0.079418 0.545599 -0.007804
v 0.079418 0.548628 -0.007804
v 0.081181 0.545599 -0.006041
v 0.081181 0.548628 -0.006041
v 0.082428 0.548628 -0.009051
v -0.083675 0.545599 -0.006041
v -0.083675 0.548628 -0.006041
v -0.085438 0.545599 -0.007804
v -0.085438 0.548628 -0.007804
v -0.085438 0.545599 -0.010297
v -0.085438 0.548628 -0.010297
v -0.083675 0.545599 -0.012061
v -0.083675 0.548628 -0.012061
v -0.081181 0.545599 -0.012061
v -0.081181 0.548628 -0.012061
v -0.079418 0.545599 -0.010297
v -0.079418 0.548628 -0.010297
v -0.079418 0.545599 -0.007804
v -0.079418 0.548628 -0.007804
v -0.081181 0.545599 -0.006041
v -0.081181 0.548628 -0.006041
v -0.082428 0.548628 -0.009051
v 0.196144 0.457330 0.079531
v 0.198860 0.457330 0.080870
v 0.196923 0.455567 0.077949
v 0.199640 0.455567 0.079289
v 0.196923 0.453073 0.077949
v 0.199640 0.453073 0.079289
v 0.196144 0.451310 0.079531
v 0.198860 0.451310 0.080870
v 0.195041 0.451310 0.081768
v 0.197758 0.451310 0.083107
v 0.194261 0.453073 0.083349
v 0.196978 0.453073 0.084688
v 0.194261 0.455567 0.083349
v 0.196978 0.455567 0.084688
v 0.195041 0.457330 0.081768
v 0.197758 0.457330 0.083107
v 0.196144 0.457330 -0.079531
v 0.198860 0.457330 -0.080870
v 0.196923 0.455567 -0.077949
v 0.199640 0.455567 -0.079289
v 0.196923 0.453073 -0.077949
v 0.199640 0.453073 -0.079289
v 0.196144 0.451310 -0.079531
v 0.198860 0.451310 -0.080870
v 0.195041 0.451310 -0.081768
v 0.197758 0.451310 -0.083107
v 0.194261 0.453073 -0.083349
v 0.196978 0.453073 -0.084688
v 0.194261 0.455567 -0.083349
v 0.196978 0.455567 -0.084688
v 0.195041 0.457330 -0.081768
v 0.197758 0.457330 -0.083107
v 0.194913 0.432867 0.079531
v 0.197629 0.432867 0.080870
v 0.195692 0.434630 0.077949
v 0.198409 0.434630 0.079289
v 0.195692 0.437124 0.077949
v 0.198409 0.437124 0.079289
v 0.194913 0.438887 0.079531
v 0.197629 0.438887 0.080870
v 0.193810 0.438887 0.081768
v 0.196527 0.438887 0.083107
v 0.193030 0.437124 0.083349
v 0.195747 0.437124 0.084688
v 0.193030 0.434630 0.083349
v 0.195747 0.434630 0.084688
v 0.193810 0.432867 0.081768
v 0.196527 0.432867 0.083107
v 0.194913 0.432867 -0.079531
v 0.197629 0.432867 -0.080870
v 0.195692 0.434630 -0.077949
v 0.198409 0.434630 -0.079289
v 0.195692 0.437124 -0.077949
v 0.198409 0.437124 -0.079289
v 0.194913 0.438887 -0.079531
v 0.197629 0.438887 -0.080870
v 0.193810 0.438887 -0.081768
v 0.196527 0.438887 -0.083107
v 0.193030 0.437124 -0.083349
v 0.195747 0.437124 -0.084688
v 0.193030 0.434630 -0.083349
v 0.195747 0.434630 -0.084688
v 0.193810 0.432867 -0.081768
v 0.196527 0.432867 -0.083107
v 0.198309 0.454320 0.081989
v 0.198309 0.454320 -0.081989
v 0.197078 0.435877 0.081989
v 0.197078 0.435877 -0.081989
v -0.196144 0.457330 0.079531
v -0.198860 0.457330 0.080870
v -0.196923 0.455567 0.077949
v -0.199640 0.455567 0.079289
v -0.196923 0.453073 0.077949
v -0.199640 0.453073 0.079289
v -0.196144 0.451310 0.079531
v -0.198860 0.451310 0.080870
v -0.195041 0.451310 0.081768
v -0.197758 0.451310 0.083107
v -0.194261 0.453073 0.083349
v -0.196978 0.453073 0.084688
v -0.194261 0.455567 0.083349
v -0.196978 0.455567 0.084688
v -0.195041 0.457330 0.081768
v -0.197758 0.457330 0.083107
v -0.196144 0.457330 -0.079531
v -0.198860 0.457330 -0.080870
v -0.196923 0.455567 -0.077949
v -0.199640 0.455567 -0.079289
v -0.196923 0.453073 -0.077949
v -0.199640 0.453073 -0.079289
v -0.196144 0.451310 -0.079531
v -0.198860 0.451310 -0.080870
v -0.195041 0.451310 -0.081768
v -0.197758 0.451310 -0.083107
v -0.194261 0.453073 -0.083349
v -0.196978 0.453073 -0.084688
v -0.194261 0.455567 -0.083349
v -0.196978 0.455567 -0.084688
v -0.195041 0.457330 -0.081768
v -0.197758 0.457330 -0.083107
v -0.194913 0.432867 0.079531
v -0.197629 0.432867 0.080870
v -0.195692 0.434630 0.077949
v -0.198409 0.434630 0.079289
v -0.195692 0.437124 0.077949
v -0.198409 0.437124 0.079289
v -0.194913 0.438887 0.079531
v -0.197629 0.438887 0.080870
v -0.193810 0.438887 0.081768
v -0.196527 0.438887 0.083107
v -0.193030 0.437124 0.083349
v -0.195747 0.437124 0.084688
v -0.193030 0.434630 0.083349
v -0.195747 0.434630 0.084688
v -0.193810 0.432867 0.081768
v -0.196527 0.432867 0.083107
v -0.194913 0.432867 -0.079531
v -0.197629 0.432867 -0.080870
v -0.195692 0.434630 -0.077949
v -0.198409 0.434630 -0.079289
v -0.195692 0.437124 -0.077949
v -0.198409 0.437124 -0.079289
v -0.194913 0.438887 -0.079531
v -0.197629 0.438887 -0.080870
v -0.193810 0.438887 -0.081768
v -0.196527 0.438887 -0.083107
v -0.193030 0.437124 -0.083349
v -0.195747 0.437124 -0.084688
v -0.193030 0.434630 -0.083349
v -0.195747 0.434630 -0.084688
v -0.193810 0.432867 -0.081768
v -0.196527 0.432867 -0.083107
v -0.198309 0.454320 0.081989
v -0.198309 0.454320 -0.081989
v -0.197078 0.435877 0.081989
v -0.197078 0.435877 -0.081989
v 0.000000 0.532110 -0.216758
v 0.042287 0.532110 -0.212593
v 0.082950 0.532110 -0.200258
v 0.120424 0.532110 -0.180228
v 0.153271 0.532110 -0.153271
v 0.180228 0.532110 -0.120424
v 0.200258 0.532110 -0.082950
v 0.212593 0.532110 -0.042287
v 0.216758 0.532110 0.000000
v 0.212593 0.532110 0.042287
v 0.200258 0.532110 0.082950
v 0.180228 0.532110 0.120424
v 0.153271 0.532110 0.153271
v 0.120424 0.532110 0.180228
v 0.082950 0.532110 0.200258
v 0.042287 0.532110 0.212593
v 0.000000 0.532110 0.216758
v -0.042287 0.532110 0.212593
v -0.082950 0.532110 0.200258
v -0.120424 0.532110 0.180228
v -0.153271 0.532110 0.153271
v -0.180228 0.532110 0.120424
v -0.200258 0.532110 0.082950
v -0.212593 0.532110 0.042287
v -0.216758 0.532110 0.000000
v -0.212593 0.532110 -0.042287
v -0.200258 0.532110 -0.082950
v -0.180228 0.532110 -0.120424
v -0.153271 0.532110 -0.153271
v -0.120424 0.532110 -0.180228
v -0.082950 0.532110 -0.200258
v -0.042287 0.532110 -0.212593
v 0.000000 0.006242 -0.166857
v 0.032552 0.006242 -0.163651
v 0.063854 0.006242 -0.154156
v 0.092701 0.006242 -0.138737
v 0.117986 0.006242 -0.117986
v 0.138737 0.006242 -0.092701
v 0.154156 0.006242 -0.063854
v 0.163651 0.006242 -0.032552
v 0.166857 0.006242 0.000000
v 0.163651 0.006242 0.032552
v 0.154156 0.006242 0.063854
v 0.138737 0.006242 0.092701
v 0.117986 0.006242 0.117986
v 0.092701 0.006242 0.138737
v 0.063854 0.006242 0.154156
v 0.032552 0.006242 0.163651
v 0.000000 0.006242 0.166857
v -0.032552 0.006242 0.163651
v -0.063854 0.006242 0.154156
v -0.092701 0.006242 0.138737
v -0.117986 0.006242 0.117986
v -0.138737 0.006242 0.092701
v -0.154156 0.006242 0.063854
v -0.163651 0.006242 0.032552
v -0.166857 0.006242 0.000000
v -0.163651 0.006242 -0.032552
v -0.154156 0.006242 -0.063854
v -0.138737 0.006242 -0.092701
v -0.117986 0.006242 -0.117986
v -0.092701 0.006242 -0.138737
v -0.063854 0.006242 -0.154156
v -0.032552 0.006242 -0.163651
v 0.038026 0.437181 -0.191169
v 0.000000 0.437181 -0.194914
v -0.137825 0.437181 -0.137825
v -0.162065 0.437181 -0.108289
v 0.038026 0.437181 0.191169
v 0.074591 0.437181 0.180077
v 0.074591 0.437181 -0.180077
v -0.108289 0.437181 -0.162065
v 0.000000 0.437181 0.194914
v 0.108289 0.437181 -0.162065
v -0.074591 0.437181 -0.180077
v -0.038026 0.437181 0.191169
v 0.137825 0.437181 -0.137825
v -0.038026 0.437181 -0.191169
v -0.074591 0.437181 0.180077
v 0.162065 0.437181 -0.108289
v -0.108289 0.437181 0.162065
v 0.180077 0.437181 -0.074591
v -0.137825 0.437181 0.137825
v 0.191169 0.437181 -0.038026
v -0.162065 0.437181 0.108289
v 0.194914 0.437181 0.000000
v -0.180077 0.437181 0.074591
v 0.191169 0.437181 0.038026
v -0.191169 0.437181 0.038026
v 0.180077 0.437181 0.074591
v -0.194914 0.437181 0.000000
v 0.162065 0.437181 0.108289
v -0.191169 0.437181 -0.038026
v 0.137825 0.437181 0.137825
v -0.180077 0.437181 -0.074591
v 0.108289 0.437181 0.162065
v -0.000000 0.006242 -0.000000
vn 0.0985 0.8630 -0.4954
vn -0.0000 0.9609 -0.2768
vn 0.0540 0.9609 -0.2715
vn 0.1933 0.8630 -0.4667
vn 0.1059 0.9609 -0.2557
vn 0.2806 0.8630 -0.4200
vn 0.1538 0.9609 -0.2301
vn 0.3572 0.8630 -0.3572
vn 0.1957 0.9609 -0.1957
vn 0.4200 0.8630 -0.2806
vn 0.2301 0.9609 -0.1538
vn 0.2557 0.9609 -0.1059
vn 0.4954 0.8630 -0.0985
vn 0.2715 0.9609 -0.0540
vn 0.2768 0.9609 -0.0000
vn 0.4954 0.8630 0.0985
vn 0.2715 0.9609 0.0540
vn 0.4667 0.8630 0.1933
vn 0.2557 0.9609 0.1059
vn 0.4200 0.8630 0.2806
vn 0.2301 0.9609 0.1538
vn 0.3572 0.8630 0.3572
vn 0.1957 0.9609 0.1957
vn 0.2806 0.8630 0.4200
vn 0.1538 0.9609 0.2301
vn 0.1059 0.9609 0.2557
vn 0.0985 0.8630 0.4954
vn 0.0540 0.9609 0.2715
vn -0.0000 0.9609 0.2768
vn -0.0985 0.8630 0.4954
vn -0.0540 0.9609 0.2715
vn -0.1933 0.8630 0.4667
vn -0.1059 0.9609 0.2557
vn -0.2806 0.8630 0.4200
vn -0.1538 0.9609 0.2301
vn -0.3572 0.8630 0.3572
vn -0.1957 0.9609 0.1957
vn -0.4200 0.8630 0.2806
vn -0.2301 0.9609 0.1538
vn -0.2557 0.9609 0.1059
vn -0.4954 0.8630 0.0985
vn -0.2715 0.9609 0.0540
vn -0.2768 0.9609 -0.0000
vn -0.4954 0.8630 -0.0985
vn -0.2715 0.9609 -0.0540
vn -0.4667 0.8630 -0.1933
vn -0.2557 0.9609 -0.1059
vn -0.4200 0.8630 -0.2806
vn -0.2301 0.9609 -0.1538
vn -0.3572 0.8630 -0.3572
vn -0.1957 0.9609 -0.1957
vn -0.2806 0.8630 -0.4200
vn -0.1538 0.9609 -0.2301
vn -0.1059 0.9609 -0.2557
vn -0.0985 0.8630 -0.4954
vn -0.0540 0.9609 -0.2715
vn -0.0000 1.0000 -0.0000
vn 0.0645 0.9439 -0.3240
vn -0.0000 0.9841 -0.1777
vn 0.0347 0.9841 -0.1743
vn 0.0680 0.9841 -0.1642
vn 0.0987 0.9841 -0.1477
vn 0.1264 0.9439 -0.3052
vn 0.2336 0.9439 -0.2336
vn 0.1256 0.9841 -0.1256
vn 0.2747 0.9439 -0.1835
vn 0.1477 0.9841 -0.0987
vn 0.3052 0.9439 -0.1264
vn 0.1642 0.9841 -0.0680
vn 0.1743 0.9841 -0.0347
vn 0.1777 0.9841 -0.0000
vn 0.3240 0.9439 -0.0645
vn 0.3240 0.9439 0.0645
vn 0.1743 0.9841 0.0347
vn 0.1642 0.9841 0.0680
vn 0.1477 0.9841 0.0987
vn 0.3052 0.9439 0.1264
vn 0.2336 0.9439 0.2336
vn 0.1256 0.9841 0.1256
vn 0.1835 0.9439 0.2747
vn 0.0987 0.9841 0.1477
vn 0.1264 0.9439 0.3052
vn 0.0680 0.9841 0.1642
vn 0.0347 0.9841 0.1743
vn -0.0000 0.9841 0.1777
vn 0.0645 0.9439 0.3240
vn -0.0645 0.9439 0.3240
vn -0.0347 0.9841 0.1743
vn -0.0680 0.9841 0.1642
vn -0.0987 0.9841 0.1477
vn -0.1264 0.9439 0.3052
vn -0.2336 0.9439 0.2336
vn -0.1256 0.9841 0.1256
vn -0.2747 0.9439 0.1835
vn -0.1477 0.9841 0.0987
vn -0.3052 0.9439 0.1264
vn -0.1642 0.9841 0.0680
vn -0.1743 0.9841 0.0347
vn -0.1777 0.9841 -0.0000
vn -0.3240 0.9439 0.0645
vn -0.3240 0.9439 -0.0645
vn -0.1743 0.9841 -0.0347
vn -0.1642 0.9841 -0.0680
vn -0.1477 0.9841 -0.0987
vn -0.3052 0.9439 -0.1264
vn -0.2336 0.9439 -0.2336
vn -0.1256 0.9841 -0.1256
vn -0.1835 0.9439 -0.2747
vn -0.0987 0.9841 -0.1477
vn -0.1264 0.9439 -0.3052
vn -0.0680 0.9841 -0.1642
vn -0.0347 0.9841 -0.1743
vn -0.0645 0.9439 -0.3240
vn -0.0000 0.3554 -0.9347
vn 0.1266 0.7607 -0.6366
vn 0.1824 0.3554 -0.9168
vn -0.0000 0.9818 -0.1899
vn 0.0370 0.9818 -0.1862
vn 0.2484 0.7607 -0.5997
vn 0.3577 0.3554 -0.8636
vn 0.0727 0.9818 -0.1754
vn 0.3606 0.7607 -0.5397
vn 0.5193 0.3554 -0.7772
vn 0.1055 0.9818 -0.1579
vn 0.4590 0.7607 -0.4590
vn 0.6610 0.3554 -0.6610
vn 0.1343 0.9818 -0.1343
vn 0.7772 0.3554 -0.5193
vn 0.5397 0.7607 -0.3606
vn 0.1579 0.9818 -0.1055
vn 0.8636 0.3554 -0.3577
vn 0.5997 0.7607 -0.2484
vn 0.1754 0.9818 -0.0727
vn 0.6366 0.7607 -0.1266
vn 0.9168 0.3554 -0.1824
vn 0.1862 0.9818 -0.0370
vn 0.6491 0.7607 -0.0000
vn 0.9347 0.3554 -0.0000
vn 0.1899 0.9818 -0.0000
vn 0.6366 0.7607 0.1266
vn 0.9168 0.3554 0.1824
vn 0.1862 0.9818 0.0370
vn 0.5997 0.7607 0.2484
vn 0.8636 0.3554 0.3577
vn 0.1754 0.9818 0.0727
vn 0.5397 0.7607 0.3606
vn 0.7772 0.3554 0.5193
vn 0.1579 0.9818 0.1055
vn 0.4590 0.7607 0.4590
vn 0.6610 0.3554 0.6610
vn 0.1343 0.9818 0.1343
vn 0.5193 0.3554 0.7772
vn 0.3606 0.7607 0.5397
vn 0.1055 0.9818 0.1579
vn 0.3577 0.3554 0.8636
vn 0.2484 0.7607 0.5997
vn 0.0727 0.9818 0.1754
vn 0.1266 0.7607 0.6366
vn 0.1824 0.3554 0.9168
vn 0.0370 0.9818 0.1862
vn -0.0000 0.7607 0.6491
vn -0.0000 0.3554 0.9347
vn -0.0000 0.9818 0.1899
vn -0.1266 0.7607 0.6366
vn -0.1824 0.3554 0.9168
vn -0.0370 0.9818 0.1862
vn -0.2484 0.7607 0.5997
vn -0.3577 0.3554 0.8636
vn -0.0727 0.9818 0.1754
vn -0.3606 0.7607 0.5397
vn -0.5193 0.3554 0.7772
vn -0.1055 0.9818 0.1579
vn -0.4590 0.7607 0.4590
vn -0.6610 0.3554 0.6610
vn -0.1343 0.9818 0.1343
vn -0.7772 0.3554 0.5193
vn -0.5397 0.7607 0.3606
vn -0.1579 0.9818 0.1055
vn -0.8636 0.3554 0.3577
vn -0.5997 0.7607 0.2484
vn -0.1754 0.9818 0.0727
vn -0.6366 0.7607 0.1266
vn -0.9168 0.3554 0.1824
vn -0.1862 0.9818 0.0370
vn -0.6491 0.7607 -0.0000
vn -0.9347 0.3554 -0.0000
vn -0.1899 0.9818 -0.0000
vn -0.6366 0.7607 -0.1266
vn -0.9168 0.3554 -0.1824
vn -0.1862 0.9818 -0.0370
vn -0.5997 0.7607 -0.2484
vn -0.8636 0.3554 -0.3577
vn -0.1754 0.9818 -0.0727
vn -0.5397 0.7607 -0.3606
vn -0.7772 0.3554 -0.5193
vn -0.1579 0.9818 -0.1055
vn -0.4590 0.7607 -0.4590
vn -0.6610 0.3554 -0.6610
vn -0.1343 0.9818 -0.1343
vn -0.5193 0.3554 -0.7772
vn -0.3606 0.7607 -0.5397
vn -0.1055 0.9818 -0.1579
vn -0.3577 0.3554 -0.8636
vn -0.2484 0.7607 -0.5997
vn -0.0727 0.9818 -0.1754
vn -0.1266 0.7607 -0.6366
vn -0.1824 0.3554 -0.9168
vn -0.0370 0.9818 -0.1862
vn -0.0000 0.7607 -0.6491
vn 0.2860 0.6644 -0.6905
vn 0.1735 0.4577 -0.8720
vn 0.1458 0.6644 -0.7330
vn -0.2275 -0.8042 -0.5492
vn -0.1930 -0.1450 -0.9704
vn -0.1160 -0.8042 -0.5830
vn 0.4203 -0.8042 -0.4203
vn 0.8227 -0.1450 -0.5497
vn 0.4942 -0.8042 -0.3302
vn -0.6214 0.6644 -0.4152
vn -0.8215 0.4576 -0.3403
vn -0.6904 0.6644 -0.2860
vn -0.0000 0.4576 -0.8891
vn -0.0000 0.6644 -0.7474
vn -0.0000 -0.1450 -0.9894
vn -0.0000 -0.8042 -0.5944
vn 0.5492 -0.8042 -0.2275
vn 0.9141 -0.1450 -0.3786
vn -0.5285 0.6644 -0.5285
vn -0.7393 0.4576 -0.4940
vn -0.1735 0.4577 -0.8720
vn -0.1458 0.6644 -0.7330
vn 0.9704 -0.1450 -0.1930
vn 0.5830 -0.8042 -0.1160
vn -0.4940 0.4577 -0.7393
vn -0.6287 0.4576 -0.6287
vn 0.4152 0.6644 -0.6214
vn 0.3403 0.4576 -0.8215
vn 0.9894 -0.1450 -0.0000
vn 0.5944 -0.8042 -0.0000
vn -0.4152 0.6644 -0.6214
vn -0.3403 0.4576 -0.8215
vn 0.5285 0.6644 -0.5285
vn 0.4940 0.4576 -0.7393
vn 0.9704 -0.1450 0.1930
vn 0.5830 -0.8042 0.1160
vn -0.2860 0.6644 -0.6905
vn 0.7393 0.4576 -0.4940
vn 0.6287 0.4576 -0.6287
vn 0.5492 -0.8042 0.2275
vn 0.9141 -0.1450 0.3786
vn 0.6214 0.6644 -0.4152
vn 0.8215 0.4576 -0.3403
vn 0.4942 -0.8042 0.3302
vn 0.8227 -0.1450 0.5497
vn 0.6904 0.6644 -0.2860
vn 0.8721 0.4576 -0.1735
vn 0.6996 -0.1450 0.6996
vn 0.4203 -0.8042 0.4203
vn 0.7474 0.6644 -0.0000
vn 0.7330 0.6644 -0.1458
vn 0.5497 -0.1450 0.8227
vn 0.3302 -0.8042 0.4942
vn 0.7330 0.6644 0.1458
vn 0.8891 0.4576 -0.0000
vn 0.2275 -0.8042 0.5492
vn 0.3786 -0.1450 0.9141
vn 0.6904 0.6644 0.2860
vn 0.8720 0.4576 0.1735
vn 0.1930 -0.1450 0.9704
vn 0.1160 -0.8042 0.5830
vn 0.6214 0.6644 0.4152
vn 0.8215 0.4576 0.3403
vn -0.0000 -0.1450 0.9894
vn -0.0000 -0.8042 0.5944
vn 0.5285 0.6644 0.5285
vn 0.7393 0.4576 0.4940
vn 0.1629 -0.9806 0.1088
vn 0.1810 -0.9806 0.0750
vn -0.5830 -0.8042 0.1160
vn -0.1959 -0.9806 -0.0000
vn -0.1921 -0.9806 0.0382
vn 0.1921 -0.9806 0.0382
vn -0.1810 -0.9806 0.0750
vn -0.5492 -0.8042 0.2275
vn 0.1959 -0.9806 -0.0000
vn -0.1629 -0.9806 0.1088
vn -0.4942 -0.8042 0.3302
vn 0.1921 -0.9806 -0.0382
vn -0.1385 -0.9806 0.1385
vn -0.4203 -0.8042 0.4203
vn 0.1810 -0.9806 -0.0750
vn -0.3302 -0.8042 0.4942
vn -0.1088 -0.9806 0.1629
vn 0.1629 -0.9806 -0.1088
vn -0.2275 -0.8042 0.5492
vn -0.0750 -0.9806 0.1810
vn -0.0000 -0.9806 -0.1959
vn -0.0382 -0.9806 -0.1921
vn 0.1385 -0.9806 -0.1385
vn -0.1160 -0.8042 0.5830
vn -0.0382 -0.9806 0.1921
vn -0.0750 -0.9806 -0.1810
vn 0.3302 -0.8042 -0.4942
vn 0.1088 -0.9806 -0.1629
vn -0.0000 -0.9806 0.1959
vn -0.1088 -0.9806 -0.1629
vn -0.3302 -0.8042 -0.4942
vn 0.2275 -0.8042 -0.5492
vn 0.0750 -0.9806 -0.1810
vn 0.0382 -0.9806 0.1921
vn -0.1385 -0.9806 -0.1385
vn -0.4203 -0.8042 -0.4203
vn 0.1160 -0.8042 -0.5830
vn 0.0382 -0.9806 -0.1921
vn 0.0750 -0.9806 0.1810
vn -0.4942 -0.8042 -0.3302
vn -0.1629 -0.9806 -0.1088
vn 0.1088 -0.9806 0.1629
vn -0.5492 -0.8042 -0.2275
vn -0.1810 -0.9806 -0.0750
vn 0.1385 -0.9806 0.1385
vn -0.5830 -0.8042 -0.1160
vn -0.1921 -0.9806 -0.0382
vn -0.5944 -0.8042 -0.0000
vn -0.3758 -0.1883 -0.9074
vn -0.5456 -0.1883 -0.8166
vn 0.9074 -0.1883 0.3758
vn 0.8166 -0.1883 0.5456
vn -0.6945 -0.1883 -0.6945
vn 0.9632 -0.1883 0.1916
vn -0.8166 -0.1883 -0.5456
vn 0.9821 -0.1883 -0.0000
vn -0.9074 -0.1883 -0.3758
vn 0.9632 -0.1883 -0.1916
vn -0.9632 -0.1883 -0.1916
vn 0.9074 -0.1883 -0.3758
vn -0.9821 -0.1883 -0.0000
vn 0.8166 -0.1883 -0.5456
vn -0.9632 -0.1883 0.1916
vn 0.6945 -0.1883 -0.6945
vn -0.9074 -0.1883 0.3758
vn 0.5456 -0.1883 -0.8166
vn -0.8166 -0.1883 0.5456
vn 0.3758 -0.1883 -0.9074
vn -0.0000 -0.1883 0.9821
vn 0.1916 -0.1883 0.9632
vn -0.6945 -0.1883 0.6945
vn 0.1916 -0.1883 -0.9632
vn 0.3758 -0.1883 0.9074
vn -0.5456 -0.1883 0.8166
vn -0.0000 -0.1883 -0.9821
vn 0.5456 -0.1883 0.8166
vn -0.3758 -0.1883 0.9074
vn -0.1916 -0.1883 -0.9632
vn 0.6945 -0.1883 0.6945
vn -0.1916 -0.1883 0.9632
vn -0.0000 -1.0000 -0.0000
vn -0.1917 0.1847 -0.9639
vn -0.3761 0.1847 -0.9080
vn -0.5460 0.1847 -0.8172
vn -0.6949 0.1847 -0.6949
vn -0.9080 0.1847 -0.3761
vn -0.9639 0.1847 -0.1917
vn -0.9828 0.1847 -0.0000
vn -0.9639 0.1847 0.1917
vn -0.9080 0.1847 0.3761
vn -0.8172 0.1847 0.5460
vn -0.6949 0.1847 0.6949
vn -0.3761 0.1847 0.9080
vn -0.1917 0.1847 0.9639
vn -0.0000 0.1847 0.9828
vn 0.1917 0.1847 0.9639
vn 0.3761 0.1847 0.9080
vn 0.5460 0.1847 0.8172
vn 0.6949 0.1847 0.6949
vn 0.9080 0.1847 0.3761
vn 0.9639 0.1847 0.1917
vn 0.9828 0.1847 -0.0000
vn 0.9639 0.1847 -0.1917
vn 0.9080 0.1847 -0.3761
vn 0.8172 0.1847 -0.5460
vn 0.6949 0.1847 -0.6949
vn 0.3761 0.1847 -0.9080
vn -0.0000 0.1847 -0.9828
vn 0.1917 0.1847 -0.9639
vn 0.3786 -0.1450 -0.9141
vn 0.1930 -0.1450 -0.9704
vn 0.6996 -0.1450 -0.6996
vn 0.6287 0.4576 0.6287
vn 0.4940 0.4577 0.7393
vn 0.3403 0.4576 0.8215
vn 0.1735 0.4577 0.8720
vn -0.0000 0.4576 0.8891
vn -0.1930 -0.1450 0.9704
vn -0.1735 0.4577 0.8720
vn -0.3786 -0.1450 0.9141
vn -0.3403 0.4576 0.8215
vn -0.4940 0.4576 0.7393
vn -0.6996 -0.1450 0.6996
vn -0.6287 0.4576 0.6287
vn -0.8227 -0.1450 0.5497
vn -0.7393 0.4576 0.4940
vn -0.9141 -0.1450 0.3786
vn -0.8215 0.4576 0.3403
vn -0.9704 -0.1450 0.1930
vn -0.8721 0.4576 0.1735
vn -0.8891 0.4576 -0.0000
vn -0.9704 -0.1450 -0.1930
vn -0.8720 0.4576 -0.1735
vn -0.9141 -0.1450 -0.3786
vn -0.6996 -0.1450 -0.6996
vn -0.5497 -0.1450 -0.8227
vn -0.3786 -0.1450 -0.9141
vn -0.7330 0.6644 -0.1458
vn -0.7474 0.6644 -0.0000
vn 0.5497 -0.1450 -0.8227
vn -0.7330 0.6644 0.1458
vn -0.6904 0.6644 0.2860
vn -0.8227 -0.1450 -0.5497
vn -0.6214 0.6644 0.4152
vn -0.5285 0.6644 0.5285
vn -0.4152 0.6644 0.6214
vn -0.9894 -0.1450 -0.0000
vn -0.2860 0.6644 0.6905
vn -0.1458 0.6644 0.7330
vn -0.0000 0.6644 0.7474
vn 0.1458 0.6644 0.7330
vn 0.2860 0.6644 0.6905
vn -0.5497 -0.1450 0.8227
vn 0.4152 0.6644 0.6214
vn -0.3918 0.7089 -0.5864
vn -0.4987 0.7089 -0.4987
vn 0.6516 0.7089 0.2699
vn 0.6917 0.7089 0.1376
vn -0.5864 0.7089 0.3918
vn -0.4987 0.7089 0.4987
vn 0.3918 0.7089 0.5864
vn 0.4987 0.7089 0.4987
vn 0.1378 -0.7076 0.6930
vn -0.0000 -0.4421 0.8970
vn -0.0000 -0.7077 0.7066
vn 0.6995 -0.1463 -0.6995
vn 0.4983 -0.4421 -0.7458
vn 0.5496 -0.1464 -0.8225
vn 0.6995 -0.1463 0.6995
vn 0.4983 -0.4421 0.7458
vn 0.6343 -0.4421 0.6343
vn -0.8225 -0.1463 0.5496
vn -0.8287 -0.4421 0.3433
vn -0.7458 -0.4421 0.4983
vn -0.1930 -0.1463 -0.9702
vn -0.3433 -0.4421 -0.8287
vn -0.3786 -0.1463 -0.9139
vn -0.9892 -0.1463 -0.0000
vn -0.8797 -0.4421 0.1750
vn -0.9702 -0.1463 0.1930
vn 0.1930 -0.1463 0.9702
vn 0.3433 -0.4421 0.8287
vn 0.3786 -0.1463 0.9139
vn 0.8225 -0.1463 -0.5496
vn 0.8287 -0.4421 -0.3433
vn 0.7458 -0.4421 -0.4983
vn -0.6995 -0.1463 -0.6995
vn -0.4983 -0.4421 -0.7458
vn -0.6343 -0.4421 -0.6343
vn -0.6995 -0.1463 0.6995
vn -0.4983 -0.4421 0.7458
vn -0.5496 -0.1464 0.8225
vn -0.0000 -0.0705 -0.9975
vn 0.2488 -0.1392 -0.9585
vn -0.0570 -0.1392 -0.9886
vn 0.3817 -0.0705 -0.9216
vn 0.5966 -0.1392 -0.7903
vn 0.3257 -0.1392 -0.9352
vn 0.6588 -0.1392 -0.7394
vn 0.8294 -0.0705 -0.5542
vn 0.8537 -0.1392 -0.5019
vn 0.9216 -0.0705 -0.3817
vn 0.9808 -0.1392 -0.1370
vn 0.8916 -0.1392 -0.4310
vn 0.9975 -0.0705 -0.0000
vn 0.9585 -0.1392 0.2488
vn 0.9886 -0.1392 -0.0570
vn 0.9216 -0.0705 0.3817
vn 0.7903 -0.1392 0.5966
vn 0.9352 -0.1392 0.3257
vn 0.7394 -0.1392 0.6588
vn 0.5542 -0.0705 0.8294
vn 0.5019 -0.1392 0.8537
vn 0.3817 -0.0705 0.9216
vn 0.1370 -0.1392 0.9808
vn 0.4310 -0.1392 0.8916
vn -0.0000 -0.0705 0.9975
vn -0.2488 -0.1392 0.9585
vn 0.0570 -0.1392 0.9886
vn -0.3817 -0.0705 0.9216
vn -0.5966 -0.1392 0.7903
vn -0.3257 -0.1392 0.9352
vn -0.6588 -0.1392 0.7394
vn -0.8294 -0.0705 0.5542
vn -0.8537 -0.1392 0.5019
vn -0.9216 -0.0705 0.3817
vn -0.9808 -0.1392 0.1370
vn -0.8916 -0.1392 0.4310
vn -0.9975 -0.0705 -0.0000
vn -0.9585 -0.1392 -0.2488
vn -0.9886 -0.1392 0.0570
vn -0.9216 -0.0705 -0.3817
vn -0.7903 -0.1392 -0.5966
vn -0.9352 -0.1392 -0.3257
vn -0.7394 -0.1392 -0.6588
vn -0.5542 -0.0705 -0.8294
vn -0.5019 -0.1392 -0.8537
vn -0.3817 -0.0705 -0.9216
vn -0.1370 -0.1392 -0.9808
vn -0.4310 -0.1392 -0.8916
vn 0.1376 0.7089 -0.6917
vn -0.0000 0.7089 -0.7053
vn -0.6930 -0.7077 0.1378
vn -0.8970 -0.4421 -0.0000
vn -0.7066 -0.7077 -0.0000
vn -0.3925 -0.7077 -0.5875
vn 0.6528 -0.7076 -0.2704
vn 0.8797 -0.4421 -0.1750
vn 0.6930 -0.7077 -0.1378
vn 0.8970 -0.4421 -0.0000
vn 0.7066 -0.7077 -0.0000
vn -0.5875 -0.7077 0.3925
vn -0.6343 -0.4421 0.6343
vn -0.6930 -0.7077 -0.1378
vn -0.8287 -0.4421 -0.3433
vn -0.6528 -0.7076 -0.2704
vn 0.3925 -0.7077 0.5875
vn -0.6516 0.7089 -0.2699
vn -0.6917 0.7089 -0.1376
vn -0.2699 0.7089 0.6516
vn -0.1376 0.7089 0.6917
vn 0.9702 -0.1463 0.1930
vn 0.8287 -0.4421 0.3433
vn 0.8797 -0.4421 0.1750
vn -0.0000 -0.1463 0.9892
vn 0.1750 -0.4421 0.8797
vn -0.7458 -0.4421 -0.4983
vn -0.8225 -0.1463 -0.5496
vn -0.5496 -0.1464 -0.8225
vn -0.1930 -0.1463 0.9702
vn -0.3433 -0.4421 0.8287
vn -0.1750 -0.4421 0.8797
vn 0.7458 -0.4421 0.4983
vn 0.8225 -0.1463 0.5496
vn -0.0000 -0.1463 -0.9892
vn 0.1750 -0.4421 -0.8797
vn -0.0000 -0.4421 -0.8970
vn -0.9702 -0.1463 -0.1930
vn -0.8797 -0.4421 -0.1750
vn -0.1946 -0.0705 -0.9783
vn 0.1946 -0.0705 -0.9783
vn 0.5542 -0.0705 -0.8294
vn 0.9783 -0.0705 -0.1946
vn 0.9783 -0.0705 0.1946
vn 0.8294 -0.0705 0.5542
vn 0.1946 -0.0705 0.9783
vn -0.1946 -0.0705 0.9783
vn -0.5542 -0.0705 0.8294
vn -0.9783 -0.0705 0.1946
vn -0.9783 -0.0705 -0.1946
vn -0.8294 -0.0705 -0.5542
vn -0.3693 -0.1999 -0.9076
vn 0.1916 0.0867 -0.9776
vn 0.1851 -0.1999 -0.9622
vn -0.4415 0.0058 -0.8972
vn -0.6885 -0.1999 -0.6972
vn -0.1971 0.0867 -0.9765
vn -0.1972 -0.1999 -0.9598
vn -0.7513 0.0058 -0.6600
vn -0.9029 -0.1999 -0.3806
vn -0.5558 0.0867 -0.8268
vn -0.5494 -0.1999 -0.8113
vn -0.9466 0.0058 -0.3222
vn -0.9798 -0.1999 -0.0061
vn -0.8299 0.0867 -0.5511
vn -0.8181 -0.1999 -0.5392
vn -0.9979 0.0058 0.0645
vn -0.9076 -0.1999 0.3693
vn -0.9776 0.0867 -0.1916
vn -0.9622 -0.1999 -0.1851
vn -0.8972 0.0058 0.4415
vn -0.6972 -0.1999 0.6885
vn -0.9765 0.0867 0.1971
vn -0.9598 -0.1999 0.1972
vn -0.6600 0.0058 0.7513
vn -0.3806 -0.1999 0.9029
vn -0.8268 0.0867 0.5558
vn -0.8113 -0.1999 0.5494
vn -0.3222 0.0058 0.9466
vn -0.0061 -0.1999 0.9798
vn -0.5511 0.0867 0.8299
vn -0.5392 -0.1999 0.8181
vn 0.0645 0.0058 0.9979
vn 0.3693 -0.1999 0.9076
vn -0.1916 0.0867 0.9776
vn -0.1851 -0.1999 0.9622
vn 0.4415 0.0058 0.8972
vn 0.6885 -0.1999 0.6972
vn 0.1971 0.0867 0.9765
vn 0.1972 -0.1999 0.9598
vn 0.7513 0.0058 0.6600
vn 0.9029 -0.1999 0.3806
vn 0.5558 0.0867 0.8268
vn 0.5494 -0.1999 0.8113
vn 0.9466 0.0058 0.3222
vn 0.9798 -0.1999 0.0061
vn 0.8299 0.0867 0.5511
vn 0.8181 -0.1999 0.5392
vn 0.9979 0.0058 -0.0645
vn 0.9076 -0.1999 -0.3693
vn 0.9776 0.0867 0.1916
vn 0.9622 -0.1999 0.1851
vn 0.8972 0.0058 -0.4415
vn 0.6972 -0.1999 -0.6885
vn 0.9765 0.0867 -0.1971
vn 0.9598 -0.1999 -0.1972
vn 0.6600 0.0058 -0.7513
vn 0.3806 -0.1999 -0.9029
vn 0.8268 0.0867 -0.5558
vn 0.8113 -0.1999 -0.5494
vn 0.3222 0.0058 -0.9466
vn 0.0061 -0.1999 -0.9798
vn 0.5511 0.0867 -0.8299
vn 0.5392 -0.1999 -0.8181
vn -0.0645 0.0058 -0.9979
vn -0.1463 0.6618 -0.7353
vn -0.0000 -0.2812 -0.9596
vn -0.1872 -0.2812 -0.9412
vn -0.5875 -0.7077 -0.3925
vn -0.0000 0.6617 -0.7497
vn 0.1872 -0.2812 -0.9412
vn -0.0000 -0.7077 -0.7066
vn 0.1378 -0.7077 -0.6930
vn 0.1463 0.6617 -0.7353
vn 0.3672 -0.2812 -0.8866
vn 0.6528 -0.7076 0.2704
vn 0.5875 -0.7077 0.3925
vn 0.2869 0.6617 -0.6927
vn 0.5331 -0.2812 -0.7979
vn 0.3925 -0.7077 -0.5875
vn 0.6343 -0.4421 -0.6343
vn 0.4996 -0.7076 -0.4996
vn 0.4165 0.6617 -0.6234
vn 0.6786 -0.2812 -0.6786
vn 0.5864 0.7089 0.3918
vn 0.5301 0.6618 -0.5301
vn 0.7979 -0.2812 -0.5332
vn 0.6516 0.7089 -0.2699
vn 0.6917 0.7089 -0.1376
vn 0.6234 0.6617 -0.4165
vn 0.8866 -0.2812 -0.3672
vn 0.7053 0.7089 -0.0000
vn 0.6927 0.6617 -0.2869
vn 0.9412 -0.2812 -0.1872
vn 0.5875 -0.7077 -0.3925
vn 0.7353 0.6618 -0.1463
vn 0.9596 -0.2812 -0.0000
vn 0.9702 -0.1463 -0.1930
vn 0.9139 -0.1463 -0.3786
vn 0.7497 0.6617 -0.0000
vn 0.9412 -0.2812 0.1872
vn 0.7353 0.6617 0.1463
vn 0.8866 -0.2812 0.3672
vn 0.6927 0.6618 0.2869
vn 0.7979 -0.2812 0.5331
vn 0.3433 -0.4421 -0.8287
vn 0.3786 -0.1463 -0.9139
vn 0.6234 0.6617 0.4165
vn 0.6786 -0.2812 0.6786
vn 0.5301 0.6618 0.5301
vn 0.5331 -0.2812 0.7979
vn 0.9139 -0.1463 0.3786
vn 0.4165 0.6617 0.6234
vn 0.3672 -0.2812 0.8866
vn 0.9892 -0.1463 -0.0000
vn 0.2869 0.6617 0.6927
vn 0.1872 -0.2812 0.9412
vn 0.1463 0.6618 0.7353
vn -0.0000 -0.2812 0.9596
vn 0.1930 -0.1463 -0.9702
vn -0.0000 0.6617 0.7497
vn -0.1872 -0.2812 0.9412
vn 0.2699 0.7089 0.6516
vn -0.1463 0.6617 0.7353
vn -0.3672 -0.2812 0.8866
vn 0.2699 0.7089 -0.6516
vn 0.3918 0.7089 -0.5864
vn -0.2869 0.6617 0.6927
vn -0.5331 -0.2812 0.7979
vn -0.1378 -0.7076 -0.6930
vn -0.4165 0.6617 0.6234
vn -0.6786 -0.2812 0.6786
vn -0.1376 0.7089 -0.6917
vn -0.5301 0.6618 0.5301
vn -0.7979 -0.2812 0.5332
vn -0.5864 0.7089 -0.3918
vn -0.6234 0.6617 0.4165
vn -0.8866 -0.2812 0.3672
vn 0.4987 0.7089 -0.4987
vn -0.6927 0.6617 0.2869
vn -0.9412 -0.2812 0.1872
vn -0.6917 0.7089 0.1376
vn -0.7053 0.7089 -0.0000
vn -0.7353 0.6618 0.1463
vn -0.9596 -0.2812 -0.0000
vn 0.6930 -0.7077 0.1378
vn -0.7497 0.6617 -0.0000
vn -0.9412 -0.2812 -0.1872
vn -0.1378 -0.7077 0.6930
vn -0.2704 -0.7076 0.6528
vn -0.7353 0.6617 -0.1463
vn -0.8866 -0.2812 -0.3672
vn -0.1750 -0.4421 -0.8797
vn -0.6927 0.6618 -0.2869
vn -0.7979 -0.2812 -0.5331
vn -0.3786 -0.1463 0.9139
vn -0.6234 0.6617 -0.4165
vn -0.6786 -0.2812 -0.6786
vn -0.9139 -0.1463 -0.3786
vn -0.5301 0.6618 -0.5301
vn -0.5331 -0.2812 -0.7979
vn -0.4165 0.6617 -0.6234
vn -0.3672 -0.2812 -0.8866
vn -0.9139 -0.1463 0.3786
vn -0.2869 0.6617 -0.6927
vn 0.5496 -0.1464 0.8225
vn -0.1314 0.0058 -0.9913
vn -0.3786 0.0867 -0.9215
vn -0.7025 0.0867 -0.7064
vn -0.5007 0.0058 -0.8656
vn -0.9193 0.0867 -0.3838
vn -0.7939 0.0058 -0.6081
vn -0.9962 0.0867 -0.0028
vn -0.9661 0.0058 -0.2580
vn -0.9215 0.0867 0.3786
vn -0.9913 0.0058 0.1314
vn -0.7064 0.0867 0.7025
vn -0.8656 0.0058 0.5007
vn -0.3838 0.0867 0.9193
vn -0.6081 0.0058 0.7939
vn -0.0028 0.0867 0.9962
vn -0.2580 0.0058 0.9661
vn 0.3786 0.0867 0.9215
vn 0.1314 0.0058 0.9913
vn 0.7025 0.0867 0.7064
vn 0.5007 0.0058 0.8656
vn 0.9193 0.0867 0.3838
vn 0.7939 0.0058 0.6081
vn 0.9962 0.0867 0.0028
vn 0.9661 0.0058 0.2580
vn 0.9215 0.0867 -0.3786
vn 0.9913 0.0058 -0.1314
vn 0.7064 0.0867 -0.7025
vn 0.8656 0.0058 -0.5007
vn 0.3838 0.0867 -0.9193
vn 0.6081 0.0058 -0.7939
vn 0.0028 0.0867 -0.9962
vn 0.2580 0.0058 -0.9661
vn 0.1376 0.7089 0.6917
vn -0.0000 0.7089 0.7053
vn 0.5864 0.7089 -0.3918
vn -0.6528 -0.7076 0.2704
vn 0.2704 -0.7076 0.6528
vn -0.3925 -0.7077 0.5875
vn -0.3918 0.7089 0.5864
vn 0.2704 -0.7076 -0.6528
vn -0.6516 0.7089 0.2699
vn 0.4996 -0.7076 0.4996
vn -0.4996 -0.7076 0.4996
vn -0.4996 -0.7076 -0.4996
vn -0.2704 -0.7076 -0.6528
vn -0.2699 0.7089 -0.6516
vn -0.3817 -0.0722 -0.9215
vn -0.1946 -0.0722 -0.9782
vn -0.5541 -0.0722 -0.8293
vn -0.7053 -0.0705 -0.7053
vn -0.7053 -0.0722 -0.7053
vn -0.8293 -0.0722 -0.5541
vn -0.9215 -0.0722 -0.3817
vn -0.9782 -0.0722 -0.1946
vn -0.9974 -0.0722 -0.0000
vn -0.9782 -0.0722 0.1946
vn -0.9215 -0.0722 0.3817
vn -0.8293 -0.0722 0.5541
vn -0.7053 -0.0705 0.7053
vn -0.7053 -0.0722 0.7053
vn -0.5541 -0.0722 0.8293
vn -0.3817 -0.0722 0.9215
vn -0.1946 -0.0722 0.9782
vn -0.0000 -0.0722 0.9974
vn 0.1946 -0.0722 0.9782
vn 0.3817 -0.0722 0.9215
vn 0.5541 -0.0722 0.8293
vn 0.7053 -0.0705 0.7053
vn 0.7053 -0.0722 0.7053
vn 0.8293 -0.0722 0.5541
vn 0.9215 -0.0722 0.3817
vn 0.9782 -0.0722 0.1946
vn 0.9974 -0.0722 -0.0000
vn 0.9782 -0.0722 -0.1946
vn 0.9215 -0.0722 -0.3817
vn 0.8293 -0.0722 -0.5541
vn 0.7053 -0.0705 -0.7053
vn 0.7053 -0.0722 -0.7053
vn 0.5541 -0.0722 -0.8293
vn 0.3817 -0.0722 -0.9215
vn 0.1946 -0.0722 -0.9782
vn -0.0000 -0.0722 -0.9974
vn -0.0000 -0.0523 -0.9986
vn 0.1948 -0.0523 -0.9794
vn -0.1948 -0.0523 -0.9794
vn 0.3822 -0.0523 -0.9226
vn 0.5548 -0.0523 -0.8303
vn 0.7061 -0.0523 -0.7061
vn 0.8303 -0.0523 -0.5548
vn 0.9226 -0.0523 -0.3822
vn 0.9794 -0.0523 -0.1948
vn 0.9986 -0.0523 -0.0000
vn 0.9794 -0.0523 0.1948
vn 0.9226 -0.0523 0.3822
vn 0.8303 -0.0523 0.5548
vn 0.7061 -0.0523 0.7061
vn 0.5548 -0.0523 0.8303
vn 0.3822 -0.0523 0.9226
vn 0.1948 -0.0523 0.9794
vn -0.0000 -0.0523 0.9986
vn -0.1948 -0.0523 0.9794
vn -0.3822 -0.0523 0.9226
vn -0.5548 -0.0523 0.8303
vn -0.7061 -0.0523 0.7061
vn -0.8303 -0.0523 0.5548
vn -0.9226 -0.0523 0.3822
vn -0.9794 -0.0523 0.1948
vn -0.9986 -0.0523 -0.0000
vn -0.9794 -0.0523 -0.1948
vn -0.9226 -0.0523 -0.3822
vn -0.8303 -0.0523 -0.5548
vn -0.7061 -0.0523 -0.7061
vn -0.5548 -0.0523 -0.8303
vn -0.3822 -0.0523 -0.9226
vn -0.1700 -0.4906 -0.8546
vn -0.3335 -0.4906 -0.8051
vn -0.4841 -0.4906 -0.7245
vn -0.6162 -0.4906 -0.6162
vn -0.7245 -0.4906 -0.4841
vn -0.8051 -0.4906 -0.3335
vn -0.8546 -0.4906 -0.1700
vn -0.8714 -0.4906 -0.0000
vn -0.8546 -0.4906 0.1700
vn -0.8051 -0.4906 0.3335
vn -0.7245 -0.4906 0.4841
vn -0.6162 -0.4906 0.6162
vn -0.4841 -0.4906 0.7245
vn -0.3335 -0.4906 0.8051
vn -0.1700 -0.4906 0.8546
vn -0.0000 -0.4906 0.8714
vn 0.1700 -0.4906 0.8546
vn 0.3335 -0.4906 0.8051
vn 0.4841 -0.4906 0.7245
vn 0.6162 -0.4906 0.6162
vn 0.7245 -0.4906 0.4841
vn 0.8051 -0.4906 0.3335
vn 0.8546 -0.4906 0.1700
vn 0.8714 -0.4906 -0.0000
vn 0.8546 -0.4906 -0.1700
vn 0.8051 -0.4906 -0.3335
vn 0.7245 -0.4906 -0.4841
vn 0.6162 -0.4906 -0.6162
vn 0.4841 -0.4906 -0.7245
vn 0.3335 -0.4906 -0.8051
vn 0.1700 -0.4906 -0.8546
vn -0.0000 -0.4906 -0.8714
vn -0.9914 0.1305 -0.0000
vn -0.8660 0.5000 -0.0000
vn -0.5000 0.8660 -0.0000
vn -0.1306 0.9914 -0.0000
vn 0.9914 0.1305 -0.0000
vn 0.8660 0.5000 -0.0000
vn 0.5000 0.8660 -0.0000
vn 0.1306 0.9914 -0.0000
vn -0.1305 0.9914 -0.0000
vn 0.1305 0.9914 -0.0000
vn 0.8660 -0.5000 -0.0000
vn 0.9914 -0.1305 -0.0000
vn 0.5000 -0.8660 -0.0000
vn 0.1305 -0.9914 -0.0000
vn -0.8660 -0.5000 -0.0000
vn -0.9914 -0.1305 -0.0000
vn -0.5000 -0.8660 -0.0000
vn -0.1305 -0.9914 -0.0000
vn 1.0000 -0.0000 -0.0000
vn -1.0000 -0.0000 -0.0000
vn -0.0000 -0.0000 -1.0000
vn -0.0000 -0.0000 1.0000
vn 0.1302 -0.0097 0.9914
vn 0.4986 -0.0372 0.8660
vn 0.8636 -0.0644 0.5000
vn 0.9887 -0.0737 0.1305
vn 0.1302 -0.0097 -0.9914
vn 0.4986 -0.0372 -0.8660
vn 0.8636 -0.0644 -0.5000
vn 0.9887 -0.0737 -0.1305
vn 0.9054 -0.0675 0.4193
vn 0.8160 -0.0608 0.5748
vn 0.8151 -0.0608 0.5761
vn 0.4958 -0.0370 0.8676
vn 0.4957 -0.0370 0.8677
vn 0.9054 -0.0675 -0.4193
vn 0.8160 -0.0608 -0.5748
vn 0.9054 -0.0675 -0.4192
vn 0.8151 -0.0608 -0.5761
vn 0.4958 -0.0370 -0.8676
vn 0.4957 -0.0370 -0.8677
vn 0.9054 -0.0675 0.4192
vn 0.9061 -0.0675 0.4176
vn 0.9061 -0.0675 -0.4176
vn -0.4986 0.0372 -0.8660
vn -0.1302 0.0097 -0.9914
vn -0.8636 0.0644 -0.5000
vn -0.9887 0.0737 -0.1305
vn -0.1302 0.0097 0.9914
vn -0.4986 0.0372 0.8660
vn -0.8636 0.0644 0.5000
vn -0.9887 0.0737 0.1305
vn -0.9053 0.0675 -0.4193
vn -0.8160 0.0608 -0.5748
vn -0.9054 0.0675 -0.4192
vn -0.8151 0.0608 -0.5761
vn -0.4959 0.0370 -0.8676
vn -0.4957 0.0370 -0.8677
vn -0.8160 0.0608 0.5748
vn -0.9053 0.0675 0.4193
vn -0.9054 0.0675 0.4192
vn -0.4959 0.0370 0.8676
vn -0.8151 0.0608 0.5761
vn -0.4957 0.0370 0.8677
vn -0.9061 0.0675 -0.4176
vn -0.9061 0.0675 0.4176
vn -0.4165 0.0310 -0.9086
vn -0.4165 0.0310 0.9086
vn 0.0743 0.9972 -0.0000
vn -0.0743 -0.9972 -0.0000
vn 0.0744 0.9972 -0.0000
vn 0.0710 0.9975 0.0055
vn 0.0648 0.9977 0.0196
vn 0.0651 0.9977 0.0201
vn -0.0710 -0.9975 -0.0055
vn -0.0648 -0.9977 -0.0196
vn -0.0708 -0.9975 -0.0050
vn 0.0741 0.9972 0.0002
vn 0.0708 0.9975 0.0049
vn -0.0741 -0.9972 -0.0002
vn -0.0741 -0.9972 -0.0001
vn 0.0741 0.9972 0.0001
vn -0.0710 -0.9975 0.0055
vn -0.0648 -0.9977 0.0196
vn -0.0650 -0.9977 0.0201
vn 0.0710 0.9975 -0.0055
vn 0.0648 0.9977 -0.0196
vn 0.0708 0.9975 -0.0049
vn -0.0741 -0.9972 0.0002
vn -0.0708 -0.9975 0.0050
vn 0.0741 0.9972 -0.0002
vn 0.0741 0.9972 -0.0001
vn -0.0741 -0.9972 0.0001
vn -0.0650 -0.9977 -0.0201
vn -0.0613 -0.9977 -0.0283
vn 0.0614 0.9977 0.0283
vn 0.0650 0.9977 -0.0201
vn 0.0614 0.9977 -0.0283
vn -0.0613 -0.9977 0.0283
vn -0.1302 -0.0097 0.9914
vn -0.4986 -0.0372 0.8660
vn -0.8636 -0.0644 0.5000
vn -0.9887 -0.0737 0.1305
vn -0.1302 -0.0097 -0.9914
vn -0.4986 -0.0372 -0.8660
vn -0.8636 -0.0644 -0.5000
vn -0.9887 -0.0737 -0.1305
vn -0.9054 -0.0675 0.4193
vn -0.8160 -0.0608 0.5748
vn -0.9054 -0.0675 0.4192
vn -0.8151 -0.0608 0.5761
vn -0.4958 -0.0370 0.8676
vn -0.4957 -0.0370 0.8677
vn -0.8160 -0.0608 -0.5748
vn -0.9054 -0.0675 -0.4193
vn -0.9054 -0.0675 -0.4192
vn -0.4958 -0.0370 -0.8676
vn -0.8151 -0.0608 -0.5761
vn -0.4957 -0.0370 -0.8677
vn -0.9061 -0.0675 0.4176
vn -0.9061 -0.0675 -0.4176
vn 0.1302 0.0097 -0.9914
vn 0.4986 0.0372 -0.8660
vn 0.8636 0.0644 -0.5000
vn 0.9887 0.0737 -0.1305
vn 0.1302 0.0097 0.9914
vn 0.4986 0.0372 0.8660
vn 0.8636 0.0644 0.5000
vn 0.9887 0.0737 0.1305
vn 0.9053 0.0675 -0.4193
vn 0.8160 0.0608 -0.5748
vn 0.8151 0.0608 -0.5761
vn 0.4959 0.0370 -0.8676
vn 0.4957 0.0370 -0.8677
vn 0.9053 0.0675 0.4193
vn 0.8160 0.0608 0.5748
vn 0.9054 0.0675 0.4192
vn 0.8151 0.0608 0.5761
vn 0.4959 0.0370 0.8676
vn 0.4957 0.0370 0.8677
vn 0.9054 0.0675 -0.4192
vn 0.9061 0.0675 -0.4176
vn 0.9061 0.0675 0.4176
vn 0.4165 0.0310 -0.9086
vn 0.4165 0.0310 0.9086
vn -0.0743 0.9972 -0.0000
vn 0.0743 -0.9972 -0.0000
vn -0.0744 0.9972 -0.0000
vn 0.0744 -0.9972 -0.0000
vn -0.0648 0.9977 0.0196
vn -0.0710 0.9975 0.0055
vn -0.0651 0.9977 0.0201
vn 0.0710 -0.9975 -0.0055
vn 0.0648 -0.9977 -0.0196
vn 0.0650 -0.9977 -0.0201
vn -0.0708 0.9975 0.0049
vn -0.0741 0.9972 0.0002
vn 0.0741 -0.9972 -0.0002
vn 0.0708 -0.9975 -0.0050
vn 0.0648 -0.9977 0.0196
vn 0.0710 -0.9975 0.0055
vn 0.0651 -0.9977 0.0201
vn -0.0710 0.9975 -0.0055
vn -0.0648 0.9977 -0.0196
vn -0.0650 0.9977 -0.0201
vn 0.0708 -0.9975 0.0050
vn 0.0741 -0.9972 0.0002
vn -0.0741 0.9972 -0.0002
vn -0.0708 0.9975 -0.0049
vn 0.0613 -0.9977 -0.0283
vn -0.0613 0.9977 0.0283
vn -0.0614 0.9977 0.0283
vn -0.0614 0.9977 -0.0283
vn 0.0613 -0.9977 0.0283
vn 0.7071 -0.0000 -0.7071
vn 0.7071 -0.0000 0.7071
vn -0.7071 -0.0000 0.7071
vn -0.7071 -0.0000 -0.7071
vn 0.3127 0.7071 -0.6342
vn 0.4422 -0.0000 -0.8969
vn 0.3127 -0.7071 -0.6342
vn -0.3127 -0.7071 0.6342
vn -0.4422 -0.0000 0.8969
vn -0.3127 0.7071 0.6342
vn 0.8969 -0.0000 -0.4422
vn 0.3127 0.7071 0.6342
vn 0.4422 -0.0000 0.8969
vn 0.3127 -0.7071 0.6342
vn -0.3127 -0.7071 -0.6342
vn -0.4422 -0.0000 -0.8969
vn -0.3127 0.7071 -0.6342
vn 0.8969 -0.0000 0.4422
vn -0.8969 -0.0000 -0.4422
vn -0.8969 -0.0000 0.4422
vn 0.1166 0.8016 -0.5863
vn 0.5863 0.8016 -0.1166
vn 0.5978 0.8016 -0.0000
vn -0.4227 0.8016 0.4227
vn 0.1166 0.8016 0.5863
vn -0.4971 0.8016 -0.3321
vn 0.2288 0.8016 -0.5523
vn 0.5863 0.8016 0.1166
vn -0.4971 0.8016 0.3321
vn -0.0000 0.8016 0.5978
vn -0.4227 0.8016 -0.4227
vn 0.3321 0.8016 -0.4971
vn 0.5523 0.8016 0.2288
vn -0.5523 0.8016 0.2288
vn -0.3321 0.8016 -0.4971
vn 0.4227 0.8016 -0.4227
vn 0.4971 0.8016 0.3321
vn -0.5863 0.8016 0.1166
vn -0.1166 0.8016 0.5863
vn -0.2288 0.8016 -0.5523
vn 0.4971 0.8016 -0.3321
vn 0.4227 0.8016 0.4227
vn -0.5978 0.8016 -0.0000
vn -0.1166 0.8016 -0.5863
vn 0.5523 0.8016 -0.2288
vn -0.2288 0.8016 0.5523
vn 0.3321 0.8016 0.4971
vn -0.5863 0.8016 -0.1166
vn -0.0000 0.8016 -0.5978
vn -0.3321 0.8016 0.4971
vn 0.2288 0.8016 0.5523
vn -0.5523 0.8016 -0.2288
vn -0.0000 0.1458 0.9893
vn -0.1947 0.0650 0.9787
vn -0.1930 0.1458 0.9703
vn 0.6996 0.1458 0.6996
vn 0.8297 0.0650 0.5544
vn 0.7056 0.0650 0.7056
vn -0.3786 0.1458 -0.9140
vn -0.1947 0.0650 -0.9787
vn -0.1930 0.1458 -0.9703
vn -0.3786 0.1458 0.9140
vn -0.3819 0.0650 0.9219
vn 0.5544 0.0650 0.8297
vn 0.5496 0.1458 0.8226
vn -0.0000 0.0650 -0.9979
vn -0.0000 0.1458 -0.9893
vn -0.5544 0.0650 0.8297
vn -0.5496 0.1458 0.8226
vn 0.3819 0.0650 0.9219
vn 0.3786 0.1458 0.9140
vn 0.1947 0.0650 -0.9787
vn 0.1930 0.1458 -0.9703
vn -0.6996 0.1458 0.6995
vn -0.7056 0.0650 0.7056
vn 0.1947 0.0650 0.9787
vn 0.1930 0.1458 0.9703
vn 0.3786 0.1458 -0.9140
vn 0.3819 0.0650 -0.9219
vn -0.8297 0.0650 0.5544
vn -0.8226 0.1458 0.5496
vn -0.0000 0.0650 0.9979
vn 0.5544 0.0650 -0.8297
vn 0.5496 0.1458 -0.8226
vn -0.9219 0.0650 0.3819
vn -0.9140 0.1458 0.3786
vn 0.6996 0.1458 -0.6995
vn 0.7056 0.0650 -0.7056
vn -0.9787 0.0650 0.1947
vn -0.9703 0.1458 0.1930
vn 0.8297 0.0650 -0.5544
vn 0.8226 0.1458 -0.5496
vn -0.9979 0.0650 -0.0000
vn -0.9893 0.1458 -0.0000
vn 0.9219 0.0650 -0.3819
vn 0.9140 0.1458 -0.3786
vn -0.9787 0.0650 -0.1947
vn -0.9703 0.1458 -0.1930
vn 0.9787 0.0650 -0.1947
vn 0.9703 0.1458 -0.1930
vn -0.9140 0.1458 -0.3786
vn -0.9219 0.0650 -0.3819
vn 0.9979 0.0650 -0.0000
vn 0.9893 0.1458 -0.0000
vn -0.8297 0.0650 -0.5544
vn -0.8226 0.1458 -0.5496
vn 0.9787 0.0650 0.1947
vn 0.9703 0.1458 0.1930
vn -0.6996 0.1458 -0.6996
vn -0.7056 0.0650 -0.7056
vn 0.9140 0.1458 0.3786
vn 0.9219 0.0650 0.3819
vn -0.5544 0.0650 -0.8297
vn -0.5496 0.1458 -0.8226
vn 0.8226 0.1458 0.5496
vn -0.3819 0.0650 -0.9219
vn -0.0000 0.8630 -0.5051
vn 0.4667 0.8630 -0.1933
vn 0.5051 0.8630 -0.0000
vn 0.1933 0.8630 0.4667
vn -0.0000 0.8630 0.5051
vn -0.4667 0.8630 0.1933
vn -0.5051 0.8630 -0.0000
vn -0.1933 0.8630 -0.4667
vn -0.0000 0.9439 -0.3304
vn 0.1835 0.9439 -0.2747
vn 0.3304 0.9439 -0.0000
vn 0.2747 0.9439 0.1835
vn -0.0000 0.9439 0.3304
vn -0.1835 0.9439 0.2747
vn -0.3304 0.9439 -0.0000
vn -0.2747 0.9439 -0.1835
vn -0.8172 0.1847 -0.5460
vn -0.5460 0.1847 0.8172
vn 0.8172 0.1847 0.5460
vn 0.5460 0.1847 -0.8172
vn -0.0741 0.9972 0.0001
vn 0.0741 -0.9972 -0.0001
vn 0.0741 -0.9972 0.0001
vn -0.0741 0.9972 -0.0001
vt 0.096369 0.104013
vt 0.096229 0.105114
vt 0.096167 0.105114
vt 0.096173 0.104013
vt 0.095983 0.105114
vt 0.095855 0.104013
vt 0.095684 0.105114
vt 0.095427 0.104013
vt 0.095281 0.105114
vt 0.094905 0.104013
vt 0.094791 0.105114
vt 0.094231 0.105114
vt 0.093664 0.104013
vt 0.093624 0.105114
vt 0.092992 0.105114
vt 0.092321 0.104013
vt 0.092361 0.105114
vt 0.091675 0.104013
vt 0.091753 0.105114
vt 0.091080 0.104013
vt 0.091194 0.105114
vt 0.090558 0.104013
vt 0.090703 0.105114
vt 0.090130 0.104013
vt 0.090300 0.105114
vt 0.090001 0.105114
vt 0.089616 0.104013
vt 0.089817 0.105114
vt 0.089755 0.105114
vt 0.089811 0.104013
vt 0.094310 0.104013
vt 0.095820 0.105114
vt 0.095766 0.105114
vt 0.095605 0.105114
vt 0.095344 0.105114
vt 0.094992 0.105114
vt 0.094564 0.105114
vt 0.094075 0.105114
vt 0.093544 0.105114
vt 0.092440 0.105114
vt 0.091910 0.105114
vt 0.091421 0.105114
vt 0.090992 0.105114
vt 0.090641 0.105114
vt 0.090379 0.105114
vt 0.090218 0.105114
vt 0.090164 0.105114
vt 0.095547 0.105989
vt 0.095498 0.105989
vt 0.095353 0.105989
vt 0.095117 0.105989
vt 0.094799 0.105989
vt 0.094412 0.105989
vt 0.093970 0.105989
vt 0.093491 0.105989
vt 0.092992 0.105989
vt 0.092494 0.105989
vt 0.092014 0.105989
vt 0.091573 0.105989
vt 0.091186 0.105989
vt 0.090868 0.105989
vt 0.090632 0.105989
vt 0.090486 0.105989
vt 0.090437 0.105989
vt 0.096886 0.103250
vt 0.096775 0.103790
vt 0.096811 0.103250
vt 0.096785 0.104013
vt 0.096712 0.104013
vt 0.096556 0.103790
vt 0.096589 0.103250
vt 0.096496 0.104013
vt 0.096200 0.103790
vt 0.096229 0.103250
vt 0.096145 0.104013
vt 0.095720 0.103790
vt 0.095745 0.103250
vt 0.095674 0.104013
vt 0.095155 0.103250
vt 0.095135 0.103790
vt 0.095099 0.104013
vt 0.094482 0.103250
vt 0.094468 0.103790
vt 0.094444 0.104013
vt 0.093745 0.103790
vt 0.093752 0.103250
vt 0.093732 0.104013
vt 0.092992 0.103790
vt 0.092992 0.103250
vt 0.092992 0.104013
vt 0.092240 0.103790
vt 0.092233 0.103250
vt 0.092252 0.104013
vt 0.091516 0.103790
vt 0.091502 0.103250
vt 0.091541 0.104013
vt 0.090849 0.103790
vt 0.090829 0.103250
vt 0.090885 0.104013
vt 0.090265 0.103790
vt 0.090239 0.103250
vt 0.090310 0.104013
vt 0.089755 0.103250
vt 0.089785 0.103790
vt 0.089839 0.104013
vt 0.089395 0.103250
vt 0.089428 0.103790
vt 0.089488 0.104013
vt 0.089209 0.103790
vt 0.089173 0.103250
vt 0.089273 0.104013
vt 0.089135 0.103790
vt 0.089099 0.103250
vt 0.089200 0.104013
vt 0.096850 0.103790
vt 0.096676 0.098689
vt 0.096920 0.098505
vt 0.096903 0.098689
vt 0.096688 0.098054
vt 0.096927 0.098237
vt 0.096916 0.098054
vt 0.096435 0.104013
vt 0.095821 0.098054
vt 0.095221 0.098237
vt 0.095215 0.098054
vt 0.095207 0.098689
vt 0.094525 0.098505
vt 0.094518 0.098689
vt 0.096997 0.098505
vt 0.096979 0.098689
vt 0.097004 0.098237
vt 0.096992 0.098054
vt 0.094523 0.098054
vt 0.094528 0.098237
vt 0.095812 0.098689
vt 0.095217 0.098505
vt 0.093775 0.098237
vt 0.093773 0.098054
vt 0.096322 0.098505
vt 0.095824 0.098505
vt 0.096307 0.098689
vt 0.096692 0.098505
vt 0.092992 0.098237
vt 0.092992 0.098054
vt 0.092210 0.098237
vt 0.092212 0.098054
vt 0.089549 0.104013
vt 0.091461 0.098054
vt 0.091457 0.098237
vt 0.090770 0.098054
vt 0.090763 0.098237
vt 0.093774 0.098505
vt 0.090155 0.098237
vt 0.090164 0.098054
vt 0.092992 0.098689
vt 0.093770 0.098689
vt 0.089656 0.098237
vt 0.089666 0.098054
vt 0.092214 0.098689
vt 0.092992 0.098505
vt 0.089296 0.098054
vt 0.089285 0.098237
vt 0.091466 0.098689
vt 0.092211 0.098505
vt 0.089057 0.098237
vt 0.089069 0.098054
vt 0.090777 0.098689
vt 0.091459 0.098505
vt 0.088980 0.098237
vt 0.088992 0.098054
vt 0.090173 0.098689
vt 0.090767 0.098505
vt 0.090788 0.097995
vt 0.091474 0.097995
vt 0.092992 0.097995
vt 0.092218 0.097995
vt 0.093766 0.097995
vt 0.090186 0.097995
vt 0.094511 0.097995
vt 0.089693 0.097995
vt 0.095197 0.097995
vt 0.089326 0.097995
vt 0.096961 0.097995
vt 0.096884 0.097995
vt 0.095798 0.097995
vt 0.089100 0.097995
vt 0.096658 0.097995
vt 0.096318 0.098054
vt 0.096292 0.097995
vt 0.089024 0.097995
vt 0.089783 0.103208
vt 0.095136 0.103208
vt 0.094469 0.103208
vt 0.090263 0.103208
vt 0.093745 0.103208
vt 0.090848 0.103208
vt 0.092992 0.103208
vt 0.091515 0.103208
vt 0.092239 0.103208
vt 0.089427 0.103208
vt 0.096777 0.103208
vt 0.095721 0.103208
vt 0.089207 0.103208
vt 0.096558 0.103208
vt 0.096201 0.103208
vt 0.089133 0.103208
vt 0.096851 0.103208
vt 0.089309 0.098689
vt 0.089082 0.098689
vt 0.089005 0.098689
vt 0.089677 0.098689
vt 0.096699 0.098237
vt 0.095829 0.098237
vt 0.090160 0.098505
vt 0.089662 0.098505
vt 0.089292 0.098505
vt 0.089064 0.098505
vt 0.088987 0.098505
vt 0.096328 0.098237
vt 0.095623 0.030728
vt 0.095260 0.030341
vt 0.095230 0.030728
vt 0.091781 0.030728
vt 0.092367 0.030341
vt 0.092375 0.030728
vt 0.091234 0.030728
vt 0.090725 0.030341
vt 0.090755 0.030728
vt 0.090361 0.030728
vt 0.089900 0.029228
vt 0.089797 0.029615
vt 0.089839 0.029228
vt 0.095649 0.029615
vt 0.095659 0.030341
vt 0.090336 0.029615
vt 0.090733 0.029615
vt 0.091211 0.030341
vt 0.091769 0.029615
vt 0.091217 0.029615
vt 0.096137 0.030341
vt 0.095944 0.029615
vt 0.095955 0.030341
vt 0.092992 0.030341
vt 0.092369 0.029615
vt 0.089847 0.030341
vt 0.090040 0.029615
vt 0.090029 0.030341
vt 0.094774 0.030341
vt 0.094215 0.029615
vt 0.094767 0.029615
vt 0.095251 0.029615
vt 0.090326 0.030341
vt 0.096649 0.094539
vt 0.096502 0.084385
vt 0.096571 0.084385
vt 0.096371 0.094539
vt 0.095968 0.084385
vt 0.096298 0.084385
vt 0.095523 0.084385
vt 0.095024 0.094539
vt 0.094980 0.084385
vt 0.094392 0.094539
vt 0.093690 0.084385
vt 0.094362 0.084385
vt 0.092992 0.094539
vt 0.092294 0.084385
vt 0.092992 0.084385
vt 0.091593 0.094539
vt 0.091004 0.084385
vt 0.091623 0.084385
vt 0.090462 0.084385
vt 0.089952 0.094539
vt 0.090017 0.084385
vt 0.089614 0.094539
vt 0.089482 0.084385
vt 0.089686 0.084385
vt 0.089335 0.094539
vt 0.089414 0.084385
vt 0.090961 0.094539
vt 0.096033 0.094539
vt 0.096096 0.030728
vt 0.096199 0.030341
vt 0.096157 0.030728
vt 0.092377 0.029228
vt 0.092992 0.029615
vt 0.092992 0.029228
vt 0.095614 0.029228
vt 0.094199 0.029228
vt 0.093616 0.029615
vt 0.093607 0.029228
vt 0.091241 0.029228
vt 0.090371 0.029228
vt 0.094203 0.030728
vt 0.093618 0.030341
vt 0.093610 0.030728
vt 0.090069 0.030728
vt 0.089889 0.030728
vt 0.089785 0.030341
vt 0.089858 0.029615
vt 0.096126 0.029615
vt 0.096187 0.029615
vt 0.096579 0.094539
vt 0.093706 0.094539
vt 0.092279 0.094539
vt 0.089405 0.094539
vt 0.096451 0.082380
vt 0.096092 0.041759
vt 0.096405 0.082380
vt 0.095980 0.039754
vt 0.096146 0.082380
vt 0.095662 0.041759
vt 0.095928 0.082380
vt 0.095279 0.039754
vt 0.095361 0.082380
vt 0.094826 0.041759
vt 0.095003 0.082380
vt 0.094230 0.039754
vt 0.094216 0.082380
vt 0.093710 0.041759
vt 0.093773 0.082380
vt 0.092992 0.039754
vt 0.092884 0.082380
vt 0.092486 0.041759
vt 0.092423 0.082380
vt 0.091755 0.039754
vt 0.091569 0.082380
vt 0.091338 0.041759
vt 0.091160 0.082380
vt 0.090705 0.039754
vt 0.090470 0.082380
vt 0.090442 0.041759
vt 0.090177 0.082380
vt 0.090004 0.039754
vt 0.089756 0.082380
vt 0.089935 0.041759
vt 0.089621 0.082380
vt 0.089758 0.039754
vt 0.089534 0.082380
vt 0.089893 0.041759
vt 0.089579 0.082380
vt 0.089838 0.082380
vt 0.090322 0.041759
vt 0.090057 0.082380
vt 0.090623 0.082380
vt 0.091159 0.041759
vt 0.090981 0.082380
vt 0.091768 0.082380
vt 0.092274 0.041759
vt 0.092212 0.082380
vt 0.093100 0.082380
vt 0.093499 0.041759
vt 0.093561 0.082380
vt 0.094415 0.082380
vt 0.094646 0.041759
vt 0.094824 0.082380
vt 0.095514 0.082380
vt 0.095542 0.041759
vt 0.095808 0.082380
vt 0.096229 0.082380
vt 0.096050 0.041759
vt 0.096363 0.082380
vt 0.096226 0.039754
vt 0.096702 0.103937
vt 0.096716 0.095618
vt 0.096644 0.095618
vt 0.094744 0.029228
vt 0.096775 0.103937
vt 0.096145 0.029228
vt 0.096084 0.029228
vt 0.096432 0.095618
vt 0.091786 0.029228
vt 0.096487 0.103937
vt 0.096088 0.095618
vt 0.095222 0.029228
vt 0.096137 0.103937
vt 0.095625 0.095618
vt 0.091765 0.030341
vt 0.095667 0.103937
vt 0.095061 0.095618
vt 0.094219 0.030341
vt 0.095094 0.103937
vt 0.094417 0.095618
vt 0.094440 0.103937
vt 0.093719 0.095618
vt 0.093730 0.103937
vt 0.092992 0.095618
vt 0.092992 0.103937
vt 0.092266 0.095618
vt 0.092254 0.103937
vt 0.091567 0.095618
vt 0.091545 0.103937
vt 0.090924 0.095618
vt 0.090891 0.103937
vt 0.090359 0.095618
vt 0.090317 0.103937
vt 0.089896 0.095618
vt 0.089847 0.103937
vt 0.089552 0.095618
vt 0.089497 0.103937
vt 0.089340 0.095618
vt 0.089282 0.103937
vt 0.089269 0.095618
vt 0.089210 0.103937
vt 0.095916 0.030728
vt 0.090079 0.029228
vt 0.096164 0.039754
vt 0.096131 0.041759
vt 0.095851 0.041759
vt 0.095681 0.039754
vt 0.095135 0.041759
vt 0.094789 0.039754
vt 0.094094 0.041759
vt 0.093623 0.039754
vt 0.092884 0.041759
vt 0.092361 0.039754
vt 0.091691 0.041759
vt 0.091195 0.039754
vt 0.090696 0.041759
vt 0.090303 0.039754
vt 0.090051 0.041759
vt 0.089820 0.039754
vt 0.089853 0.041759
vt 0.090133 0.041759
vt 0.090849 0.041759
vt 0.091891 0.041759
vt 0.093100 0.041759
vt 0.094293 0.041759
vt 0.095288 0.041759
vt 0.095933 0.041759
vt 0.094750 0.030728
vt 0.095905 0.029228
vt 0.090763 0.029228
vt 0.092992 0.030728
vt 0.089828 0.030728
vt 0.096020 0.020932
vt 0.095844 0.020932
vt 0.095559 0.020932
vt 0.095175 0.020932
vt 0.094707 0.020932
vt 0.094174 0.020932
vt 0.093594 0.020932
vt 0.092992 0.020932
vt 0.092390 0.020932
vt 0.091811 0.020932
vt 0.091277 0.020932
vt 0.090809 0.020932
vt 0.090425 0.020932
vt 0.090140 0.020932
vt 0.089964 0.020932
vt 0.089905 0.020932
vt 0.096079 0.020932
vt 0.091788 0.020932
vt 0.091244 0.020932
vt 0.092992 0.020202
vt 0.092379 0.020202
vt 0.090767 0.020932
vt 0.090088 0.020202
vt 0.089909 0.020202
vt 0.090375 0.020932
vt 0.094738 0.020202
vt 0.094195 0.020202
vt 0.090084 0.020932
vt 0.096075 0.020202
vt 0.096135 0.020202
vt 0.089905 0.020932
vt 0.091789 0.020202
vt 0.090379 0.020202
vt 0.089845 0.020932
vt 0.095215 0.020202
vt 0.095896 0.020202
vt 0.091246 0.020202
vt 0.090770 0.020202
vt 0.095606 0.020202
vt 0.092378 0.020932
vt 0.096140 0.020932
vt 0.096079 0.020932
vt 0.095900 0.020932
vt 0.095609 0.020932
vt 0.094741 0.020932
vt 0.094197 0.020932
vt 0.093605 0.020202
vt 0.093606 0.020932
vt 0.089849 0.020202
vt 0.095218 0.020932
vt 0.095578 0.094539
vt 0.090406 0.094539
vt 0.092694 0.109140
vt 0.093291 0.109520
vt 0.093291 0.109140
vt 0.092694 0.109520
vt 0.093291 0.109798
vt 0.092694 0.109798
vt 0.093291 0.109900
vt 0.092694 0.109900
vt 0.092694 0.106259
vt 0.093291 0.106361
vt 0.093291 0.106259
vt 0.092694 0.106361
vt 0.093291 0.106639
vt 0.092694 0.106639
vt 0.093291 0.107019
vt 0.092694 0.107019
vt 0.093291 0.109332
vt 0.092694 0.109092
vt 0.093291 0.109092
vt 0.093291 0.109472
vt 0.092694 0.109332
vt 0.093291 0.109536
vt 0.092694 0.109472
vt 0.092694 0.109536
vt 0.093291 0.106035
vt 0.092694 0.105895
vt 0.093291 0.105895
vt 0.093291 0.106451
vt 0.092694 0.106035
vt 0.093291 0.106971
vt 0.092694 0.106451
vt 0.092694 0.106971
vt 0.091799 0.092655
vt 0.091810 0.087181
vt 0.091810 0.092627
vt 0.091840 0.092606
vt 0.091882 0.087153
vt 0.091882 0.092599
vt 0.094186 0.087209
vt 0.094174 0.092627
vt 0.094174 0.087181
vt 0.094144 0.092606
vt 0.094144 0.087160
vt 0.094103 0.087153
vt 0.091716 0.092869
vt 0.091757 0.087416
vt 0.091757 0.092862
vt 0.091788 0.087395
vt 0.091788 0.092841
vt 0.091799 0.087367
vt 0.091799 0.092813
vt 0.094269 0.092869
vt 0.094227 0.087416
vt 0.094269 0.087423
vt 0.094227 0.092862
vt 0.094197 0.087395
vt 0.094197 0.092841
vt 0.094186 0.087367
vt 0.091799 0.087209
vt 0.094103 0.092599
vt 0.094186 0.092655
vt 0.094186 0.092813
vt 0.091716 0.087423
vt 0.091401 0.092869
vt 0.091401 0.087423
vt 0.094583 0.092869
vt 0.091846 0.092641
vt 0.091838 0.087213
vt 0.091838 0.092659
vt 0.091861 0.092630
vt 0.091846 0.087195
vt 0.091887 0.087180
vt 0.091861 0.087184
vt 0.094146 0.087213
vt 0.094139 0.092641
vt 0.094146 0.092659
vt 0.094139 0.087195
vt 0.094123 0.092630
vt 0.094097 0.087180
vt 0.094123 0.087184
vt 0.091732 0.092894
vt 0.091780 0.087438
vt 0.091732 0.087448
vt 0.091780 0.092884
vt 0.091823 0.087409
vt 0.091838 0.092816
vt 0.091823 0.092855
vt 0.094204 0.087438
vt 0.094252 0.092894
vt 0.094252 0.087448
vt 0.094161 0.087409
vt 0.094204 0.092884
vt 0.094146 0.087370
vt 0.094161 0.092855
vt 0.091887 0.092626
vt 0.094146 0.092816
vt 0.091418 0.092894
vt 0.094567 0.092894
vt 0.094567 0.087448
vt 0.091418 0.087448
vt 0.091840 0.087160
vt 0.094097 0.092626
vt 0.091838 0.087370
vt 0.094583 0.087423
vt 0.092858 0.106537
vt 0.092888 0.106060
vt 0.092888 0.106537
vt 0.092815 0.106537
vt 0.092858 0.106060
vt 0.092785 0.106537
vt 0.092815 0.106060
vt 0.092785 0.106060
vt 0.092837 0.106537
vt 0.093096 0.106060
vt 0.093126 0.106537
vt 0.093096 0.106537
vt 0.093126 0.106060
vt 0.093169 0.106537
vt 0.093169 0.106060
vt 0.093200 0.106537
vt 0.093200 0.106060
vt 0.093148 0.106537
vt 0.091629 0.091892
vt 0.091625 0.092170
vt 0.091602 0.092170
vt 0.091629 0.091500
vt 0.091652 0.091892
vt 0.091625 0.091222
vt 0.091652 0.091500
vt 0.091602 0.091222
vt 0.091586 0.091222
vt 0.091563 0.091222
vt 0.091559 0.091500
vt 0.091536 0.091892
vt 0.091536 0.091500
vt 0.091563 0.092170
vt 0.091559 0.091892
vt 0.094383 0.092170
vt 0.094355 0.091892
vt 0.094402 0.091696
vt 0.091586 0.092170
vt 0.094360 0.092170
vt 0.094333 0.091892
vt 0.094355 0.091500
vt 0.094360 0.091222
vt 0.094383 0.091222
vt 0.094398 0.091222
vt 0.094421 0.091222
vt 0.094425 0.091500
vt 0.094448 0.091500
vt 0.094448 0.091892
vt 0.094425 0.091892
vt 0.094421 0.092170
vt 0.091602 0.088320
vt 0.091629 0.088597
vt 0.091582 0.088794
vt 0.094398 0.092170
vt 0.091625 0.088320
vt 0.091652 0.088597
vt 0.091629 0.088990
vt 0.091625 0.089267
vt 0.091602 0.089267
vt 0.091586 0.089267
vt 0.091563 0.089267
vt 0.091559 0.088990
vt 0.091536 0.088990
vt 0.091536 0.088597
vt 0.091586 0.088320
vt 0.091563 0.088320
vt 0.094383 0.088320
vt 0.094421 0.088320
vt 0.094402 0.088794
vt 0.094355 0.088597
vt 0.094360 0.088320
vt 0.094355 0.088990
vt 0.094333 0.088597
vt 0.094360 0.089267
vt 0.094333 0.088990
vt 0.094383 0.089267
vt 0.094398 0.089267
vt 0.094421 0.089267
vt 0.094425 0.088990
vt 0.094448 0.088597
vt 0.094448 0.088990
vt 0.094398 0.088320
vt 0.094425 0.088597
vt 0.091582 0.091696
vt 0.094333 0.091500
vt 0.091652 0.088990
vt 0.091559 0.088597
vt 0.089337 0.103937
vt 0.092265 0.103937
vt 0.095628 0.103937
vt 0.096648 0.103937
vt 0.090921 0.103937
vt 0.089549 0.103937
vt 0.093719 0.103937
vt 0.095063 0.103937
vt 0.096719 0.103937
vt 0.090357 0.103937
vt 0.089893 0.103937
vt 0.094418 0.103937
vt 0.091566 0.103937
vt 0.096436 0.103937
vt 0.096091 0.103937
vt 0.089265 0.103937
vt 0.096344 0.088999
vt 0.095806 0.021184
vt 0.096279 0.088999
vt 0.095362 0.088999
vt 0.094586 0.021184
vt 0.095021 0.021184
vt 0.089896 0.088999
vt 0.090178 0.021184
vt 0.089705 0.088999
vt 0.096089 0.088999
vt 0.095643 0.021184
vt 0.095378 0.021184
vt 0.095779 0.088999
vt 0.090123 0.021184
vt 0.089641 0.088999
vt 0.090341 0.021184
vt 0.094854 0.088999
vt 0.095861 0.021184
vt 0.090607 0.021184
vt 0.090205 0.088999
vt 0.094090 0.021184
vt 0.094275 0.088999
vt 0.090622 0.088999
vt 0.090963 0.021184
vt 0.093552 0.021184
vt 0.093646 0.088999
vt 0.091398 0.021184
vt 0.091130 0.088999
vt 0.092992 0.021184
vt 0.092992 0.088999
vt 0.091894 0.021184
vt 0.091710 0.088999
vt 0.092432 0.021184
vt 0.092338 0.088999
s 1
g metal_garbage_can_01_big_metal_rough
usemtl metal_rough
f 65/1/1 98/2/2 97/3/3
f 67/4/4 97/3/3 99/5/5
f 68/6/6 99/5/5 100/7/7
f 69/8/8 100/7/7 101/9/9
f 70/10/10 101/9/9 102/11/11
f 103/12/12 70/10/10 102/11/11
f 72/13/13 103/12/12 104/14/14
f 105/15/15 72/13/13 104/14/14
f 74/16/16 105/15/15 106/17/17
f 75/18/18 106/17/17 107/19/19
f 76/20/20 107/19/19 108/21/21
f 77/22/22 108/21/21 109/23/23
f 78/24/24 109/23/23 110/25/25
f 111/26/26 78/24/24 110/25/25
f 80/27/27 111/26/26 112/28/28
f 113/29/29 80/27/27 112/28/28
f 82/27/30 113/29/29 114/28/31
f 83/30/32 114/28/31 115/26/33
f 84/24/34 115/26/33 116/25/35
f 85/22/36 116/25/35 117/23/37
f 86/20/38 117/23/37 118/21/39
f 119/19/40 86/20/38 118/21/39
f 88/16/41 119/19/40 120/17/42
f 121/15/43 88/16/41 120/17/42
f 90/13/44 121/15/43 122/14/45
f 91/31/46 122/14/45 123/12/47
f 92/10/48 123/12/47 124/11/49
f 93/8/50 124/11/49 125/9/51
f 94/6/52 125/9/51 126/7/53
f 127/5/54 94/6/52 126/7/53
f 96/1/55 127/5/54 128/3/56
f 98/2/2 96/1/55 128/3/56
f 97/3/3 130/32/57 129/33/57
f 131/34/57 97/3/3 129/33/57
f 100/7/7 131/34/57 132/35/57
f 133/36/57 100/7/7 132/35/57
f 102/11/11 133/36/57 134/37/57
f 103/12/12 134/37/57 135/38/57
f 104/14/14 135/38/57 136/39/57
f 137/15/57 104/14/14 136/39/57
f 106/17/17 137/15/57 138/40/57
f 139/41/57 106/17/17 138/40/57
f 108/21/21 139/41/57 140/42/57
f 141/43/57 108/21/21 140/42/57
f 110/25/25 141/43/57 142/44/57
f 111/26/26 142/44/57 143/45/57
f 112/28/28 143/45/57 144/46/57
f 145/47/57 112/28/28 144/46/57
f 114/28/31 145/47/57 146/46/57
f 147/45/57 114/28/31 146/46/57
f 116/25/35 147/45/57 148/44/57
f 149/43/57 116/25/35 148/44/57
f 118/21/39 149/43/57 150/42/57
f 119/19/40 150/42/57 151/41/57
f 120/17/42 151/41/57 152/40/57
f 153/15/57 120/17/42 152/40/57
f 122/14/45 153/15/57 154/39/57
f 155/38/57 122/14/45 154/39/57
f 124/11/49 155/38/57 156/37/57
f 157/36/57 124/11/49 156/37/57
f 126/7/53 157/36/57 158/35/57
f 127/5/54 158/35/57 159/34/57
f 128/3/56 159/34/57 160/33/57
f 130/32/57 128/3/56 160/33/57
s 2
f 129/33/58 32/48/59 33/49/60
f 34/50/61 129/33/58 33/49/60
f 35/51/62 131/34/63 34/50/61
f 133/36/64 35/51/62 36/52/65
f 134/37/66 36/52/65 37/53/67
f 135/38/68 37/53/67 38/54/69
f 39/55/70 135/38/68 38/54/69
f 40/56/71 136/39/72 39/55/70
f 138/40/73 40/56/71 41/57/74
f 42/58/75 138/40/73 41/57/74
f 43/59/76 139/41/77 42/58/75
f 141/43/78 43/59/76 44/60/79
f 142/44/80 44/60/79 45/61/81
f 143/45/82 45/61/81 46/62/83
f 47/63/84 143/45/82 46/62/83
f 48/64/85 144/46/86 47/63/84
f 146/46/87 48/64/85 49/63/88
f 50/62/89 146/46/87 49/63/88
f 51/61/90 147/45/91 50/62/89
f 149/43/92 51/61/90 52/60/93
f 150/42/94 52/60/93 53/59/95
f 151/41/96 53/59/95 54/58/97
f 55/57/98 151/41/96 54/58/97
f 56/56/99 152/40/100 55/57/98
f 154/39/101 56/56/99 57/55/102
f 58/54/103 154/39/101 57/55/102
f 59/53/104 155/38/105 58/54/103
f 157/36/106 59/53/104 60/52/107
f 158/35/108 60/52/107 61/51/109
f 159/34/110 61/51/109 62/50/111
f 63/49/112 159/34/110 62/50/111
f 32/48/59 160/33/113 63/49/112
f 33/49/60 161/56/57 34/50/61
f 34/50/61 161/56/57 35/51/62
f 35/51/62 161/56/57 36/52/65
f 36/52/65 161/56/57 37/53/67
f 37/53/67 161/56/57 38/54/69
f 38/54/69 161/56/57 39/55/70
f 39/55/70 161/56/57 40/56/71
f 40/56/71 161/56/57 41/57/74
f 41/57/74 161/56/57 42/58/75
f 42/58/75 161/56/57 43/59/76
f 43/59/76 161/56/57 44/60/79
f 44/60/79 161/56/57 45/61/81
f 45/61/81 161/56/57 46/62/83
f 46/62/83 161/56/57 47/63/84
f 47/63/84 161/56/57 48/64/85
f 48/64/85 161/56/57 49/63/88
f 49/63/88 161/56/57 50/62/89
f 50/62/89 161/56/57 51/61/90
f 51/61/90 161/56/57 52/60/93
f 52/60/93 161/56/57 53/59/95
f 53/59/95 161/56/57 54/58/97
f 54/58/97 161/56/57 55/57/98
f 55/57/98 161/56/57 56/56/99
f 56/56/99 161/56/57 57/55/102
f 57/55/102 161/56/57 58/54/103
f 58/54/103 161/56/57 59/53/104
f 59/53/104 161/56/57 60/52/107
f 60/52/107 161/56/57 61/51/109
f 61/51/109 161/56/57 62/50/111
f 62/50/111 161/56/57 63/49/112
f 63/49/112 161/56/57 32/48/59
f 32/48/59 161/56/57 33/49/60
s 3
f 165/65/114 164/66/115 163/67/116
f 164/66/115 166/68/117 162/69/118
f 163/67/116 170/70/119 169/71/120
f 170/70/119 162/69/118 168/72/121
f 169/71/120 173/73/122 172/74/123
f 170/70/119 171/75/124 173/73/122
f 172/74/123 176/76/125 175/77/126
f 173/73/122 174/78/127 176/76/125
f 178/79/128 176/76/125 179/80/129
f 179/80/129 174/78/127 177/81/130
f 181/82/131 179/80/129 182/83/132
f 182/83/132 177/81/130 180/84/133
f 181/82/131 185/85/134 184/86/135
f 182/83/132 183/87/136 185/85/134
f 184/86/135 188/88/137 187/89/138
f 185/85/134 186/90/139 188/88/137
f 187/89/138 191/91/140 190/92/141
f 191/91/140 186/90/139 189/93/142
f 190/92/141 194/94/143 193/95/144
f 194/94/143 189/93/142 192/96/145
f 193/95/144 197/97/146 196/98/147
f 194/94/143 195/99/148 197/97/146
f 196/98/147 200/100/149 199/101/150
f 197/97/146 198/102/151 200/100/149
f 202/103/152 200/100/149 203/104/153
f 203/104/153 198/102/151 201/105/154
f 205/106/155 203/104/153 206/107/156
f 206/107/156 201/105/154 204/108/157
f 205/106/155 209/109/158 208/110/159
f 206/107/156 207/111/160 209/109/158
f 208/110/159 212/112/161 211/113/162
f 209/109/158 210/114/163 212/112/161
f 211/113/162 215/109/164 214/110/165
f 215/109/164 210/114/163 213/111/166
f 214/110/165 218/107/167 217/106/168
f 218/107/167 213/111/166 216/108/169
f 217/106/168 221/104/170 220/103/171
f 218/107/167 219/105/172 221/104/170
f 220/103/171 224/100/173 223/101/174
f 221/104/170 222/102/175 224/100/173
f 226/98/176 224/100/173 227/97/177
f 227/97/177 222/102/175 225/99/178
f 229/95/179 227/97/177 230/94/180
f 230/94/180 225/99/178 228/96/181
f 229/95/179 233/91/182 232/92/183
f 230/94/180 231/93/184 233/91/182
f 232/92/183 236/88/185 235/89/186
f 233/91/182 234/90/187 236/88/185
f 235/89/186 239/85/188 238/86/189
f 239/85/188 234/90/187 237/87/190
f 238/86/189 242/83/191 241/82/192
f 242/83/191 237/87/190 240/84/193
f 241/82/192 245/80/194 244/79/195
f 242/83/191 243/81/196 245/80/194
f 244/79/195 248/76/197 247/77/198
f 245/80/194 246/78/199 248/76/197
f 250/74/200 248/76/197 251/73/201
f 251/73/201 246/78/199 249/75/202
f 253/71/203 251/73/201 254/70/204
f 254/70/204 249/75/202 252/72/205
f 253/71/203 257/66/206 256/67/207
f 254/70/204 255/69/208 257/66/206
f 256/67/207 167/115/209 165/65/114
f 257/66/206 166/68/117 167/115/209
s 4
f 323/116/210 416/117/211 324/118/212
s 3
f 67/4/57 162/69/118 65/1/57
s 4
f 1/119/213 356/120/214 64/121/215
s 3
f 162/69/118 66/122/57 65/1/57
s 4
f 27/123/216 382/124/217 26/125/218
s 3
f 66/122/57 255/69/208 96/1/57
s 4
f 351/126/219 411/127/220 350/128/221
s 3
f 171/75/124 67/4/57 68/6/57
s 4
f 324/118/212 417/129/222 325/130/223
s 3
f 69/8/57 171/75/124 68/6/57
s 4
f 64/121/215 355/131/224 30/132/225
s 3
f 177/81/130 69/8/57 70/10/57
s 4
f 25/133/226 382/124/217 381/134/227
s 3
f 180/84/133 70/10/57 71/31/57
s 4
f 352/135/228 412/136/229 351/126/219
s 3
f 183/87/136 71/31/57 72/13/57
s 4
f 325/130/223 418/117/230 326/118/231
s 3
f 73/90/57 183/87/136 72/13/57
s 4
f 25/133/226 380/137/232 24/138/233
s 3
f 189/93/142 73/90/57 74/16/57
s 4
f 352/135/228 414/139/234 413/140/235
s 3
f 75/18/57 189/93/142 74/16/57
s 4
f 327/141/236 387/142/237 323/116/210
s 3
f 195/99/148 75/18/57 76/20/57
s 4
f 24/138/233 379/143/238 23/144/239
s 3
f 77/22/57 195/99/148 76/20/57
s 4
f 353/141/240 415/142/241 414/139/234
s 3
f 201/105/154 77/22/57 78/24/57
s 4
f 328/135/242 388/139/243 327/141/236
s 3
f 204/108/157 78/24/57 79/30/57
s 4
f 23/144/239 378/145/244 22/146/245
s 3
f 207/111/160 79/30/57 80/27/57
s 4
f 354/116/246 418/117/230 415/142/241
s 3
f 81/147/57 207/111/160 80/27/57
s 4
f 328/135/242 390/136/247 389/140/248
s 3
f 213/111/166 81/147/57 82/27/57
s 4
f 21/148/249 378/145/244 377/149/250
s 3
f 83/30/57 213/111/166 82/27/57
s 4
f 329/126/251 391/127/252 390/136/247
s 3
f 219/105/172 83/30/57 84/24/57
s 4
f 20/150/253 377/149/250 376/151/254
s 3
f 85/22/57 219/105/172 84/24/57
s 4
f 330/128/255 392/152/256 391/127/252
s 3
f 225/99/178 85/22/57 86/20/57
s 4
f 20/150/253 375/153/257 19/154/258
s 3
f 228/96/181 86/20/57 87/18/57
s 4
f 332/155/259 392/152/256 331/156/260
s 3
f 231/93/184 87/18/57 88/16/57
s 4
f 19/154/258 374/157/261 18/158/262
s 3
f 89/90/57 231/93/184 88/16/57
s 4
f 333/159/263 393/160/264 332/155/259
s 3
f 237/87/190 89/90/57 90/13/57
s 4
f 17/161/265 374/157/261 373/162/266
s 3
f 91/31/57 237/87/190 90/13/57
s 4
f 334/163/267 394/164/268 333/159/263
s 3
f 243/81/196 91/31/57 92/10/57
s 4
f 17/161/265 372/165/269 16/166/270
s 3
f 93/8/57 243/81/196 92/10/57
s 4
f 335/167/271 395/168/272 334/163/267
s 3
f 249/75/202 93/8/57 94/6/57
s 4
f 16/166/270 371/169/273 15/170/274
s 3
f 252/72/205 94/6/57 95/4/57
s 4
f 336/171/275 396/172/276 335/167/271
s 3
f 255/69/208 95/4/57 96/1/57
s 4
f 21/148/249 277/173/277 278/174/278
f 8/146/279 264/175/280 265/176/281
f 22/146/245 278/174/278 279/176/282
f 8/146/279 266/174/283 9/148/284
f 22/146/245 280/175/285 23/144/239
f 9/148/284 267/173/286 10/150/287
f 24/138/233 280/175/285 281/177/288
f 10/150/287 268/178/289 11/154/290
f 24/138/233 282/179/291 25/133/226
f 12/158/292 268/178/289 269/180/293
f 25/133/226 283/181/294 26/125/218
f 13/161/295 269/180/293 270/182/296
f 64/121/215 287/183/297 289/184/298
f 26/125/218 284/185/299 27/123/216
f 14/166/300 270/182/296 271/186/301
f 64/121/215 258/187/302 1/119/213
f 28/188/303 284/185/299 285/189/304
f 14/166/300 272/190/305 15/170/274
f 1/119/213 259/189/306 2/188/307
f 29/119/308 285/189/304 286/187/309
f 16/166/270 272/190/305 273/186/310
f 2/188/307 260/185/311 3/123/312
f 31/121/313 286/187/309 288/184/314
f 16/166/270 274/182/315 17/161/265
f 4/125/316 260/185/311 261/181/317
f 31/121/313 287/183/297 30/132/225
f 17/161/265 275/180/318 18/158/262
f 5/133/319 261/181/317 262/179/320
f 18/158/262 276/178/321 19/154/258
f 6/138/322 262/179/320 263/177/323
f 20/150/253 276/178/321 277/173/277
f 6/138/322 264/175/280 7/144/324
s 5
f 274/182/325 307/191/326 275/180/326
f 262/179/327 293/192/328 294/193/327
f 275/180/326 308/194/329 276/178/329
f 262/179/327 295/195/330 263/177/330
f 276/178/329 309/196/331 277/173/331
f 263/177/330 296/197/332 264/175/332
f 278/174/333 309/196/331 310/198/333
f 264/175/332 297/199/334 265/176/334
f 278/174/333 311/199/335 279/176/335
f 265/176/334 298/198/336 266/174/336
f 279/176/335 312/197/337 280/175/337
f 266/174/336 299/196/338 267/173/338
f 280/175/337 313/195/339 281/177/339
f 267/173/338 300/194/340 268/178/340
f 281/177/339 314/193/341 282/179/341
f 268/178/340 301/191/342 269/180/342
f 282/179/341 315/192/343 283/181/343
f 270/182/344 301/191/342 302/200/344
f 287/183/345 321/201/346 289/184/346
f 283/181/343 316/202/347 284/185/347
f 270/182/344 303/203/348 271/186/348
f 289/184/346 290/204/349 258/187/349
f 284/185/347 317/205/350 285/189/350
f 271/186/348 304/206/351 272/190/351
f 258/187/349 291/205/352 259/189/352
f 286/187/353 317/205/350 318/204/353
f 272/190/351 305/203/354 273/186/354
f 259/189/352 292/202/355 260/185/355
f 286/187/353 320/201/356 288/184/356
f 273/186/354 306/200/325 274/182/325
f 260/185/355 293/192/328 261/181/328
f 288/184/356 319/207/345 287/183/345
s 6
f 319/207/357 320/201/357 322/197/357
f 320/201/357 318/204/357 322/197/357
f 318/204/357 317/205/357 322/197/357
f 317/205/357 316/202/357 322/197/357
f 316/202/357 315/192/357 322/197/357
f 315/192/357 314/193/357 322/197/357
f 314/193/357 313/195/357 322/197/357
f 313/195/357 312/197/357 322/197/357
f 312/197/357 311/199/357 322/197/357
f 311/199/357 310/198/357 322/197/357
f 310/198/357 309/196/357 322/197/357
f 309/196/357 308/194/357 322/197/357
f 308/194/357 307/191/357 322/197/357
f 307/191/357 306/200/357 322/197/357
f 306/200/357 305/203/357 322/197/357
f 305/203/357 304/206/357 322/197/357
f 304/206/357 303/203/357 322/197/357
f 303/203/357 302/200/357 322/197/357
f 302/200/357 301/191/357 322/197/357
f 301/191/357 300/194/357 322/197/357
f 300/194/357 299/196/357 322/197/357
f 299/196/357 298/198/357 322/197/357
f 298/198/357 297/199/357 322/197/357
f 297/199/357 296/197/357 322/197/357
f 296/197/357 295/195/357 322/197/357
f 295/195/357 294/193/357 322/197/357
f 294/193/357 293/192/357 322/197/357
f 293/192/357 292/202/357 322/197/357
f 292/202/357 291/205/357 322/197/357
f 291/205/357 290/204/357 322/197/357
f 290/204/357 321/201/357 322/197/357
f 321/201/357 319/207/357 322/197/357
s 3
f 326/118/358 253/71/203 256/67/207
f 354/116/359 250/74/200 253/71/203
f 353/141/360 247/77/198 250/74/200
f 352/135/361 244/79/195 247/77/198
f 244/79/195 350/128/362 241/82/192
f 350/128/362 238/86/189 241/82/192
f 349/156/363 235/89/186 238/86/189
f 348/155/364 232/92/183 235/89/186
f 347/159/365 229/95/179 232/92/183
f 346/163/366 226/98/176 229/95/179
f 345/167/367 223/101/174 226/98/176
f 344/171/368 220/103/171 223/101/174
f 220/103/171 342/208/369 217/106/168
f 342/208/369 214/110/165 217/106/168
f 341/209/370 211/113/162 214/110/165
f 340/210/371 208/110/159 211/113/162
f 339/209/372 205/106/155 208/110/159
f 338/208/373 202/103/152 205/106/155
f 337/211/374 199/101/150 202/103/152
f 336/171/375 196/98/147 199/101/150
f 196/98/147 334/163/376 193/95/144
f 334/163/376 190/92/141 193/95/144
f 333/159/377 187/89/138 190/92/141
f 332/155/378 184/86/135 187/89/138
f 331/156/379 181/82/131 184/86/135
f 330/128/380 178/79/128 181/82/131
f 329/126/381 175/77/126 178/79/128
f 328/135/382 172/74/123 175/77/126
f 172/74/123 323/116/383 169/71/120
f 325/130/384 256/67/207 165/65/114
f 324/118/385 165/65/114 163/67/116
f 323/116/383 163/67/116 169/71/120
s 4
f 385/212/386 416/117/211 387/142/237
f 386/120/387 417/129/222 416/117/211
f 417/129/222 356/120/214 418/117/230
f 388/139/243 385/212/386 387/142/237
f 383/213/388 388/139/243 389/140/248
f 382/124/217 389/140/248 390/136/247
f 381/134/227 390/136/247 391/127/252
f 380/137/232 391/127/252 392/152/256
f 393/160/264 380/137/232 392/152/256
f 378/145/244 393/160/264 394/164/268
f 377/149/250 394/164/268 395/168/272
f 396/172/276 377/149/250 395/168/272
f 375/153/257 396/172/276 397/214/389
f 374/157/261 397/214/389 398/215/390
f 373/162/266 398/215/390 399/216/391
f 372/165/269 399/216/391 400/217/392
f 401/218/393 372/165/269 400/217/392
f 370/165/394 401/218/393 402/217/395
f 369/162/396 402/217/395 403/216/397
f 404/215/398 369/162/396 403/216/397
f 367/153/399 404/215/398 405/214/400
f 366/151/401 405/214/400 406/172/402
f 365/149/403 406/172/402 407/168/404
f 364/145/405 407/168/404 408/164/406
f 409/160/407 364/145/405 408/164/406
f 362/137/408 409/160/407 410/152/409
f 361/134/410 410/152/409 411/127/220
f 412/136/229 361/134/410 411/127/220
f 359/213/411 412/136/229 413/140/235
f 358/219/412 413/140/235 414/139/234
f 357/212/413 414/139/234 415/142/241
f 356/120/214 415/142/241 418/117/230
f 350/128/221 410/152/409 349/156/414
f 28/188/303 383/213/388 27/123/216
f 1/119/213 358/219/412 357/212/413
f 349/156/414 409/160/407 348/155/415
f 28/188/303 385/212/386 384/219/416
f 3/123/312 358/219/412 2/188/307
f 348/155/415 408/164/406 347/159/417
f 29/119/308 386/120/387 385/212/386
f 4/125/316 359/213/411 3/123/312
f 346/163/418 408/164/406 407/168/404
f 30/132/225 386/120/387 31/121/313
f 4/125/316 361/134/410 360/124/419
f 345/167/420 407/168/404 406/172/402
f 5/133/319 362/137/408 361/134/410
f 344/171/421 406/172/402 405/214/400
f 7/144/324 362/137/408 6/138/322
f 344/171/421 404/215/398 343/211/422
f 8/146/279 363/143/423 7/144/324
f 343/211/422 403/216/397 342/208/424
f 9/148/284 364/145/405 8/146/279
f 342/208/424 402/217/395 341/209/425
f 9/148/284 366/151/401 365/149/403
f 341/209/425 401/218/393 340/210/426
f 11/154/290 366/151/401 10/150/287
f 340/210/426 400/217/392 339/209/427
f 12/158/292 367/153/399 11/154/290
f 338/208/428 400/217/392 399/216/391
f 12/158/292 369/162/396 368/157/429
f 337/211/430 399/216/391 398/215/390
f 13/161/295 370/165/394 369/162/396
f 336/171/275 398/215/390 397/214/389
f 15/170/274 370/165/394 14/166/300
s 7
f 646/220/431 713/221/432 649/222/432
f 685/223/433 722/224/434 686/225/434
f 662/226/435 457/227/436 664/228/436
f 679/229/437 724/227/438 680/228/438
s 8
f 675/230/439 463/231/440 672/232/441
f 478/221/442 719/233/443 718/234/444
f 724/227/445 467/235/446 725/236/447
f 730/237/448 455/238/449 731/239/450
f 738/240/451 737/241/452 736/242/453
f 732/243/454 452/244/455 453/224/456
f 726/245/457 464/246/458 465/247/459
f 477/248/460 721/249/461 476/250/462
f 713/221/463 715/233/464 712/251/465
f 457/227/466 459/235/467 458/252/468
s 9
f 549/253/469 643/254/470 582/255/471
f 551/256/472 639/257/473 641/258/474
f 637/259/475 554/260/476 635/261/477
f 555/262/478 631/263/479 633/264/480
f 557/265/481 627/266/482 629/267/483
f 559/268/484 623/269/485 625/270/486
f 621/271/487 562/272/488 619/273/489
f 563/274/490 615/275/491 617/276/492
f 565/277/493 611/275/494 613/278/495
f 567/274/496 607/273/497 609/276/498
f 605/271/499 570/279/500 603/269/501
f 571/268/502 599/266/503 601/270/504
f 573/265/505 595/263/506 597/267/507
f 575/262/508 591/261/509 593/264/510
f 589/259/511 578/280/512 587/257/513
f 579/256/514 581/254/515 585/258/516
s 7
f 705/281/517 717/282/518 707/283/518
s 8
f 659/284/519 733/285/520 657/286/521
f 647/287/522 712/251/465 715/233/464
f 693/288/523 475/289/524 690/290/525
f 690/290/525 472/285/526 689/286/527
f 663/291/528 456/236/529 731/239/450
f 654/290/530 711/249/531 653/288/532
f 678/292/533 725/236/447 467/235/446
s 7
f 652/293/534 709/294/535 655/295/535
f 668/296/536 461/245/537 670/297/537
s 8
f 722/224/538 471/238/539 723/244/540
f 462/298/541 727/299/542 726/245/457
f 713/221/463 735/250/543 734/248/544
f 714/234/545 737/241/452 715/233/464
f 461/245/546 729/246/547 460/299/548
f 724/227/445 468/239/549 469/237/550
f 717/282/551 483/300/552 716/301/553
f 709/294/554 711/249/531 708/289/555
s 9
f 548/302/556 582/255/471 581/254/515
f 550/302/557 641/258/474 643/254/470
f 552/280/558 637/259/475 639/257/473
f 554/260/476 633/264/480 635/261/477
f 556/303/559 629/267/483 631/263/479
f 558/304/560 625/270/486 627/266/482
f 560/279/561 621/271/487 623/269/485
f 562/272/488 617/276/492 619/273/489
f 564/305/562 613/278/495 615/275/491
f 566/305/563 609/276/498 611/275/494
f 568/272/564 605/271/499 607/273/497
f 570/279/500 601/270/504 603/269/501
f 572/304/565 597/267/507 599/266/503
f 574/303/566 593/264/510 595/263/506
f 576/260/567 589/259/511 591/261/509
f 578/280/512 585/258/516 587/257/513
f 484/306/568 546/307/569 547/308/570
f 581/254/515 584/309/571 585/258/516
f 545/310/572 542/311/573 543/312/574
f 587/257/513 588/313/575 589/259/511
f 541/314/576 538/315/577 539/316/578
f 591/261/509 592/317/579 593/264/510
f 537/318/580 534/319/581 535/320/582
f 595/263/506 596/321/583 597/267/507
f 533/322/584 530/323/585 531/324/586
f 599/266/503 600/325/587 601/270/504
f 529/326/588 526/327/589 527/328/590
f 603/269/501 604/329/591 605/271/499
f 525/330/592 522/331/593 523/332/594
f 607/273/497 608/333/595 609/276/498
f 521/334/596 518/335/597 519/336/598
f 611/275/494 612/337/599 613/278/495
f 517/338/600 514/339/601 515/340/602
f 615/275/491 616/333/603 617/276/492
f 513/341/604 510/342/605 511/343/606
f 619/273/489 620/329/607 621/271/487
f 509/344/608 506/345/609 507/346/610
f 623/269/485 624/325/611 625/270/486
f 505/347/612 502/348/613 503/349/614
f 627/266/482 628/321/615 629/267/483
f 501/350/616 498/351/617 499/352/618
f 631/263/479 632/317/619 633/264/480
f 497/353/620 494/354/621 495/355/622
f 635/261/477 636/313/623 637/259/475
f 493/356/624 490/357/625 491/358/626
f 639/257/473 640/309/627 641/258/474
f 489/359/628 486/360/629 487/361/630
f 643/254/470 583/362/631 582/255/471
s 10
f 451/363/632 857/364/633 867/365/634
s 8
f 653/288/532 735/250/543 651/366/635
s 10
f 420/367/636 855/365/637 857/364/633
s 8
f 706/368/638 483/300/552 704/369/639
s 10
f 421/363/640 845/370/641 855/365/637
s 8
f 684/371/642 468/239/549 683/291/643
s 10
f 422/372/644 858/373/645 845/370/641
s 8
f 699/287/646 479/251/647 696/374/648
s 10
f 423/375/649 854/376/650 858/373/645
s 7
f 685/223/433 469/237/651 470/377/433
s 10
f 424/378/652 844/379/653 854/376/650
s 7
f 692/293/654 474/294/655 720/380/654
s 10
f 425/381/656 859/382/657 844/379/653
s 7
f 691/295/655 473/243/658 474/294/655
s 10
f 426/383/659 853/384/660 859/382/657
s 8
f 695/366/661 479/251/647 476/250/462
s 10
f 427/385/662 843/386/663 853/384/660
s 8
f 474/294/664 721/249/461 720/380/665
s 10
f 428/387/666 860/388/667 843/386/663
s 8
f 732/243/454 708/289/555 733/285/520
s 10
f 429/389/668 852/390/669 860/388/667
s 8
f 457/227/466 731/239/450 456/236/529
s 10
f 430/391/670 842/392/671 852/390/669
s 8
f 718/234/444 480/241/672 481/242/673
s 10
f 431/393/674 861/394/675 842/392/671
s 8
f 462/298/541 460/299/548 463/231/440
s 10
f 432/395/676 851/396/677 861/394/675
s 8
f 469/237/550 471/238/539 470/377/678
s 10
f 433/397/679 841/398/680 851/396/677
s 8
f 473/243/681 475/289/524 474/294/664
s 10
f 434/399/682 862/400/683 841/398/680
s 8
f 478/221/442 476/250/462 479/251/647
s 10
f 435/401/684 850/402/685 862/400/683
s 8
f 482/240/686 480/241/672 483/300/552
s 10
f 436/403/687 840/400/688 850/402/685
s 7
f 676/296/689 466/252/437 679/229/437
s 10
f 437/401/690 863/398/691 840/400/688
s 7
f 700/404/692 718/234/693 481/242/692
s 10
f 438/399/694 849/396/695 863/398/691
s 8
f 703/369/696 716/301/553 706/368/638
s 10
f 439/397/697 839/394/698 849/396/695
s 7
f 702/281/699 717/282/518 738/240/699
s 10
f 440/395/700 864/392/701 839/394/698
s 7
f 652/293/534 734/248/702 710/380/534
s 10
f 441/393/703 848/390/704 864/392/701
s 7
f 698/220/693 478/221/705 718/234/693
s 10
f 442/391/706 838/388/707 848/390/704
s 7
f 658/225/708 732/243/709 453/224/708
s 10
f 443/389/710 865/386/711 838/388/707
s 8
f 687/284/712 471/238/539 684/371/642
s 10
f 444/387/713 847/384/714 865/386/711
s 8
f 671/230/715 729/246/547 669/405/716
s 10
f 445/385/717 837/382/718 847/384/714
s 8
f 717/282/551 739/300/719 738/240/451
s 10
f 446/383/720 866/379/721 837/382/718
s 8
f 458/252/468 729/246/547 728/247/722
s 10
f 447/381/723 856/376/724 866/379/721
s 8
f 734/248/544 711/249/531 710/380/725
s 10
f 448/378/726 846/373/727 856/376/724
s 8
f 473/243/681 723/244/540 472/285/526
s 10
f 449/375/728 836/370/729 846/373/727
s 8
f 453/224/456 455/238/449 454/377/730
s 10
f 450/372/731 867/365/634 836/370/729
s 8
f 466/252/732 464/246/458 467/235/446
s 9
f 547/308/570 580/406/733 581/254/515
f 547/308/570 582/255/471 484/306/568
f 484/306/568 583/362/631 485/407/734
f 546/307/569 583/362/631 580/406/733
f 545/310/572 584/309/571 544/408/735
f 543/312/574 586/409/736 587/257/513
f 545/310/572 587/257/513 585/258/516
f 544/408/735 586/409/736 542/311/573
f 541/314/576 588/313/575 540/410/737
f 539/316/578 590/411/738 591/261/509
f 539/316/578 589/259/511 541/314/576
f 540/410/737 590/411/738 538/315/577
f 537/318/580 592/317/579 536/412/739
f 535/320/582 594/413/740 595/263/506
f 535/320/582 593/264/510 537/318/580
f 534/319/581 592/317/579 594/413/740
f 533/322/584 596/321/583 532/414/741
f 531/324/586 598/415/742 599/266/503
f 531/324/586 597/267/507 533/322/584
f 530/323/585 596/321/583 598/415/742
f 529/326/588 600/325/587 528/416/743
f 527/328/590 602/417/744 603/269/501
f 529/326/588 603/269/501 601/270/504
f 528/416/743 602/417/744 526/327/589
f 525/330/592 604/329/591 524/418/745
f 523/332/594 606/419/746 607/273/497
f 523/332/594 605/271/499 525/330/592
f 524/418/745 606/419/746 522/331/593
f 521/334/596 608/333/595 520/420/747
f 519/336/598 610/421/748 611/275/494
f 519/336/598 609/276/498 521/334/596
f 518/335/597 608/333/595 610/421/748
f 517/338/600 612/337/599 516/422/749
f 515/340/602 614/421/750 615/275/491
f 515/340/602 613/278/495 517/338/600
f 514/339/601 612/337/599 614/421/750
f 513/341/604 616/333/603 512/423/751
f 511/343/606 618/419/752 619/273/489
f 513/341/604 619/273/489 617/276/492
f 512/423/751 618/419/752 510/342/605
f 509/344/608 620/329/607 508/424/753
f 507/346/610 622/417/754 623/269/485
f 507/346/610 621/271/487 509/344/608
f 508/424/753 622/417/754 506/345/609
f 505/347/612 624/325/611 504/425/755
f 503/349/614 626/415/756 627/266/482
f 503/349/614 625/270/486 505/347/612
f 502/348/613 624/325/611 626/415/756
f 501/350/616 628/321/615 500/426/757
f 499/352/618 630/413/758 631/263/479
f 499/352/618 629/267/483 501/350/616
f 498/351/617 628/321/615 630/413/758
f 497/353/620 632/317/619 496/427/759
f 495/355/622 634/411/760 635/261/477
f 497/353/620 635/261/477 633/264/480
f 496/427/759 634/411/760 494/354/621
f 493/356/624 636/313/623 492/428/761
f 491/358/626 638/409/762 639/257/473
f 491/358/626 637/259/475 493/356/624
f 492/428/761 638/409/762 490/357/625
f 489/359/628 640/309/627 488/429/763
f 487/361/630 642/406/764 643/254/470
f 487/361/630 641/258/474 489/359/628
f 486/360/629 640/309/627 642/406/764
s 7
f 674/297/765 462/298/766 726/245/765
f 694/430/767 478/221/705 697/222/705
s 8
f 660/371/768 452/244/455 659/284/519
f 677/405/769 727/299/542 675/230/439
f 669/405/716 459/235/467 666/292/770
s 7
f 668/296/536 458/252/771 728/247/536
s 8
f 704/369/639 480/241/672 701/431/772
s 7
f 661/223/773 453/224/708 454/377/773
f 676/296/689 726/245/765 465/247/689
s 8
f 660/371/768 731/239/450 455/238/449
f 683/291/643 725/236/447 681/432/774
s 7
f 661/223/773 730/237/435 662/226/435
f 700/404/692 482/240/517 705/281/517
s 8
f 666/292/770 456/236/529 665/432/775
f 657/286/521 708/289/555 654/290/530
s 7
f 682/226/651 724/227/438 469/237/651
f 655/295/535 732/243/709 656/433/709
f 667/229/771 457/227/436 458/252/771
s 8
f 689/286/527 723/244/540 687/284/712
f 651/366/635 712/251/465 648/374/776
s 7
f 650/430/702 713/221/432 734/248/702
s 8
f 672/232/441 460/299/548 671/230/715
s 7
f 686/225/434 473/243/658 688/433/658
s 8
f 645/431/777 739/300/719 703/369/696
f 693/288/523 476/250/462 721/249/461
s 7
f 670/297/537 462/298/766 673/434/766
f 644/404/778 738/240/699 736/242/778
f 692/293/654 477/248/767 694/430/767
s 8
f 645/431/777 715/233/464 737/241/452
f 677/405/769 467/235/446 464/246/458
f 701/431/772 719/233/443 699/287/646
s 7
f 644/404/778 714/234/431 646/220/431
s 9
f 644/404/514 580/406/733 702/281/556
f 586/409/736 644/404/514 646/220/512
s 11
f 645/431/779 741/435/780 740/436/779
f 647/287/781 740/436/779 742/437/781
s 9
f 588/313/575 646/220/512 649/222/782
s 11
f 743/438/783 647/287/781 742/437/781
s 9
f 650/430/567 588/313/575 649/222/782
s 11
f 651/366/784 743/438/783 744/439/784
s 9
f 592/317/579 650/430/567 652/293/508
s 11
f 653/288/785 744/439/784 745/440/785
s 9
f 594/413/740 652/293/508 655/295/566
s 11
f 654/290/786 745/440/785 746/441/786
s 9
f 596/321/583 655/295/566 656/433/505
s 11
f 747/442/787 654/290/786 746/441/786
s 9
f 598/415/742 656/433/505 658/225/565
s 11
f 748/443/788 657/286/787 747/442/787
s 9
f 661/223/502 598/415/742 658/225/565
s 11
f 660/371/789 748/443/788 749/444/789
s 9
f 602/417/744 661/223/502 662/226/500
s 11
f 663/291/790 749/444/789 750/445/790
s 9
f 604/329/591 662/226/500 664/228/791
s 11
f 751/446/792 663/291/790 750/445/790
s 9
f 667/229/564 604/329/591 664/228/791
s 11
f 666/292/793 751/446/792 752/447/793
s 9
f 608/333/595 667/229/564 668/296/496
s 11
f 669/405/794 752/447/793 753/448/794
s 9
f 610/421/748 668/296/496 670/297/563
s 11
f 671/230/795 753/448/794 754/449/795
s 9
f 612/337/599 670/297/563 673/434/493
s 11
f 755/450/796 671/230/795 754/449/795
s 9
f 614/421/750 673/434/493 674/297/562
s 11
f 756/449/797 672/232/796 755/450/796
s 9
f 676/296/490 614/421/750 674/297/562
s 11
f 677/405/798 756/449/797 757/448/798
s 9
f 618/419/752 676/296/490 679/229/488
s 11
f 678/292/799 757/448/798 758/447/799
s 9
f 620/329/607 679/229/488 680/228/800
s 11
f 759/446/801 678/292/799 758/447/799
s 9
f 682/226/561 620/329/607 680/228/800
s 11
f 683/291/802 759/446/801 760/445/802
s 9
f 624/325/611 682/226/561 685/223/484
s 11
f 684/371/803 760/445/802 761/444/803
s 9
f 626/415/756 685/223/484 686/225/560
s 11
f 687/284/804 761/444/803 762/443/804
s 9
f 628/321/615 686/225/560 688/433/481
s 11
f 763/442/805 687/284/804 762/443/804
s 9
f 630/413/758 688/433/481 691/295/559
s 11
f 764/441/806 689/286/805 763/442/805
s 9
f 692/293/478 630/413/758 691/295/559
s 11
f 693/288/807 764/441/806 765/440/807
s 9
f 634/411/760 692/293/478 694/430/476
s 11
f 695/366/808 765/440/807 766/439/808
s 9
f 636/313/623 694/430/476 697/222/809
s 11
f 767/438/810 695/366/808 766/439/808
s 9
f 698/220/558 636/313/623 697/222/809
s 11
f 699/287/811 767/438/810 768/437/811
s 9
f 640/309/627 698/220/558 700/404/472
s 11
f 701/431/812 768/437/811 769/436/812
s 9
f 642/406/764 700/404/472 705/281/557
s 11
f 704/369/813 769/436/812 770/435/813
f 741/435/780 706/368/814 771/451/814
s 9
f 580/406/733 707/283/469 702/281/556
f 583/362/631 705/281/557 707/283/469
s 11
f 771/451/814 704/369/813 770/435/813
s 12
f 750/445/57 814/452/57 815/453/57
s 13
f 419/454/357 795/455/357 796/454/357
s 12
f 751/446/57 815/453/57 816/456/57
s 13
f 419/454/357 786/457/357 787/458/357
s 12
f 751/446/57 817/459/57 752/447/57
s 13
f 419/454/357 777/460/357 778/461/357
s 12
f 752/447/57 818/462/57 753/448/57
s 13
f 419/454/357 803/463/357 772/464/357
s 12
f 754/449/57 818/462/57 819/465/57
s 13
f 419/454/357 794/466/357 795/455/357
f 419/454/357 785/467/357 786/457/357
s 12
f 754/449/57 820/468/57 755/450/57
s 13
f 419/454/357 776/469/357 777/460/357
s 12
f 755/450/57 821/465/57 756/449/57
s 13
f 419/454/357 802/470/357 803/463/357
s 12
f 756/449/57 822/462/57 757/448/57
s 13
f 419/454/357 793/471/357 794/466/357
f 419/454/357 784/472/357 785/467/357
s 12
f 758/447/57 822/462/57 823/459/57
s 13
f 419/454/357 775/473/357 776/469/357
s 12
f 759/446/57 823/459/57 824/456/57
s 13
f 419/454/357 801/473/357 802/470/357
f 419/454/357 792/472/357 793/471/357
s 12
f 759/446/57 825/453/57 760/445/57
s 13
f 419/454/357 783/471/357 784/472/357
s 12
f 760/445/57 826/452/57 761/444/57
s 13
f 419/454/357 774/470/357 775/473/357
s 12
f 762/443/57 826/452/57 827/474/57
s 13
f 419/454/357 800/469/357 801/473/357
s 12
f 762/443/57 828/442/57 763/442/57
s 13
f 419/454/357 791/467/357 792/472/357
f 419/454/357 782/466/357 783/471/357
s 14
f 805/475/815 773/463/816 772/464/815
f 804/476/817 772/464/815 803/463/817
f 835/476/816 774/470/818 773/463/816
f 834/477/818 775/473/819 774/470/818
f 833/478/819 776/469/820 775/473/819
f 776/469/820 831/479/821 777/460/821
f 831/479/821 778/461/822 777/460/821
f 830/480/822 779/481/823 778/461/822
f 829/482/823 780/454/824 779/481/823
f 828/442/824 781/455/825 780/454/824
f 827/474/825 782/466/826 781/455/825
f 826/452/826 783/471/827 782/466/826
f 825/453/827 784/472/828 783/471/827
f 784/472/828 823/459/829 785/467/829
f 823/459/829 786/457/830 785/467/829
f 822/462/830 787/458/831 786/457/830
f 821/465/831 788/483/832 787/458/831
f 820/468/832 789/458/833 788/483/832
f 819/465/833 790/457/834 789/458/833
f 818/462/834 791/467/835 790/457/834
f 817/459/835 792/472/836 791/467/835
f 792/472/836 815/453/837 793/471/837
f 815/453/837 794/466/838 793/471/837
f 814/452/838 795/455/839 794/466/838
f 813/474/839 796/454/840 795/455/839
f 812/442/840 797/481/841 796/454/840
f 811/482/841 798/461/842 797/481/841
f 810/480/842 799/460/843 798/461/842
f 809/479/843 800/469/844 799/460/843
f 800/469/844 807/478/845 801/473/845
f 807/478/845 802/470/846 801/473/845
f 806/477/846 803/463/817 802/470/846
s 13
f 419/454/357 778/461/357 779/481/357
s 12
f 748/443/57 814/452/57 749/444/57
s 13
f 419/454/357 787/458/357 788/483/357
s 12
f 747/442/57 813/474/57 748/443/57
s 13
f 419/454/357 796/454/357 797/481/357
s 12
f 746/441/57 812/442/57 747/442/57
s 13
f 419/454/357 779/481/357 780/454/357
s 12
f 746/441/57 810/480/57 811/482/57
s 13
f 419/454/357 788/483/357 789/458/357
s 12
f 770/435/57 805/475/57 771/451/57
f 744/439/57 810/480/57 745/440/57
s 13
f 419/454/357 797/481/357 798/461/357
s 12
f 771/451/57 804/476/57 741/435/57
f 743/438/57 809/479/57 744/439/57
f 770/435/57 834/477/57 835/476/57
s 13
f 419/454/357 780/454/357 781/455/357
s 12
f 743/438/57 807/478/57 808/484/57
s 13
f 419/454/357 789/458/357 790/457/357
s 12
f 768/437/57 834/477/57 769/436/57
s 13
f 419/454/357 772/464/357 773/463/357
s 12
f 742/437/57 806/477/57 807/478/57
s 13
f 419/454/357 798/461/357 799/460/357
s 12
f 767/438/57 833/478/57 768/437/57
f 741/435/57 806/477/57 740/436/57
f 767/438/57 831/479/57 832/484/57
s 13
f 419/454/357 781/455/357 782/466/357
f 419/454/357 790/457/357 791/467/357
s 12
f 766/439/57 830/480/57 831/479/57
s 13
f 419/454/357 799/460/357 800/469/357
s 12
f 764/441/57 830/480/57 765/440/57
s 13
f 419/454/357 773/463/357 774/470/357
s 12
f 763/442/57 829/482/57 764/441/57
s 10
f 836/370/729 548/302/847 579/256/848
f 846/373/727 579/256/848 578/280/849
f 856/376/724 578/280/849 577/485/850
f 866/379/721 577/485/850 576/260/851
f 837/382/718 576/260/851 575/262/852
f 847/384/714 575/262/852 574/303/853
f 865/386/711 574/303/853 573/265/854
f 838/388/707 573/265/854 572/304/855
f 848/390/704 572/304/855 571/268/856
f 864/392/701 571/268/856 570/279/857
f 839/394/698 570/279/857 569/486/858
f 849/396/695 569/486/858 568/272/859
f 863/398/691 568/272/859 567/274/860
f 840/400/688 567/274/860 566/305/861
f 850/402/685 566/305/861 565/277/862
f 862/400/683 565/277/862 564/305/863
f 841/398/680 564/305/863 563/274/864
f 851/396/677 563/274/864 562/272/865
f 861/394/675 562/272/865 561/486/866
f 842/392/671 561/486/866 560/279/867
f 852/390/669 560/279/867 559/268/868
f 860/388/667 559/268/868 558/304/869
f 843/386/663 558/304/869 557/265/870
f 853/384/660 557/265/870 556/303/871
f 859/382/657 556/303/871 555/262/872
f 844/379/653 555/262/872 554/260/873
f 854/376/650 554/260/873 553/485/874
f 858/373/645 553/485/874 552/280/875
f 845/370/641 552/280/875 551/256/876
f 855/365/637 551/256/876 550/302/877
f 857/364/633 550/302/877 549/253/878
f 867/365/634 549/253/878 548/302/847
s 15
f 873/487/879 882/488/880 880/489/879
f 875/490/880 883/491/881 882/488/880
f 874/492/881 881/493/882 883/491/881
f 885/489/883 878/490/884 876/487/883
f 887/488/884 879/492/885 878/490/884
f 886/491/885 877/494/886 879/492/885
f 893/495/887 890/496/881 888/497/887
f 895/498/881 891/499/880 890/496/881
f 894/500/880 889/501/879 891/499/880
f 901/497/888 898/498/885 896/495/888
f 903/496/885 899/500/884 898/498/885
f 902/499/884 897/502/883 899/500/884
f 880/489/879 892/502/879 873/487/879
f 877/494/886 881/493/882 872/494/887
f 876/487/883 900/501/883 885/489/883
f 888/497/887 871/495/57 893/495/887
f 896/495/888 869/497/57 901/497/888
s 16
f 918/503/889 909/504/890 916/505/890
f 919/506/891 911/507/889 918/503/889
f 917/508/892 910/509/891 919/506/891
f 914/507/893 921/505/894 912/504/894
f 915/509/895 923/503/893 914/507/893
f 913/510/896 922/506/895 915/509/895
f 926/511/891 929/512/892 924/513/892
f 927/514/889 931/515/891 926/511/891
f 925/516/890 930/517/889 927/514/889
f 934/515/895 937/513/896 932/512/896
f 935/517/893 939/511/895 934/515/895
f 933/518/894 938/514/893 935/517/893
f 928/518/890 916/505/890 909/504/890
f 917/508/892 913/510/896 908/510/892
f 936/516/894 912/504/894 921/505/894
f 907/512/357 924/513/892 929/512/892
f 905/513/357 932/512/896 937/513/896
s 17
f 868/495/897 905/513/897 869/497/897
s 18
f 870/497/898 907/512/898 871/495/898
s 19
f 880/489/899 918/503/899 916/505/899
s 20
f 873/487/900 911/507/900 875/490/900
s 19
f 883/491/899 918/503/899 882/488/899
s 20
f 874/492/900 911/507/900 910/509/900
s 19
f 881/493/899 919/506/899 883/491/899
s 20
f 872/494/900 910/509/900 908/510/900
f 876/487/900 914/507/900 912/504/900
s 19
f 885/489/899 923/503/899 887/488/899
s 20
f 879/492/900 914/507/900 878/490/900
s 19
f 886/491/899 923/503/899 922/506/899
s 20
f 877/494/900 915/509/900 879/492/900
s 19
f 884/493/899 922/506/899 920/508/899
f 890/496/899 924/513/899 888/497/899
s 20
f 895/498/900 929/512/900 931/515/900
s 19
f 890/496/899 927/514/899 926/511/899
s 20
f 895/498/900 930/517/900 894/500/900
s 19
f 891/499/899 925/516/899 927/514/899
s 20
f 894/500/900 928/518/900 892/502/900
f 898/498/900 932/512/900 896/495/900
s 19
f 903/496/899 937/513/899 939/511/899
s 20
f 898/498/900 935/517/900 934/515/900
s 19
f 903/496/899 938/514/899 902/499/899
s 20
f 899/500/900 933/518/900 935/517/900
s 19
f 902/499/899 936/516/899 900/501/899
s 20
f 892/502/900 909/504/900 873/487/900
s 19
f 889/501/899 916/505/899 925/516/899
s 20
f 872/494/900 913/510/900 877/494/900
s 19
f 884/493/899 917/508/899 881/493/899
f 900/501/899 921/505/899 885/489/899
s 20
f 897/502/900 912/504/900 933/518/900
f 893/495/900 907/512/900 929/512/900
s 19
f 888/497/899 906/513/899 870/497/899
f 901/497/899 905/513/899 937/513/899
s 20
f 896/495/900 904/512/900 868/495/900
s 21
f 952/519/901 947/520/902 954/521/902
f 947/520/902 955/522/903 954/521/902
f 955/522/903 944/523/904 953/524/904
f 948/525/905 959/526/906 950/527/906
f 950/527/906 958/528/907 951/529/907
f 958/528/907 949/530/908 951/529/907
f 960/531/909 967/532/910 962/533/911
f 962/533/911 966/534/912 963/535/913
f 963/535/913 964/536/901 961/537/901
f 973/538/914 970/539/915 968/540/916
f 975/541/917 971/542/918 970/539/915
f 974/543/919 969/544/905 971/542/918
f 952/519/901 964/536/901 945/545/901
f 944/523/904 956/546/908 953/524/904
f 957/547/905 969/544/905 972/548/905
f 965/549/920 942/550/921 943/551/921
f 968/540/916 941/552/922 973/538/914
s 22
f 990/553/923 981/554/924 988/555/924
f 991/556/925 983/557/923 990/553/923
f 991/556/925 980/558/926 982/559/925
f 984/560/927 995/561/928 993/562/927
f 986/563/928 994/564/929 995/561/928
f 985/565/930 994/564/929 987/566/929
f 996/567/931 1003/568/932 1001/569/933
f 998/570/934 1002/571/935 1003/568/932
f 997/572/924 1002/571/935 999/573/936
f 1006/574/937 1009/575/938 1004/576/939
f 1007/577/940 1011/578/941 1006/574/937
f 1005/579/927 1010/580/942 1007/577/940
f 981/554/924 997/572/924 988/555/924
f 989/581/926 985/565/930 980/558/926
f 1008/582/927 984/560/927 993/562/927
f 1001/569/933 978/583/943 996/567/931
f 977/584/944 1004/576/939 1009/575/938
s 23
f 941/552/945 976/585/945 977/584/945
s 24
f 942/550/946 979/586/946 943/551/946
s 25
f 952/519/947 990/553/947 988/555/947
s 26
f 945/545/948 983/557/948 947/520/948
s 25
f 955/522/949 990/553/947 954/521/947
s 26
f 947/520/948 982/559/948 946/587/948
s 25
f 953/524/947 991/556/947 955/522/949
s 26
f 944/523/948 982/559/948 980/558/948
f 948/525/948 986/563/948 984/560/948
s 25
f 957/547/947 995/561/949 959/526/947
s 26
f 950/527/948 987/566/948 986/563/948
s 25
f 959/526/947 994/564/949 958/528/947
s 26
f 949/530/948 987/566/948 951/529/948
s 25
f 956/546/949 994/564/949 992/588/949
f 962/533/950 996/567/951 960/531/952
s 26
f 967/532/953 1001/569/954 1003/568/955
s 25
f 963/535/956 998/570/957 962/533/950
s 26
f 966/534/958 1003/568/955 1002/571/959
s 25
f 963/535/956 997/572/947 999/573/960
s 26
f 966/534/958 1000/589/948 964/536/948
f 970/539/961 1004/576/962 968/540/963
s 25
f 975/541/964 1009/575/965 1011/578/966
s 26
f 971/542/967 1006/574/968 970/539/961
s 25
f 974/543/969 1011/578/966 1010/580/970
s 26
f 971/542/967 1005/579/948 1007/577/971
s 25
f 974/543/969 1008/582/947 972/548/947
s 26
f 964/536/948 981/554/948 945/545/948
s 25
f 961/537/947 988/555/947 997/572/947
s 26
f 944/523/948 985/565/948 949/530/948
s 25
f 956/546/949 989/581/947 953/524/947
f 972/548/947 993/562/947 957/547/947
s 26
f 969/544/948 984/560/948 1005/579/948
f 965/549/972 979/586/973 1001/569/954
s 25
f 960/531/952 978/583/974 942/550/974
f 973/538/975 977/584/976 1009/575/965
s 26
f 968/540/963 976/585/977 940/590/977
s 27
f 1024/519/978 1019/520/979 1017/545/978
f 1027/522/980 1019/520/979 1026/521/979
f 1027/522/980 1016/523/981 1018/587/980
f 1020/525/982 1031/526/983 1029/547/982
f 1022/527/983 1030/528/984 1031/526/983
f 1021/530/985 1030/528/984 1023/529/984
f 1032/531/986 1039/532/987 1037/549/988
f 1034/533/989 1038/534/990 1039/532/987
f 1035/535/991 1036/536/978 1038/534/990
f 1042/539/992 1045/538/993 1040/540/994
f 1043/542/995 1047/541/996 1042/539/992
f 1041/544/982 1046/543/997 1043/542/995
f 1036/536/978 1024/519/978 1017/545/978
f 1016/523/981 1028/546/985 1021/530/985
f 1029/547/982 1041/544/982 1020/525/982
f 1037/549/988 1014/550/998 1032/531/986
f 1013/552/999 1040/540/994 1045/538/993
s 28
f 1053/554/1000 1062/553/1001 1060/555/1000
f 1055/557/1001 1063/556/1002 1062/553/1001
f 1063/556/1002 1052/558/1003 1061/581/1003
f 1065/562/1004 1058/563/1005 1056/560/1004
f 1058/563/1005 1066/564/1006 1059/566/1006
f 1066/564/1006 1057/565/1007 1059/566/1006
f 1068/567/1008 1075/568/1009 1070/570/1010
f 1070/570/1010 1074/571/1011 1071/573/1012
f 1074/571/1011 1069/572/1000 1071/573/1012
f 1081/575/1013 1078/574/1014 1076/576/1015
f 1083/578/1016 1079/577/1017 1078/574/1014
f 1082/580/1018 1077/579/1004 1079/577/1017
f 1053/554/1000 1069/572/1000 1072/589/1000
f 1057/565/1007 1061/581/1003 1052/558/1003
f 1056/560/1004 1080/582/1004 1065/562/1004
f 1073/569/1019 1050/583/1020 1051/586/1020
f 1076/576/1015 1049/584/1021 1081/575/1013
s 29
f 1013/552/1022 1048/585/1022 1012/590/1022
s 30
f 1051/586/1023 1014/550/1023 1015/551/1023
s 31
f 1024/519/1024 1062/553/1024 1026/521/1024
s 32
f 1055/557/1025 1017/545/1025 1019/520/1025
s 31
f 1026/521/1024 1063/556/1026 1027/522/1024
s 32
f 1054/559/1025 1019/520/1025 1018/587/1025
s 31
f 1063/556/1026 1025/524/1024 1027/522/1024
s 32
f 1016/523/1025 1054/559/1025 1018/587/1025
f 1020/525/1025 1058/563/1025 1022/527/1025
s 31
f 1067/561/1024 1029/547/1024 1031/526/1024
s 32
f 1022/527/1025 1059/566/1025 1023/529/1027
s 31
f 1030/528/1024 1067/561/1024 1031/526/1024
s 32
f 1059/566/1025 1021/530/1025 1023/529/1027
s 31
f 1028/546/1026 1066/564/1026 1030/528/1024
f 1068/567/1028 1034/533/1029 1032/531/1030
s 32
f 1039/532/1031 1073/569/1032 1037/549/1033
s 31
f 1070/570/1034 1035/535/1035 1034/533/1029
s 32
f 1038/534/1036 1075/568/1037 1039/532/1031
s 31
f 1035/535/1035 1069/572/1024 1033/537/1024
s 32
f 1072/589/1025 1038/534/1036 1036/536/1025
f 1076/576/1038 1042/539/1039 1040/540/1040
s 31
f 1047/541/1041 1081/575/1042 1045/538/1043
s 32
f 1078/574/1044 1043/542/1045 1042/539/1039
s 31
f 1046/543/1046 1083/578/1047 1047/541/1041
s 32
f 1043/542/1045 1077/579/1025 1041/544/1025
s 31
f 1080/582/1024 1046/543/1046 1044/548/1024
s 32
f 1053/554/1025 1036/536/1025 1017/545/1025
s 31
f 1033/537/1024 1060/555/1024 1024/519/1024
s 32
f 1057/565/1025 1016/523/1025 1021/530/1025
s 31
f 1061/581/1024 1028/546/1026 1025/524/1024
f 1065/562/1026 1044/548/1024 1029/547/1024
s 32
f 1041/544/1025 1056/560/1025 1020/525/1025
f 1037/549/1033 1051/586/1048 1015/551/1048
s 31
f 1050/583/1049 1032/531/1030 1014/550/1050
f 1045/538/1043 1049/584/1051 1013/552/1051
s 32
f 1048/585/1052 1040/540/1040 1012/590/1052
s 0
f 1087/591/1053 1084/592/1053 1085/593/1053
f 1089/594/897 1086/595/897 1087/591/897
f 1091/596/1054 1088/597/1054 1089/594/1054
f 1093/596/900 1090/598/900 1091/596/900
f 1095/594/1055 1092/598/1055 1093/596/1055
f 1097/591/898 1094/597/898 1095/594/898
f 1099/593/1056 1096/595/1056 1097/591/1056
f 1099/593/899 1084/592/899 1098/592/899
f 1085/593/57 1099/593/57 1100/599/57
f 1099/593/57 1097/591/57 1100/599/57
f 1097/591/57 1095/594/57 1100/599/57
f 1095/594/57 1093/596/57 1100/599/57
f 1093/596/57 1091/596/57 1100/599/57
f 1091/596/57 1089/594/57 1100/599/57
f 1089/594/57 1087/591/57 1100/599/57
f 1087/591/57 1085/593/57 1100/599/57
f 1101/592/1056 1104/591/1056 1102/593/1056
f 1103/595/898 1106/594/898 1104/591/898
f 1105/597/1055 1108/596/1055 1106/594/1055
f 1107/598/900 1110/596/900 1108/596/900
f 1109/598/1054 1112/594/1054 1110/596/1054
f 1111/597/897 1114/591/897 1112/594/897
f 1113/595/1053 1116/593/1053 1114/591/1053
f 1101/592/899 1116/593/899 1115/592/899
f 1102/593/57 1117/599/57 1116/593/57
f 1116/593/57 1117/599/57 1114/591/57
f 1114/591/57 1117/599/57 1112/594/57
f 1112/594/57 1117/599/57 1110/596/57
f 1110/596/57 1117/599/57 1108/596/57
f 1108/596/57 1117/599/57 1106/594/57
f 1106/594/57 1117/599/57 1104/591/57
f 1104/591/57 1117/599/57 1102/593/57
f 1118/600/1054 1121/601/1054 1119/602/1054
f 1120/603/897 1123/604/897 1121/601/897
f 1122/605/1053 1125/606/1053 1123/604/1053
f 1124/607/899 1127/606/899 1125/606/899
f 1126/607/1056 1129/604/1056 1127/606/1056
f 1128/605/898 1131/601/898 1129/604/898
f 1130/603/1055 1133/602/1055 1131/601/1055
f 1118/600/900 1133/602/900 1132/600/900
f 1119/602/57 1134/608/57 1133/602/57
f 1133/602/57 1134/608/57 1131/601/57
f 1131/601/57 1134/608/57 1129/604/57
f 1129/604/57 1134/608/57 1127/606/57
f 1127/606/57 1134/608/57 1125/606/57
f 1125/606/57 1134/608/57 1123/604/57
f 1123/604/57 1134/608/57 1121/601/57
f 1121/601/57 1134/608/57 1119/602/57
f 1138/601/1055 1135/600/1055 1136/602/1055
f 1140/604/898 1137/603/898 1138/601/898
f 1142/606/1056 1139/605/1056 1140/604/1056
f 1144/606/899 1141/607/899 1142/606/899
f 1146/604/1053 1143/607/1053 1144/606/1053
f 1148/601/897 1145/605/897 1146/604/897
f 1150/602/1054 1147/603/1054 1148/601/1054
f 1150/602/900 1135/600/900 1149/600/900
f 1136/602/57 1150/602/57 1151/608/57
f 1150/602/57 1148/601/57 1151/608/57
f 1148/601/57 1146/604/57 1151/608/57
f 1146/604/57 1144/606/57 1151/608/57
f 1144/606/57 1142/606/57 1151/608/57
f 1142/606/57 1140/604/57 1151/608/57
f 1140/604/57 1138/601/57 1151/608/57
f 1138/601/57 1136/602/57 1151/608/57
f 1155/609/1057 1152/610/1057 1153/611/1057
f 1157/612/1058 1154/613/1058 1155/609/1058
f 1157/612/1059 1158/614/1059 1156/615/1059
f 1159/616/357 1160/617/357 1158/614/357
f 1161/618/1060 1162/619/1060 1160/617/1060
f 1165/620/1061 1162/619/1061 1163/621/1061
f 1167/622/1062 1164/623/1062 1165/620/1062
f 1169/624/1063 1171/625/1063 1217/626/1063
f 1166/627/57 1153/611/57 1152/610/57
f 1168/628/1064 1171/625/1064 1169/624/1064
f 1170/629/1065 1173/630/1065 1171/625/1065
f 1173/630/1066 1174/631/1066 1175/632/1066
f 1175/632/357 1176/633/357 1177/634/357
f 1177/634/1067 1178/635/1067 1179/636/1067
f 1178/635/1068 1181/637/1068 1179/636/1068
f 1180/638/1069 1183/639/1069 1181/637/1069
f 1185/640/1070 1187/641/1070 1218/642/1070
f 1182/643/57 1169/624/57 1183/639/57
f 1184/644/1059 1187/641/1059 1185/640/1059
f 1186/645/1058 1189/646/1058 1187/641/1058
f 1189/646/1057 1190/647/1057 1191/648/1057
f 1191/648/57 1192/649/57 1193/650/57
f 1193/650/1062 1194/651/1062 1195/652/1062
f 1194/651/1061 1197/653/1061 1195/652/1061
f 1197/653/1060 1198/654/1060 1199/655/1060
f 1201/656/1063 1215/657/1063 1219/658/1063
f 1198/654/357 1185/640/357 1199/655/357
f 1203/659/1066 1200/660/1066 1201/656/1066
f 1205/661/1065 1202/662/1065 1203/659/1065
f 1205/661/1064 1206/663/1064 1204/664/1064
f 1207/665/57 1208/666/57 1206/663/57
f 1209/667/1069 1210/668/1069 1208/666/1069
f 1213/669/1068 1210/668/1068 1211/670/1068
f 1213/669/1067 1214/671/1067 1212/672/1067
f 1214/671/357 1201/656/357 1200/660/357
f 1153/611/1070 1167/622/1070 1216/673/1070
f 1167/622/1070 1165/620/1070 1216/673/1070
f 1165/620/1070 1163/621/1070 1216/673/1070
f 1163/621/1070 1161/618/1070 1216/673/1070
f 1161/618/1070 1159/616/1070 1216/673/1070
f 1159/616/1070 1157/612/1070 1216/673/1070
f 1157/612/1070 1155/609/1070 1216/673/1070
f 1155/609/1070 1153/611/1070 1216/673/1070
f 1171/625/1063 1173/630/1063 1217/626/1063
f 1173/630/1063 1175/632/1063 1217/626/1063
f 1175/632/1063 1177/634/1063 1217/626/1063
f 1177/634/1063 1179/636/1063 1217/626/1063
f 1179/636/1063 1181/637/1063 1217/626/1063
f 1181/637/1063 1183/639/1063 1217/626/1063
f 1183/639/1063 1169/624/1063 1217/626/1063
f 1187/641/1070 1189/646/1070 1218/642/1070
f 1189/646/1070 1191/648/1070 1218/642/1070
f 1191/648/1070 1193/650/1070 1218/642/1070
f 1193/650/1070 1195/652/1070 1218/642/1070
f 1195/652/1070 1197/653/1070 1218/642/1070
f 1197/653/1070 1199/655/1070 1218/642/1070
f 1199/655/1070 1185/640/1070 1218/642/1070
f 1215/657/1063 1213/669/1063 1219/658/1063
f 1213/669/1063 1211/670/1063 1219/658/1063
f 1211/670/1063 1209/667/1063 1219/658/1063
f 1209/667/1063 1207/665/1063 1219/658/1063
f 1207/665/1063 1205/661/1063 1219/658/1063
f 1205/661/1063 1203/659/1063 1219/658/1063
f 1203/659/1063 1201/656/1063 1219/658/1063
f 1220/610/1069 1223/609/1069 1221/611/1069
f 1222/613/1068 1225/612/1068 1223/609/1068
f 1225/612/1067 1226/614/1067 1227/616/1067
f 1227/616/357 1228/617/357 1229/618/357
f 1229/618/1066 1230/619/1066 1231/621/1066
f 1230/619/1065 1233/620/1065 1231/621/1065
f 1232/623/1064 1235/622/1064 1233/620/1064
f 1237/624/1071 1285/626/1071 1239/625/1071
f 1234/627/57 1221/611/57 1235/622/57
f 1239/625/1062 1236/628/1062 1237/624/1062
f 1241/630/1061 1238/629/1061 1239/625/1061
f 1241/630/1060 1242/631/1060 1240/674/1060
f 1243/632/357 1244/633/357 1242/631/357
f 1245/634/1059 1246/635/1059 1244/633/1059
f 1249/637/1058 1246/635/1058 1247/636/1058
f 1251/639/1057 1248/638/1057 1249/637/1057
f 1253/640/1072 1286/642/1072 1255/641/1072
f 1250/643/57 1237/624/57 1236/628/57
f 1255/641/1067 1252/644/1067 1253/640/1067
f 1257/646/1068 1254/645/1068 1255/641/1068
f 1257/646/1069 1258/647/1069 1256/675/1069
f 1259/648/57 1260/649/57 1258/647/57
f 1261/650/1064 1262/651/1064 1260/649/1064
f 1265/653/1065 1262/651/1065 1263/652/1065
f 1265/653/1066 1266/654/1066 1264/676/1066
f 1269/656/1071 1287/658/1071 1283/657/1071
f 1266/654/357 1253/640/357 1252/644/357
f 1268/660/1060 1271/659/1060 1269/656/1060
f 1270/662/1061 1273/661/1061 1271/659/1061
f 1273/661/1062 1274/663/1062 1275/665/1062
f 1275/665/57 1276/666/57 1277/667/57
f 1277/667/1057 1278/668/1057 1279/670/1057
f 1278/668/1058 1281/669/1058 1279/670/1058
f 1281/669/1059 1282/671/1059 1283/657/1059
f 1282/671/357 1269/656/357 1283/657/357
f 1221/611/1072 1284/673/1072 1235/622/1072
f 1235/622/1072 1284/673/1072 1233/620/1072
f 1233/620/1072 1284/673/1072 1231/621/1072
f 1231/621/1072 1284/673/1072 1229/618/1072
f 1229/618/1072 1284/673/1072 1227/616/1072
f 1227/616/1072 1284/673/1072 1225/612/1072
f 1225/612/1072 1284/673/1072 1223/609/1072
f 1223/609/1072 1284/673/1072 1221/611/1072
f 1239/625/1071 1285/626/1071 1241/630/1071
f 1241/630/1071 1285/626/1071 1243/632/1071
f 1243/632/1071 1285/626/1071 1245/634/1071
f 1245/634/1071 1285/626/1071 1247/636/1071
f 1247/636/1071 1285/626/1071 1249/637/1071
f 1249/637/1071 1285/626/1071 1251/639/1071
f 1251/639/1071 1285/626/1071 1237/624/1071
f 1255/641/1072 1286/642/1072 1257/646/1072
f 1257/646/1072 1286/642/1072 1259/648/1072
f 1259/648/1072 1286/642/1072 1261/650/1072
f 1261/650/1072 1286/642/1072 1263/652/1072
f 1263/652/1072 1286/642/1072 1265/653/1072
f 1265/653/1072 1286/642/1072 1267/655/1072
f 1267/655/1072 1286/642/1072 1253/640/1072
f 1283/657/1071 1287/658/1071 1281/669/1071
f 1281/669/1071 1287/658/1071 1279/670/1071
f 1279/670/1071 1287/658/1071 1277/667/1071
f 1277/667/1071 1287/658/1071 1275/665/1071
f 1275/665/1071 1287/658/1071 1273/661/1071
f 1273/661/1071 1287/658/1071 1271/659/1071
f 1271/659/1071 1287/658/1071 1269/656/1071
s 10
f 436/403/687 1305/677/1073 437/401/690
f 444/387/713 1311/678/1074 1312/387/1075
f 423/375/649 1292/679/1076 424/378/652
f 450/372/731 1319/680/1077 451/363/632
f 430/391/670 1299/681/1078 431/393/674
f 437/401/690 1306/682/1079 438/399/694
f 444/387/713 1313/683/1080 445/385/717
f 425/381/656 1292/679/1076 1293/684/1081
f 420/367/636 1319/680/1077 1288/685/1082
f 431/393/674 1300/686/1083 432/395/676
f 438/399/694 1307/687/1084 439/397/697
f 445/385/717 1314/688/1085 446/383/720
f 425/381/656 1294/688/1086 426/383/659
f 433/397/679 1300/686/1083 1301/687/1087
f 439/397/697 1308/686/1088 440/395/700
f 446/383/720 1315/684/1089 447/381/723
f 426/383/659 1295/683/1090 427/385/662
f 420/367/636 1289/680/1091 421/363/640
f 433/397/679 1302/682/1092 434/399/682
f 441/393/703 1308/686/1088 1309/681/1093
f 447/381/723 1316/679/1094 448/378/726
f 428/387/666 1295/683/1090 1296/387/1095
f 434/399/682 1303/677/1096 435/401/684
f 441/393/703 1310/689/1097 442/391/706
f 421/363/640 1290/690/1098 422/372/644
f 449/375/728 1316/679/1094 1317/691/1099
f 428/387/666 1297/678/1100 429/389/668
f 436/403/687 1303/677/1096 1304/692/1101
f 442/391/706 1311/678/1074 443/389/710
f 422/372/644 1291/691/1102 423/375/649
f 449/375/728 1318/690/1103 450/372/731
f 429/389/668 1298/689/1104 430/391/670
f 1353/693/1105 1321/694/1106 1352/695/1107
f 1354/696/1108 1347/697/1109 1348/698/1110
f 1357/699/1111 1335/700/1112 1356/701/1113
f 1358/702/1114 1321/694/1106 1322/703/1115
f 1354/696/1108 1349/704/1116 1359/705/1117
f 1356/701/1113 1336/706/1118 1360/707/1119
f 1358/702/1114 1323/704/1120 1361/705/1121
f 1359/705/1117 1350/703/1122 1362/702/1123
f 1360/707/1119 1337/700/1124 1363/701/1125
f 1364/696/1126 1323/704/1120 1324/698/1127
f 1362/702/1123 1351/694/1128 1365/695/1129
f 1366/699/1130 1337/700/1124 1338/708/1131
f 1364/696/1126 1325/697/1132 1367/709/1133
f 1365/695/1129 1320/710/1134 1353/693/1105
f 1366/699/1130 1339/711/1135 1368/712/1136
f 1367/709/1133 1326/713/1137 1369/714/1138
f 1370/715/1139 1339/711/1135 1340/716/1140
f 1369/714/1138 1327/717/1141 1371/718/1142
f 1370/715/1139 1341/719/1143 1372/720/1144
f 1371/718/1142 1328/721/1145 1373/722/1146
f 1372/720/1144 1342/723/1147 1374/724/1148
f 1373/722/1146 1329/725/1149 1375/726/1150
f 1374/724/1148 1343/725/1151 1376/726/1152
f 1377/724/1153 1329/725/1149 1330/723/1154
f 1376/726/1152 1344/721/1155 1378/722/1156
f 1377/724/1153 1331/719/1157 1379/720/1158
f 1378/722/1156 1345/717/1159 1380/718/1160
f 1381/715/1161 1331/719/1157 1332/716/1162
f 1382/714/1163 1345/717/1159 1346/713/1164
f 1381/715/1161 1333/711/1165 1383/712/1166
f 1382/714/1163 1347/697/1109 1355/709/1167
f 1383/712/1166 1334/708/1168 1357/699/1111
f 1301/687/1087 1357/699/1111 1302/682/1092
f 1314/688/1085 1355/709/1167 1315/684/1089
f 1300/686/1083 1383/712/1166 1301/687/1087
f 1313/683/1080 1382/714/1163 1314/688/1085
f 1299/681/1078 1381/715/1161 1300/686/1083
f 1312/387/1075 1380/718/1160 1313/683/1080
f 1298/689/1104 1379/720/1158 1299/681/1078
f 1311/678/1074 1378/722/1156 1312/387/1075
f 1297/678/1100 1377/724/1153 1298/689/1104
f 1310/689/1097 1376/726/1152 1311/678/1074
f 1296/387/1095 1375/726/1150 1297/678/1100
f 1309/681/1093 1374/724/1148 1310/689/1097
f 1295/683/1090 1373/722/1146 1296/387/1095
f 1308/686/1088 1372/720/1144 1309/681/1093
f 1294/688/1086 1371/718/1142 1295/683/1090
f 1307/687/1084 1370/715/1139 1308/686/1088
f 1293/684/1081 1369/714/1138 1294/688/1086
f 1306/682/1079 1368/712/1136 1307/687/1084
f 1319/680/1077 1353/693/1105 1288/685/1082
f 1292/679/1076 1367/709/1133 1293/684/1081
f 1305/677/1073 1366/699/1130 1306/682/1079
f 1318/690/1103 1365/695/1129 1319/680/1077
f 1291/691/1102 1364/696/1126 1292/679/1076
f 1304/692/1101 1363/701/1125 1305/677/1073
f 1317/691/1099 1362/702/1123 1318/690/1103
f 1290/690/1098 1361/705/1121 1291/691/1102
f 1303/677/1096 1360/707/1119 1304/692/1101
f 1316/679/1094 1359/705/1117 1317/691/1099
f 1289/680/1091 1358/702/1114 1290/690/1098
f 1302/682/1092 1356/701/1113 1303/677/1096
f 1315/684/1089 1354/696/1108 1316/679/1094
f 1288/685/1082 1352/695/1107 1289/680/1091
s 225
f 1321/694/57 1320/710/57 1384/721/57
f 1320/710/57 1351/694/57 1384/721/57
f 1351/694/57 1350/703/57 1384/721/57
f 1350/703/57 1349/704/57 1384/721/57
f 1349/704/57 1348/698/57 1384/721/57
f 1348/698/57 1347/697/57 1384/721/57
f 1347/697/57 1346/713/57 1384/721/57
f 1346/713/57 1345/717/57 1384/721/57
f 1345/717/57 1344/721/57 1384/721/57
f 1344/721/57 1343/725/57 1384/721/57
f 1343/725/57 1342/723/57 1384/721/57
f 1342/723/57 1341/719/57 1384/721/57
f 1341/719/57 1340/716/57 1384/721/57
f 1340/716/57 1339/711/57 1384/721/57
f 1339/711/57 1338/708/57 1384/721/57
f 1338/708/57 1337/700/57 1384/721/57
f 1337/700/57 1336/706/57 1384/721/57
f 1336/706/57 1335/700/57 1384/721/57
f 1335/700/57 1334/708/57 1384/721/57
f 1334/708/57 1333/711/57 1384/721/57
f 1333/711/57 1332/716/57 1384/721/57
f 1332/716/57 1331/719/57 1384/721/57
f 1331/719/57 1330/723/57 1384/721/57
f 1330/723/57 1329/725/57 1384/721/57
f 1329/725/57 1328/721/57 1384/721/57
f 1328/721/57 1327/717/57 1384/721/57
f 1327/717/57 1326/713/57 1384/721/57
f 1326/713/57 1325/697/57 1384/721/57
f 1325/697/57 1324/698/57 1384/721/57
f 1324/698/57 1323/704/57 1384/721/57
f 1323/704/57 1322/703/57 1384/721/57
f 1322/703/57 1321/694/57 1384/721/57
s 1
f 65/1/1 66/122/1169 98/2/2
f 67/4/4 65/1/1 97/3/3
f 68/6/6 67/4/4 99/5/5
f 69/8/8 68/6/6 100/7/7
f 70/10/10 69/8/8 101/9/9
f 103/12/12 71/31/1170 70/10/10
f 72/13/13 71/31/1170 103/12/12
f 105/15/15 73/90/1171 72/13/13
f 74/16/16 73/90/1171 105/15/15
f 75/18/18 74/16/16 106/17/17
f 76/20/20 75/18/18 107/19/19
f 77/22/22 76/20/20 108/21/21
f 78/24/24 77/22/22 109/23/23
f 111/26/26 79/30/1172 78/24/24
f 80/27/27 79/30/1172 111/26/26
f 113/29/29 81/147/1173 80/27/27
f 82/27/30 81/147/1173 113/29/29
f 83/30/32 82/27/30 114/28/31
f 84/24/34 83/30/32 115/26/33
f 85/22/36 84/24/34 116/25/35
f 86/20/38 85/22/36 117/23/37
f 119/19/40 87/18/1174 86/20/38
f 88/16/41 87/18/1174 119/19/40
f 121/15/43 89/90/1175 88/16/41
f 90/13/44 89/90/1175 121/15/43
f 91/31/46 90/13/44 122/14/45
f 92/10/48 91/31/46 123/12/47
f 93/8/50 92/10/48 124/11/49
f 94/6/52 93/8/50 125/9/51
f 127/5/54 95/4/1176 94/6/52
f 96/1/55 95/4/1176 127/5/54
f 98/2/2 66/122/1169 96/1/55
f 97/3/3 98/2/2 130/32/57
f 131/34/57 99/5/5 97/3/3
f 100/7/7 99/5/5 131/34/57
f 133/36/57 101/9/9 100/7/7
f 102/11/11 101/9/9 133/36/57
f 103/12/12 102/11/11 134/37/57
f 104/14/14 103/12/12 135/38/57
f 137/15/57 105/15/15 104/14/14
f 106/17/17 105/15/15 137/15/57
f 139/41/57 107/19/19 106/17/17
f 108/21/21 107/19/19 139/41/57
f 141/43/57 109/23/23 108/21/21
f 110/25/25 109/23/23 141/43/57
f 111/26/26 110/25/25 142/44/57
f 112/28/28 111/26/26 143/45/57
f 145/47/57 113/29/29 112/28/28
f 114/28/31 113/29/29 145/47/57
f 147/45/57 115/26/33 114/28/31
f 116/25/35 115/26/33 147/45/57
f 149/43/57 117/23/37 116/25/35
f 118/21/39 117/23/37 149/43/57
f 119/19/40 118/21/39 150/42/57
f 120/17/42 119/19/40 151/41/57
f 153/15/57 121/15/43 120/17/42
f 122/14/45 121/15/43 153/15/57
f 155/38/57 123/12/47 122/14/45
f 124/11/49 123/12/47 155/38/57
f 157/36/57 125/9/51 124/11/49
f 126/7/53 125/9/51 157/36/57
f 127/5/54 126/7/53 158/35/57
f 128/3/56 127/5/54 159/34/57
f 130/32/57 98/2/2 128/3/56
s 2
f 129/33/58 130/32/1177 32/48/59
f 34/50/61 131/34/63 129/33/58
f 35/51/62 132/35/1178 131/34/63
f 133/36/64 132/35/1178 35/51/62
f 134/37/66 133/36/64 36/52/65
f 135/38/68 134/37/66 37/53/67
f 39/55/70 136/39/72 135/38/68
f 40/56/71 137/15/1179 136/39/72
f 138/40/73 137/15/1179 40/56/71
f 42/58/75 139/41/77 138/40/73
f 43/59/76 140/42/1180 139/41/77
f 141/43/78 140/42/1180 43/59/76
f 142/44/80 141/43/78 44/60/79
f 143/45/82 142/44/80 45/61/81
f 47/63/84 144/46/86 143/45/82
f 48/64/85 145/47/1181 144/46/86
f 146/46/87 145/47/1181 48/64/85
f 50/62/89 147/45/91 146/46/87
f 51/61/90 148/44/1182 147/45/91
f 149/43/92 148/44/1182 51/61/90
f 150/42/94 149/43/92 52/60/93
f 151/41/96 150/42/94 53/59/95
f 55/57/98 152/40/100 151/41/96
f 56/56/99 153/15/1183 152/40/100
f 154/39/101 153/15/1183 56/56/99
f 58/54/103 155/38/105 154/39/101
f 59/53/104 156/37/1184 155/38/105
f 157/36/106 156/37/1184 59/53/104
f 158/35/108 157/36/106 60/52/107
f 159/34/110 158/35/108 61/51/109
f 63/49/112 160/33/113 159/34/110
f 32/48/59 130/32/1177 160/33/113
s 3
f 165/65/114 167/115/209 164/66/115
f 164/66/115 167/115/209 166/68/117
f 163/67/116 164/66/115 170/70/119
f 170/70/119 164/66/115 162/69/118
f 169/71/120 170/70/119 173/73/122
f 170/70/119 168/72/121 171/75/124
f 172/74/123 173/73/122 176/76/125
f 173/73/122 171/75/124 174/78/127
f 178/79/128 175/77/126 176/76/125
f 179/80/129 176/76/125 174/78/127
f 181/82/131 178/79/128 179/80/129
f 182/83/132 179/80/129 177/81/130
f 181/82/131 182/83/132 185/85/134
f 182/83/132 180/84/133 183/87/136
f 184/86/135 185/85/134 188/88/137
f 185/85/134 183/87/136 186/90/139
f 187/89/138 188/88/137 191/91/140
f 191/91/140 188/88/137 186/90/139
f 190/92/141 191/91/140 194/94/143
f 194/94/143 191/91/140 189/93/142
f 193/95/144 194/94/143 197/97/146
f 194/94/143 192/96/145 195/99/148
f 196/98/147 197/97/146 200/100/149
f 197/97/146 195/99/148 198/102/151
f 202/103/152 199/101/150 200/100/149
f 203/104/153 200/100/149 198/102/151
f 205/106/155 202/103/152 203/104/153
f 206/107/156 203/104/153 201/105/154
f 205/106/155 206/107/156 209/109/158
f 206/107/156 204/108/157 207/111/160
f 208/110/159 209/109/158 212/112/161
f 209/109/158 207/111/160 210/114/163
f 211/113/162 212/112/161 215/109/164
f 215/109/164 212/112/161 210/114/163
f 214/110/165 215/109/164 218/107/167
f 218/107/167 215/109/164 213/111/166
f 217/106/168 218/107/167 221/104/170
f 218/107/167 216/108/169 219/105/172
f 220/103/171 221/104/170 224/100/173
f 221/104/170 219/105/172 222/102/175
f 226/98/176 223/101/174 224/100/173
f 227/97/177 224/100/173 222/102/175
f 229/95/179 226/98/176 227/97/177
f 230/94/180 227/97/177 225/99/178
f 229/95/179 230/94/180 233/91/182
f 230/94/180 228/96/181 231/93/184
f 232/92/183 233/91/182 236/88/185
f 233/91/182 231/93/184 234/90/187
f 235/89/186 236/88/185 239/85/188
f 239/85/188 236/88/185 234/90/187
f 238/86/189 239/85/188 242/83/191
f 242/83/191 239/85/188 237/87/190
f 241/82/192 242/83/191 245/80/194
f 242/83/191 240/84/193 243/81/196
f 244/79/195 245/80/194 248/76/197
f 245/80/194 243/81/196 246/78/199
f 250/74/200 247/77/198 248/76/197
f 251/73/201 248/76/197 246/78/199
f 253/71/203 250/74/200 251/73/201
f 254/70/204 251/73/201 249/75/202
f 253/71/203 254/70/204 257/66/206
f 254/70/204 252/72/205 255/69/208
f 256/67/207 257/66/206 167/115/209
f 257/66/206 255/69/208 166/68/117
s 4
f 323/116/210 387/142/237 416/117/211
s 3
f 67/4/57 168/72/121 162/69/118
s 4
f 1/119/213 357/212/413 356/120/214
s 3
f 162/69/118 166/68/117 66/122/57
s 4
f 27/123/216 383/213/388 382/124/217
s 3
f 66/122/57 166/68/117 255/69/208
s 4
f 351/126/219 412/136/229 411/127/220
s 3
f 171/75/124 168/72/121 67/4/57
s 4
f 324/118/212 416/117/211 417/129/222
s 3
f 69/8/57 174/78/127 171/75/124
s 4
f 64/121/215 356/120/214 355/131/224
s 3
f 177/81/130 174/78/127 69/8/57
s 4
f 25/133/226 26/125/218 382/124/217
s 3
f 180/84/133 177/81/130 70/10/57
s 4
f 352/135/228 413/140/235 412/136/229
s 3
f 183/87/136 180/84/133 71/31/57
s 4
f 325/130/223 417/129/222 418/117/230
s 3
f 73/90/57 186/90/139 183/87/136
s 4
f 25/133/226 381/134/227 380/137/232
s 3
f 189/93/142 186/90/139 73/90/57
s 4
f 352/135/228 353/141/240 414/139/234
s 3
f 75/18/57 192/96/145 189/93/142
s 4
f 327/141/236 388/139/243 387/142/237
s 3
f 195/99/148 192/96/145 75/18/57
s 4
f 24/138/233 380/137/232 379/143/238
s 3
f 77/22/57 198/102/151 195/99/148
s 4
f 353/141/240 354/116/246 415/142/241
s 3
f 201/105/154 198/102/151 77/22/57
s 4
f 328/135/242 389/140/248 388/139/243
s 3
f 204/108/157 201/105/154 78/24/57
s 4
f 23/144/239 379/143/238 378/145/244
s 3
f 207/111/160 204/108/157 79/30/57
s 4
f 354/116/246 326/118/231 418/117/230
s 3
f 81/147/57 210/114/163 207/111/160
s 4
f 328/135/242 329/126/251 390/136/247
s 3
f 213/111/166 210/114/163 81/147/57
s 4
f 21/148/249 22/146/245 378/145/244
s 3
f 83/30/57 216/108/169 213/111/166
s 4
f 329/126/251 330/128/255 391/127/252
s 3
f 219/105/172 216/108/169 83/30/57
s 4
f 20/150/253 21/148/249 377/149/250
s 3
f 85/22/57 222/102/175 219/105/172
s 4
f 330/128/255 331/156/260 392/152/256
s 3
f 225/99/178 222/102/175 85/22/57
s 4
f 20/150/253 376/151/254 375/153/257
s 3
f 228/96/181 225/99/178 86/20/57
s 4
f 332/155/259 393/160/264 392/152/256
s 3
f 231/93/184 228/96/181 87/18/57
s 4
f 19/154/258 375/153/257 374/157/261
s 3
f 89/90/57 234/90/187 231/93/184
s 4
f 333/159/263 394/164/268 393/160/264
s 3
f 237/87/190 234/90/187 89/90/57
s 4
f 17/161/265 18/158/262 374/157/261
s 3
f 91/31/57 240/84/193 237/87/190
s 4
f 334/163/267 395/168/272 394/164/268
s 3
f 243/81/196 240/84/193 91/31/57
s 4
f 17/161/265 373/162/266 372/165/269
s 3
f 93/8/57 246/78/199 243/81/196
s 4
f 335/167/271 396/172/276 395/168/272
s 3
f 249/75/202 246/78/199 93/8/57
s 4
f 16/166/270 372/165/269 371/169/273
s 3
f 252/72/205 249/75/202 94/6/57
s 4
f 336/171/275 397/214/389 396/172/276
s 3
f 255/69/208 252/72/205 95/4/57
s 4
f 21/148/249 20/150/253 277/173/277
f 8/146/279 7/144/324 264/175/280
f 22/146/245 21/148/249 278/174/278
f 8/146/279 265/176/281 266/174/283
f 22/146/245 279/176/282 280/175/285
f 9/148/284 266/174/283 267/173/286
f 24/138/233 23/144/239 280/175/285
f 10/150/287 267/173/286 268/178/289
f 24/138/233 281/177/288 282/179/291
f 12/158/292 11/154/290 268/178/289
f 25/133/226 282/179/291 283/181/294
f 13/161/295 12/158/292 269/180/293
f 64/121/215 30/132/225 287/183/297
f 26/125/218 283/181/294 284/185/299
f 14/166/300 13/161/295 270/182/296
f 64/121/215 289/184/298 258/187/302
f 28/188/303 27/123/216 284/185/299
f 14/166/300 271/186/301 272/190/305
f 1/119/213 258/187/302 259/189/306
f 29/119/308 28/188/303 285/189/304
f 16/166/270 15/170/274 272/190/305
f 2/188/307 259/189/306 260/185/311
f 31/121/313 29/119/308 286/187/309
f 16/166/270 273/186/310 274/182/315
f 4/125/316 3/123/312 260/185/311
f 31/121/313 288/184/314 287/183/297
f 17/161/265 274/182/315 275/180/318
f 5/133/319 4/125/316 261/181/317
f 18/158/262 275/180/318 276/178/321
f 6/138/322 5/133/319 262/179/320
f 20/150/253 19/154/258 276/178/321
f 6/138/322 263/177/323 264/175/280
s 5
f 274/182/325 306/200/325 307/191/326
f 262/179/327 261/181/328 293/192/328
f 275/180/326 307/191/326 308/194/329
f 262/179/327 294/193/327 295/195/330
f 276/178/329 308/194/329 309/196/331
f 263/177/330 295/195/330 296/197/332
f 278/174/333 277/173/331 309/196/331
f 264/175/332 296/197/332 297/199/334
f 278/174/333 310/198/333 311/199/335
f 265/176/334 297/199/334 298/198/336
f 279/176/335 311/199/335 312/197/337
f 266/174/336 298/198/336 299/196/338
f 280/175/337 312/197/337 313/195/339
f 267/173/338 299/196/338 300/194/340
f 281/177/339 313/195/339 314/193/341
f 268/178/340 300/194/340 301/191/342
f 282/179/341 314/193/341 315/192/343
f 270/182/344 269/180/342 301/191/342
f 287/183/345 319/207/345 321/201/346
f 283/181/343 315/192/343 316/202/347
f 270/182/344 302/200/344 303/203/348
f 289/184/346 321/201/346 290/204/349
f 284/185/347 316/202/347 317/205/350
f 271/186/348 303/203/348 304/206/351
f 258/187/349 290/204/349 291/205/352
f 286/187/353 285/189/350 317/205/350
f 272/190/351 304/206/351 305/203/354
f 259/189/352 291/205/352 292/202/355
f 286/187/353 318/204/353 320/201/356
f 273/186/354 305/203/354 306/200/325
f 260/185/355 292/202/355 293/192/328
f 288/184/356 320/201/356 319/207/345
s 3
f 326/118/358 354/116/359 253/71/203
f 354/116/359 353/141/360 250/74/200
f 353/141/360 352/135/361 247/77/198
f 352/135/361 351/126/1185 244/79/195
f 244/79/195 351/126/1185 350/128/362
f 350/128/362 349/156/363 238/86/189
f 349/156/363 348/155/364 235/89/186
f 348/155/364 347/159/365 232/92/183
f 347/159/365 346/163/366 229/95/179
f 346/163/366 345/167/367 226/98/176
f 345/167/367 344/171/368 223/101/174
f 344/171/368 343/211/1186 220/103/171
f 220/103/171 343/211/1186 342/208/369
f 342/208/369 341/209/370 214/110/165
f 341/209/370 340/210/371 211/113/162
f 340/210/371 339/209/372 208/110/159
f 339/209/372 338/208/373 205/106/155
f 338/208/373 337/211/374 202/103/152
f 337/211/374 336/171/375 199/101/150
f 336/171/375 335/167/1187 196/98/147
f 196/98/147 335/167/1187 334/163/376
f 334/163/376 333/159/377 190/92/141
f 333/159/377 332/155/378 187/89/138
f 332/155/378 331/156/379 184/86/135
f 331/156/379 330/128/380 181/82/131
f 330/128/380 329/126/381 178/79/128
f 329/126/381 328/135/382 175/77/126
f 328/135/382 327/141/1188 172/74/123
f 172/74/123 327/141/1188 323/116/383
f 325/130/384 326/118/358 256/67/207
f 324/118/385 325/130/384 165/65/114
f 323/116/383 324/118/385 163/67/116
s 4
f 385/212/386 386/120/387 416/117/211
f 386/120/387 355/131/224 417/129/222
f 417/129/222 355/131/224 356/120/214
f 388/139/243 384/219/416 385/212/386
f 383/213/388 384/219/416 388/139/243
f 382/124/217 383/213/388 389/140/248
f 381/134/227 382/124/217 390/136/247
f 380/137/232 381/134/227 391/127/252
f 393/160/264 379/143/238 380/137/232
f 378/145/244 379/143/238 393/160/264
f 377/149/250 378/145/244 394/164/268
f 396/172/276 376/151/254 377/149/250
f 375/153/257 376/151/254 396/172/276
f 374/157/261 375/153/257 397/214/389
f 373/162/266 374/157/261 398/215/390
f 372/165/269 373/162/266 399/216/391
f 401/218/393 371/169/273 372/165/269
f 370/165/394 371/169/273 401/218/393
f 369/162/396 370/165/394 402/217/395
f 404/215/398 368/157/429 369/162/396
f 367/153/399 368/157/429 404/215/398
f 366/151/401 367/153/399 405/214/400
f 365/149/403 366/151/401 406/172/402
f 364/145/405 365/149/403 407/168/404
f 409/160/407 363/143/423 364/145/405
f 362/137/408 363/143/423 409/160/407
f 361/134/410 362/137/408 410/152/409
f 412/136/229 360/124/419 361/134/410
f 359/213/411 360/124/419 412/136/229
f 358/219/412 359/213/411 413/140/235
f 357/212/413 358/219/412 414/139/234
f 356/120/214 357/212/413 415/142/241
f 350/128/221 411/127/220 410/152/409
f 28/188/303 384/219/416 383/213/388
f 1/119/213 2/188/307 358/219/412
f 349/156/414 410/152/409 409/160/407
f 28/188/303 29/119/308 385/212/386
f 3/123/312 359/213/411 358/219/412
f 348/155/415 409/160/407 408/164/406
f 29/119/308 31/121/313 386/120/387
f 4/125/316 360/124/419 359/213/411
f 346/163/418 347/159/417 408/164/406
f 30/132/225 355/131/224 386/120/387
f 4/125/316 5/133/319 361/134/410
f 345/167/420 346/163/418 407/168/404
f 5/133/319 6/138/322 362/137/408
f 344/171/421 345/167/420 406/172/402
f 7/144/324 363/143/423 362/137/408
f 344/171/421 405/214/400 404/215/398
f 8/146/279 364/145/405 363/143/423
f 343/211/422 404/215/398 403/216/397
f 9/148/284 365/149/403 364/145/405
f 342/208/424 403/216/397 402/217/395
f 9/148/284 10/150/287 366/151/401
f 341/209/425 402/217/395 401/218/393
f 11/154/290 367/153/399 366/151/401
f 340/210/426 401/218/393 400/217/392
f 12/158/292 368/157/429 367/153/399
f 338/208/428 339/209/427 400/217/392
f 12/158/292 13/161/295 369/162/396
f 337/211/430 338/208/428 399/216/391
f 13/161/295 14/166/300 370/165/394
f 336/171/275 337/211/430 398/215/390
f 15/170/274 371/169/273 370/165/394
s 7
f 646/220/431 714/234/431 713/221/432
f 685/223/433 470/377/433 722/224/434
f 662/226/435 730/237/435 457/227/436
f 679/229/437 466/252/437 724/227/438
s 8
f 675/230/439 727/299/542 463/231/440
f 478/221/442 479/251/647 719/233/443
f 724/227/445 466/252/732 467/235/446
f 730/237/448 454/377/730 455/238/449
f 738/240/451 739/300/719 737/241/452
f 732/243/454 733/285/520 452/244/455
f 726/245/457 727/299/542 464/246/458
f 477/248/460 720/380/665 721/249/461
f 713/221/463 714/234/545 715/233/464
f 457/227/466 456/236/529 459/235/467
s 9
f 549/253/469 550/302/557 643/254/470
f 551/256/472 552/280/558 639/257/473
f 637/259/475 553/485/809 554/260/476
f 555/262/478 556/303/559 631/263/479
f 557/265/481 558/304/560 627/266/482
f 559/268/484 560/279/561 623/269/485
f 621/271/487 561/486/800 562/272/488
f 563/274/490 564/305/562 615/275/491
f 565/277/493 566/305/563 611/275/494
f 567/274/496 568/272/564 607/273/497
f 605/271/499 569/486/791 570/279/500
f 571/268/502 572/304/565 599/266/503
f 573/265/505 574/303/566 595/263/506
f 575/262/508 576/260/567 591/261/509
f 589/259/511 577/485/782 578/280/512
f 579/256/514 548/302/556 581/254/515
s 7
f 705/281/517 482/240/517 717/282/518
s 8
f 659/284/519 452/244/455 733/285/520
f 647/287/522 648/374/776 712/251/465
f 693/288/523 721/249/461 475/289/524
f 690/290/525 475/289/524 472/285/526
f 663/291/528 665/432/775 456/236/529
f 654/290/530 708/289/555 711/249/531
f 678/292/533 681/432/774 725/236/447
s 7
f 652/293/534 710/380/534 709/294/535
f 668/296/536 728/247/536 461/245/537
s 8
f 722/224/538 470/377/678 471/238/539
f 462/298/541 463/231/440 727/299/542
f 713/221/463 712/251/465 735/250/543
f 714/234/545 736/242/453 737/241/452
f 461/245/546 728/247/722 729/246/547
f 724/227/445 725/236/447 468/239/549
f 717/282/551 482/240/686 483/300/552
f 709/294/554 710/380/725 711/249/531
s 9
f 548/302/556 549/253/469 582/255/471
f 550/302/557 551/256/472 641/258/474
f 552/280/558 553/485/809 637/259/475
f 554/260/476 555/262/478 633/264/480
f 556/303/559 557/265/481 629/267/483
f 558/304/560 559/268/484 625/270/486
f 560/279/561 561/486/800 621/271/487
f 562/272/488 563/274/490 617/276/492
f 564/305/562 565/277/493 613/278/495
f 566/305/563 567/274/496 609/276/498
f 568/272/564 569/486/791 605/271/499
f 570/279/500 571/268/502 601/270/504
f 572/304/565 573/265/505 597/267/507
f 574/303/566 575/262/508 593/264/510
f 576/260/567 577/485/782 589/259/511
f 578/280/512 579/256/514 585/258/516
f 484/306/568 485/407/734 546/307/569
f 581/254/515 580/406/733 584/309/571
f 545/310/572 544/408/735 542/311/573
f 587/257/513 586/409/736 588/313/575
f 541/314/576 540/410/737 538/315/577
f 591/261/509 590/411/738 592/317/579
f 537/318/580 536/412/739 534/319/581
f 595/263/506 594/413/740 596/321/583
f 533/322/584 532/414/741 530/323/585
f 599/266/503 598/415/742 600/325/587
f 529/326/588 528/416/743 526/327/589
f 603/269/501 602/417/744 604/329/591
f 525/330/592 524/418/745 522/331/593
f 607/273/497 606/419/746 608/333/595
f 521/334/596 520/420/747 518/335/597
f 611/275/494 610/421/748 612/337/599
f 517/338/600 516/422/749 514/339/601
f 615/275/491 614/421/750 616/333/603
f 513/341/604 512/423/751 510/342/605
f 619/273/489 618/419/752 620/329/607
f 509/344/608 508/424/753 506/345/609
f 623/269/485 622/417/754 624/325/611
f 505/347/612 504/425/755 502/348/613
f 627/266/482 626/415/756 628/321/615
f 501/350/616 500/426/757 498/351/617
f 631/263/479 630/413/758 632/317/619
f 497/353/620 496/427/759 494/354/621
f 635/261/477 634/411/760 636/313/623
f 493/356/624 492/428/761 490/357/625
f 639/257/473 638/409/762 640/309/627
f 489/359/628 488/429/763 486/360/629
f 643/254/470 642/406/764 583/362/631
s 10
f 451/363/632 420/367/636 857/364/633
s 8
f 653/288/532 711/249/531 735/250/543
s 10
f 420/367/636 421/363/640 855/365/637
s 8
f 706/368/638 716/301/553 483/300/552
s 10
f 421/363/640 422/372/644 845/370/641
s 8
f 684/371/642 471/238/539 468/239/549
s 10
f 422/372/644 423/375/649 858/373/645
s 8
f 699/287/646 719/233/443 479/251/647
s 10
f 423/375/649 424/378/652 854/376/650
s 7
f 685/223/433 682/226/651 469/237/651
s 10
f 424/378/652 425/381/656 844/379/653
s 7
f 692/293/654 691/295/655 474/294/655
s 10
f 425/381/656 426/383/659 859/382/657
s 7
f 691/295/655 688/433/658 473/243/658
s 10
f 426/383/659 427/385/662 853/384/660
s 8
f 695/366/661 696/374/648 479/251/647
s 10
f 427/385/662 428/387/666 843/386/663
s 8
f 474/294/664 475/289/524 721/249/461
s 10
f 428/387/666 429/389/668 860/388/667
s 8
f 732/243/454 709/294/554 708/289/555
s 10
f 429/389/668 430/391/670 852/390/669
s 8
f 457/227/466 730/237/448 731/239/450
s 10
f 430/391/670 431/393/674 842/392/671
s 8
f 718/234/444 719/233/443 480/241/672
s 10
f 431/393/674 432/395/676 861/394/675
s 8
f 462/298/541 461/245/546 460/299/548
s 10
f 432/395/676 433/397/679 851/396/677
s 8
f 469/237/550 468/239/549 471/238/539
s 10
f 433/397/679 434/399/682 841/398/680
s 8
f 473/243/681 472/285/526 475/289/524
s 10
f 434/399/682 435/401/684 862/400/683
s 8
f 478/221/442 477/248/460 476/250/462
s 10
f 435/401/684 436/403/687 850/402/685
s 8
f 482/240/686 481/242/673 480/241/672
s 10
f 436/403/687 437/401/690 840/400/688
s 7
f 676/296/689 465/247/689 466/252/437
s 10
f 437/401/690 438/399/694 863/398/691
s 7
f 700/404/692 698/220/693 718/234/693
s 10
f 438/399/694 439/397/697 849/396/695
s 8
f 703/369/696 739/300/719 716/301/553
s 10
f 439/397/697 440/395/700 839/394/698
s 7
f 702/281/699 707/283/518 717/282/518
s 10
f 440/395/700 441/393/703 864/392/701
s 7
f 652/293/534 650/430/702 734/248/702
s 10
f 441/393/703 442/391/706 848/390/704
s 7
f 698/220/693 697/222/705 478/221/705
s 10
f 442/391/706 443/389/710 838/388/707
s 7
f 658/225/708 656/433/709 732/243/709
s 10
f 443/389/710 444/387/713 865/386/711
s 8
f 687/284/712 723/244/540 471/238/539
s 10
f 444/387/713 445/385/717 847/384/714
s 8
f 671/230/715 460/299/548 729/246/547
s 10
f 445/385/717 446/383/720 837/382/718
s 8
f 717/282/551 716/301/553 739/300/719
s 10
f 446/383/720 447/381/723 866/379/721
s 8
f 458/252/468 459/235/467 729/246/547
s 10
f 447/381/723 448/378/726 856/376/724
s 8
f 734/248/544 735/250/543 711/249/531
s 10
f 448/378/726 449/375/728 846/373/727
s 8
f 473/243/681 722/224/538 723/244/540
s 10
f 449/375/728 450/372/731 836/370/729
s 8
f 453/224/456 452/244/455 455/238/449
s 10
f 450/372/731 451/363/632 867/365/634
s 8
f 466/252/732 465/247/459 464/246/458
s 9
f 547/308/570 546/307/569 580/406/733
f 547/308/570 581/254/515 582/255/471
f 484/306/568 582/255/471 583/362/631
f 546/307/569 485/407/734 583/362/631
f 545/310/572 585/258/516 584/309/571
f 543/312/574 542/311/573 586/409/736
f 545/310/572 543/312/574 587/257/513
f 544/408/735 584/309/571 586/409/736
f 541/314/576 589/259/511 588/313/575
f 539/316/578 538/315/577 590/411/738
f 539/316/578 591/261/509 589/259/511
f 540/410/737 588/313/575 590/411/738
f 537/318/580 593/264/510 592/317/579
f 535/320/582 534/319/581 594/413/740
f 535/320/582 595/263/506 593/264/510
f 534/319/581 536/412/739 592/317/579
f 533/322/584 597/267/507 596/321/583
f 531/324/586 530/323/585 598/415/742
f 531/324/586 599/266/503 597/267/507
f 530/323/585 532/414/741 596/321/583
f 529/326/588 601/270/504 600/325/587
f 527/328/590 526/327/589 602/417/744
f 529/326/588 527/328/590 603/269/501
f 528/416/743 600/325/587 602/417/744
f 525/330/592 605/271/499 604/329/591
f 523/332/594 522/331/593 606/419/746
f 523/332/594 607/273/497 605/271/499
f 524/418/745 604/329/591 606/419/746
f 521/334/596 609/276/498 608/333/595
f 519/336/598 518/335/597 610/421/748
f 519/336/598 611/275/494 609/276/498
f 518/335/597 520/420/747 608/333/595
f 517/338/600 613/278/495 612/337/599
f 515/340/602 514/339/601 614/421/750
f 515/340/602 615/275/491 613/278/495
f 514/339/601 516/422/749 612/337/599
f 513/341/604 617/276/492 616/333/603
f 511/343/606 510/342/605 618/419/752
f 513/341/604 511/343/606 619/273/489
f 512/423/751 616/333/603 618/419/752
f 509/344/608 621/271/487 620/329/607
f 507/346/610 506/345/609 622/417/754
f 507/346/610 623/269/485 621/271/487
f 508/424/753 620/329/607 622/417/754
f 505/347/612 625/270/486 624/325/611
f 503/349/614 502/348/613 626/415/756
f 503/349/614 627/266/482 625/270/486
f 502/348/613 504/425/755 624/325/611
f 501/350/616 629/267/483 628/321/615
f 499/352/618 498/351/617 630/413/758
f 499/352/618 631/263/479 629/267/483
f 498/351/617 500/426/757 628/321/615
f 497/353/620 633/264/480 632/317/619
f 495/355/622 494/354/621 634/411/760
f 497/353/620 495/355/622 635/261/477
f 496/427/759 632/317/619 634/411/760
f 493/356/624 637/259/475 636/313/623
f 491/358/626 490/357/625 638/409/762
f 491/358/626 639/257/473 637/259/475
f 492/428/761 636/313/623 638/409/762
f 489/359/628 641/258/474 640/309/627
f 487/361/630 486/360/629 642/406/764
f 487/361/630 643/254/470 641/258/474
f 486/360/629 488/429/763 640/309/627
s 7
f 674/297/765 673/434/766 462/298/766
f 694/430/767 477/248/767 478/221/705
s 8
f 660/371/768 455/238/449 452/244/455
f 677/405/769 464/246/458 727/299/542
f 669/405/716 729/246/547 459/235/467
s 7
f 668/296/536 667/229/771 458/252/771
s 8
f 704/369/639 483/300/552 480/241/672
s 7
f 661/223/773 658/225/708 453/224/708
f 676/296/689 674/297/765 726/245/765
s 8
f 660/371/768 663/291/528 731/239/450
f 683/291/643 468/239/549 725/236/447
s 7
f 661/223/773 454/377/773 730/237/435
f 700/404/692 481/242/692 482/240/517
s 8
f 666/292/770 459/235/467 456/236/529
f 657/286/521 733/285/520 708/289/555
s 7
f 682/226/651 680/228/438 724/227/438
f 655/295/535 709/294/535 732/243/709
f 667/229/771 664/228/436 457/227/436
s 8
f 689/286/527 472/285/526 723/244/540
f 651/366/635 735/250/543 712/251/465
s 7
f 650/430/702 649/222/432 713/221/432
s 8
f 672/232/441 463/231/440 460/299/548
s 7
f 686/225/434 722/224/434 473/243/658
s 8
f 645/431/777 737/241/452 739/300/719
f 693/288/523 695/366/661 476/250/462
s 7
f 670/297/537 461/245/537 462/298/766
f 644/404/778 702/281/699 738/240/699
f 692/293/654 720/380/654 477/248/767
s 8
f 645/431/777 647/287/522 715/233/464
f 677/405/769 678/292/533 467/235/446
f 701/431/772 480/241/672 719/233/443
s 7
f 644/404/778 736/242/778 714/234/431
s 9
f 644/404/514 584/309/571 580/406/733
f 586/409/736 584/309/571 644/404/514
s 11
f 645/431/779 703/369/780 741/435/780
f 647/287/781 645/431/779 740/436/779
s 9
f 588/313/575 586/409/736 646/220/512
s 11
f 743/438/783 648/374/783 647/287/781
s 9
f 650/430/567 590/411/738 588/313/575
s 11
f 651/366/784 648/374/783 743/438/783
s 9
f 592/317/579 590/411/738 650/430/567
s 11
f 653/288/785 651/366/784 744/439/784
s 9
f 594/413/740 592/317/579 652/293/508
s 11
f 654/290/786 653/288/785 745/440/785
s 9
f 596/321/583 594/413/740 655/295/566
s 11
f 747/442/787 657/286/787 654/290/786
s 9
f 598/415/742 596/321/583 656/433/505
s 11
f 748/443/788 659/284/788 657/286/787
s 9
f 661/223/502 600/325/587 598/415/742
s 11
f 660/371/789 659/284/788 748/443/788
s 9
f 602/417/744 600/325/587 661/223/502
s 11
f 663/291/790 660/371/789 749/444/789
s 9
f 604/329/591 602/417/744 662/226/500
s 11
f 751/446/792 665/432/792 663/291/790
s 9
f 667/229/564 606/419/746 604/329/591
s 11
f 666/292/793 665/432/792 751/446/792
s 9
f 608/333/595 606/419/746 667/229/564
s 11
f 669/405/794 666/292/793 752/447/793
s 9
f 610/421/748 608/333/595 668/296/496
s 11
f 671/230/795 669/405/794 753/448/794
s 9
f 612/337/599 610/421/748 670/297/563
s 11
f 755/450/796 672/232/796 671/230/795
s 9
f 614/421/750 612/337/599 673/434/493
s 11
f 756/449/797 675/230/797 672/232/796
s 9
f 676/296/490 616/333/603 614/421/750
s 11
f 677/405/798 675/230/797 756/449/797
s 9
f 618/419/752 616/333/603 676/296/490
s 11
f 678/292/799 677/405/798 757/448/798
s 9
f 620/329/607 618/419/752 679/229/488
s 11
f 759/446/801 681/432/801 678/292/799
s 9
f 682/226/561 622/417/754 620/329/607
s 11
f 683/291/802 681/432/801 759/446/801
s 9
f 624/325/611 622/417/754 682/226/561
s 11
f 684/371/803 683/291/802 760/445/802
s 9
f 626/415/756 624/325/611 685/223/484
s 11
f 687/284/804 684/371/803 761/444/803
s 9
f 628/321/615 626/415/756 686/225/560
s 11
f 763/442/805 689/286/805 687/284/804
s 9
f 630/413/758 628/321/615 688/433/481
s 11
f 764/441/806 690/290/806 689/286/805
s 9
f 692/293/478 632/317/619 630/413/758
s 11
f 693/288/807 690/290/806 764/441/806
s 9
f 634/411/760 632/317/619 692/293/478
s 11
f 695/366/808 693/288/807 765/440/807
s 9
f 636/313/623 634/411/760 694/430/476
s 11
f 767/438/810 696/374/810 695/366/808
s 9
f 698/220/558 638/409/762 636/313/623
s 11
f 699/287/811 696/374/810 767/438/810
s 9
f 640/309/627 638/409/762 698/220/558
s 11
f 701/431/812 699/287/811 768/437/811
s 9
f 642/406/764 640/309/627 700/404/472
s 11
f 704/369/813 701/431/812 769/436/812
f 741/435/780 703/369/780 706/368/814
s 9
f 580/406/733 583/362/631 707/283/469
f 583/362/631 642/406/764 705/281/557
s 11
f 771/451/814 706/368/814 704/369/813
s 12
f 750/445/57 749/444/57 814/452/57
f 751/446/57 750/445/57 815/453/57
f 751/446/57 816/456/57 817/459/57
f 752/447/57 817/459/57 818/462/57
f 754/449/57 753/448/57 818/462/57
f 754/449/57 819/465/57 820/468/57
f 755/450/57 820/468/57 821/465/57
f 756/449/57 821/465/57 822/462/57
f 758/447/57 757/448/57 822/462/57
f 759/446/57 758/447/57 823/459/57
f 759/446/57 824/456/57 825/453/57
f 760/445/57 825/453/57 826/452/57
f 762/443/57 761/444/57 826/452/57
f 762/443/57 827/474/57 828/442/57
s 14
f 805/475/815 835/476/816 773/463/816
f 804/476/817 805/475/815 772/464/815
f 835/476/816 834/477/818 774/470/818
f 834/477/818 833/478/819 775/473/819
f 833/478/819 832/484/820 776/469/820
f 776/469/820 832/484/820 831/479/821
f 831/479/821 830/480/822 778/461/822
f 830/480/822 829/482/823 779/481/823
f 829/482/823 828/442/824 780/454/824
f 828/442/824 827/474/825 781/455/825
f 827/474/825 826/452/826 782/466/826
f 826/452/826 825/453/827 783/471/827
f 825/453/827 824/456/828 784/472/828
f 784/472/828 824/456/828 823/459/829
f 823/459/829 822/462/830 786/457/830
f 822/462/830 821/465/831 787/458/831
f 821/465/831 820/468/832 788/483/832
f 820/468/832 819/465/833 789/458/833
f 819/465/833 818/462/834 790/457/834
f 818/462/834 817/459/835 791/467/835
f 817/459/835 816/456/836 792/472/836
f 792/472/836 816/456/836 815/453/837
f 815/453/837 814/452/838 794/466/838
f 814/452/838 813/474/839 795/455/839
f 813/474/839 812/442/840 796/454/840
f 812/442/840 811/482/841 797/481/841
f 811/482/841 810/480/842 798/461/842
f 810/480/842 809/479/843 799/460/843
f 809/479/843 808/484/844 800/469/844
f 800/469/844 808/484/844 807/478/845
f 807/478/845 806/477/846 802/470/846
f 806/477/846 804/476/817 803/463/817
s 12
f 748/443/57 813/474/57 814/452/57
f 747/442/57 812/442/57 813/474/57
f 746/441/57 811/482/57 812/442/57
f 746/441/57 745/440/57 810/480/57
f 770/435/57 835/476/57 805/475/57
f 744/439/57 809/479/57 810/480/57
f 771/451/57 805/475/57 804/476/57
f 743/438/57 808/484/57 809/479/57
f 770/435/57 769/436/57 834/477/57
f 743/438/57 742/437/57 807/478/57
f 768/437/57 833/478/57 834/477/57
f 742/437/57 740/436/57 806/477/57
f 767/438/57 832/484/57 833/478/57
f 741/435/57 804/476/57 806/477/57
f 767/438/57 766/439/57 831/479/57
f 766/439/57 765/440/57 830/480/57
f 764/441/57 829/482/57 830/480/57
f 763/442/57 828/442/57 829/482/57
s 10
f 836/370/729 867/365/634 548/302/847
f 846/373/727 836/370/729 579/256/848
f 856/376/724 846/373/727 578/280/849
f 866/379/721 856/376/724 577/485/850
f 837/382/718 866/379/721 576/260/851
f 847/384/714 837/382/718 575/262/852
f 865/386/711 847/384/714 574/303/853
f 838/388/707 865/386/711 573/265/854
f 848/390/704 838/388/707 572/304/855
f 864/392/701 848/390/704 571/268/856
f 839/394/698 864/392/701 570/279/857
f 849/396/695 839/394/698 569/486/858
f 863/398/691 849/396/695 568/272/859
f 840/400/688 863/398/691 567/274/860
f 850/402/685 840/400/688 566/305/861
f 862/400/683 850/402/685 565/277/862
f 841/398/680 862/400/683 564/305/863
f 851/396/677 841/398/680 563/274/864
f 861/394/675 851/396/677 562/272/865
f 842/392/671 861/394/675 561/486/866
f 852/390/669 842/392/671 560/279/867
f 860/388/667 852/390/669 559/268/868
f 843/386/663 860/388/667 558/304/869
f 853/384/660 843/386/663 557/265/870
f 859/382/657 853/384/660 556/303/871
f 844/379/653 859/382/657 555/262/872
f 854/376/650 844/379/653 554/260/873
f 858/373/645 854/376/650 553/485/874
f 845/370/641 858/373/645 552/280/875
f 855/365/637 845/370/641 551/256/876
f 857/364/633 855/365/637 550/302/877
f 867/365/634 857/364/633 549/253/878
s 15
f 873/487/879 875/490/880 882/488/880
f 875/490/880 874/492/881 883/491/881
f 874/492/881 872/494/887 881/493/882
f 885/489/883 887/488/884 878/490/884
f 887/488/884 886/491/885 879/492/885
f 886/491/885 884/493/888 877/494/886
f 893/495/887 895/498/881 890/496/881
f 895/498/881 894/500/880 891/499/880
f 894/500/880 892/502/879 889/501/879
f 901/497/888 903/496/885 898/498/885
f 903/496/885 902/499/884 899/500/884
f 902/499/884 900/501/883 897/502/883
f 880/489/879 889/501/879 892/502/879
f 877/494/886 884/493/888 881/493/882
f 876/487/883 897/502/883 900/501/883
f 888/497/887 870/497/57 871/495/57
f 896/495/888 868/495/57 869/497/57
s 16
f 918/503/889 911/507/889 909/504/890
f 919/506/891 910/509/891 911/507/889
f 917/508/892 908/510/892 910/509/891
f 914/507/893 923/503/893 921/505/894
f 915/509/895 922/506/895 923/503/893
f 913/510/896 920/508/896 922/506/895
f 926/511/891 931/515/891 929/512/892
f 927/514/889 930/517/889 931/515/891
f 925/516/890 928/518/890 930/517/889
f 934/515/895 939/511/895 937/513/896
f 935/517/893 938/514/893 939/511/895
f 933/518/894 936/516/894 938/514/893
f 928/518/890 925/516/890 916/505/890
f 917/508/892 920/508/896 913/510/896
f 936/516/894 933/518/894 912/504/894
f 907/512/357 906/513/357 924/513/892
f 905/513/357 904/512/357 932/512/896
s 17
f 868/495/897 904/512/897 905/513/897
s 18
f 870/497/898 906/513/898 907/512/898
s 19
f 880/489/899 882/488/899 918/503/899
s 20
f 873/487/900 909/504/900 911/507/900
s 19
f 883/491/899 919/506/899 918/503/899
s 20
f 874/492/900 875/490/900 911/507/900
s 19
f 881/493/899 917/508/899 919/506/899
s 20
f 872/494/900 874/492/900 910/509/900
f 876/487/900 878/490/900 914/507/900
s 19
f 885/489/899 921/505/899 923/503/899
s 20
f 879/492/900 915/509/900 914/507/900
s 19
f 886/491/899 887/488/899 923/503/899
s 20
f 877/494/900 913/510/900 915/509/900
s 19
f 884/493/899 886/491/899 922/506/899
f 890/496/899 926/511/899 924/513/899
s 20
f 895/498/900 893/495/900 929/512/900
s 19
f 890/496/899 891/499/899 927/514/899
s 20
f 895/498/900 931/515/900 930/517/900
s 19
f 891/499/899 889/501/899 925/516/899
s 20
f 894/500/900 930/517/900 928/518/900
f 898/498/900 934/515/900 932/512/900
s 19
f 903/496/899 901/497/899 937/513/899
s 20
f 898/498/900 899/500/900 935/517/900
s 19
f 903/496/899 939/511/899 938/514/899
s 20
f 899/500/900 897/502/900 933/518/900
s 19
f 902/499/899 938/514/899 936/516/899
s 20
f 892/502/900 928/518/900 909/504/900
s 19
f 889/501/899 880/489/899 916/505/899
s 20
f 872/494/900 908/510/900 913/510/900
s 19
f 884/493/899 920/508/899 917/508/899
f 900/501/899 936/516/899 921/505/899
s 20
f 897/502/900 876/487/900 912/504/900
f 893/495/900 871/495/900 907/512/900
s 19
f 888/497/899 924/513/899 906/513/899
f 901/497/899 869/497/899 905/513/899
s 20
f 896/495/900 932/512/900 904/512/900
s 21
f 952/519/901 945/545/901 947/520/902
f 947/520/902 946/587/903 955/522/903
f 955/522/903 946/587/903 944/523/904
f 948/525/905 957/547/905 959/526/906
f 950/527/906 959/526/906 958/528/907
f 958/528/907 956/546/908 949/530/908
f 960/531/909 965/549/920 967/532/910
f 962/533/911 967/532/910 966/534/912
f 963/535/913 966/534/912 964/536/901
f 973/538/914 975/541/917 970/539/915
f 975/541/917 974/543/919 971/542/918
f 974/543/919 972/548/905 969/544/905
f 952/519/901 961/537/901 964/536/901
f 944/523/904 949/530/908 956/546/908
f 957/547/905 948/525/905 969/544/905
f 965/549/920 960/531/909 942/550/921
f 968/540/916 940/590/922 941/552/922
s 22
f 990/553/923 983/557/923 981/554/924
f 991/556/925 982/559/925 983/557/923
f 991/556/925 989/581/926 980/558/926
f 984/560/927 986/563/928 995/561/928
f 986/563/928 987/566/929 994/564/929
f 985/565/930 992/588/930 994/564/929
f 996/567/931 998/570/934 1003/568/932
f 998/570/934 999/573/936 1002/571/935
f 997/572/924 1000/589/924 1002/571/935
f 1006/574/937 1011/578/941 1009/575/938
f 1007/577/940 1010/580/942 1011/578/941
f 1005/579/927 1008/582/927 1010/580/942
f 981/554/924 1000/589/924 997/572/924
f 989/581/926 992/588/930 985/565/930
f 1008/582/927 1005/579/927 984/560/927
f 1001/569/933 979/586/943 978/583/943
f 977/584/944 976/585/944 1004/576/939
s 23
f 941/552/945 940/590/945 976/585/945
s 24
f 942/550/946 978/583/946 979/586/946
s 25
f 952/519/947 954/521/947 990/553/947
s 26
f 945/545/948 981/554/948 983/557/948
s 25
f 955/522/949 991/556/947 990/553/947
s 26
f 947/520/948 983/557/948 982/559/948
s 25
f 953/524/947 989/581/947 991/556/947
s 26
f 944/523/948 946/587/948 982/559/948
f 948/525/948 950/527/948 986/563/948
s 25
f 957/547/947 993/562/947 995/561/949
s 26
f 950/527/948 951/529/948 987/566/948
s 25
f 959/526/947 995/561/949 994/564/949
s 26
f 949/530/948 985/565/948 987/566/948
s 25
f 956/546/949 958/528/947 994/564/949
f 962/533/950 998/570/957 996/567/951
s 26
f 967/532/953 965/549/972 1001/569/954
s 25
f 963/535/956 999/573/960 998/570/957
s 26
f 966/534/958 967/532/953 1003/568/955
s 25
f 963/535/956 961/537/947 997/572/947
s 26
f 966/534/958 1002/571/959 1000/589/948
f 970/539/961 1006/574/968 1004/576/962
s 25
f 975/541/964 973/538/975 1009/575/965
s 26
f 971/542/967 1007/577/971 1006/574/968
s 25
f 974/543/969 975/541/964 1011/578/966
s 26
f 971/542/967 969/544/948 1005/579/948
s 25
f 974/543/969 1010/580/970 1008/582/947
s 26
f 964/536/948 1000/589/948 981/554/948
s 25
f 961/537/947 952/519/947 988/555/947
s 26
f 944/523/948 980/558/948 985/565/948
s 25
f 956/546/949 992/588/949 989/581/947
f 972/548/947 1008/582/947 993/562/947
s 26
f 969/544/948 948/525/948 984/560/948
f 965/549/972 943/551/973 979/586/973
s 25
f 960/531/952 996/567/951 978/583/974
f 973/538/975 941/552/976 977/584/976
s 26
f 968/540/963 1004/576/962 976/585/977
s 27
f 1024/519/978 1026/521/979 1019/520/979
f 1027/522/980 1018/587/980 1019/520/979
f 1027/522/980 1025/524/981 1016/523/981
f 1020/525/982 1022/527/983 1031/526/983
f 1022/527/983 1023/529/984 1030/528/984
f 1021/530/985 1028/546/985 1030/528/984
f 1032/531/986 1034/533/989 1039/532/987
f 1034/533/989 1035/535/991 1038/534/990
f 1035/535/991 1033/537/978 1036/536/978
f 1042/539/992 1047/541/996 1045/538/993
f 1043/542/995 1046/543/997 1047/541/996
f 1041/544/982 1044/548/982 1046/543/997
f 1036/536/978 1033/537/978 1024/519/978
f 1016/523/981 1025/524/981 1028/546/985
f 1029/547/982 1044/548/982 1041/544/982
f 1037/549/988 1015/551/998 1014/550/998
f 1013/552/999 1012/590/999 1040/540/994
s 28
f 1053/554/1000 1055/557/1001 1062/553/1001
f 1055/557/1001 1054/559/1002 1063/556/1002
f 1063/556/1002 1054/559/1002 1052/558/1003
f 1065/562/1004 1067/561/1005 1058/563/1005
f 1058/563/1005 1067/561/1005 1066/564/1006
f 1066/564/1006 1064/588/1007 1057/565/1007
f 1068/567/1008 1073/569/1019 1075/568/1009
f 1070/570/1010 1075/568/1009 1074/571/1011
f 1074/571/1011 1072/589/1000 1069/572/1000
f 1081/575/1013 1083/578/1016 1078/574/1014
f 1083/578/1016 1082/580/1018 1079/577/1017
f 1082/580/1018 1080/582/1004 1077/579/1004
f 1053/554/1000 1060/555/1000 1069/572/1000
f 1057/565/1007 1064/588/1007 1061/581/1003
f 1056/560/1004 1077/579/1004 1080/582/1004
f 1073/569/1019 1068/567/1008 1050/583/1020
f 1076/576/1015 1048/585/1021 1049/584/1021
s 29
f 1013/552/1022 1049/584/1022 1048/585/1022
s 30
f 1051/586/1023 1050/583/1023 1014/550/1023
s 31
f 1024/519/1024 1060/555/1024 1062/553/1024
s 32
f 1055/557/1025 1053/554/1025 1017/545/1025
s 31
f 1026/521/1024 1062/553/1024 1063/556/1026
s 32
f 1054/559/1025 1055/557/1025 1019/520/1025
s 31
f 1063/556/1026 1061/581/1024 1025/524/1024
s 32
f 1016/523/1025 1052/558/1025 1054/559/1025
f 1020/525/1025 1056/560/1025 1058/563/1025
s 31
f 1067/561/1024 1065/562/1026 1029/547/1024
s 32
f 1022/527/1025 1058/563/1025 1059/566/1025
s 31
f 1030/528/1024 1066/564/1026 1067/561/1024
s 32
f 1059/566/1025 1057/565/1025 1021/530/1025
s 31
f 1028/546/1026 1064/588/1026 1066/564/1026
f 1068/567/1028 1070/570/1034 1034/533/1029
s 32
f 1039/532/1031 1075/568/1037 1073/569/1032
s 31
f 1070/570/1034 1071/573/1189 1035/535/1035
s 32
f 1038/534/1036 1074/571/1190 1075/568/1037
s 31
f 1035/535/1035 1071/573/1189 1069/572/1024
s 32
f 1072/589/1025 1074/571/1190 1038/534/1036
f 1076/576/1038 1078/574/1044 1042/539/1039
s 31
f 1047/541/1041 1083/578/1047 1081/575/1042
s 32
f 1078/574/1044 1079/577/1191 1043/542/1045
s 31
f 1046/543/1046 1082/580/1192 1083/578/1047
s 32
f 1043/542/1045 1079/577/1191 1077/579/1025
s 31
f 1080/582/1024 1082/580/1192 1046/543/1046
s 32
f 1053/554/1025 1072/589/1025 1036/536/1025
s 31
f 1033/537/1024 1069/572/1024 1060/555/1024
s 32
f 1057/565/1025 1052/558/1025 1016/523/1025
s 31
f 1061/581/1024 1064/588/1026 1028/546/1026
f 1065/562/1026 1080/582/1024 1044/548/1024
s 32
f 1041/544/1025 1077/579/1025 1056/560/1025
f 1037/549/1033 1073/569/1032 1051/586/1048
s 31
f 1050/583/1049 1068/567/1028 1032/531/1030
f 1045/538/1043 1081/575/1042 1049/584/1051
s 32
f 1048/585/1052 1076/576/1038 1040/540/1040
s 0
f 1087/591/1053 1086/595/1053 1084/592/1053
f 1089/594/897 1088/597/897 1086/595/897
f 1091/596/1054 1090/598/1054 1088/597/1054
f 1093/596/900 1092/598/900 1090/598/900
f 1095/594/1055 1094/597/1055 1092/598/1055
f 1097/591/898 1096/595/898 1094/597/898
f 1099/593/1056 1098/592/1056 1096/595/1056
f 1099/593/899 1085/593/899 1084/592/899
f 1101/592/1056 1103/595/1056 1104/591/1056
f 1103/595/898 1105/597/898 1106/594/898
f 1105/597/1055 1107/598/1055 1108/596/1055
f 1107/598/900 1109/598/900 1110/596/900
f 1109/598/1054 1111/597/1054 1112/594/1054
f 1111/597/897 1113/595/897 1114/591/897
f 1113/595/1053 1115/592/1053 1116/593/1053
f 1101/592/899 1102/593/899 1116/593/899
f 1118/600/1054 1120/603/1054 1121/601/1054
f 1120/603/897 1122/605/897 1123/604/897
f 1122/605/1053 1124/607/1053 1125/606/1053
f 1124/607/899 1126/607/899 1127/606/899
f 1126/607/1056 1128/605/1056 1129/604/1056
f 1128/605/898 1130/603/898 1131/601/898
f 1130/603/1055 1132/600/1055 1133/602/1055
f 1118/600/900 1119/602/900 1133/602/900
f 1138/601/1055 1137/603/1055 1135/600/1055
f 1140/604/898 1139/605/898 1137/603/898
f 1142/606/1056 1141/607/1056 1139/605/1056
f 1144/606/899 1143/607/899 1141/607/899
f 1146/604/1053 1145/605/1053 1143/607/1053
f 1148/601/897 1147/603/897 1145/605/897
f 1150/602/1054 1149/600/1054 1147/603/1054
f 1150/602/900 1136/602/900 1135/600/900
f 1155/609/1057 1154/613/1057 1152/610/1057
f 1157/612/1058 1156/615/1058 1154/613/1058
f 1157/612/1059 1159/616/1059 1158/614/1059
f 1159/616/357 1161/618/357 1160/617/357
f 1161/618/1060 1163/621/1060 1162/619/1060
f 1165/620/1061 1164/623/1061 1162/619/1061
f 1167/622/1062 1166/627/1062 1164/623/1062
f 1166/627/57 1167/622/57 1153/611/57
f 1168/628/1064 1170/629/1064 1171/625/1064
f 1170/629/1065 1172/674/1065 1173/630/1065
f 1173/630/1066 1172/674/1066 1174/631/1066
f 1175/632/357 1174/631/357 1176/633/357
f 1177/634/1067 1176/633/1067 1178/635/1067
f 1178/635/1068 1180/638/1068 1181/637/1068
f 1180/638/1069 1182/643/1069 1183/639/1069
f 1182/643/57 1168/628/57 1169/624/57
f 1184/644/1059 1186/645/1059 1187/641/1059
f 1186/645/1058 1188/675/1058 1189/646/1058
f 1189/646/1057 1188/675/1057 1190/647/1057
f 1191/648/57 1190/647/57 1192/649/57
f 1193/650/1062 1192/649/1062 1194/651/1062
f 1194/651/1061 1196/676/1061 1197/653/1061
f 1197/653/1060 1196/676/1060 1198/654/1060
f 1198/654/357 1184/644/357 1185/640/357
f 1203/659/1066 1202/662/1066 1200/660/1066
f 1205/661/1065 1204/664/1065 1202/662/1065
f 1205/661/1064 1207/665/1064 1206/663/1064
f 1207/665/57 1209/667/57 1208/666/57
f 1209/667/1069 1211/670/1069 1210/668/1069
f 1213/669/1068 1212/672/1068 1210/668/1068
f 1213/669/1067 1215/657/1067 1214/671/1067
f 1214/671/357 1215/657/357 1201/656/357
f 1220/610/1069 1222/613/1069 1223/609/1069
f 1222/613/1068 1224/615/1068 1225/612/1068
f 1225/612/1067 1224/615/1067 1226/614/1067
f 1227/616/357 1226/614/357 1228/617/357
f 1229/618/1066 1228/617/1066 1230/619/1066
f 1230/619/1065 1232/623/1065 1233/620/1065
f 1232/623/1064 1234/627/1064 1235/622/1064
f 1234/627/57 1220/610/57 1221/611/57
f 1239/625/1062 1238/629/1062 1236/628/1062
f 1241/630/1061 1240/674/1061 1238/629/1061
f 1241/630/1060 1243/632/1060 1242/631/1060
f 1243/632/357 1245/634/357 1244/633/357
f 1245/634/1059 1247/636/1059 1246/635/1059
f 1249/637/1058 1248/638/1058 1246/635/1058
f 1251/639/1057 1250/643/1057 1248/638/1057
f 1250/643/57 1251/639/57 1237/624/57
f 1255/641/1067 1254/645/1067 1252/644/1067
f 1257/646/1068 1256/675/1068 1254/645/1068
f 1257/646/1069 1259/648/1069 1258/647/1069
f 1259/648/57 1261/650/57 1260/649/57
f 1261/650/1064 1263/652/1064 1262/651/1064
f 1265/653/1065 1264/676/1065 1262/651/1065
f 1265/653/1066 1267/655/1066 1266/654/1066
f 1266/654/357 1267/655/357 1253/640/357
f 1268/660/1060 1270/662/1060 1271/659/1060
f 1270/662/1061 1272/664/1061 1273/661/1061
f 1273/661/1062 1272/664/1062 1274/663/1062
f 1275/665/57 1274/663/57 1276/666/57
f 1277/667/1057 1276/666/1057 1278/668/1057
f 1278/668/1058 1280/672/1058 1281/669/1058
f 1281/669/1059 1280/672/1059 1282/671/1059
f 1282/671/357 1268/660/357 1269/656/357
s 10
f 436/403/687 1304/692/1101 1305/677/1073
f 444/387/713 443/389/710 1311/678/1074
f 423/375/649 1291/691/1102 1292/679/1076
f 450/372/731 1318/690/1103 1319/680/1077
f 430/391/670 1298/689/1104 1299/681/1078
f 437/401/690 1305/677/1073 1306/682/1079
f 444/387/713 1312/387/1075 1313/683/1080
f 425/381/656 424/378/652 1292/679/1076
f 420/367/636 451/363/632 1319/680/1077
f 431/393/674 1299/681/1078 1300/686/1083
f 438/399/694 1306/682/1079 1307/687/1084
f 445/385/717 1313/683/1080 1314/688/1085
f 425/381/656 1293/684/1081 1294/688/1086
f 433/397/679 432/395/676 1300/686/1083
f 439/397/697 1307/687/1084 1308/686/1088
f 446/383/720 1314/688/1085 1315/684/1089
f 426/383/659 1294/688/1086 1295/683/1090
f 420/367/636 1288/685/1082 1289/680/1091
f 433/397/679 1301/687/1087 1302/682/1092
f 441/393/703 440/395/700 1308/686/1088
f 447/381/723 1315/684/1089 1316/679/1094
f 428/387/666 427/385/662 1295/683/1090
f 434/399/682 1302/682/1092 1303/677/1096
f 441/393/703 1309/681/1093 1310/689/1097
f 421/363/640 1289/680/1091 1290/690/1098
f 449/375/728 448/378/726 1316/679/1094
f 428/387/666 1296/387/1095 1297/678/1100
f 436/403/687 435/401/684 1303/677/1096
f 442/391/706 1310/689/1097 1311/678/1074
f 422/372/644 1290/690/1098 1291/691/1102
f 449/375/728 1317/691/1099 1318/690/1103
f 429/389/668 1297/678/1100 1298/689/1104
f 1353/693/1105 1320/710/1134 1321/694/1106
f 1354/696/1108 1355/709/1167 1347/697/1109
f 1357/699/1111 1334/708/1168 1335/700/1112
f 1358/702/1114 1352/695/1107 1321/694/1106
f 1354/696/1108 1348/698/1110 1349/704/1116
f 1356/701/1113 1335/700/1112 1336/706/1118
f 1358/702/1114 1322/703/1115 1323/704/1120
f 1359/705/1117 1349/704/1116 1350/703/1122
f 1360/707/1119 1336/706/1118 1337/700/1124
f 1364/696/1126 1361/705/1121 1323/704/1120
f 1362/702/1123 1350/703/1122 1351/694/1128
f 1366/699/1130 1363/701/1125 1337/700/1124
f 1364/696/1126 1324/698/1127 1325/697/1132
f 1365/695/1129 1351/694/1128 1320/710/1134
f 1366/699/1130 1338/708/1131 1339/711/1135
f 1367/709/1133 1325/697/1132 1326/713/1137
f 1370/715/1139 1368/712/1136 1339/711/1135
f 1369/714/1138 1326/713/1137 1327/717/1141
f 1370/715/1139 1340/716/1140 1341/719/1143
f 1371/718/1142 1327/717/1141 1328/721/1145
f 1372/720/1144 1341/719/1143 1342/723/1147
f 1373/722/1146 1328/721/1145 1329/725/1149
f 1374/724/1148 1342/723/1147 1343/725/1151
f 1377/724/1153 1375/726/1150 1329/725/1149
f 1376/726/1152 1343/725/1151 1344/721/1155
f 1377/724/1153 1330/723/1154 1331/719/1157
f 1378/722/1156 1344/721/1155 1345/717/1159
f 1381/715/1161 1379/720/1158 1331/719/1157
f 1382/714/1163 1380/718/1160 1345/717/1159
f 1381/715/1161 1332/716/1162 1333/711/1165
f 1382/714/1163 1346/713/1164 1347/697/1109
f 1383/712/1166 1333/711/1165 1334/708/1168
f 1301/687/1087 1383/712/1166 1357/699/1111
f 1314/688/1085 1382/714/1163 1355/709/1167
f 1300/686/1083 1381/715/1161 1383/712/1166
f 1313/683/1080 1380/718/1160 1382/714/1163
f 1299/681/1078 1379/720/1158 1381/715/1161
f 1312/387/1075 1378/722/1156 1380/718/1160
f 1298/689/1104 1377/724/1153 1379/720/1158
f 1311/678/1074 1376/726/1152 1378/722/1156
f 1297/678/1100 1375/726/1150 1377/724/1153
f 1310/689/1097 1374/724/1148 1376/726/1152
f 1296/387/1095 1373/722/1146 1375/726/1150
f 1309/681/1093 1372/720/1144 1374/724/1148
f 1295/683/1090 1371/718/1142 1373/722/1146
f 1308/686/1088 1370/715/1139 1372/720/1144
f 1294/688/1086 1369/714/1138 1371/718/1142
f 1307/687/1084 1368/712/1136 1370/715/1139
f 1293/684/1081 1367/709/1133 1369/714/1138
f 1306/682/1079 1366/699/1130 1368/712/1136
f 1319/680/1077 1365/695/1129 1353/693/1105
f 1292/679/1076 1364/696/1126 1367/709/1133
f 1305/677/1073 1363/701/1125 1366/699/1130
f 1318/690/1103 1362/702/1123 1365/695/1129
f 1291/691/1102 1361/705/1121 1364/696/1126
f 1304/692/1101 1360/707/1119 1363/701/1125
f 1317/691/1099 1359/705/1117 1362/702/1123
f 1290/690/1098 1358/702/1114 1361/705/1121
f 1303/677/1096 1356/701/1113 1360/707/1119
f 1316/679/1094 1354/696/1108 1359/705/1117
f 1289/680/1091 1352/695/1107 1358/702/1114
f 1302/682/1092 1357/699/1111 1356/701/1113
f 1315/684/1089 1355/709/1167 1354/696/1108
f 1288/685/1082 1353/693/1105 1352/695/1107
