# Blender 4.5.2 LTS
# www.blender.org
mtllib metal_garbage_can_01_medium.mtl
g metal_garbage_can_01_medium_Mesh
v -0.076961 0.427678 -0.185801
v -0.111731 0.427678 -0.167217
v -0.142206 0.427678 -0.142206
v -0.167217 0.427678 -0.111731
v -0.185801 0.427678 -0.076961
v -0.197245 0.427678 -0.039235
v -0.201110 0.427678 0.000000
v -0.197245 0.427678 0.039235
v -0.185801 0.427678 0.076961
v -0.167217 0.427678 0.111731
v -0.142206 0.427678 0.142206
v -0.111731 0.427678 0.167217
v -0.076961 0.427678 0.185801
v -0.039235 0.427678 0.197245
v 0.000000 0.427678 0.201110
v 0.039235 0.427678 0.197245
v 0.076961 0.427678 0.185801
v 0.111731 0.427678 0.167217
v 0.142206 0.427678 0.142206
v 0.167217 0.427678 0.111731
v 0.185801 0.427678 0.076961
v 0.197245 0.427678 0.039235
v 0.201110 0.427678 0.000000
v 0.197245 0.427678 -0.039235
v 0.185801 0.427678 -0.076961
v 0.167217 0.427678 -0.111731
v 0.142206 0.427678 -0.142206
v 0.111731 0.427678 -0.167217
v 0.076961 0.427678 -0.185801
v 0.000000 0.427678 -0.201110
v 0.039235 0.427678 -0.197245
v 0.000000 0.471271 -0.128451
v 0.025060 0.471271 -0.125983
v 0.049156 0.471271 -0.118674
v 0.071364 0.471271 -0.106803
v 0.090829 0.471271 -0.090829
v 0.106803 0.471271 -0.071364
v 0.118674 0.471271 -0.049156
v 0.125983 0.471271 -0.025060
v 0.128451 0.471271 0.000000
v 0.125983 0.471271 0.025060
v 0.118674 0.471271 0.049156
v 0.106803 0.471271 0.071364
v 0.090829 0.471271 0.090829
v 0.071364 0.471271 0.106803
v 0.049156 0.471271 0.118674
v 0.025060 0.471271 0.125983
v -0.000000 0.471271 0.128451
v -0.025060 0.471271 0.125983
v -0.049156 0.471271 0.118674
v -0.071364 0.471271 0.106803
v -0.090829 0.471271 0.090829
v -0.106803 0.471271 0.071364
v -0.118674 0.471271 0.049156
v -0.125983 0.471271 0.025060
v -0.128451 0.471271 -0.000000
v -0.125983 0.471271 -0.025060
v -0.118674 0.471271 -0.049156
v -0.106803 0.471271 -0.071364
v -0.090829 0.471271 -0.090829
v -0.071364 0.471271 -0.106803
v -0.049156 0.471271 -0.118674
v -0.025060 0.471271 -0.125983
v -0.039235 0.427678 -0.197245
v 0.033767 0.460417 -0.169756
v 0.000000 0.460417 -0.173082
v 0.066236 0.460417 -0.159907
v 0.096159 0.460417 -0.143912
v 0.122387 0.460417 -0.122387
v 0.143912 0.460417 -0.096159
v 0.159907 0.460417 -0.066236
v 0.169756 0.460417 -0.033767
v 0.173082 0.460417 0.000000
v 0.169756 0.460417 0.033767
v 0.159907 0.460417 0.066236
v 0.143912 0.460417 0.096159
v 0.122387 0.460417 0.122387
v 0.096159 0.460417 0.143912
v 0.066236 0.460417 0.159907
v 0.033767 0.460417 0.169756
v 0.000000 0.460417 0.173082
v -0.033767 0.460417 0.169756
v -0.066236 0.460417 0.159907
v -0.096159 0.460417 0.143912
v -0.122387 0.460417 0.122387
v -0.143912 0.460417 0.096159
v -0.159907 0.460417 0.066236
v -0.169756 0.460417 0.033767
v -0.173082 0.460417 0.000000
v -0.169756 0.460417 -0.033767
v -0.159907 0.460417 -0.066236
v -0.143912 0.460417 -0.096159
v -0.122387 0.460417 -0.122387
v -0.096159 0.460417 -0.143912
v -0.066236 0.460417 -0.159907
v -0.033767 0.460417 -0.169756
v 0.031752 0.466463 -0.159626
v 0.000000 0.466463 -0.162753
v 0.062283 0.466463 -0.150364
v 0.090421 0.466463 -0.135324
v 0.115084 0.466463 -0.115084
v 0.135324 0.466463 -0.090421
v 0.150364 0.466463 -0.062283
v 0.159626 0.466463 -0.031752
v 0.162753 0.466463 0.000000
v 0.159626 0.466463 0.031752
v 0.150364 0.466463 0.062283
v 0.135324 0.466463 0.090421
v 0.115084 0.466463 0.115084
v 0.090421 0.466463 0.135324
v 0.062283 0.466463 0.150364
v 0.031752 0.466463 0.159626
v 0.000000 0.466463 0.162753
v -0.031752 0.466463 0.159626
v -0.062283 0.466463 0.150364
v -0.090421 0.466463 0.135324
v -0.115084 0.466463 0.115084
v -0.135324 0.466463 0.090421
v -0.150364 0.466463 0.062283
v -0.159626 0.466463 0.031752
v -0.162753 0.466463 0.000000
v -0.159626 0.466463 -0.031752
v -0.150364 0.466463 -0.062283
v -0.135324 0.466463 -0.090421
v -0.115084 0.466463 -0.115084
v -0.090421 0.466463 -0.135324
v -0.062283 0.466463 -0.150364
v -0.031752 0.466463 -0.159626
v 0.027740 0.466463 -0.139456
v 0.000000 0.466463 -0.142188
v 0.054413 0.466463 -0.131365
v 0.078996 0.466463 -0.118225
v 0.100542 0.466463 -0.100542
v 0.118225 0.466463 -0.078996
v 0.131365 0.466463 -0.054413
v 0.139456 0.466463 -0.027740
v 0.142188 0.466463 0.000000
v 0.139456 0.466463 0.027740
v 0.131365 0.466463 0.054413
v 0.118225 0.466463 0.078996
v 0.100542 0.466463 0.100542
v 0.078996 0.466463 0.118225
v 0.054413 0.466463 0.131365
v 0.027740 0.466463 0.139456
v -0.000000 0.466463 0.142188
v -0.027740 0.466463 0.139456
v -0.054413 0.466463 0.131365
v -0.078996 0.466463 0.118225
v -0.100542 0.466463 0.100542
v -0.118225 0.466463 0.078996
v -0.131365 0.466463 0.054413
v -0.139456 0.466463 0.027740
v -0.142188 0.466463 -0.000000
v -0.139456 0.466463 -0.027740
v -0.131365 0.466463 -0.054413
v -0.118225 0.466463 -0.078996
v -0.100542 0.466463 -0.100542
v -0.078996 0.466463 -0.118225
v -0.054413 0.466463 -0.131365
v -0.027740 0.466463 -0.139456
v 0.000000 0.471271 -0.000000
v 0.037197 0.460417 -0.187004
v 0.038188 0.456223 -0.191982
v 0.037834 0.459189 -0.190204
v 0.000000 0.456223 -0.195743
v 0.000000 0.460417 -0.190667
v 0.000000 0.459189 -0.193930
v 0.072965 0.460417 -0.176154
v 0.074908 0.456223 -0.180843
v 0.074214 0.459189 -0.179168
v 0.105929 0.460417 -0.158534
v 0.108749 0.456223 -0.162755
v 0.107742 0.459189 -0.161247
v 0.134822 0.460417 -0.134822
v 0.138412 0.456223 -0.138412
v 0.137129 0.459189 -0.137129
v 0.158534 0.460417 -0.105929
v 0.162755 0.456223 -0.108749
v 0.161247 0.459189 -0.107742
v 0.176154 0.460417 -0.072965
v 0.180843 0.456223 -0.074908
v 0.179168 0.459189 -0.074214
v 0.187004 0.460417 -0.037197
v 0.191982 0.456223 -0.038188
v 0.190204 0.459189 -0.037834
v 0.190667 0.460417 0.000000
v 0.195743 0.456223 0.000000
v 0.193930 0.459189 0.000000
v 0.187004 0.460417 0.037197
v 0.191982 0.456223 0.038188
v 0.190204 0.459189 0.037834
v 0.176154 0.460417 0.072965
v 0.180843 0.456223 0.074908
v 0.179168 0.459189 0.074214
v 0.158534 0.460417 0.105929
v 0.162755 0.456223 0.108749
v 0.161247 0.459189 0.107742
v 0.134822 0.460417 0.134822
v 0.138412 0.456223 0.138412
v 0.137129 0.459189 0.137129
v 0.105929 0.460417 0.158534
v 0.108749 0.456223 0.162755
v 0.107742 0.459189 0.161247
v 0.072965 0.460417 0.176154
v 0.074908 0.456223 0.180843
v 0.074214 0.459189 0.179168
v 0.037197 0.460417 0.187004
v 0.038188 0.456223 0.191982
v 0.037834 0.459189 0.190204
v 0.000000 0.460417 0.190667
v 0.000000 0.456223 0.195743
v 0.000000 0.459189 0.193930
v -0.037197 0.460417 0.187004
v -0.038188 0.456223 0.191982
v -0.037834 0.459189 0.190204
v -0.072965 0.460417 0.176154
v -0.074908 0.456223 0.180843
v -0.074214 0.459189 0.179168
v -0.105929 0.460417 0.158534
v -0.108749 0.456223 0.162755
v -0.107742 0.459189 0.161247
v -0.134822 0.460417 0.134822
v -0.138412 0.456223 0.138412
v -0.137129 0.459189 0.137129
v -0.158534 0.460417 0.105929
v -0.162755 0.456223 0.108749
v -0.161247 0.459189 0.107742
v -0.176154 0.460417 0.072965
v -0.180843 0.456223 0.074908
v -0.179168 0.459189 0.074214
v -0.187004 0.460417 0.037197
v -0.191982 0.456223 0.038188
v -0.190204 0.459189 0.037834
v -0.190667 0.460417 0.000000
v -0.195743 0.456223 0.000000
v -0.193930 0.459189 0.000000
v -0.187004 0.460417 -0.037197
v -0.191982 0.456223 -0.038188
v -0.190204 0.459189 -0.037834
v -0.176154 0.460417 -0.072965
v -0.180843 0.456223 -0.074908
v -0.179168 0.459189 -0.074214
v -0.158534 0.460417 -0.105929
v -0.162755 0.456223 -0.108749
v -0.161247 0.459189 -0.107742
v -0.134822 0.460417 -0.134822
v -0.138412 0.456223 -0.138412
v -0.137129 0.459189 -0.137129
v -0.105929 0.460417 -0.158534
v -0.108749 0.456223 -0.162755
v -0.107742 0.459189 -0.161247
v -0.072965 0.460417 -0.176154
v -0.074908 0.456223 -0.180843
v -0.074214 0.459189 -0.179168
v -0.037197 0.460417 -0.187004
v -0.038188 0.456223 -0.191982
v -0.037834 0.459189 -0.190204
v -0.076349 0.427359 -0.184323
v -0.110841 0.427359 -0.165886
v -0.141074 0.427359 -0.141074
v -0.165886 0.427359 -0.110841
v -0.184323 0.427359 -0.076349
v -0.195676 0.427359 -0.038922
v -0.199509 0.427359 0.000000
v -0.195676 0.427359 0.038922
v -0.184323 0.427359 0.076349
v -0.165886 0.427359 0.110841
v -0.141074 0.427359 0.141074
v -0.110841 0.427359 0.165886
v -0.076349 0.427359 0.184323
v -0.038922 0.427359 0.195676
v 0.000000 0.427359 0.199509
v 0.038922 0.427359 0.195676
v 0.076349 0.427359 0.184323
v 0.110841 0.427359 0.165886
v 0.141074 0.427359 0.141074
v 0.165886 0.427359 0.110841
v 0.184323 0.427359 0.076349
v 0.195676 0.427359 0.038922
v 0.199509 0.427359 0.000000
v 0.195676 0.427359 -0.038922
v 0.184323 0.427359 -0.076349
v 0.165886 0.427359 -0.110841
v 0.141074 0.427359 -0.141074
v 0.110841 0.427359 -0.165886
v 0.076349 0.427359 -0.184323
v 0.000000 0.427359 -0.199509
v 0.038922 0.427359 -0.195676
v -0.038922 0.427359 -0.195676
v -0.074248 0.455994 -0.179250
v -0.107791 0.455994 -0.161321
v -0.137192 0.455994 -0.137192
v -0.161321 0.455994 -0.107791
v -0.179250 0.455994 -0.074248
v -0.190291 0.455994 -0.037851
v -0.194019 0.455994 0.000000
v -0.190291 0.455994 0.037851
v -0.179250 0.455994 0.074248
v -0.161321 0.455994 0.107791
v -0.137192 0.455994 0.137192
v -0.107791 0.455994 0.161321
v -0.074248 0.455994 0.179250
v -0.037851 0.455994 0.190291
v 0.000000 0.455994 0.194019
v 0.037851 0.455994 0.190291
v 0.074248 0.455994 0.179250
v 0.107791 0.455994 0.161321
v 0.137192 0.455994 0.137192
v 0.161321 0.455994 0.107791
v 0.179250 0.455994 0.074248
v 0.190291 0.455994 0.037851
v 0.194019 0.455994 0.000000
v 0.190291 0.455994 -0.037851
v 0.179250 0.455994 -0.074248
v 0.161321 0.455994 -0.107791
v 0.137192 0.455994 -0.137192
v 0.107791 0.455994 -0.161321
v 0.074248 0.455994 -0.179250
v 0.000000 0.455994 -0.194019
v 0.037851 0.455994 -0.190291
v -0.037851 0.455994 -0.190291
v -0.000000 0.455994 0.000000
v 0.076710 0.431169 -0.185195
v 0.039106 0.431169 -0.196601
v 0.000000 0.431169 -0.200453
v -0.039106 0.431169 -0.196601
v 0.111366 0.431169 -0.166671
v 0.141742 0.431169 -0.141742
v 0.166671 0.431169 -0.111366
v 0.185195 0.431169 -0.076710
v 0.196601 0.431169 -0.039106
v 0.200453 0.431169 0.000000
v 0.196601 0.431169 0.039106
v 0.185195 0.431169 0.076710
v 0.166671 0.431169 0.111366
v 0.141742 0.431169 0.141742
v 0.111366 0.431169 0.166671
v 0.076710 0.431169 0.185195
v 0.039106 0.431169 0.196601
v 0.000000 0.431169 0.200453
v -0.039106 0.431169 0.196601
v -0.076710 0.431169 0.185195
v -0.111366 0.431169 0.166671
v -0.141742 0.431169 0.141742
v -0.166671 0.431169 0.111366
v -0.185195 0.431169 0.076710
v -0.196601 0.431169 0.039106
v -0.200453 0.431169 0.000000
v -0.196601 0.431169 -0.039106
v -0.185195 0.431169 -0.076710
v -0.166671 0.431169 -0.111366
v -0.141742 0.431169 -0.141742
v -0.111366 0.431169 -0.166671
v -0.076710 0.431169 -0.185195
v 0.000000 0.428688 -0.201709
v -0.039351 0.428688 -0.197833
v -0.077191 0.428688 -0.186355
v -0.112063 0.428688 -0.167715
v -0.142630 0.428688 -0.142630
v -0.167715 0.428688 -0.112063
v -0.186355 0.428688 -0.077191
v -0.197833 0.428688 -0.039351
v -0.201709 0.428688 0.000000
v -0.197833 0.428688 0.039351
v -0.186355 0.428688 0.077191
v -0.167715 0.428688 0.112063
v -0.142630 0.428688 0.142630
v -0.112063 0.428688 0.167715
v -0.077191 0.428688 0.186355
v -0.039351 0.428688 0.197833
v 0.000000 0.428688 0.201709
v 0.039351 0.428688 0.197833
v 0.077191 0.428688 0.186355
v 0.112063 0.428688 0.167715
v 0.142630 0.428688 0.142630
v 0.167715 0.428688 0.112063
v 0.186355 0.428688 0.077191
v 0.197833 0.428688 0.039351
v 0.201709 0.428688 0.000000
v 0.197833 0.428688 -0.039351
v 0.186355 0.428688 -0.077191
v 0.167715 0.428688 -0.112063
v 0.142630 0.428688 -0.142630
v 0.112063 0.428688 -0.167715
v 0.077191 0.428688 -0.186355
v 0.039351 0.428688 -0.197833
v 0.077055 0.430156 -0.186026
v 0.111866 0.430156 -0.167419
v 0.142378 0.430156 -0.142378
v 0.167419 0.430156 -0.111866
v 0.186026 0.430156 -0.077055
v 0.197484 0.430156 -0.039282
v 0.201353 0.430156 0.000000
v 0.197484 0.430156 0.039282
v 0.186026 0.430156 0.077055
v 0.167419 0.430156 0.111866
v 0.142378 0.430156 0.142378
v 0.111866 0.430156 0.167419
v 0.077055 0.430156 0.186026
v 0.039282 0.430156 0.197484
v 0.000000 0.430156 0.201353
v -0.039282 0.430156 0.197484
v -0.077055 0.430156 0.186026
v -0.111866 0.430156 0.167419
v -0.142378 0.430156 0.142378
v -0.167419 0.430156 0.111866
v -0.186026 0.430156 0.077055
v -0.197484 0.430156 0.039282
v -0.201353 0.430156 0.000000
v -0.197484 0.430156 -0.039282
v -0.186026 0.430156 -0.077055
v -0.167419 0.430156 -0.111866
v -0.142378 0.430156 -0.142378
v -0.111866 0.430156 -0.167419
v -0.077055 0.430156 -0.186026
v 0.039282 0.430156 -0.197484
v 0.000000 0.430156 -0.201353
v -0.039282 0.430156 -0.197484
v 0.000000 0.000000 -0.000000
v 0.000000 0.460000 -0.190171
v 0.037101 0.460000 -0.186517
v 0.072775 0.460000 -0.175695
v 0.105654 0.460000 -0.158122
v 0.134471 0.460000 -0.134471
v 0.158122 0.460000 -0.105654
v 0.175695 0.460000 -0.072775
v 0.186517 0.460000 -0.037101
v 0.190171 0.460000 0.000000
v 0.186517 0.460000 0.037101
v 0.175695 0.460000 0.072775
v 0.158122 0.460000 0.105654
v 0.134471 0.460000 0.134471
v 0.105654 0.460000 0.158122
v 0.072775 0.460000 0.175695
v 0.037101 0.460000 0.186517
v 0.000000 0.460000 0.190171
v -0.037101 0.460000 0.186517
v -0.072775 0.460000 0.175695
v -0.105654 0.460000 0.158122
v -0.134471 0.460000 0.134471
v -0.158122 0.460000 0.105654
v -0.175695 0.460000 0.072775
v -0.186517 0.460000 0.037101
v -0.190171 0.460000 0.000000
v -0.186517 0.460000 -0.037101
v -0.175695 0.460000 -0.072775
v -0.158122 0.460000 -0.105654
v -0.134471 0.460000 -0.134471
v -0.105654 0.460000 -0.158122
v -0.072775 0.460000 -0.175695
v -0.037101 0.460000 -0.186517
v -0.157545 0.051713 0.031338
v -0.158124 0.055699 0.031453
v -0.148949 0.055699 0.061697
v -0.148404 0.051713 0.061471
v -0.113584 0.051713 0.113584
v -0.114001 0.055699 0.114001
v -0.089570 0.055699 0.134051
v -0.089242 0.051713 0.133560
v -0.031338 0.051713 0.157545
v -0.031453 0.055699 0.158124
v 0.000000 0.055699 0.161221
v 0.000000 0.051713 0.160632
v 0.061471 0.051713 0.148404
v 0.061697 0.055699 0.148949
v 0.089570 0.055699 0.134051
v 0.089242 0.051713 0.133560
v 0.133560 0.051713 0.089242
v 0.134051 0.055699 0.089570
v 0.148949 0.055699 0.061697
v 0.148404 0.051713 0.061471
v 0.160632 0.051713 0.000000
v 0.161221 0.055699 0.000000
v 0.158124 0.055699 -0.031453
v 0.157545 0.051713 -0.031338
v 0.133560 0.051713 -0.089242
v 0.134051 0.055699 -0.089570
v 0.114001 0.055699 -0.114001
v 0.113584 0.051713 -0.113584
v 0.061471 0.051713 -0.148404
v 0.061697 0.055699 -0.148949
v 0.031453 0.055699 -0.158124
v 0.031338 0.051713 -0.157545
v -0.005421 0.341573 -0.173869
v -0.005421 0.118427 -0.157808
v 0.036104 0.118427 -0.153718
v 0.039238 0.341573 -0.169471
v 0.055382 0.118427 -0.147871
v 0.061528 0.341573 -0.162709
v 0.092181 0.118427 -0.128201
v 0.101104 0.341573 -0.141555
v 0.107754 0.118427 -0.115421
v 0.119111 0.341573 -0.126778
v 0.134225 0.118427 -0.083166
v 0.147579 0.341573 -0.092089
v 0.143721 0.118427 -0.065399
v 0.158560 0.341573 -0.071546
v 0.155834 0.118427 -0.025470
v 0.171586 0.341573 -0.028603
v 0.157808 0.118427 -0.005421
v 0.173869 0.341573 -0.005421
v 0.153718 0.118427 0.036104
v 0.169471 0.341573 0.039238
v 0.147871 0.118427 0.055382
v 0.162709 0.341573 0.061528
v 0.128201 0.118427 0.092181
v 0.141555 0.341573 0.101104
v 0.115421 0.118427 0.107754
v 0.126778 0.341573 0.119111
v 0.083166 0.118427 0.134225
v 0.092089 0.341573 0.147579
v 0.065399 0.118427 0.143721
v 0.071546 0.341573 0.158560
v 0.025470 0.118427 0.155834
v 0.028603 0.341573 0.171586
v 0.005421 0.118427 0.157808
v 0.005421 0.341573 0.173869
v -0.036104 0.118427 0.153718
v -0.039238 0.341573 0.169471
v -0.055382 0.118427 0.147871
v -0.061528 0.341573 0.162709
v -0.092181 0.118427 0.128201
v -0.101104 0.341573 0.141555
v -0.107754 0.118427 0.115421
v -0.119111 0.341573 0.126778
v -0.134225 0.118427 0.083166
v -0.147579 0.341573 0.092089
v -0.143721 0.118427 0.065399
v -0.158560 0.341573 0.071546
v -0.155834 0.118427 0.025470
v -0.171586 0.341573 0.028603
v -0.157808 0.118427 0.005421
v -0.173869 0.341573 0.005421
v -0.153718 0.118427 -0.036104
v -0.169471 0.341573 -0.039238
v -0.147871 0.118427 -0.055382
v -0.162709 0.341573 -0.061528
v -0.128201 0.118427 -0.092181
v -0.141555 0.341573 -0.101104
v -0.115421 0.118427 -0.107754
v -0.126778 0.341573 -0.119111
v -0.083166 0.118427 -0.134225
v -0.092089 0.341573 -0.147579
v -0.065399 0.118427 -0.143721
v -0.071546 0.341573 -0.158560
v -0.025470 0.118427 -0.155834
v -0.028603 0.341573 -0.171586
v -0.035868 0.408371 -0.180320
v 0.000000 0.408371 -0.183852
v 0.035868 0.408371 -0.180320
v 0.070357 0.408371 -0.169857
v 0.102143 0.408371 -0.152868
v 0.130003 0.408371 -0.130003
v 0.152868 0.408371 -0.102143
v 0.169857 0.408371 -0.070357
v 0.180320 0.408371 -0.035868
v 0.183852 0.408371 0.000000
v 0.180320 0.408371 0.035868
v 0.169857 0.408371 0.070357
v 0.152868 0.408371 0.102143
v 0.130003 0.408371 0.130003
v 0.102143 0.408371 0.152868
v 0.070357 0.408371 0.169857
v 0.035868 0.408371 0.180320
v 0.000000 0.408371 0.183852
v -0.035868 0.408371 0.180320
v -0.070357 0.408371 0.169857
v -0.102143 0.408371 0.152868
v -0.130003 0.408371 0.130003
v -0.152868 0.408371 0.102143
v -0.169857 0.408371 0.070357
v -0.180320 0.408371 0.035868
v -0.183852 0.408371 0.000000
v -0.180320 0.408371 -0.035868
v -0.169857 0.408371 -0.070357
v -0.152868 0.408371 -0.102143
v -0.130003 0.408371 -0.130003
v -0.102143 0.408371 -0.152868
v -0.070357 0.408371 -0.169857
v -0.031720 0.107412 -0.159465
v -0.035099 0.352588 -0.176454
v 0.000000 0.352588 -0.179911
v 0.000000 0.107412 -0.162589
v -0.062220 0.107412 -0.150213
v -0.068849 0.352588 -0.166216
v -0.090330 0.107412 -0.135188
v -0.099953 0.352588 -0.149591
v -0.114968 0.107412 -0.114968
v -0.127216 0.352588 -0.127216
v -0.135188 0.107412 -0.090330
v -0.149591 0.352588 -0.099953
v -0.150213 0.107412 -0.062220
v -0.166216 0.352588 -0.068849
v -0.159465 0.107412 -0.031720
v -0.176454 0.352588 -0.035099
v -0.162589 0.107412 0.000000
v -0.179911 0.352588 0.000000
v -0.159465 0.107412 0.031720
v -0.176454 0.352588 0.035099
v -0.150213 0.107412 0.062220
v -0.166216 0.352588 0.068849
v -0.135188 0.107412 0.090330
v -0.149591 0.352588 0.099953
v -0.114968 0.107412 0.114968
v -0.127216 0.352588 0.127216
v -0.090330 0.107412 0.135188
v -0.099953 0.352588 0.149591
v -0.062220 0.107412 0.150213
v -0.068849 0.352588 0.166216
v -0.031720 0.107412 0.159465
v -0.035099 0.352588 0.176454
v 0.000000 0.107412 0.162589
v 0.000000 0.352588 0.179911
v 0.031720 0.107412 0.159465
v 0.035099 0.352588 0.176454
v 0.062220 0.107412 0.150213
v 0.068849 0.352588 0.166216
v 0.090330 0.107412 0.135188
v 0.099953 0.352588 0.149591
v 0.114968 0.107412 0.114968
v 0.127216 0.352588 0.127216
v 0.135188 0.107412 0.090330
v 0.149591 0.352588 0.099953
v 0.150213 0.107412 0.062220
v 0.166216 0.352588 0.068849
v 0.159465 0.107412 0.031720
v 0.176454 0.352588 0.035099
v 0.162589 0.107412 0.000000
v 0.179911 0.352588 0.000000
v 0.159465 0.107412 -0.031720
v 0.176454 0.352588 -0.035099
v 0.150213 0.107412 -0.062220
v 0.166216 0.352588 -0.068849
v 0.135188 0.107412 -0.090330
v 0.149591 0.352588 -0.099953
v 0.114968 0.107412 -0.114968
v 0.127216 0.352588 -0.127216
v 0.090330 0.107412 -0.135188
v 0.099953 0.352588 -0.149591
v 0.062220 0.107412 -0.150213
v 0.068849 0.352588 -0.166216
v 0.031720 0.107412 -0.159465
v 0.035099 0.352588 -0.176454
v -0.060879 0.057824 -0.146976
v -0.060657 0.049588 -0.146438
v -0.088383 0.057824 -0.132275
v -0.088060 0.049588 -0.131791
v -0.112079 0.049588 -0.112079
v -0.112490 0.057824 -0.112490
v -0.132275 0.057824 -0.088383
v -0.131791 0.049588 -0.088060
v -0.146976 0.057824 -0.060879
v -0.146438 0.049588 -0.060657
v -0.155458 0.049588 -0.030922
v -0.156029 0.057824 -0.031036
v -0.159085 0.057824 0.000000
v -0.158504 0.049588 0.000000
v -0.156029 0.057824 0.031036
v -0.155458 0.049588 0.030922
v -0.146438 0.049588 0.060657
v -0.146976 0.057824 0.060879
v -0.132275 0.057824 0.088383
v -0.131791 0.049588 0.088060
v -0.112490 0.057824 0.112490
v -0.112079 0.049588 0.112079
v -0.088060 0.049588 0.131791
v -0.088383 0.057824 0.132275
v -0.060879 0.057824 0.146976
v -0.060657 0.049588 0.146438
v -0.031036 0.057824 0.156029
v -0.030922 0.049588 0.155458
v 0.000000 0.049588 0.158504
v 0.000000 0.057824 0.159085
v 0.031036 0.057824 0.156029
v 0.030922 0.049588 0.155458
v 0.060879 0.057824 0.146976
v 0.060657 0.049588 0.146438
v 0.088060 0.049588 0.131791
v 0.088383 0.057824 0.132275
v 0.112490 0.057824 0.112490
v 0.112079 0.049588 0.112079
v 0.132275 0.057824 0.088383
v 0.131791 0.049588 0.088060
v 0.146438 0.049588 0.060657
v 0.146976 0.057824 0.060879
v 0.156029 0.057824 0.031036
v 0.155458 0.049588 0.030922
v 0.159085 0.057824 0.000000
v 0.158504 0.049588 0.000000
v 0.155458 0.049588 -0.030922
v 0.156029 0.057824 -0.031036
v 0.146976 0.057824 -0.060879
v 0.146438 0.049588 -0.060657
v 0.132275 0.057824 -0.088383
v 0.131791 0.049588 -0.088060
v 0.112079 0.049588 -0.112079
v 0.112490 0.057824 -0.112490
v 0.088383 0.057824 -0.132275
v 0.088060 0.049588 -0.131791
v 0.060879 0.057824 -0.146976
v 0.060657 0.049588 -0.146438
v -0.031036 0.057824 -0.156029
v -0.030922 0.049588 -0.155458
v 0.030922 0.049588 -0.155458
v 0.031036 0.057824 -0.156029
v 0.000000 0.049588 -0.158504
v 0.000000 0.057824 -0.159085
v -0.157545 0.051713 -0.031338
v -0.158124 0.055699 -0.031453
v -0.148949 0.055699 -0.061697
v -0.148404 0.051713 -0.061471
v -0.113584 0.051713 -0.113584
v -0.114001 0.055699 -0.114001
v -0.089570 0.055699 -0.134051
v -0.089242 0.051713 -0.133560
v 0.000000 0.051713 -0.160632
v 0.000000 0.055699 -0.161221
v 0.089570 0.055699 -0.134051
v 0.089242 0.051713 -0.133560
v 0.148949 0.055699 -0.061697
v 0.148404 0.051713 -0.061471
v 0.158124 0.055699 0.031453
v 0.157545 0.051713 0.031338
v 0.114001 0.055699 0.114001
v 0.113584 0.051713 0.113584
v 0.031453 0.055699 0.158124
v 0.031338 0.051713 0.157545
v -0.061697 0.055699 0.148949
v -0.061471 0.051713 0.148404
v -0.134051 0.055699 0.089570
v -0.133560 0.051713 0.089242
v -0.161221 0.055699 0.000000
v -0.160632 0.051713 0.000000
v -0.134051 0.055699 -0.089570
v -0.133560 0.051713 -0.089242
v -0.061697 0.055699 -0.148949
v -0.061471 0.051713 -0.148404
v -0.031453 0.055699 -0.158124
v -0.031338 0.051713 -0.157545
v -0.059395 0.004013 -0.143392
v -0.030279 0.004013 -0.152224
v -0.086228 0.004013 -0.129049
v -0.109747 0.004013 -0.109747
v -0.129049 0.004013 -0.086228
v -0.143392 0.004013 -0.059395
v -0.152224 0.004013 -0.030279
v -0.155206 0.004013 0.000000
v -0.152224 0.004013 0.030279
v -0.143392 0.004013 0.059395
v -0.129049 0.004013 0.086228
v -0.109747 0.004013 0.109747
v -0.086228 0.004013 0.129049
v -0.059395 0.004013 0.143392
v -0.030279 0.004013 0.152224
v 0.000000 0.004013 0.155206
v 0.030279 0.004013 0.152224
v 0.059395 0.004013 0.143392
v 0.086228 0.004013 0.129049
v 0.109747 0.004013 0.109747
v 0.129049 0.004013 0.086228
v 0.143392 0.004013 0.059395
v 0.152224 0.004013 0.030279
v 0.155206 0.004013 0.000000
v 0.152224 0.004013 -0.030279
v 0.143392 0.004013 -0.059395
v 0.129049 0.004013 -0.086228
v 0.109747 0.004013 -0.109747
v 0.086228 0.004013 -0.129049
v 0.059395 0.004013 -0.143392
v 0.030279 0.004013 -0.152224
v 0.000000 0.004013 -0.155206
v 0.000000 0.000000 -0.158026
v 0.030829 0.000000 -0.154989
v 0.060474 0.000000 -0.145997
v 0.087794 0.000000 -0.131393
v 0.111741 0.000000 -0.111741
v 0.131393 0.000000 -0.087794
v 0.145997 0.000000 -0.060474
v 0.154989 0.000000 -0.030829
v 0.158026 0.000000 0.000000
v 0.154989 0.000000 0.030829
v 0.145997 0.000000 0.060474
v 0.131393 0.000000 0.087794
v 0.111741 0.000000 0.111741
v 0.087794 0.000000 0.131393
v 0.060474 0.000000 0.145997
v 0.030829 0.000000 0.154989
v 0.000000 0.000000 0.158026
v -0.030829 0.000000 0.154989
v -0.060474 0.000000 0.145997
v -0.087794 0.000000 0.131393
v -0.111741 0.000000 0.111741
v -0.131393 0.000000 0.087794
v -0.145997 0.000000 0.060474
v -0.154989 0.000000 0.030829
v -0.158026 0.000000 0.000000
v -0.154989 0.000000 -0.030829
v -0.145997 0.000000 -0.060474
v -0.131393 0.000000 -0.087794
v -0.111741 0.000000 -0.111741
v -0.087794 0.000000 -0.131393
v -0.060474 0.000000 -0.145997
v -0.030829 0.000000 -0.154989
v -0.030870 0.004013 -0.155195
v 0.000000 0.004013 -0.158236
v -0.060554 0.004013 -0.146191
v -0.087911 0.004013 -0.131568
v -0.111889 0.004013 -0.111889
v -0.131568 0.004013 -0.087911
v -0.146191 0.004013 -0.060554
v -0.155195 0.004013 -0.030870
v -0.158236 0.004013 0.000000
v -0.155195 0.004013 0.030870
v -0.146191 0.004013 0.060554
v -0.131568 0.004013 0.087911
v -0.111889 0.004013 0.111889
v -0.087911 0.004013 0.131568
v -0.060554 0.004013 0.146191
v -0.030870 0.004013 0.155195
v 0.000000 0.004013 0.158236
v 0.030870 0.004013 0.155195
v 0.060554 0.004013 0.146191
v 0.087911 0.004013 0.131568
v 0.111889 0.004013 0.111889
v 0.131568 0.004013 0.087911
v 0.146191 0.004013 0.060554
v 0.155195 0.004013 0.030870
v 0.158236 0.004013 0.000000
v 0.155195 0.004013 -0.030870
v 0.146191 0.004013 -0.060554
v 0.131568 0.004013 -0.087911
v 0.111889 0.004013 -0.111889
v 0.087911 0.004013 -0.131568
v 0.060554 0.004013 -0.146191
v 0.030870 0.004013 -0.155195
v -0.071635 0.414301 -0.172942
v -0.172942 0.414301 -0.071635
v -0.183594 0.414301 0.036519
v -0.132364 0.414301 0.132364
v -0.036519 0.414301 0.183594
v 0.071635 0.414301 0.172942
v 0.155644 0.414301 0.103998
v 0.187191 0.414301 0.000000
v 0.155644 0.414301 -0.103998
v 0.071635 0.414301 -0.172942
v -0.103998 0.414301 -0.155644
v -0.183594 0.414301 -0.036519
v -0.172942 0.414301 0.071635
v -0.103998 0.414301 0.155644
v 0.000000 0.414301 0.187191
v 0.103998 0.414301 0.155644
v 0.172942 0.414301 0.071635
v 0.183594 0.414301 -0.036519
v 0.132364 0.414301 -0.132364
v 0.036519 0.414301 -0.183594
v -0.132364 0.414301 -0.132364
v 0.000000 0.414301 -0.187191
v 0.103998 0.414301 -0.155644
v 0.172942 0.414301 -0.071635
v 0.183594 0.414301 0.036519
v 0.132364 0.414301 0.132364
v 0.036519 0.414301 0.183594
v -0.071635 0.414301 0.172942
v -0.155644 0.414301 0.103998
v -0.187191 0.414301 0.000000
v -0.155644 0.414301 -0.103998
v -0.036519 0.414301 -0.183594
v 0.080000 0.472757 0.015000
v 0.080000 0.472757 -0.015000
v -0.080000 0.472757 -0.015000
v -0.080000 0.472757 0.015000
v -0.055825 0.492757 0.015000
v -0.060000 0.488582 0.015000
v -0.057913 0.492197 0.015000
v -0.059441 0.490669 0.015000
v 0.060000 0.488582 0.015000
v 0.055825 0.492757 0.015000
v 0.059441 0.490669 0.015000
v 0.057913 0.492197 0.015000
v -0.060000 0.488582 -0.015000
v -0.055825 0.492757 -0.015000
v -0.059441 0.490669 -0.015000
v -0.057913 0.492197 -0.015000
v 0.055825 0.492757 -0.015000
v 0.060000 0.488582 -0.015000
v 0.057913 0.492197 -0.015000
v 0.059441 0.490669 -0.015000
v -0.064175 0.472757 -0.015000
v -0.060000 0.476931 -0.015000
v -0.062087 0.473316 -0.015000
v -0.060559 0.474844 -0.015000
v -0.060000 0.476931 0.015000
v -0.064175 0.472757 0.015000
v -0.060559 0.474844 0.015000
v -0.062087 0.473316 0.015000
v 0.064175 0.472757 0.015000
v 0.060000 0.476931 0.015000
v 0.062087 0.473316 0.015000
v 0.060559 0.474844 0.015000
v 0.060000 0.476931 -0.015000
v 0.064175 0.472757 -0.015000
v 0.060559 0.474844 -0.015000
v 0.062087 0.473316 -0.015000
v 0.080000 0.470757 0.015000
v 0.080000 0.470757 -0.015000
v -0.080000 0.470757 -0.015000
v -0.080000 0.470757 0.015000
v -0.055562 0.490757 0.015000
v -0.058000 0.488319 0.015000
v -0.056877 0.490404 0.015000
v -0.057648 0.489634 0.015000
v 0.058000 0.488319 0.015000
v 0.055562 0.490757 0.015000
v 0.057648 0.489634 0.015000
v 0.056877 0.490404 0.015000
v -0.058000 0.488319 -0.015000
v -0.055562 0.490757 -0.015000
v -0.057648 0.489634 -0.015000
v -0.056877 0.490404 -0.015000
v 0.055562 0.490757 -0.015000
v 0.058000 0.488319 -0.015000
v 0.056877 0.490404 -0.015000
v 0.057648 0.489634 -0.015000
v -0.063911 0.470757 -0.015000
v -0.058000 0.476668 -0.015000
v -0.061052 0.471523 -0.015000
v -0.058766 0.473809 -0.015000
v -0.058000 0.476668 0.015000
v -0.063911 0.470757 0.015000
v -0.058766 0.473809 0.015000
v -0.061052 0.471523 0.015000
v 0.063911 0.470757 0.015000
v 0.058000 0.476668 0.015000
v 0.061052 0.471523 0.015000
v 0.058766 0.473809 0.015000
v 0.058000 0.476668 -0.015000
v 0.063911 0.470757 -0.015000
v 0.058766 0.473809 -0.015000
v 0.061052 0.471523 -0.015000
v 0.163800 0.369281 -0.080000
v 0.166030 0.399198 -0.080000
v 0.166030 0.399198 0.080000
v 0.163800 0.369281 0.080000
v 0.191469 0.367795 0.055825
v 0.187306 0.368105 0.060000
v 0.190912 0.367836 0.057913
v 0.189388 0.367950 0.059441
v 0.187306 0.368105 -0.060000
v 0.191469 0.367795 -0.055825
v 0.189388 0.367950 -0.059441
v 0.190912 0.367836 -0.057913
v 0.189536 0.398022 0.060000
v 0.193699 0.397712 0.055825
v 0.191618 0.397867 0.059441
v 0.193142 0.397753 0.057913
v 0.193699 0.397712 -0.055825
v 0.189536 0.398022 -0.060000
v 0.193142 0.397753 -0.057913
v 0.191618 0.397867 -0.059441
v 0.173325 0.399198 0.064175
v 0.177918 0.398888 0.060000
v 0.174292 0.399157 0.062087
v 0.175836 0.399043 0.060559
v 0.175688 0.368971 0.060000
v 0.171095 0.369281 0.064175
v 0.173606 0.369126 0.060559
v 0.172062 0.369240 0.062087
v 0.171095 0.369281 -0.064175
v 0.175688 0.368971 -0.060000
v 0.172062 0.369240 -0.062087
v 0.173606 0.369126 -0.060559
v 0.177918 0.398888 -0.060000
v 0.173325 0.399198 -0.064175
v 0.175836 0.399043 -0.060559
v 0.174292 0.399157 -0.062087
v 0.161988 0.369416 -0.079165
v 0.164218 0.399333 -0.079165
v 0.164218 0.399333 0.079165
v 0.161988 0.369416 0.079165
v 0.189475 0.367943 0.055562
v 0.187044 0.368124 0.058000
v 0.189123 0.367969 0.056877
v 0.188355 0.368027 0.057648
v 0.187044 0.368124 -0.058000
v 0.189475 0.367943 -0.055562
v 0.188355 0.368027 -0.057648
v 0.189123 0.367969 -0.056877
v 0.189274 0.398041 0.058000
v 0.191705 0.397860 0.055562
v 0.190585 0.397944 0.057648
v 0.191354 0.397886 0.056877
v 0.191705 0.397860 -0.055562
v 0.189274 0.398041 -0.058000
v 0.191354 0.397886 -0.056877
v 0.190585 0.397944 -0.057648
v 0.171514 0.399333 0.063336
v 0.177655 0.398907 0.058000
v 0.172636 0.399280 0.060917
v 0.174811 0.399120 0.058764
v 0.175425 0.368990 0.058000
v 0.169284 0.369416 0.063336
v 0.172581 0.369203 0.058764
v 0.170404 0.369363 0.060919
v 0.169284 0.369416 -0.063336
v 0.175425 0.368990 -0.058000
v 0.170404 0.369363 -0.060919
v 0.172581 0.369203 -0.058764
v 0.177655 0.398907 -0.058000
v 0.171514 0.399333 -0.063336
v 0.174811 0.399120 -0.058764
v 0.172636 0.399280 -0.060917
v -0.163800 0.369281 -0.080000
v -0.166030 0.399198 -0.080000
v -0.166030 0.399198 0.080000
v -0.163800 0.369281 0.080000
v -0.191469 0.367795 0.055825
v -0.187306 0.368105 0.060000
v -0.190912 0.367836 0.057913
v -0.189388 0.367950 0.059441
v -0.187306 0.368105 -0.060000
v -0.191469 0.367795 -0.055825
v -0.189388 0.367950 -0.059441
v -0.190912 0.367836 -0.057913
v -0.189536 0.398022 0.060000
v -0.193699 0.397712 0.055825
v -0.191618 0.397867 0.059441
v -0.193142 0.397753 0.057913
v -0.193699 0.397712 -0.055825
v -0.189536 0.398022 -0.060000
v -0.193142 0.397753 -0.057913
v -0.191618 0.397867 -0.059441
v -0.173325 0.399198 0.064175
v -0.177918 0.398888 0.060000
v -0.174292 0.399157 0.062087
v -0.175836 0.399043 0.060559
v -0.175688 0.368971 0.060000
v -0.171095 0.369281 0.064175
v -0.173606 0.369126 0.060559
v -0.172062 0.369240 0.062087
v -0.171095 0.369281 -0.064175
v -0.175688 0.368971 -0.060000
v -0.172062 0.369240 -0.062087
v -0.173606 0.369126 -0.060559
v -0.177918 0.398888 -0.060000
v -0.173325 0.399198 -0.064175
v -0.175836 0.399043 -0.060559
v -0.174292 0.399157 -0.062087
v -0.161988 0.369416 -0.079165
v -0.164218 0.399333 -0.079165
v -0.164218 0.399333 0.079165
v -0.161988 0.369416 0.079165
v -0.189475 0.367943 0.055562
v -0.187044 0.368124 0.058000
v -0.189123 0.367969 0.056877
v -0.188355 0.368027 0.057648
v -0.187044 0.368124 -0.058000
v -0.189475 0.367943 -0.055562
v -0.188355 0.368027 -0.057648
v -0.189123 0.367969 -0.056877
v -0.189274 0.398041 0.058000
v -0.191705 0.397860 0.055562
v -0.190585 0.397944 0.057648
v -0.191354 0.397886 0.056877
v -0.191705 0.397860 -0.055562
v -0.189274 0.398041 -0.058000
v -0.191354 0.397886 -0.056877
v -0.190585 0.397944 -0.057648
v -0.171514 0.399333 0.063336
v -0.177655 0.398907 0.058000
v -0.172636 0.399280 0.060917
v -0.174811 0.399120 0.058764
v -0.175425 0.368990 0.058000
v -0.169284 0.369416 0.063336
v -0.172581 0.369203 0.058764
v -0.170404 0.369363 0.060919
v -0.169284 0.369416 -0.063336
v -0.175425 0.368990 -0.058000
v -0.170404 0.369363 -0.060919
v -0.172581 0.369203 -0.058764
v -0.177655 0.398907 -0.058000
v -0.171514 0.399333 -0.063336
v -0.174811 0.399120 -0.058764
v -0.172636 0.399280 -0.060917
v 0.072335 0.471662 0.005222
v 0.072335 0.474280 0.005222
v 0.073860 0.471662 0.006746
v 0.073860 0.474280 0.006746
v 0.073860 0.471662 0.008902
v 0.073860 0.474280 0.008902
v 0.072335 0.471662 0.010426
v 0.072335 0.474280 0.010426
v 0.070180 0.471662 0.010426
v 0.070180 0.474280 0.010426
v 0.068655 0.471662 0.008902
v 0.068655 0.474280 0.008902
v 0.068655 0.471662 0.006746
v 0.068655 0.474280 0.006746
v 0.070180 0.471662 0.005222
v 0.070180 0.474280 0.005222
v 0.071257 0.474280 0.007824
v -0.072335 0.471662 0.005222
v -0.072335 0.474280 0.005222
v -0.073860 0.471662 0.006746
v -0.073860 0.474280 0.006746
v -0.073860 0.471662 0.008902
v -0.073860 0.474280 0.008902
v -0.072335 0.471662 0.010426
v -0.072335 0.474280 0.010426
v -0.070180 0.471662 0.010426
v -0.070180 0.474280 0.010426
v -0.068655 0.471662 0.008902
v -0.068655 0.474280 0.008902
v -0.068655 0.471662 0.006746
v -0.068655 0.474280 0.006746
v -0.070180 0.471662 0.005222
v -0.070180 0.474280 0.005222
v -0.071257 0.474280 0.007824
v 0.072335 0.471662 -0.005222
v 0.072335 0.474280 -0.005222
v 0.073860 0.471662 -0.006746
v 0.073860 0.474280 -0.006746
v 0.073860 0.471662 -0.008902
v 0.073860 0.474280 -0.008902
v 0.072335 0.471662 -0.010426
v 0.072335 0.474280 -0.010426
v 0.070180 0.471662 -0.010426
v 0.070180 0.474280 -0.010426
v 0.068655 0.471662 -0.008902
v 0.068655 0.474280 -0.008902
v 0.068655 0.471662 -0.006746
v 0.068655 0.474280 -0.006746
v 0.070180 0.471662 -0.005222
v 0.070180 0.474280 -0.005222
v 0.071257 0.474280 -0.007824
v -0.072335 0.471662 -0.005222
v -0.072335 0.474280 -0.005222
v -0.073860 0.471662 -0.006746
v -0.073860 0.474280 -0.006746
v -0.073860 0.471662 -0.008902
v -0.073860 0.474280 -0.008902
v -0.072335 0.471662 -0.010426
v -0.072335 0.474280 -0.010426
v -0.070180 0.471662 -0.010426
v -0.070180 0.474280 -0.010426
v -0.068655 0.471662 -0.008902
v -0.068655 0.474280 -0.008902
v -0.068655 0.471662 -0.006746
v -0.068655 0.474280 -0.006746
v -0.070180 0.471662 -0.005222
v -0.070180 0.474280 -0.005222
v -0.071257 0.474280 -0.007824
v 0.169563 0.395355 0.068753
v 0.171911 0.395355 0.069911
v 0.170237 0.393830 0.067386
v 0.172585 0.393830 0.068544
v 0.170237 0.391675 0.067386
v 0.172585 0.391675 0.068544
v 0.169563 0.390150 0.068753
v 0.171911 0.390150 0.069911
v 0.168610 0.390150 0.070687
v 0.170958 0.390150 0.071845
v 0.167936 0.391675 0.072054
v 0.170284 0.391675 0.073212
v 0.167936 0.393830 0.072054
v 0.170284 0.393830 0.073212
v 0.168610 0.395355 0.070687
v 0.170958 0.395355 0.071845
v 0.169563 0.395355 -0.068753
v 0.171911 0.395355 -0.069911
v 0.170237 0.393830 -0.067386
v 0.172585 0.393830 -0.068544
v 0.170237 0.391675 -0.067386
v 0.172585 0.391675 -0.068544
v 0.169563 0.390150 -0.068753
v 0.171911 0.390150 -0.069911
v 0.168610 0.390150 -0.070687
v 0.170958 0.390150 -0.071845
v 0.167936 0.391675 -0.072054
v 0.170284 0.391675 -0.073212
v 0.167936 0.393830 -0.072054
v 0.170284 0.393830 -0.073212
v 0.168610 0.395355 -0.070687
v 0.170958 0.395355 -0.071845
v 0.168499 0.374206 0.068753
v 0.170847 0.374206 0.069911
v 0.169173 0.375731 0.067386
v 0.171521 0.375731 0.068544
v 0.169173 0.377886 0.067386
v 0.171521 0.377886 0.068544
v 0.168499 0.379411 0.068753
v 0.170847 0.379411 0.069911
v 0.167546 0.379411 0.070687
v 0.169894 0.379411 0.071845
v 0.166871 0.377886 0.072054
v 0.169220 0.377886 0.073212
v 0.166871 0.375731 0.072054
v 0.169220 0.375731 0.073212
v 0.167546 0.374206 0.070687
v 0.169894 0.374206 0.071845
v 0.168499 0.374206 -0.068753
v 0.170847 0.374206 -0.069911
v 0.169173 0.375731 -0.067386
v 0.171521 0.375731 -0.068544
v 0.169173 0.377886 -0.067386
v 0.171521 0.377886 -0.068544
v 0.168499 0.379411 -0.068753
v 0.170847 0.379411 -0.069911
v 0.167546 0.379411 -0.070687
v 0.169894 0.379411 -0.071845
v 0.166871 0.377886 -0.072054
v 0.169220 0.377886 -0.073212
v 0.166871 0.375731 -0.072054
v 0.169220 0.375731 -0.073212
v 0.167546 0.374206 -0.070687
v 0.169894 0.374206 -0.071845
v 0.171435 0.392752 0.070878
v 0.171435 0.392752 -0.070878
v 0.170371 0.376808 0.070878
v 0.170371 0.376808 -0.070878
v -0.169563 0.395355 0.068753
v -0.171911 0.395355 0.069911
v -0.170237 0.393830 0.067386
v -0.172585 0.393830 0.068544
v -0.170237 0.391675 0.067386
v -0.172585 0.391675 0.068544
v -0.169563 0.390150 0.068753
v -0.171911 0.390150 0.069911
v -0.168610 0.390150 0.070687
v -0.170958 0.390150 0.071845
v -0.167936 0.391675 0.072054
v -0.170284 0.391675 0.073212
v -0.167936 0.393830 0.072054
v -0.170284 0.393830 0.073212
v -0.168610 0.395355 0.070687
v -0.170958 0.395355 0.071845
v -0.169563 0.395355 -0.068753
v -0.171911 0.395355 -0.069911
v -0.170237 0.393830 -0.067386
v -0.172585 0.393830 -0.068544
v -0.170237 0.391675 -0.067386
v -0.172585 0.391675 -0.068544
v -0.169563 0.390150 -0.068753
v -0.171911 0.390150 -0.069911
v -0.168610 0.390150 -0.070687
v -0.170958 0.390150 -0.071845
v -0.167936 0.391675 -0.072054
v -0.170284 0.391675 -0.073212
v -0.167936 0.393830 -0.072054
v -0.170284 0.393830 -0.073212
v -0.168610 0.395355 -0.070687
v -0.170958 0.395355 -0.071845
v -0.168499 0.374206 0.068753
v -0.170847 0.374206 0.069911
v -0.169173 0.375731 0.067386
v -0.171521 0.375731 0.068544
v -0.169173 0.377886 0.067386
v -0.171521 0.377886 0.068544
v -0.168499 0.379411 0.068753
v -0.170847 0.379411 0.069911
v -0.167546 0.379411 0.070687
v -0.169894 0.379411 0.071845
v -0.166871 0.377886 0.072054
v -0.169220 0.377886 0.073212
v -0.166871 0.375731 0.072054
v -0.169220 0.375731 0.073212
v -0.167546 0.374206 0.070687
v -0.169894 0.374206 0.071845
v -0.168499 0.374206 -0.068753
v -0.170847 0.374206 -0.069911
v -0.169173 0.375731 -0.067386
v -0.171521 0.375731 -0.068544
v -0.169173 0.377886 -0.067386
v -0.171521 0.377886 -0.068544
v -0.168499 0.379411 -0.068753
v -0.170847 0.379411 -0.069911
v -0.167546 0.379411 -0.070687
v -0.169894 0.379411 -0.071845
v -0.166871 0.377886 -0.072054
v -0.169220 0.377886 -0.073212
v -0.166871 0.375731 -0.072054
v -0.169220 0.375731 -0.073212
v -0.167546 0.374206 -0.070687
v -0.169894 0.374206 -0.071845
v -0.171435 0.392752 0.070878
v -0.171435 0.392752 -0.070878
v -0.170371 0.376808 0.070878
v -0.170371 0.376808 -0.070878
v 0.000000 0.460000 -0.187384
v 0.036557 0.460000 -0.183783
v 0.071709 0.460000 -0.173120
v 0.104105 0.460000 -0.155804
v 0.132500 0.460000 -0.132500
v 0.155804 0.460000 -0.104105
v 0.173120 0.460000 -0.071709
v 0.183783 0.460000 -0.036557
v 0.187384 0.460000 0.000000
v 0.183783 0.460000 0.036557
v 0.173120 0.460000 0.071709
v 0.155804 0.460000 0.104105
v 0.132500 0.460000 0.132500
v 0.104105 0.460000 0.155804
v 0.071709 0.460000 0.173120
v 0.036557 0.460000 0.183783
v 0.000000 0.460000 0.187384
v -0.036557 0.460000 0.183783
v -0.071709 0.460000 0.173120
v -0.104105 0.460000 0.155804
v -0.132500 0.460000 0.132500
v -0.155804 0.460000 0.104105
v -0.173120 0.460000 0.071709
v -0.183783 0.460000 0.036557
v -0.187384 0.460000 0.000000
v -0.183783 0.460000 -0.036557
v -0.173120 0.460000 -0.071709
v -0.155804 0.460000 -0.104105
v -0.132500 0.460000 -0.132500
v -0.104105 0.460000 -0.155804
v -0.071709 0.460000 -0.173120
v -0.036557 0.460000 -0.183783
v 0.000000 0.005396 -0.144245
v 0.028141 0.005396 -0.141474
v 0.055200 0.005396 -0.133265
v 0.080138 0.005396 -0.119936
v 0.101997 0.005396 -0.101997
v 0.119936 0.005396 -0.080138
v 0.133265 0.005396 -0.055200
v 0.141474 0.005396 -0.028141
v 0.144245 0.005396 0.000000
v 0.141474 0.005396 0.028141
v 0.133265 0.005396 0.055200
v 0.119936 0.005396 0.080138
v 0.101997 0.005396 0.101997
v 0.080138 0.005396 0.119936
v 0.055200 0.005396 0.133265
v 0.028141 0.005396 0.141474
v 0.000000 0.005396 0.144245
v -0.028141 0.005396 0.141474
v -0.055200 0.005396 0.133265
v -0.080138 0.005396 0.119936
v -0.101997 0.005396 0.101997
v -0.119936 0.005396 0.080138
v -0.133265 0.005396 0.055200
v -0.141474 0.005396 0.028141
v -0.144245 0.005396 0.000000
v -0.141474 0.005396 -0.028141
v -0.133265 0.005396 -0.055200
v -0.119936 0.005396 -0.080138
v -0.101997 0.005396 -0.101997
v -0.080138 0.005396 -0.119936
v -0.055200 0.005396 -0.133265
v -0.028141 0.005396 -0.141474
v 0.032873 0.377936 -0.165263
v 0.000000 0.377936 -0.168500
v -0.119148 0.377936 -0.119148
v -0.140103 0.377936 -0.093614
v 0.032873 0.377936 0.165263
v 0.064482 0.377936 0.155674
v 0.064482 0.377936 -0.155674
v -0.093614 0.377936 -0.140103
v 0.000000 0.377936 0.168500
v 0.093614 0.377936 -0.140103
v -0.064482 0.377936 -0.155674
v -0.032873 0.377936 0.165263
v 0.119148 0.377936 -0.119148
v -0.032873 0.377936 -0.165263
v -0.064482 0.377936 0.155674
v 0.140103 0.377936 -0.093614
v -0.093614 0.377936 0.140103
v 0.155674 0.377936 -0.064482
v -0.119148 0.377936 0.119148
v 0.165263 0.377936 -0.032873
v -0.140103 0.377936 0.093614
v 0.168500 0.377936 0.000000
v -0.155674 0.377936 0.064482
v 0.165263 0.377936 0.032873
v -0.165263 0.377936 0.032873
v 0.155674 0.377936 0.064482
v -0.168500 0.377936 0.000000
v 0.140103 0.377936 0.093614
v -0.165263 0.377936 -0.032873
v 0.119148 0.377936 0.119148
v -0.155674 0.377936 -0.064482
v 0.093614 0.377936 0.140103
v -0.000000 0.005396 -0.000000
vn 0.0985 0.8630 -0.4954
vn -0.0000 0.9609 -0.2768
vn 0.0540 0.9609 -0.2715
vn 0.1933 0.8630 -0.4667
vn 0.1059 0.9609 -0.2557
vn 0.2806 0.8630 -0.4200
vn 0.1538 0.9609 -0.2301
vn 0.3572 0.8630 -0.3572
vn 0.1957 0.9609 -0.1957
vn 0.4200 0.8630 -0.2806
vn 0.2301 0.9609 -0.1538
vn 0.4667 0.8630 -0.1933
vn 0.2557 0.9609 -0.1059
vn 0.4954 0.8630 -0.0985
vn 0.2715 0.9609 -0.0540
vn 0.5051 0.8630 -0.0000
vn 0.2768 0.9609 -0.0000
vn 0.4954 0.8630 0.0985
vn 0.2715 0.9609 0.0540
vn 0.4667 0.8630 0.1933
vn 0.2557 0.9609 0.1059
vn 0.4200 0.8630 0.2806
vn 0.2301 0.9609 0.1538
vn 0.3572 0.8630 0.3572
vn 0.1957 0.9609 0.1957
vn 0.2806 0.8630 0.4200
vn 0.1538 0.9609 0.2301
vn 0.1933 0.8630 0.4667
vn 0.1059 0.9609 0.2557
vn 0.0985 0.8630 0.4954
vn 0.0540 0.9609 0.2715
vn -0.0000 0.8630 0.5051
vn -0.0000 0.9609 0.2768
vn -0.0985 0.8630 0.4954
vn -0.0540 0.9609 0.2715
vn -0.1933 0.8630 0.4667
vn -0.1059 0.9609 0.2557
vn -0.2806 0.8630 0.4200
vn -0.1538 0.9609 0.2301
vn -0.3572 0.8630 0.3572
vn -0.1957 0.9609 0.1957
vn -0.4200 0.8630 0.2806
vn -0.2301 0.9609 0.1538
vn -0.4667 0.8630 0.1933
vn -0.2557 0.9609 0.1059
vn -0.4954 0.8630 0.0985
vn -0.2715 0.9609 0.0540
vn -0.5051 0.8630 -0.0000
vn -0.2768 0.9609 -0.0000
vn -0.4954 0.8630 -0.0985
vn -0.2715 0.9609 -0.0540
vn -0.4667 0.8630 -0.1933
vn -0.2557 0.9609 -0.1059
vn -0.4200 0.8630 -0.2806
vn -0.2301 0.9609 -0.1538
vn -0.3572 0.8630 -0.3572
vn -0.1957 0.9609 -0.1957
vn -0.2806 0.8630 -0.4200
vn -0.1538 0.9609 -0.2301
vn -0.1933 0.8630 -0.4667
vn -0.1059 0.9609 -0.2557
vn -0.0985 0.8630 -0.4954
vn -0.0540 0.9609 -0.2715
vn -0.0000 0.8630 -0.5051
vn -0.0000 1.0000 -0.0000
vn 0.0645 0.9439 -0.3240
vn -0.0000 0.9841 -0.1777
vn 0.0347 0.9841 -0.1743
vn 0.0680 0.9841 -0.1642
vn 0.1835 0.9439 -0.2747
vn 0.0987 0.9841 -0.1477
vn 0.1256 0.9841 -0.1256
vn 0.2747 0.9439 -0.1835
vn 0.1477 0.9841 -0.0987
vn 0.1642 0.9841 -0.0680
vn 0.3240 0.9439 -0.0645
vn 0.1743 0.9841 -0.0347
vn 0.1777 0.9841 -0.0000
vn 0.3240 0.9439 0.0645
vn 0.1743 0.9841 0.0347
vn 0.1642 0.9841 0.0680
vn 0.2747 0.9439 0.1835
vn 0.1477 0.9841 0.0987
vn 0.1256 0.9841 0.1256
vn 0.1835 0.9439 0.2747
vn 0.0987 0.9841 0.1477
vn 0.0680 0.9841 0.1642
vn 0.0645 0.9439 0.3240
vn 0.0347 0.9841 0.1743
vn -0.0000 0.9841 0.1777
vn -0.0645 0.9439 0.3240
vn -0.0347 0.9841 0.1743
vn -0.0680 0.9841 0.1642
vn -0.1835 0.9439 0.2747
vn -0.0987 0.9841 0.1477
vn -0.1256 0.9841 0.1256
vn -0.2747 0.9439 0.1835
vn -0.1477 0.9841 0.0987
vn -0.1642 0.9841 0.0680
vn -0.3240 0.9439 0.0645
vn -0.1743 0.9841 0.0347
vn -0.1777 0.9841 -0.0000
vn -0.3240 0.9439 -0.0645
vn -0.1743 0.9841 -0.0347
vn -0.1642 0.9841 -0.0680
vn -0.2747 0.9439 -0.1835
vn -0.1477 0.9841 -0.0987
vn -0.1256 0.9841 -0.1256
vn -0.1835 0.9439 -0.2747
vn -0.0987 0.9841 -0.1477
vn -0.0680 0.9841 -0.1642
vn -0.0645 0.9439 -0.3240
vn -0.0347 0.9841 -0.1743
vn -0.0000 0.3554 -0.9347
vn 0.1266 0.7607 -0.6366
vn 0.1824 0.3554 -0.9168
vn -0.0000 0.7607 -0.6491
vn 0.0370 0.9818 -0.1862
vn 0.2484 0.7607 -0.5997
vn 0.3577 0.3554 -0.8636
vn 0.0727 0.9818 -0.1754
vn 0.3606 0.7607 -0.5397
vn 0.5193 0.3554 -0.7772
vn 0.1055 0.9818 -0.1579
vn 0.4590 0.7607 -0.4590
vn 0.6610 0.3554 -0.6610
vn 0.1343 0.9818 -0.1343
vn 0.5397 0.7607 -0.3606
vn 0.7772 0.3554 -0.5193
vn 0.1579 0.9818 -0.1055
vn 0.8636 0.3554 -0.3577
vn 0.5997 0.7607 -0.2484
vn 0.1754 0.9818 -0.0727
vn 0.9168 0.3554 -0.1824
vn 0.6366 0.7607 -0.1266
vn 0.1862 0.9818 -0.0370
vn 0.9347 0.3554 -0.0000
vn 0.6491 0.7607 -0.0000
vn 0.1899 0.9818 -0.0000
vn 0.6366 0.7607 0.1266
vn 0.9168 0.3554 0.1824
vn 0.1862 0.9818 0.0370
vn 0.5997 0.7607 0.2484
vn 0.8636 0.3554 0.3577
vn 0.1754 0.9818 0.0727
vn 0.5397 0.7607 0.3606
vn 0.7772 0.3554 0.5193
vn 0.1579 0.9818 0.1055
vn 0.4590 0.7607 0.4590
vn 0.6610 0.3554 0.6610
vn 0.1343 0.9818 0.1343
vn 0.3606 0.7607 0.5397
vn 0.5193 0.3554 0.7772
vn 0.1055 0.9818 0.1579
vn 0.3577 0.3554 0.8636
vn 0.2484 0.7607 0.5997
vn 0.0727 0.9818 0.1754
vn 0.1824 0.3554 0.9168
vn 0.1266 0.7607 0.6366
vn 0.0370 0.9818 0.1862
vn -0.0000 0.3554 0.9347
vn -0.0000 0.7607 0.6491
vn -0.0000 0.9818 0.1899
vn -0.1266 0.7607 0.6366
vn -0.1824 0.3554 0.9168
vn -0.0370 0.9818 0.1862
vn -0.2484 0.7607 0.5997
vn -0.3577 0.3554 0.8636
vn -0.0727 0.9818 0.1754
vn -0.3606 0.7607 0.5397
vn -0.5193 0.3554 0.7772
vn -0.1055 0.9818 0.1579
vn -0.4590 0.7607 0.4590
vn -0.6610 0.3554 0.6610
vn -0.1343 0.9818 0.1343
vn -0.5397 0.7607 0.3606
vn -0.7772 0.3554 0.5193
vn -0.1579 0.9818 0.1055
vn -0.8636 0.3554 0.3577
vn -0.5997 0.7607 0.2484
vn -0.1754 0.9818 0.0727
vn -0.9168 0.3554 0.1824
vn -0.6366 0.7607 0.1266
vn -0.1862 0.9818 0.0370
vn -0.9347 0.3554 -0.0000
vn -0.6491 0.7607 -0.0000
vn -0.1899 0.9818 -0.0000
vn -0.6366 0.7607 -0.1266
vn -0.9168 0.3554 -0.1824
vn -0.1862 0.9818 -0.0370
vn -0.5997 0.7607 -0.2484
vn -0.8636 0.3554 -0.3577
vn -0.1754 0.9818 -0.0727
vn -0.5397 0.7607 -0.3606
vn -0.7772 0.3554 -0.5193
vn -0.1579 0.9818 -0.1055
vn -0.4590 0.7607 -0.4590
vn -0.6610 0.3554 -0.6610
vn -0.1343 0.9818 -0.1343
vn -0.3606 0.7607 -0.5397
vn -0.5193 0.3554 -0.7772
vn -0.1055 0.9818 -0.1579
vn -0.3577 0.3554 -0.8636
vn -0.2484 0.7607 -0.5997
vn -0.0727 0.9818 -0.1754
vn -0.1824 0.3554 -0.9168
vn -0.1266 0.7607 -0.6366
vn -0.0370 0.9818 -0.1862
vn -0.0000 0.9818 -0.1899
vn 0.1458 0.6644 -0.7330
vn 0.3403 0.4576 -0.8215
vn 0.1735 0.4576 -0.8720
vn -0.2275 -0.8042 -0.5492
vn -0.1930 -0.1450 -0.9704
vn -0.1160 -0.8042 -0.5830
vn 0.4203 -0.8042 -0.4203
vn 0.8227 -0.1450 -0.5497
vn 0.4942 -0.8042 -0.3302
vn -0.6214 0.6644 -0.4152
vn -0.8215 0.4576 -0.3403
vn -0.6905 0.6644 -0.2860
vn -0.0000 0.4576 -0.8891
vn -0.0000 0.6644 -0.7474
vn -0.0000 -0.1450 -0.9894
vn -0.0000 -0.8042 -0.5944
vn 0.9141 -0.1450 -0.3786
vn 0.5492 -0.8042 -0.2275
vn -0.5285 0.6644 -0.5285
vn -0.7393 0.4576 -0.4940
vn -0.1735 0.4576 -0.8721
vn -0.1458 0.6644 -0.7330
vn 0.9704 -0.1450 -0.1930
vn 0.5830 -0.8042 -0.1160
vn -0.4940 0.4576 -0.7393
vn -0.6287 0.4576 -0.6287
vn 0.4152 0.6644 -0.6214
vn 0.2860 0.6644 -0.6905
vn 0.9894 -0.1450 -0.0000
vn 0.5944 -0.8042 -0.0000
vn -0.2860 0.6644 -0.6905
vn -0.4152 0.6644 -0.6214
vn 0.5285 0.6644 -0.5285
vn 0.4940 0.4576 -0.7393
vn 0.9704 -0.1450 0.1930
vn 0.5830 -0.8042 0.1160
vn -0.3403 0.4576 -0.8215
vn 0.7393 0.4576 -0.4940
vn 0.6287 0.4576 -0.6287
vn 0.9141 -0.1450 0.3786
vn 0.5491 -0.8042 0.2275
vn 0.6905 0.6644 -0.2860
vn 0.6214 0.6644 -0.4152
vn 0.8227 -0.1450 0.5497
vn 0.4942 -0.8042 0.3302
vn 0.7330 0.6644 -0.1458
vn 0.8215 0.4576 -0.3403
vn 0.6996 -0.1450 0.6996
vn 0.4203 -0.8042 0.4203
vn 0.7473 0.6644 -0.0000
vn 0.8721 0.4576 -0.1735
vn 0.5497 -0.1450 0.8227
vn 0.3302 -0.8042 0.4942
vn 0.7330 0.6644 0.1458
vn 0.8891 0.4576 -0.0000
vn 0.3786 -0.1450 0.9141
vn 0.2275 -0.8042 0.5492
vn 0.8215 0.4576 0.3403
vn 0.8721 0.4576 0.1735
vn 0.1930 -0.1450 0.9704
vn 0.1160 -0.8042 0.5830
vn 0.6214 0.6644 0.4152
vn 0.6905 0.6644 0.2860
vn -0.0000 -0.1450 0.9894
vn -0.0000 -0.8042 0.5944
vn 0.5285 0.6644 0.5285
vn 0.7393 0.4576 0.4940
vn 0.1629 -0.9806 0.1088
vn 0.1809 -0.9806 0.0750
vn -0.5944 -0.8042 -0.0000
vn -0.1922 -0.9806 0.0382
vn -0.5830 -0.8042 0.1160
vn 0.1921 -0.9806 0.0382
vn -0.1810 -0.9806 0.0750
vn -0.5492 -0.8042 0.2275
vn 0.1959 -0.9806 -0.0000
vn -0.1629 -0.9806 0.1088
vn -0.4942 -0.8042 0.3302
vn 0.1922 -0.9806 -0.0382
vn -0.1385 -0.9806 0.1385
vn -0.4203 -0.8042 0.4203
vn 0.1810 -0.9806 -0.0750
vn -0.3302 -0.8042 0.4942
vn -0.1088 -0.9806 0.1629
vn 0.1629 -0.9806 -0.1088
vn -0.2275 -0.8042 0.5492
vn -0.0750 -0.9806 0.1810
vn -0.0382 -0.9806 -0.1921
vn 0.1385 -0.9806 -0.1385
vn -0.0382 -0.9806 0.1921
vn -0.1160 -0.8042 0.5830
vn -0.0750 -0.9806 -0.1810
vn 0.3302 -0.8042 -0.4942
vn 0.1088 -0.9806 -0.1629
vn -0.0000 -0.9806 0.1959
vn -0.1088 -0.9806 -0.1629
vn -0.3302 -0.8042 -0.4942
vn 0.2275 -0.8042 -0.5492
vn 0.0750 -0.9806 -0.1810
vn 0.0382 -0.9806 0.1921
vn -0.1385 -0.9806 -0.1385
vn -0.4203 -0.8042 -0.4203
vn 0.0382 -0.9806 -0.1921
vn 0.1160 -0.8042 -0.5830
vn 0.0750 -0.9806 0.1810
vn -0.4942 -0.8042 -0.3302
vn -0.1629 -0.9806 -0.1088
vn -0.0000 -0.9806 -0.1959
vn 0.1088 -0.9806 0.1629
vn -0.5491 -0.8042 -0.2275
vn -0.1809 -0.9806 -0.0750
vn 0.1385 -0.9806 0.1385
vn -0.1921 -0.9806 -0.0382
vn -0.5830 -0.8042 -0.1160
vn -0.1959 -0.9806 -0.0000
vn -0.3758 -0.1883 -0.9074
vn -0.5456 -0.1883 -0.8166
vn 0.9074 -0.1883 0.3758
vn 0.8166 -0.1883 0.5456
vn -0.6945 -0.1883 -0.6945
vn 0.9632 -0.1883 0.1916
vn -0.8166 -0.1883 -0.5456
vn 0.9821 -0.1883 -0.0000
vn -0.9074 -0.1883 -0.3758
vn 0.9632 -0.1883 -0.1916
vn -0.9632 -0.1883 -0.1916
vn 0.9074 -0.1883 -0.3758
vn -0.9821 -0.1883 -0.0000
vn 0.8166 -0.1883 -0.5456
vn -0.9632 -0.1883 0.1916
vn 0.6945 -0.1883 -0.6945
vn -0.9074 -0.1883 0.3758
vn 0.5456 -0.1883 -0.8166
vn -0.8166 -0.1883 0.5456
vn 0.3758 -0.1883 -0.9074
vn 0.1916 -0.1883 0.9632
vn -0.0000 -0.1883 0.9821
vn -0.6945 -0.1883 0.6945
vn 0.1916 -0.1883 -0.9632
vn 0.3758 -0.1883 0.9074
vn -0.5456 -0.1883 0.8166
vn -0.0000 -0.1883 -0.9821
vn 0.5456 -0.1883 0.8166
vn -0.3758 -0.1883 0.9074
vn -0.1916 -0.1883 -0.9632
vn 0.6945 -0.1883 0.6945
vn -0.1916 -0.1883 0.9632
vn -0.0000 -1.0000 -0.0000
vn -0.1917 0.1847 -0.9639
vn -0.3761 0.1847 -0.9080
vn -0.5460 0.1847 -0.8172
vn -0.6949 0.1847 -0.6949
vn -0.8172 0.1847 -0.5460
vn -0.9080 0.1847 -0.3761
vn -0.9828 0.1847 -0.0000
vn -0.9639 0.1847 0.1917
vn -0.9080 0.1847 0.3761
vn -0.8172 0.1847 0.5460
vn -0.6949 0.1847 0.6949
vn -0.5460 0.1847 0.8172
vn -0.3761 0.1847 0.9080
vn -0.0000 0.1847 0.9828
vn 0.1917 0.1847 0.9639
vn 0.3761 0.1847 0.9080
vn 0.5460 0.1847 0.8172
vn 0.6949 0.1847 0.6949
vn 0.8172 0.1847 0.5460
vn 0.9080 0.1847 0.3761
vn 0.9828 0.1847 -0.0000
vn 0.9639 0.1847 -0.1917
vn 0.9080 0.1847 -0.3761
vn 0.8172 0.1847 -0.5460
vn 0.6949 0.1847 -0.6949
vn 0.5460 0.1847 -0.8172
vn -0.0000 0.1847 -0.9828
vn 0.3761 0.1847 -0.9080
vn 0.3786 -0.1450 -0.9141
vn 0.1930 -0.1450 -0.9704
vn 0.5497 -0.1450 -0.8227
vn 0.6996 -0.1450 -0.6996
vn 0.6287 0.4576 0.6287
vn 0.4940 0.4576 0.7393
vn 0.3403 0.4576 0.8215
vn 0.1735 0.4576 0.8721
vn -0.0000 0.4576 0.8891
vn -0.1930 -0.1450 0.9704
vn -0.1735 0.4576 0.8720
vn -0.3786 -0.1450 0.9141
vn -0.3403 0.4576 0.8215
vn -0.5497 -0.1450 0.8227
vn -0.4940 0.4576 0.7393
vn -0.6996 -0.1450 0.6996
vn -0.6287 0.4576 0.6287
vn -0.7393 0.4576 0.4940
vn -0.9141 -0.1450 0.3786
vn -0.8215 0.4576 0.3403
vn -0.8721 0.4576 0.1735
vn -0.9894 -0.1450 -0.0000
vn -0.8891 0.4576 -0.0000
vn -0.9704 -0.1450 -0.1930
vn -0.8721 0.4576 -0.1735
vn -0.9141 -0.1450 -0.3786
vn -0.8227 -0.1450 -0.5497
vn -0.6996 -0.1450 -0.6996
vn -0.3786 -0.1450 -0.9141
vn -0.7330 0.6644 -0.1458
vn -0.7473 0.6644 -0.0000
vn -0.5497 -0.1450 -0.8227
vn -0.7330 0.6644 0.1458
vn -0.6905 0.6644 0.2860
vn -0.6214 0.6644 0.4152
vn -0.5285 0.6644 0.5285
vn -0.4152 0.6644 0.6214
vn -0.2860 0.6644 0.6905
vn -0.9704 -0.1450 0.1930
vn -0.1458 0.6644 0.7330
vn -0.0000 0.6644 0.7474
vn -0.8227 -0.1450 0.5497
vn 0.1458 0.6644 0.7330
vn 0.2860 0.6644 0.6905
vn 0.4152 0.6644 0.6214
vn -0.3918 0.7089 -0.5864
vn -0.4987 0.7089 -0.4987
vn 0.6516 0.7089 0.2699
vn 0.6917 0.7089 0.1376
vn -0.5864 0.7089 0.3918
vn -0.4987 0.7089 0.4987
vn 0.3918 0.7089 0.5864
vn 0.4987 0.7089 0.4987
vn -0.0000 -0.7077 0.7066
vn 0.1750 -0.4421 0.8797
vn -0.0000 -0.4421 0.8970
vn 0.6995 -0.1463 -0.6995
vn 0.4983 -0.4421 -0.7458
vn 0.5496 -0.1463 -0.8225
vn 0.6995 -0.1463 0.6995
vn 0.4983 -0.4421 0.7458
vn 0.6343 -0.4421 0.6343
vn -0.8225 -0.1463 0.5496
vn -0.8287 -0.4421 0.3433
vn -0.7458 -0.4421 0.4983
vn -0.3786 -0.1463 -0.9139
vn -0.1750 -0.4421 -0.8797
vn -0.3433 -0.4421 -0.8287
vn -0.9702 -0.1463 0.1930
vn -0.8970 -0.4421 -0.0000
vn -0.8797 -0.4421 0.1750
vn 0.3786 -0.1463 0.9139
vn 0.3433 -0.4421 0.8287
vn 0.8225 -0.1463 -0.5496
vn 0.8287 -0.4421 -0.3433
vn 0.7458 -0.4421 -0.4983
vn -0.6995 -0.1463 -0.6995
vn -0.4983 -0.4421 -0.7458
vn -0.6343 -0.4421 -0.6343
vn -0.6995 -0.1463 0.6995
vn -0.4983 -0.4421 0.7458
vn -0.5496 -0.1463 0.8225
vn -0.0570 -0.1392 -0.9886
vn 0.1946 -0.0705 -0.9783
vn 0.2488 -0.1392 -0.9585
vn 0.3817 -0.0705 -0.9216
vn 0.5966 -0.1392 -0.7903
vn 0.3257 -0.1392 -0.9352
vn 0.7053 -0.0705 -0.7053
vn 0.8537 -0.1392 -0.5019
vn 0.6588 -0.1392 -0.7394
vn 0.9216 -0.0705 -0.3817
vn 0.9808 -0.1392 -0.1370
vn 0.8916 -0.1392 -0.4310
vn 0.9886 -0.1392 -0.0570
vn 0.9783 -0.0705 0.1946
vn 0.9585 -0.1392 0.2488
vn 0.9216 -0.0705 0.3817
vn 0.7903 -0.1392 0.5966
vn 0.9352 -0.1392 0.3257
vn 0.7053 -0.0705 0.7053
vn 0.5019 -0.1392 0.8537
vn 0.7394 -0.1392 0.6588
vn 0.3817 -0.0705 0.9216
vn 0.1370 -0.1392 0.9808
vn 0.4310 -0.1392 0.8916
vn 0.0570 -0.1392 0.9886
vn -0.1946 -0.0705 0.9783
vn -0.2488 -0.1392 0.9585
vn -0.3817 -0.0705 0.9216
vn -0.5966 -0.1392 0.7903
vn -0.3257 -0.1392 0.9352
vn -0.7053 -0.0705 0.7053
vn -0.8537 -0.1392 0.5019
vn -0.6588 -0.1392 0.7394
vn -0.9216 -0.0705 0.3817
vn -0.9808 -0.1392 0.1370
vn -0.8916 -0.1392 0.4310
vn -0.9886 -0.1392 0.0570
vn -0.9783 -0.0705 -0.1946
vn -0.9585 -0.1392 -0.2488
vn -0.9216 -0.0705 -0.3817
vn -0.7903 -0.1392 -0.5966
vn -0.9352 -0.1392 -0.3257
vn -0.7053 -0.0705 -0.7053
vn -0.5019 -0.1392 -0.8537
vn -0.7394 -0.1392 -0.6588
vn -0.3817 -0.0705 -0.9216
vn -0.1370 -0.1392 -0.9808
vn -0.4310 -0.1392 -0.8916
vn 0.1376 0.7089 -0.6917
vn -0.0000 0.7089 -0.7053
vn -0.7066 -0.7077 -0.0000
vn -0.4996 -0.7077 -0.4996
vn -0.3925 -0.7077 -0.5875
vn 0.6930 -0.7077 -0.1378
vn 0.8797 -0.4421 -0.1750
vn 0.7066 -0.7077 -0.0000
vn 0.8970 -0.4421 -0.0000
vn -0.4996 -0.7076 0.4996
vn -0.5875 -0.7077 0.3925
vn -0.6930 -0.7077 -0.1378
vn -0.8287 -0.4421 -0.3433
vn -0.6528 -0.7077 -0.2704
vn 0.4996 -0.7077 0.4996
vn 0.3925 -0.7077 0.5875
vn -0.6516 0.7089 -0.2699
vn -0.6917 0.7089 -0.1376
vn -0.2699 0.7089 0.6516
vn -0.1376 0.7089 0.6917
vn 0.9702 -0.1463 0.1930
vn 0.8287 -0.4421 0.3433
vn 0.8797 -0.4421 0.1750
vn 0.1930 -0.1463 0.9702
vn -0.7458 -0.4421 -0.4983
vn -0.8225 -0.1463 -0.5496
vn -0.5496 -0.1463 -0.8225
vn -0.1930 -0.1463 0.9702
vn -0.3433 -0.4421 0.8287
vn -0.1750 -0.4421 0.8797
vn 0.7458 -0.4421 0.4983
vn 0.8225 -0.1463 0.5496
vn -0.0000 -0.1463 -0.9892
vn 0.1750 -0.4421 -0.8797
vn -0.0000 -0.4421 -0.8970
vn -0.9702 -0.1463 -0.1930
vn -0.8797 -0.4421 -0.1750
vn -0.0000 -0.0705 -0.9975
vn 0.5542 -0.0705 -0.8294
vn 0.8294 -0.0705 -0.5542
vn 0.9975 -0.0705 -0.0000
vn 0.8294 -0.0705 0.5542
vn 0.5542 -0.0705 0.8294
vn -0.0000 -0.0705 0.9975
vn -0.5542 -0.0705 0.8294
vn -0.8294 -0.0705 0.5542
vn -0.9975 -0.0705 -0.0000
vn -0.8294 -0.0705 -0.5542
vn -0.5542 -0.0705 -0.8294
vn -0.3693 -0.1999 -0.9076
vn 0.1916 0.0867 -0.9776
vn 0.1851 -0.1999 -0.9622
vn -0.4415 0.0058 -0.8972
vn -0.6885 -0.1999 -0.6972
vn -0.1971 0.0867 -0.9765
vn -0.1972 -0.1999 -0.9598
vn -0.7513 0.0058 -0.6600
vn -0.9029 -0.1999 -0.3806
vn -0.5558 0.0867 -0.8268
vn -0.5494 -0.1999 -0.8113
vn -0.9466 0.0058 -0.3222
vn -0.9798 -0.1999 -0.0061
vn -0.8299 0.0867 -0.5511
vn -0.8181 -0.1999 -0.5392
vn -0.9979 0.0058 0.0645
vn -0.9076 -0.1999 0.3693
vn -0.9776 0.0867 -0.1916
vn -0.9622 -0.1999 -0.1851
vn -0.8972 0.0058 0.4415
vn -0.6972 -0.1999 0.6885
vn -0.9765 0.0867 0.1971
vn -0.9598 -0.1999 0.1972
vn -0.6600 0.0058 0.7513
vn -0.3806 -0.1999 0.9029
vn -0.8268 0.0867 0.5558
vn -0.8113 -0.1999 0.5494
vn -0.3222 0.0058 0.9466
vn -0.0061 -0.1999 0.9798
vn -0.5511 0.0867 0.8299
vn -0.5392 -0.1999 0.8181
vn 0.0645 0.0058 0.9979
vn 0.3693 -0.1999 0.9076
vn -0.1916 0.0867 0.9776
vn -0.1851 -0.1999 0.9622
vn 0.4415 0.0058 0.8972
vn 0.6885 -0.1999 0.6972
vn 0.1971 0.0867 0.9765
vn 0.1972 -0.1999 0.9598
vn 0.7513 0.0058 0.6600
vn 0.9029 -0.1999 0.3806
vn 0.5558 0.0867 0.8268
vn 0.5494 -0.1999 0.8113
vn 0.9466 0.0058 0.3222
vn 0.9798 -0.1999 0.0061
vn 0.8299 0.0867 0.5511
vn 0.8181 -0.1999 0.5392
vn 0.9979 0.0058 -0.0645
vn 0.9076 -0.1999 -0.3693
vn 0.9776 0.0867 0.1916
vn 0.9622 -0.1999 0.1851
vn 0.8972 0.0058 -0.4415
vn 0.6972 -0.1999 -0.6885
vn 0.9765 0.0867 -0.1971
vn 0.9598 -0.1999 -0.1972
vn 0.6600 0.0058 -0.7513
vn 0.3806 -0.1999 -0.9029
vn 0.8268 0.0867 -0.5558
vn 0.8113 -0.1999 -0.5494
vn 0.3222 0.0058 -0.9466
vn 0.0061 -0.1999 -0.9798
vn 0.5511 0.0867 -0.8299
vn 0.5392 -0.1999 -0.8181
vn -0.0645 0.0058 -0.9979
vn -0.1463 0.6617 -0.7353
vn -0.0000 -0.2812 -0.9596
vn -0.1872 -0.2812 -0.9412
vn -0.5875 -0.7077 -0.3925
vn -0.0000 0.6617 -0.7497
vn 0.1872 -0.2812 -0.9412
vn -0.0000 -0.7077 -0.7066
vn 0.1378 -0.7076 -0.6930
vn 0.1463 0.6617 -0.7353
vn 0.3672 -0.2812 -0.8866
vn 0.5875 -0.7077 0.3925
vn 0.4165 0.6617 -0.6234
vn 0.5331 -0.2812 -0.7979
vn 0.3925 -0.7077 -0.5875
vn 0.6343 -0.4421 -0.6343
vn 0.4996 -0.7076 -0.4996
vn 0.6786 -0.2812 -0.6786
vn 0.5864 0.7089 0.3918
vn 0.5301 0.6618 -0.5301
vn 0.7979 -0.2812 -0.5331
vn 0.6917 0.7089 -0.1376
vn 0.6516 0.7089 -0.2699
vn 0.6234 0.6617 -0.4165
vn 0.8866 -0.2812 -0.3672
vn 0.7053 0.7089 -0.0000
vn 0.7353 0.6617 -0.1463
vn 0.9412 -0.2812 -0.1872
vn 0.5875 -0.7077 -0.3925
vn 0.9596 -0.2812 -0.0000
vn 0.9139 -0.1463 -0.3786
vn 0.7497 0.6617 -0.0000
vn 0.9412 -0.2812 0.1872
vn -0.9892 -0.1463 -0.0000
vn 0.7353 0.6617 0.1463
vn 0.8866 -0.2812 0.3672
vn -0.6343 -0.4421 0.6343
vn 0.6234 0.6617 0.4165
vn 0.7979 -0.2812 0.5331
vn 0.3433 -0.4421 -0.8287
vn 0.3786 -0.1463 -0.9139
vn 0.6786 -0.2812 0.6786
vn -0.0000 -0.1463 0.9892
vn 0.5301 0.6618 0.5301
vn 0.5331 -0.2812 0.7979
vn 0.9139 -0.1463 0.3786
vn 0.4165 0.6617 0.6234
vn 0.3672 -0.2812 0.8866
vn 0.9702 -0.1463 -0.1930
vn 0.1463 0.6617 0.7353
vn 0.1872 -0.2812 0.9412
vn -0.0000 -0.2812 0.9596
vn 0.1930 -0.1463 -0.9702
vn -0.0000 0.6617 0.7497
vn -0.1872 -0.2812 0.9412
vn 0.2699 0.7089 0.6516
vn -0.1463 0.6617 0.7353
vn -0.3672 -0.2812 0.8866
vn 0.3918 0.7089 -0.5864
vn 0.2699 0.7089 -0.6516
vn -0.4165 0.6617 0.6234
vn -0.5331 -0.2812 0.7979
vn -0.6786 -0.2812 0.6786
vn -0.1376 0.7089 -0.6917
vn -0.5301 0.6618 0.5301
vn -0.7979 -0.2812 0.5331
vn -0.5864 0.7089 -0.3918
vn -0.6234 0.6617 0.4165
vn -0.8866 -0.2812 0.3672
vn 0.4987 0.7089 -0.4987
vn -0.7353 0.6617 0.1463
vn -0.9412 -0.2812 0.1872
vn -0.7053 0.7089 -0.0000
vn -0.6917 0.7089 0.1376
vn -0.9596 -0.2812 -0.0000
vn 0.6930 -0.7077 0.1378
vn 0.6528 -0.7077 0.2704
vn -0.7497 0.6617 -0.0000
vn -0.9412 -0.2812 -0.1872
vn -0.1378 -0.7076 0.6930
vn -0.2704 -0.7077 0.6528
vn -0.7353 0.6617 -0.1463
vn -0.8866 -0.2812 -0.3672
vn -0.1930 -0.1463 -0.9702
vn -0.6234 0.6617 -0.4165
vn -0.7979 -0.2812 -0.5331
vn -0.3786 -0.1463 0.9139
vn -0.6786 -0.2812 -0.6786
vn -0.9139 -0.1463 -0.3786
vn -0.5301 0.6618 -0.5301
vn -0.5331 -0.2812 -0.7979
vn 0.9892 -0.1463 -0.0000
vn -0.4165 0.6617 -0.6234
vn -0.3672 -0.2812 -0.8866
vn -0.9139 -0.1463 0.3786
vn 0.5496 -0.1463 0.8225
vn -0.1314 0.0058 -0.9913
vn -0.3786 0.0867 -0.9215
vn -0.7025 0.0867 -0.7064
vn -0.5007 0.0058 -0.8656
vn -0.9193 0.0867 -0.3838
vn -0.7939 0.0058 -0.6081
vn -0.9962 0.0867 -0.0028
vn -0.9661 0.0058 -0.2580
vn -0.9215 0.0867 0.3786
vn -0.9913 0.0058 0.1314
vn -0.7064 0.0867 0.7025
vn -0.8656 0.0058 0.5007
vn -0.3838 0.0867 0.9193
vn -0.6081 0.0058 0.7939
vn -0.0028 0.0867 0.9962
vn -0.2580 0.0058 0.9661
vn 0.3786 0.0867 0.9215
vn 0.1314 0.0058 0.9913
vn 0.7025 0.0867 0.7064
vn 0.5007 0.0058 0.8656
vn 0.9193 0.0867 0.3838
vn 0.7939 0.0058 0.6081
vn 0.9962 0.0867 0.0028
vn 0.9661 0.0058 0.2580
vn 0.9215 0.0867 -0.3786
vn 0.9913 0.0058 -0.1314
vn 0.7064 0.0867 -0.7025
vn 0.8656 0.0058 -0.5007
vn 0.3838 0.0867 -0.9193
vn 0.6081 0.0058 -0.7939
vn 0.0028 0.0867 -0.9962
vn 0.2580 0.0058 -0.9661
vn -0.0000 0.7089 0.7053
vn 0.1376 0.7089 0.6917
vn 0.5864 0.7089 -0.3918
vn -0.6930 -0.7077 0.1378
vn 0.1378 -0.7076 0.6930
vn -0.3925 -0.7077 0.5875
vn -0.3918 0.7089 0.5864
vn 0.2704 -0.7077 -0.6528
vn -0.6516 0.7089 0.2699
vn -0.6528 -0.7077 0.2704
vn -0.1378 -0.7076 -0.6930
vn 0.6528 -0.7077 -0.2704
vn -0.2699 0.7089 -0.6516
vn -0.2704 -0.7077 -0.6528
vn 0.2704 -0.7077 0.6528
vn -0.1946 -0.0705 -0.9783
vn -0.3817 -0.0722 -0.9215
vn -0.1946 -0.0722 -0.9782
vn -0.5541 -0.0722 -0.8293
vn -0.7053 -0.0722 -0.7053
vn -0.8293 -0.0722 -0.5541
vn -0.9215 -0.0722 -0.3817
vn -0.9782 -0.0722 -0.1946
vn -0.9974 -0.0722 -0.0000
vn -0.9783 -0.0705 0.1946
vn -0.9782 -0.0722 0.1946
vn -0.9215 -0.0722 0.3817
vn -0.8293 -0.0722 0.5541
vn -0.7053 -0.0722 0.7053
vn -0.5541 -0.0722 0.8293
vn -0.3817 -0.0722 0.9215
vn -0.1946 -0.0722 0.9782
vn -0.0000 -0.0722 0.9974
vn 0.1946 -0.0705 0.9783
vn 0.1946 -0.0722 0.9782
vn 0.3817 -0.0722 0.9215
vn 0.5541 -0.0722 0.8293
vn 0.7053 -0.0722 0.7053
vn 0.8293 -0.0722 0.5541
vn 0.9215 -0.0722 0.3817
vn 0.9782 -0.0722 0.1946
vn 0.9974 -0.0722 -0.0000
vn 0.9783 -0.0705 -0.1946
vn 0.9782 -0.0722 -0.1946
vn 0.9215 -0.0722 -0.3817
vn 0.8293 -0.0722 -0.5541
vn 0.7053 -0.0722 -0.7053
vn 0.5541 -0.0722 -0.8293
vn 0.3817 -0.0722 -0.9215
vn 0.1946 -0.0722 -0.9782
vn -0.0000 -0.0722 -0.9974
vn -0.0000 -0.0523 -0.9986
vn 0.1948 -0.0523 -0.9794
vn -0.1948 -0.0523 -0.9794
vn 0.3822 -0.0523 -0.9226
vn 0.5548 -0.0523 -0.8303
vn 0.7061 -0.0523 -0.7061
vn 0.8303 -0.0523 -0.5548
vn 0.9226 -0.0523 -0.3822
vn 0.9794 -0.0523 -0.1948
vn 0.9986 -0.0523 -0.0000
vn 0.9794 -0.0523 0.1948
vn 0.9226 -0.0523 0.3822
vn 0.8303 -0.0523 0.5548
vn 0.7061 -0.0523 0.7061
vn 0.5548 -0.0523 0.8303
vn 0.3822 -0.0523 0.9226
vn 0.1948 -0.0523 0.9794
vn -0.0000 -0.0523 0.9986
vn -0.1948 -0.0523 0.9794
vn -0.3822 -0.0523 0.9226
vn -0.5548 -0.0523 0.8303
vn -0.7061 -0.0523 0.7061
vn -0.8303 -0.0523 0.5548
vn -0.9226 -0.0523 0.3822
vn -0.9794 -0.0523 0.1948
vn -0.9986 -0.0523 -0.0000
vn -0.9794 -0.0523 -0.1948
vn -0.9226 -0.0523 -0.3822
vn -0.8303 -0.0523 -0.5548
vn -0.7061 -0.0523 -0.7061
vn -0.5548 -0.0523 -0.8303
vn -0.3822 -0.0523 -0.9226
vn -0.1700 -0.4906 -0.8546
vn -0.3335 -0.4906 -0.8051
vn -0.4841 -0.4906 -0.7245
vn -0.6162 -0.4906 -0.6162
vn -0.7245 -0.4906 -0.4841
vn -0.8051 -0.4906 -0.3335
vn -0.8546 -0.4906 -0.1700
vn -0.8714 -0.4906 -0.0000
vn -0.8546 -0.4906 0.1700
vn -0.8051 -0.4906 0.3335
vn -0.7245 -0.4906 0.4841
vn -0.6162 -0.4906 0.6162
vn -0.4841 -0.4906 0.7245
vn -0.3335 -0.4906 0.8051
vn -0.1700 -0.4906 0.8546
vn -0.0000 -0.4906 0.8714
vn 0.1700 -0.4906 0.8546
vn 0.3335 -0.4906 0.8051
vn 0.4841 -0.4906 0.7245
vn 0.6162 -0.4906 0.6162
vn 0.7245 -0.4906 0.4841
vn 0.8051 -0.4906 0.3335
vn 0.8546 -0.4906 0.1700
vn 0.8714 -0.4906 -0.0000
vn 0.8546 -0.4906 -0.1700
vn 0.8051 -0.4906 -0.3335
vn 0.7245 -0.4906 -0.4841
vn 0.6162 -0.4906 -0.6162
vn 0.4841 -0.4906 -0.7245
vn 0.3335 -0.4906 -0.8051
vn 0.1700 -0.4906 -0.8546
vn -0.0000 -0.4906 -0.8714
vn -0.9914 0.1305 -0.0000
vn -0.8660 0.5000 -0.0000
vn -0.5000 0.8660 -0.0000
vn -0.1305 0.9914 -0.0000
vn 0.9914 0.1305 -0.0000
vn 0.8660 0.5000 -0.0000
vn 0.5000 0.8660 -0.0000
vn 0.1305 0.9914 -0.0000
vn 0.8660 -0.5000 -0.0000
vn 0.9914 -0.1305 -0.0000
vn 0.5000 -0.8660 -0.0000
vn 0.1305 -0.9914 -0.0000
vn -0.8660 -0.5000 -0.0000
vn -0.9914 -0.1305 -0.0000
vn -0.5000 -0.8660 -0.0000
vn -0.1305 -0.9914 -0.0000
vn 1.0000 -0.0000 -0.0000
vn -1.0000 -0.0000 -0.0000
vn -0.0000 -0.0000 -1.0000
vn -0.0000 -0.0000 1.0000
vn 0.1302 -0.0097 0.9914
vn 0.4986 -0.0372 0.8660
vn 0.8636 -0.0644 0.5000
vn 0.9887 -0.0737 0.1305
vn 0.1302 -0.0097 -0.9914
vn 0.4986 -0.0372 -0.8660
vn 0.8636 -0.0644 -0.5000
vn 0.9887 -0.0737 -0.1305
vn 0.9054 -0.0675 0.4192
vn 0.8160 -0.0608 0.5748
vn 0.8151 -0.0608 0.5761
vn 0.4958 -0.0370 0.8676
vn 0.4957 -0.0370 0.8677
vn 0.9054 -0.0675 -0.4192
vn 0.8160 -0.0608 -0.5748
vn 0.8151 -0.0608 -0.5761
vn 0.4959 -0.0370 -0.8676
vn 0.4957 -0.0370 -0.8677
vn 0.9061 -0.0675 0.4176
vn 0.9061 -0.0675 -0.4176
vn -0.4986 0.0372 -0.8660
vn -0.1302 0.0097 -0.9914
vn -0.8636 0.0644 -0.5000
vn -0.9887 0.0737 -0.1305
vn -0.4986 0.0372 0.8660
vn -0.1302 0.0097 0.9914
vn -0.8636 0.0644 0.5000
vn -0.9887 0.0737 0.1305
vn -0.9053 0.0675 -0.4193
vn -0.8161 0.0608 -0.5748
vn -0.9054 0.0675 -0.4192
vn -0.8151 0.0608 -0.5761
vn -0.4959 0.0370 -0.8676
vn -0.4957 0.0370 -0.8677
vn -0.8160 0.0608 0.5748
vn -0.9053 0.0675 0.4193
vn -0.9054 0.0675 0.4192
vn -0.4959 0.0370 0.8676
vn -0.8151 0.0608 0.5761
vn -0.4957 0.0370 0.8677
vn -0.9061 0.0675 -0.4176
vn -0.9061 0.0675 0.4176
vn -0.4165 0.0310 -0.9086
vn -0.4165 0.0310 0.9086
vn 0.0743 0.9972 -0.0000
vn -0.0743 -0.9972 -0.0000
vn 0.0744 0.9972 -0.0000
vn 0.0710 0.9975 0.0055
vn 0.0648 0.9977 0.0196
vn 0.0651 0.9977 0.0202
vn -0.0710 -0.9975 -0.0055
vn -0.0648 -0.9977 -0.0196
vn -0.0708 -0.9975 -0.0050
vn 0.0741 0.9972 0.0002
vn 0.0708 0.9975 0.0049
vn -0.0741 -0.9972 -0.0002
vn -0.0741 -0.9972 -0.0001
vn 0.0741 0.9972 0.0001
vn -0.0710 -0.9975 0.0055
vn -0.0648 -0.9977 0.0196
vn -0.0650 -0.9977 0.0201
vn 0.0710 0.9975 -0.0055
vn 0.0648 0.9977 -0.0196
vn 0.0708 0.9975 -0.0049
vn -0.0741 -0.9972 0.0002
vn -0.0708 -0.9975 0.0050
vn 0.0741 0.9972 -0.0002
vn 0.0741 0.9972 -0.0001
vn -0.0741 -0.9972 0.0001
vn -0.0650 -0.9977 -0.0201
vn -0.0613 -0.9977 -0.0283
vn 0.0613 0.9977 0.0283
vn 0.0651 0.9977 -0.0202
vn 0.0613 0.9977 -0.0283
vn -0.0613 -0.9977 0.0283
vn -0.0614 -0.9977 0.0283
vn -0.1302 -0.0097 0.9914
vn -0.4986 -0.0372 0.8660
vn -0.8636 -0.0644 0.5000
vn -0.9887 -0.0737 0.1305
vn -0.4986 -0.0372 -0.8660
vn -0.1302 -0.0097 -0.9914
vn -0.8636 -0.0644 -0.5000
vn -0.9887 -0.0737 -0.1305
vn -0.9054 -0.0675 0.4192
vn -0.8161 -0.0608 0.5748
vn -0.8151 -0.0608 0.5761
vn -0.4958 -0.0370 0.8676
vn -0.4957 -0.0370 0.8677
vn -0.8161 -0.0608 -0.5748
vn -0.9054 -0.0675 -0.4193
vn -0.9054 -0.0675 -0.4192
vn -0.4959 -0.0370 -0.8676
vn -0.8151 -0.0608 -0.5761
vn -0.4957 -0.0370 -0.8677
vn -0.9061 -0.0675 0.4176
vn -0.9061 -0.0675 -0.4176
vn 0.1302 0.0097 -0.9914
vn 0.4986 0.0372 -0.8660
vn 0.8636 0.0644 -0.5000
vn 0.9887 0.0737 -0.1305
vn 0.1302 0.0097 0.9914
vn 0.4986 0.0372 0.8660
vn 0.8636 0.0644 0.5000
vn 0.9887 0.0737 0.1305
vn 0.9053 0.0675 -0.4193
vn 0.8160 0.0608 -0.5748
vn 0.8151 0.0608 -0.5761
vn 0.4959 0.0370 -0.8676
vn 0.4957 0.0370 -0.8677
vn 0.9053 0.0675 0.4193
vn 0.8160 0.0608 0.5748
vn 0.9054 0.0675 0.4192
vn 0.8151 0.0608 0.5761
vn 0.4959 0.0370 0.8676
vn 0.9054 0.0675 -0.4192
vn 0.9061 0.0675 -0.4176
vn 0.9061 0.0675 0.4176
vn 0.4165 0.0310 -0.9086
vn 0.4165 0.0310 0.9086
vn -0.0743 0.9972 -0.0000
vn 0.0744 -0.9972 -0.0000
vn 0.0743 -0.9972 -0.0000
vn -0.0744 0.9972 -0.0000
vn -0.0648 0.9977 0.0196
vn -0.0710 0.9975 0.0055
vn -0.0651 0.9977 0.0202
vn 0.0710 -0.9975 -0.0055
vn 0.0648 -0.9977 -0.0196
vn 0.0650 -0.9977 -0.0201
vn -0.0708 0.9975 0.0049
vn -0.0741 0.9972 0.0002
vn 0.0741 -0.9972 -0.0002
vn 0.0708 -0.9975 -0.0050
vn 0.0648 -0.9977 0.0196
vn 0.0710 -0.9975 0.0055
vn 0.0650 -0.9977 0.0201
vn -0.0710 0.9975 -0.0055
vn -0.0648 0.9977 -0.0196
vn -0.0651 0.9977 -0.0202
vn 0.0708 -0.9975 0.0050
vn 0.0741 -0.9972 0.0002
vn -0.0741 0.9972 -0.0002
vn -0.0708 0.9975 -0.0049
vn 0.0613 -0.9977 -0.0283
vn -0.0614 0.9977 0.0283
vn -0.0613 0.9977 -0.0283
vn 0.0614 -0.9977 0.0283
vn 0.7071 -0.0000 -0.7071
vn 0.7071 -0.0000 0.7071
vn -0.7071 -0.0000 0.7071
vn -0.7071 -0.0000 -0.7071
vn 0.3127 0.7071 -0.6342
vn 0.4422 -0.0000 -0.8969
vn 0.3127 -0.7071 -0.6342
vn -0.3127 -0.7071 0.6342
vn -0.4422 -0.0000 0.8969
vn -0.3127 0.7071 0.6342
vn 0.8969 -0.0000 -0.4422
vn 0.3127 0.7071 0.6342
vn 0.4422 -0.0000 0.8969
vn 0.3127 -0.7071 0.6342
vn -0.3127 -0.7071 -0.6342
vn -0.4422 -0.0000 -0.8969
vn -0.3127 0.7071 -0.6342
vn 0.8969 -0.0000 0.4422
vn -0.8969 -0.0000 -0.4422
vn -0.8969 -0.0000 0.4422
vn 0.1166 0.8016 -0.5863
vn 0.5978 0.8016 -0.0000
vn -0.4227 0.8016 0.4227
vn 0.2288 0.8016 0.5523
vn 0.1166 0.8016 0.5863
vn 0.6927 0.6618 0.2869
vn -0.4971 0.8016 -0.3321
vn 0.2288 0.8016 -0.5523
vn -0.2869 0.6618 0.6927
vn 0.5863 0.8016 0.1166
vn -0.4971 0.8016 0.3321
vn -0.0000 0.8016 0.5978
vn -0.4227 0.8016 -0.4227
vn 0.3321 0.8016 -0.4971
vn 0.5523 0.8016 0.2288
vn -0.6927 0.6618 -0.2869
vn 0.6927 0.6618 -0.2869
vn -0.5523 0.8016 0.2288
vn -0.3321 0.8016 -0.4971
vn 0.4227 0.8016 -0.4227
vn 0.4971 0.8016 0.3321
vn -0.5863 0.8016 0.1166
vn -0.1166 0.8016 0.5863
vn 0.2869 0.6618 0.6927
vn -0.2288 0.8016 -0.5523
vn 0.4971 0.8016 -0.3321
vn 0.4227 0.8016 0.4227
vn -0.5978 0.8016 -0.0000
vn -0.1166 0.8016 -0.5863
vn -0.6927 0.6618 0.2869
vn 0.5523 0.8016 -0.2288
vn -0.2288 0.8016 0.5523
vn 0.2869 0.6618 -0.6927
vn 0.3321 0.8016 0.4971
vn -0.5863 0.8016 -0.1166
vn -0.0000 0.8016 -0.5978
vn 0.5863 0.8016 -0.1166
vn -0.3321 0.8016 0.4971
vn -0.2869 0.6618 -0.6927
vn -0.5523 0.8016 -0.2288
vn -0.0000 0.1458 0.9893
vn -0.1947 0.0650 0.9787
vn -0.1930 0.1458 0.9703
vn 0.6995 0.1458 0.6996
vn 0.8297 0.0650 0.5544
vn 0.7056 0.0650 0.7056
vn -0.3786 0.1458 -0.9140
vn -0.1947 0.0650 -0.9787
vn -0.1930 0.1458 -0.9703
vn -0.3786 0.1458 0.9140
vn -0.3819 0.0650 0.9219
vn 0.5544 0.0650 0.8297
vn 0.5496 0.1458 0.8226
vn -0.0000 0.0650 -0.9979
vn -0.0000 0.1458 -0.9893
vn -0.5496 0.1458 0.8226
vn -0.5544 0.0650 0.8297
vn 0.3819 0.0650 0.9219
vn 0.3786 0.1458 0.9140
vn 0.1947 0.0650 -0.9787
vn 0.1930 0.1458 -0.9703
vn -0.6996 0.1458 0.6996
vn -0.7056 0.0650 0.7056
vn 0.1947 0.0650 0.9787
vn 0.1930 0.1458 0.9703
vn 0.3786 0.1458 -0.9140
vn 0.3819 0.0650 -0.9219
vn -0.8297 0.0650 0.5544
vn -0.8226 0.1458 0.5496
vn -0.0000 0.0650 0.9979
vn 0.5496 0.1458 -0.8226
vn 0.5544 0.0650 -0.8297
vn -0.9219 0.0650 0.3819
vn -0.9140 0.1458 0.3786
vn 0.6996 0.1458 -0.6996
vn 0.7056 0.0650 -0.7056
vn -0.9787 0.0650 0.1947
vn -0.9703 0.1458 0.1930
vn 0.8297 0.0650 -0.5544
vn 0.8226 0.1458 -0.5496
vn -0.9979 0.0650 -0.0000
vn -0.9893 0.1458 -0.0000
vn 0.9219 0.0650 -0.3819
vn 0.9140 0.1458 -0.3786
vn -0.9787 0.0650 -0.1947
vn -0.9703 0.1458 -0.1930
vn 0.9787 0.0650 -0.1947
vn 0.9703 0.1458 -0.1930
vn -0.9140 0.1458 -0.3786
vn -0.9219 0.0650 -0.3819
vn 0.9979 0.0650 -0.0000
vn 0.9893 0.1458 -0.0000
vn -0.8226 0.1458 -0.5496
vn -0.8297 0.0650 -0.5544
vn 0.9787 0.0650 0.1947
vn 0.9703 0.1458 0.1930
vn -0.6995 0.1458 -0.6996
vn -0.7056 0.0650 -0.7056
vn 0.9140 0.1458 0.3786
vn 0.9219 0.0650 0.3819
vn -0.5544 0.0650 -0.8297
vn -0.5496 0.1458 -0.8226
vn 0.8226 0.1458 0.5496
vn -0.3819 0.0650 -0.9219
vn -0.0000 0.9439 -0.3304
vn 0.1264 0.9439 -0.3052
vn 0.2336 0.9439 -0.2336
vn 0.3052 0.9439 -0.1264
vn 0.3304 0.9438 -0.0000
vn 0.3052 0.9439 0.1264
vn 0.2336 0.9439 0.2336
vn 0.1264 0.9439 0.3052
vn -0.0000 0.9439 0.3304
vn -0.1264 0.9439 0.3052
vn -0.2336 0.9439 0.2336
vn -0.3052 0.9439 0.1264
vn -0.3304 0.9438 -0.0000
vn -0.3052 0.9439 -0.1264
vn -0.2336 0.9439 -0.2336
vn -0.1264 0.9439 -0.3052
vn -0.9639 0.1847 -0.1917
vn -0.1917 0.1847 0.9639
vn 0.9639 0.1847 0.1917
vn 0.1917 0.1847 -0.9639
vn 0.4957 0.0370 0.8677
vn -0.0741 0.9972 0.0001
vn 0.0741 -0.9972 -0.0001
vn 0.0741 -0.9972 0.0001
vn -0.0741 0.9972 -0.0001
vt 0.096369 0.104013
vt 0.096229 0.105114
vt 0.096167 0.105114
vt 0.096173 0.104013
vt 0.095983 0.105114
vt 0.095855 0.104013
vt 0.095684 0.105114
vt 0.095427 0.104013
vt 0.095281 0.105114
vt 0.094905 0.104013
vt 0.094791 0.105114
vt 0.094310 0.104013
vt 0.094231 0.105114
vt 0.093664 0.104013
vt 0.093624 0.105114
vt 0.092992 0.104013
vt 0.092992 0.105114
vt 0.092321 0.104013
vt 0.092361 0.105114
vt 0.091675 0.104013
vt 0.091753 0.105114
vt 0.091080 0.104013
vt 0.091194 0.105114
vt 0.090558 0.104013
vt 0.090703 0.105114
vt 0.090130 0.104013
vt 0.090300 0.105114
vt 0.089811 0.104013
vt 0.090001 0.105114
vt 0.089616 0.104013
vt 0.089817 0.105114
vt 0.089549 0.104013
vt 0.089755 0.105114
vt 0.096435 0.104013
vt 0.095820 0.105114
vt 0.095766 0.105114
vt 0.095605 0.105114
vt 0.095344 0.105114
vt 0.094992 0.105114
vt 0.094564 0.105114
vt 0.094075 0.105114
vt 0.093544 0.105114
vt 0.092440 0.105114
vt 0.091910 0.105114
vt 0.091421 0.105114
vt 0.090992 0.105114
vt 0.090641 0.105114
vt 0.090379 0.105114
vt 0.090218 0.105114
vt 0.090164 0.105114
vt 0.095547 0.105989
vt 0.095498 0.105989
vt 0.095353 0.105989
vt 0.095117 0.105989
vt 0.094799 0.105989
vt 0.094412 0.105989
vt 0.093970 0.105989
vt 0.093491 0.105989
vt 0.092992 0.105989
vt 0.092494 0.105989
vt 0.092014 0.105989
vt 0.091573 0.105989
vt 0.091186 0.105989
vt 0.090868 0.105989
vt 0.090632 0.105989
vt 0.090486 0.105989
vt 0.090437 0.105989
vt 0.096886 0.103250
vt 0.096775 0.103790
vt 0.096811 0.103250
vt 0.096850 0.103790
vt 0.096712 0.104013
vt 0.096556 0.103790
vt 0.096589 0.103250
vt 0.096496 0.104013
vt 0.096200 0.103790
vt 0.096229 0.103250
vt 0.096145 0.104013
vt 0.095720 0.103790
vt 0.095745 0.103250
vt 0.095674 0.104013
vt 0.095135 0.103790
vt 0.095155 0.103250
vt 0.095099 0.104013
vt 0.094482 0.103250
vt 0.094468 0.103790
vt 0.094444 0.104013
vt 0.093752 0.103250
vt 0.093745 0.103790
vt 0.093732 0.104013
vt 0.092992 0.103250
vt 0.092992 0.103790
vt 0.092240 0.103790
vt 0.092233 0.103250
vt 0.092252 0.104013
vt 0.091516 0.103790
vt 0.091502 0.103250
vt 0.091541 0.104013
vt 0.090849 0.103790
vt 0.090829 0.103250
vt 0.090885 0.104013
vt 0.090265 0.103790
vt 0.090239 0.103250
vt 0.090310 0.104013
vt 0.089785 0.103790
vt 0.089755 0.103250
vt 0.089839 0.104013
vt 0.089395 0.103250
vt 0.089428 0.103790
vt 0.089488 0.104013
vt 0.089173 0.103250
vt 0.089209 0.103790
vt 0.089273 0.104013
vt 0.089099 0.103250
vt 0.089135 0.103790
vt 0.089200 0.104013
vt 0.096785 0.104013
vt 0.096903 0.098689
vt 0.096692 0.098505
vt 0.096920 0.098505
vt 0.096688 0.098054
vt 0.096927 0.098237
vt 0.096916 0.098054
vt 0.095821 0.098054
vt 0.095221 0.098237
vt 0.095215 0.098054
vt 0.095207 0.098689
vt 0.094525 0.098505
vt 0.094518 0.098689
vt 0.096997 0.098505
vt 0.096979 0.098689
vt 0.097004 0.098237
vt 0.096992 0.098054
vt 0.094528 0.098237
vt 0.094523 0.098054
vt 0.095812 0.098689
vt 0.095217 0.098505
vt 0.093775 0.098237
vt 0.093773 0.098054
vt 0.096322 0.098505
vt 0.095824 0.098505
vt 0.096307 0.098689
vt 0.096676 0.098689
vt 0.092992 0.098237
vt 0.092992 0.098054
vt 0.092210 0.098237
vt 0.092212 0.098054
vt 0.091457 0.098237
vt 0.091461 0.098054
vt 0.090763 0.098237
vt 0.090770 0.098054
vt 0.093770 0.098689
vt 0.090155 0.098237
vt 0.090164 0.098054
vt 0.092992 0.098689
vt 0.093774 0.098505
vt 0.089656 0.098237
vt 0.089666 0.098054
vt 0.092214 0.098689
vt 0.092992 0.098505
vt 0.089285 0.098237
vt 0.089296 0.098054
vt 0.091459 0.098505
vt 0.092211 0.098505
vt 0.089057 0.098237
vt 0.089069 0.098054
vt 0.090777 0.098689
vt 0.091466 0.098689
vt 0.088980 0.098237
vt 0.088992 0.098054
vt 0.090173 0.098689
vt 0.090767 0.098505
vt 0.090788 0.097995
vt 0.091474 0.097995
vt 0.092218 0.097995
vt 0.092992 0.097995
vt 0.093766 0.097995
vt 0.090186 0.097995
vt 0.094511 0.097995
vt 0.089693 0.097995
vt 0.095197 0.097995
vt 0.089326 0.097995
vt 0.096884 0.097995
vt 0.095798 0.097995
vt 0.089100 0.097995
vt 0.096658 0.097995
vt 0.096318 0.098054
vt 0.096292 0.097995
vt 0.089024 0.097995
vt 0.096961 0.097995
vt 0.089783 0.103208
vt 0.095136 0.103208
vt 0.094469 0.103208
vt 0.090263 0.103208
vt 0.093745 0.103208
vt 0.090848 0.103208
vt 0.092992 0.103208
vt 0.091515 0.103208
vt 0.092239 0.103208
vt 0.089427 0.103208
vt 0.096851 0.103208
vt 0.096777 0.103208
vt 0.095721 0.103208
vt 0.089207 0.103208
vt 0.096558 0.103208
vt 0.096201 0.103208
vt 0.089133 0.103208
vt 0.089677 0.098689
vt 0.089309 0.098689
vt 0.089005 0.098689
vt 0.089082 0.098689
vt 0.096699 0.098237
vt 0.096328 0.098237
vt 0.095829 0.098237
vt 0.090160 0.098505
vt 0.089662 0.098505
vt 0.089292 0.098505
vt 0.089064 0.098505
vt 0.088987 0.098505
vt 0.095623 0.030728
vt 0.095260 0.030341
vt 0.095230 0.030728
vt 0.091781 0.030728
vt 0.092367 0.030341
vt 0.092375 0.030728
vt 0.091234 0.030728
vt 0.090725 0.030341
vt 0.090755 0.030728
vt 0.090361 0.030728
vt 0.089839 0.029228
vt 0.089858 0.029615
vt 0.089797 0.029615
vt 0.095649 0.029615
vt 0.095659 0.030341
vt 0.090336 0.029615
vt 0.090733 0.029615
vt 0.091211 0.030341
vt 0.091769 0.029615
vt 0.091217 0.029615
vt 0.095955 0.030341
vt 0.096126 0.029615
vt 0.095944 0.029615
vt 0.092992 0.029615
vt 0.092369 0.029615
vt 0.090029 0.030341
vt 0.090040 0.029615
vt 0.094774 0.030341
vt 0.094215 0.029615
vt 0.094767 0.029615
vt 0.095251 0.029615
vt 0.090326 0.030341
vt 0.096571 0.084385
vt 0.096579 0.094539
vt 0.096502 0.084385
vt 0.096371 0.094539
vt 0.095968 0.084385
vt 0.096298 0.084385
vt 0.095578 0.094539
vt 0.094980 0.084385
vt 0.095523 0.084385
vt 0.094392 0.094539
vt 0.093690 0.084385
vt 0.094362 0.084385
vt 0.092992 0.084385
vt 0.092279 0.094539
vt 0.092294 0.084385
vt 0.091593 0.094539
vt 0.091004 0.084385
vt 0.091623 0.084385
vt 0.090406 0.094539
vt 0.090017 0.084385
vt 0.090462 0.084385
vt 0.089614 0.094539
vt 0.089482 0.084385
vt 0.089686 0.084385
vt 0.089414 0.084385
vt 0.089405 0.094539
vt 0.093706 0.094539
vt 0.096096 0.030728
vt 0.096199 0.030341
vt 0.096157 0.030728
vt 0.092992 0.029228
vt 0.095222 0.029228
vt 0.095614 0.029228
vt 0.093607 0.029228
vt 0.093616 0.029615
vt 0.090763 0.029228
vt 0.091241 0.029228
vt 0.094199 0.029228
vt 0.090371 0.029228
vt 0.094203 0.030728
vt 0.093618 0.030341
vt 0.093610 0.030728
vt 0.090069 0.030728
vt 0.089847 0.030341
vt 0.089889 0.030728
vt 0.096187 0.029615
vt 0.096649 0.094539
vt 0.096033 0.094539
vt 0.095024 0.094539
vt 0.092992 0.094539
vt 0.090961 0.094539
vt 0.089952 0.094539
vt 0.089335 0.094539
vt 0.096451 0.082380
vt 0.096092 0.041759
vt 0.096405 0.082380
vt 0.095980 0.039754
vt 0.096146 0.082380
vt 0.095662 0.041759
vt 0.095928 0.082380
vt 0.095279 0.039754
vt 0.095361 0.082380
vt 0.094826 0.041759
vt 0.095003 0.082380
vt 0.094230 0.039754
vt 0.094216 0.082380
vt 0.093710 0.041759
vt 0.093773 0.082380
vt 0.092992 0.039754
vt 0.092884 0.082380
vt 0.092486 0.041759
vt 0.092423 0.082380
vt 0.091755 0.039754
vt 0.091569 0.082380
vt 0.091338 0.041759
vt 0.091160 0.082380
vt 0.090705 0.039754
vt 0.090470 0.082380
vt 0.090442 0.041759
vt 0.090177 0.082380
vt 0.090004 0.039754
vt 0.089756 0.082380
vt 0.089935 0.041759
vt 0.089621 0.082380
vt 0.089758 0.039754
vt 0.089534 0.082380
vt 0.089893 0.041759
vt 0.089579 0.082380
vt 0.089838 0.082380
vt 0.090322 0.041759
vt 0.090057 0.082380
vt 0.090623 0.082380
vt 0.091159 0.041759
vt 0.090981 0.082380
vt 0.091768 0.082380
vt 0.092274 0.041759
vt 0.092212 0.082380
vt 0.093100 0.082380
vt 0.093499 0.041759
vt 0.093561 0.082380
vt 0.094415 0.082380
vt 0.094646 0.041759
vt 0.094824 0.082380
vt 0.095514 0.082380
vt 0.095542 0.041759
vt 0.095808 0.082380
vt 0.096229 0.082380
vt 0.096050 0.041759
vt 0.096363 0.082380
vt 0.096226 0.039754
vt 0.096702 0.103937
vt 0.096716 0.095618
vt 0.096644 0.095618
vt 0.094744 0.029228
vt 0.096775 0.103937
vt 0.096145 0.029228
vt 0.096084 0.029228
vt 0.096432 0.095618
vt 0.096137 0.103937
vt 0.096088 0.095618
vt 0.095625 0.095618
vt 0.091765 0.030341
vt 0.095667 0.103937
vt 0.095061 0.095618
vt 0.094219 0.030341
vt 0.095094 0.103937
vt 0.094417 0.095618
vt 0.092992 0.030728
vt 0.093730 0.103937
vt 0.093719 0.095618
vt 0.092992 0.095618
vt 0.092992 0.103937
vt 0.092266 0.095618
vt 0.092992 0.030341
vt 0.092254 0.103937
vt 0.091567 0.095618
vt 0.090891 0.103937
vt 0.090924 0.095618
vt 0.090359 0.095618
vt 0.089785 0.030341
vt 0.090317 0.103937
vt 0.089896 0.095618
vt 0.089847 0.103937
vt 0.089552 0.095618
vt 0.089282 0.103937
vt 0.089340 0.095618
vt 0.089269 0.095618
vt 0.096137 0.030341
vt 0.089210 0.103937
vt 0.095916 0.030728
vt 0.094750 0.030728
vt 0.092377 0.029228
vt 0.091786 0.029228
vt 0.089900 0.029228
vt 0.090079 0.029228
vt 0.096164 0.039754
vt 0.096131 0.041759
vt 0.095851 0.041759
vt 0.095681 0.039754
vt 0.095135 0.041759
vt 0.094789 0.039754
vt 0.094094 0.041759
vt 0.093623 0.039754
vt 0.092884 0.041759
vt 0.092361 0.039754
vt 0.091691 0.041759
vt 0.091195 0.039754
vt 0.090696 0.041759
vt 0.090303 0.039754
vt 0.090051 0.041759
vt 0.089820 0.039754
vt 0.089853 0.041759
vt 0.090133 0.041759
vt 0.090849 0.041759
vt 0.091891 0.041759
vt 0.093100 0.041759
vt 0.094293 0.041759
vt 0.095288 0.041759
vt 0.095933 0.041759
vt 0.089828 0.030728
vt 0.095905 0.029228
vt 0.096020 0.020932
vt 0.095844 0.020932
vt 0.095559 0.020932
vt 0.095175 0.020932
vt 0.094707 0.020932
vt 0.094174 0.020932
vt 0.093594 0.020932
vt 0.092992 0.020932
vt 0.092390 0.020932
vt 0.091811 0.020932
vt 0.091277 0.020932
vt 0.090809 0.020932
vt 0.090425 0.020932
vt 0.090140 0.020932
vt 0.089964 0.020932
vt 0.089905 0.020932
vt 0.096079 0.020932
vt 0.091244 0.020932
vt 0.092992 0.020202
vt 0.092379 0.020202
vt 0.090767 0.020932
vt 0.090088 0.020202
vt 0.089909 0.020202
vt 0.090375 0.020932
vt 0.094738 0.020202
vt 0.094195 0.020202
vt 0.090084 0.020932
vt 0.096075 0.020202
vt 0.096135 0.020202
vt 0.089905 0.020932
vt 0.091789 0.020202
vt 0.090379 0.020202
vt 0.089845 0.020932
vt 0.095215 0.020202
vt 0.095896 0.020202
vt 0.091246 0.020202
vt 0.090770 0.020202
vt 0.095606 0.020202
vt 0.091788 0.020932
vt 0.092378 0.020932
vt 0.096140 0.020932
vt 0.096079 0.020932
vt 0.095900 0.020932
vt 0.095609 0.020932
vt 0.094741 0.020932
vt 0.094197 0.020932
vt 0.093605 0.020202
vt 0.093606 0.020932
vt 0.089849 0.020202
vt 0.095218 0.020932
vt 0.092694 0.109140
vt 0.093291 0.109520
vt 0.093291 0.109140
vt 0.092694 0.109520
vt 0.093291 0.109798
vt 0.092694 0.109798
vt 0.093291 0.109900
vt 0.092694 0.109900
vt 0.092694 0.106259
vt 0.093291 0.106361
vt 0.093291 0.106259
vt 0.092694 0.106361
vt 0.093291 0.106639
vt 0.092694 0.106639
vt 0.093291 0.107019
vt 0.092694 0.107019
vt 0.093291 0.109332
vt 0.092694 0.109092
vt 0.093291 0.109092
vt 0.093291 0.109472
vt 0.092694 0.109332
vt 0.093291 0.109536
vt 0.092694 0.109472
vt 0.092694 0.109536
vt 0.093291 0.106035
vt 0.092694 0.105895
vt 0.093291 0.105895
vt 0.093291 0.106451
vt 0.092694 0.106035
vt 0.093291 0.106971
vt 0.092694 0.106451
vt 0.092694 0.106971
vt 0.091799 0.092655
vt 0.091810 0.087181
vt 0.091810 0.092627
vt 0.091840 0.092606
vt 0.091882 0.087153
vt 0.091882 0.092599
vt 0.094186 0.092655
vt 0.094174 0.087181
vt 0.094186 0.087209
vt 0.094144 0.092606
vt 0.094144 0.087160
vt 0.094103 0.087153
vt 0.091716 0.092869
vt 0.091757 0.087416
vt 0.091757 0.092862
vt 0.091788 0.087395
vt 0.091788 0.092841
vt 0.091799 0.087367
vt 0.091799 0.092813
vt 0.094269 0.092869
vt 0.094227 0.087416
vt 0.094269 0.087423
vt 0.094227 0.092862
vt 0.094197 0.087395
vt 0.094197 0.092841
vt 0.094186 0.087367
vt 0.091799 0.087209
vt 0.094186 0.092813
vt 0.091716 0.087423
vt 0.091401 0.092869
vt 0.091401 0.087423
vt 0.094583 0.092869
vt 0.091846 0.092641
vt 0.091838 0.087213
vt 0.091838 0.092659
vt 0.091861 0.092630
vt 0.091846 0.087195
vt 0.091887 0.087180
vt 0.091861 0.087184
vt 0.094139 0.087195
vt 0.094146 0.092659
vt 0.094146 0.087213
vt 0.094123 0.092630
vt 0.094139 0.092641
vt 0.094097 0.087180
vt 0.094123 0.087184
vt 0.091732 0.092894
vt 0.091780 0.087438
vt 0.091732 0.087448
vt 0.091780 0.092884
vt 0.091823 0.087409
vt 0.091838 0.092816
vt 0.091823 0.092855
vt 0.094204 0.087438
vt 0.094252 0.092894
vt 0.094252 0.087448
vt 0.094161 0.087409
vt 0.094204 0.092884
vt 0.094146 0.092816
vt 0.094161 0.092855
vt 0.091887 0.092626
vt 0.091418 0.092894
vt 0.094567 0.092894
vt 0.094583 0.087423
vt 0.091418 0.087448
vt 0.091840 0.087160
vt 0.094174 0.092627
vt 0.094103 0.092599
vt 0.094097 0.092626
vt 0.091838 0.087370
vt 0.094146 0.087370
vt 0.094567 0.087448
vt 0.092858 0.106537
vt 0.092888 0.106060
vt 0.092888 0.106537
vt 0.092815 0.106537
vt 0.092858 0.106060
vt 0.092785 0.106537
vt 0.092815 0.106060
vt 0.092785 0.106060
vt 0.092837 0.106537
vt 0.093096 0.106060
vt 0.093126 0.106537
vt 0.093096 0.106537
vt 0.093126 0.106060
vt 0.093169 0.106537
vt 0.093169 0.106060
vt 0.093200 0.106537
vt 0.093200 0.106060
vt 0.093148 0.106537
vt 0.091629 0.091892
vt 0.091625 0.092170
vt 0.091602 0.092170
vt 0.091629 0.091500
vt 0.091652 0.091892
vt 0.091625 0.091222
vt 0.091652 0.091500
vt 0.091602 0.091222
vt 0.091586 0.091222
vt 0.091536 0.091500
vt 0.091563 0.091222
vt 0.091536 0.091892
vt 0.091559 0.091500
vt 0.091586 0.092170
vt 0.091559 0.091892
vt 0.094383 0.092170
vt 0.094355 0.091892
vt 0.094402 0.091696
vt 0.094360 0.092170
vt 0.094333 0.091892
vt 0.094355 0.091500
vt 0.094360 0.091222
vt 0.094383 0.091222
vt 0.094398 0.091222
vt 0.094421 0.091222
vt 0.094448 0.091500
vt 0.094425 0.091500
vt 0.094448 0.091892
vt 0.094398 0.092170
vt 0.094421 0.092170
vt 0.091602 0.088320
vt 0.091629 0.088597
vt 0.091582 0.088794
vt 0.091625 0.088320
vt 0.091652 0.088597
vt 0.091629 0.088990
vt 0.091625 0.089267
vt 0.091602 0.089267
vt 0.091586 0.089267
vt 0.091563 0.089267
vt 0.091536 0.088990
vt 0.091559 0.088990
vt 0.091536 0.088597
vt 0.091559 0.088597
vt 0.091563 0.088320
vt 0.094383 0.088320
vt 0.094421 0.088320
vt 0.094402 0.088794
vt 0.091586 0.088320
vt 0.094355 0.088597
vt 0.094360 0.088320
vt 0.094355 0.088990
vt 0.094333 0.088597
vt 0.094360 0.089267
vt 0.094333 0.088990
vt 0.094383 0.089267
vt 0.094398 0.089267
vt 0.094421 0.089267
vt 0.094425 0.088990
vt 0.094448 0.088597
vt 0.094448 0.088990
vt 0.094425 0.088597
vt 0.094398 0.088320
vt 0.091563 0.092170
vt 0.091582 0.091696
vt 0.094333 0.091500
vt 0.094425 0.091892
vt 0.091652 0.088990
vt 0.089337 0.103937
vt 0.095628 0.103937
vt 0.096436 0.103937
vt 0.096648 0.103937
vt 0.091545 0.103937
vt 0.090921 0.103937
vt 0.089549 0.103937
vt 0.089497 0.103937
vt 0.093719 0.103937
vt 0.095063 0.103937
vt 0.096719 0.103937
vt 0.090357 0.103937
vt 0.089893 0.103937
vt 0.094418 0.103937
vt 0.094440 0.103937
vt 0.091566 0.103937
vt 0.096487 0.103937
vt 0.096091 0.103937
vt 0.092265 0.103937
vt 0.089265 0.103937
vt 0.096344 0.088999
vt 0.095806 0.021184
vt 0.096279 0.088999
vt 0.095362 0.088999
vt 0.094586 0.021184
vt 0.095021 0.021184
vt 0.089896 0.088999
vt 0.090178 0.021184
vt 0.089705 0.088999
vt 0.096089 0.088999
vt 0.095643 0.021184
vt 0.095378 0.021184
vt 0.095779 0.088999
vt 0.090123 0.021184
vt 0.089641 0.088999
vt 0.090341 0.021184
vt 0.094854 0.088999
vt 0.095861 0.021184
vt 0.090205 0.088999
vt 0.090607 0.021184
vt 0.094090 0.021184
vt 0.094275 0.088999
vt 0.090622 0.088999
vt 0.090963 0.021184
vt 0.093552 0.021184
vt 0.093646 0.088999
vt 0.091398 0.021184
vt 0.091130 0.088999
vt 0.092992 0.021184
vt 0.092992 0.088999
vt 0.091894 0.021184
vt 0.091710 0.088999
vt 0.092432 0.021184
vt 0.092338 0.088999
s 1
g metal_garbage_can_01_medium_metal_rough
usemtl metal_rough
f 65/1/1 98/2/2 97/3/3
f 67/4/4 97/3/3 99/5/5
f 68/6/6 99/5/5 100/7/7
f 69/8/8 100/7/7 101/9/9
f 70/10/10 101/9/9 102/11/11
f 71/12/12 102/11/11 103/13/13
f 72/14/14 103/13/13 104/15/15
f 73/16/16 104/15/15 105/17/17
f 74/18/18 105/17/17 106/19/19
f 75/20/20 106/19/19 107/21/21
f 76/22/22 107/21/21 108/23/23
f 77/24/24 108/23/23 109/25/25
f 78/26/26 109/25/25 110/27/27
f 79/28/28 110/27/27 111/29/29
f 80/30/30 111/29/29 112/31/31
f 81/32/32 112/31/31 113/33/33
f 82/30/34 113/33/33 114/31/35
f 83/28/36 114/31/35 115/29/37
f 84/26/38 115/29/37 116/27/39
f 85/24/40 116/27/39 117/25/41
f 86/22/42 117/25/41 118/23/43
f 87/20/44 118/23/43 119/21/45
f 88/18/46 119/21/45 120/19/47
f 89/16/48 120/19/47 121/17/49
f 90/14/50 121/17/49 122/15/51
f 91/12/52 122/15/51 123/13/53
f 92/10/54 123/13/53 124/11/55
f 93/8/56 124/11/55 125/9/57
f 94/6/58 125/9/57 126/7/59
f 95/4/60 126/7/59 127/5/61
f 96/1/62 127/5/61 128/3/63
f 66/34/64 128/3/63 98/2/2
f 97/3/3 130/35/65 129/36/65
f 131/37/65 97/3/3 129/36/65
f 100/7/7 131/37/65 132/38/65
f 133/39/65 100/7/7 132/38/65
f 102/11/11 133/39/65 134/40/65
f 103/13/13 134/40/65 135/41/65
f 136/42/65 103/13/13 135/41/65
f 137/17/65 104/15/15 136/42/65
f 106/19/19 137/17/65 138/43/65
f 139/44/65 106/19/19 138/43/65
f 108/23/23 139/44/65 140/45/65
f 141/46/65 108/23/23 140/45/65
f 110/27/27 141/46/65 142/47/65
f 111/29/29 142/47/65 143/48/65
f 144/49/65 111/29/29 143/48/65
f 145/50/65 112/31/31 144/49/65
f 114/31/35 145/50/65 146/49/65
f 147/48/65 114/31/35 146/49/65
f 116/27/39 147/48/65 148/47/65
f 149/46/65 116/27/39 148/47/65
f 118/23/43 149/46/65 150/45/65
f 119/21/45 150/45/65 151/44/65
f 152/43/65 119/21/45 151/44/65
f 153/17/65 120/19/47 152/43/65
f 122/15/51 153/17/65 154/42/65
f 155/41/65 122/15/51 154/42/65
f 124/11/55 155/41/65 156/40/65
f 157/39/65 124/11/55 156/40/65
f 126/7/59 157/39/65 158/38/65
f 127/5/61 158/38/65 159/37/65
f 160/36/65 127/5/61 159/37/65
f 130/35/65 128/3/63 160/36/65
s 2
f 129/36/66 32/51/67 33/52/68
f 34/53/69 129/36/66 33/52/68
f 132/38/70 34/53/69 35/54/71
f 36/55/72 132/38/70 35/54/71
f 134/40/73 36/55/72 37/56/74
f 38/57/75 134/40/73 37/56/74
f 136/42/76 38/57/75 39/58/77
f 40/59/78 136/42/76 39/58/77
f 138/43/79 40/59/78 41/60/80
f 42/61/81 138/43/79 41/60/80
f 140/45/82 42/61/81 43/62/83
f 44/63/84 140/45/82 43/62/83
f 142/47/85 44/63/84 45/64/86
f 46/65/87 142/47/85 45/64/86
f 144/49/88 46/65/87 47/66/89
f 48/67/90 144/49/88 47/66/89
f 146/49/91 48/67/90 49/66/92
f 50/65/93 146/49/91 49/66/92
f 148/47/94 50/65/93 51/64/95
f 52/63/96 148/47/94 51/64/95
f 150/45/97 52/63/96 53/62/98
f 54/61/99 150/45/97 53/62/98
f 152/43/100 54/61/99 55/60/101
f 56/59/102 152/43/100 55/60/101
f 154/42/103 56/59/102 57/58/104
f 58/57/105 154/42/103 57/58/104
f 156/40/106 58/57/105 59/56/107
f 60/55/108 156/40/106 59/56/107
f 158/38/109 60/55/108 61/54/110
f 62/53/111 158/38/109 61/54/110
f 160/36/112 62/53/111 63/52/113
f 32/51/67 160/36/112 63/52/113
f 33/52/68 161/59/65 34/53/69
f 34/53/69 161/59/65 35/54/71
f 35/54/71 161/59/65 36/55/72
f 36/55/72 161/59/65 37/56/74
f 37/56/74 161/59/65 38/57/75
f 38/57/75 161/59/65 39/58/77
f 39/58/77 161/59/65 40/59/78
f 40/59/78 161/59/65 41/60/80
f 41/60/80 161/59/65 42/61/81
f 42/61/81 161/59/65 43/62/83
f 43/62/83 161/59/65 44/63/84
f 44/63/84 161/59/65 45/64/86
f 45/64/86 161/59/65 46/65/87
f 46/65/87 161/59/65 47/66/89
f 47/66/89 161/59/65 48/67/90
f 48/67/90 161/59/65 49/66/92
f 49/66/92 161/59/65 50/65/93
f 50/65/93 161/59/65 51/64/95
f 51/64/95 161/59/65 52/63/96
f 52/63/96 161/59/65 53/62/98
f 53/62/98 161/59/65 54/61/99
f 54/61/99 161/59/65 55/60/101
f 55/60/101 161/59/65 56/59/102
f 56/59/102 161/59/65 57/58/104
f 57/58/104 161/59/65 58/57/105
f 58/57/105 161/59/65 59/56/107
f 59/56/107 161/59/65 60/55/108
f 60/55/108 161/59/65 61/54/110
f 61/54/110 161/59/65 62/53/111
f 62/53/111 161/59/65 63/52/113
f 63/52/113 161/59/65 32/51/67
f 32/51/67 161/59/65 33/52/68
s 3
f 165/68/114 164/69/115 163/70/116
f 167/71/117 162/72/118 164/69/115
f 163/70/116 170/73/119 169/74/120
f 164/69/115 168/75/121 170/73/119
f 169/74/120 173/76/122 172/77/123
f 173/76/122 168/75/121 171/78/124
f 172/77/123 176/79/125 175/80/126
f 173/76/122 174/81/127 176/79/125
f 175/80/126 179/82/128 178/83/129
f 179/82/128 174/81/127 177/84/130
f 181/85/131 179/82/128 182/86/132
f 179/82/128 180/87/133 182/86/132
f 184/88/134 182/86/132 185/89/135
f 185/89/135 180/87/133 183/90/136
f 187/91/137 185/89/135 188/92/138
f 185/89/135 186/16/139 188/92/138
f 187/91/137 191/93/140 190/94/141
f 188/92/138 189/95/142 191/93/140
f 190/94/141 194/96/143 193/97/144
f 191/93/140 192/98/145 194/96/143
f 193/97/144 197/99/146 196/100/147
f 197/99/146 192/98/145 195/101/148
f 196/100/147 200/102/149 199/103/150
f 197/99/146 198/104/151 200/102/149
f 199/103/150 203/105/152 202/106/153
f 203/105/152 198/104/151 201/107/154
f 205/108/155 203/105/152 206/109/156
f 203/105/152 204/110/157 206/109/156
f 208/111/158 206/109/156 209/112/159
f 209/112/159 204/110/157 207/113/160
f 211/114/161 209/112/159 212/115/162
f 209/112/159 210/116/163 212/115/162
f 211/114/161 215/112/164 214/111/165
f 212/115/162 213/113/166 215/112/164
f 214/111/165 218/109/167 217/108/168
f 215/112/164 216/110/169 218/109/167
f 217/108/168 221/105/170 220/106/171
f 221/105/170 216/110/169 219/107/172
f 220/106/171 224/102/173 223/103/174
f 221/105/170 222/104/175 224/102/173
f 223/103/174 227/99/176 226/100/177
f 227/99/176 222/104/175 225/101/178
f 229/97/179 227/99/176 230/96/180
f 227/99/176 228/98/181 230/96/180
f 232/94/182 230/96/180 233/93/183
f 233/93/183 228/98/181 231/95/184
f 235/91/185 233/93/183 236/92/186
f 233/93/183 234/16/187 236/92/186
f 235/91/185 239/89/188 238/88/189
f 236/92/186 237/90/190 239/89/188
f 238/88/189 242/86/191 241/85/192
f 239/89/188 240/87/193 242/86/191
f 241/85/192 245/82/194 244/83/195
f 245/82/194 240/87/193 243/84/196
f 244/83/195 248/79/197 247/80/198
f 245/82/194 246/81/199 248/79/197
f 247/80/198 251/76/200 250/77/201
f 251/76/200 246/81/199 249/78/202
f 253/74/203 251/76/200 254/73/204
f 251/76/200 252/75/205 254/73/204
f 256/70/206 254/73/204 257/69/207
f 257/69/207 252/75/205 255/72/208
f 165/68/114 257/69/207 167/71/117
f 257/69/207 166/117/209 167/71/117
s 4
f 324/118/210 387/119/211 416/120/212
s 3
f 168/75/121 65/1/65 67/4/65
s 4
f 1/121/213 356/122/214 64/123/215
s 3
f 162/72/118 66/34/65 65/1/65
s 4
f 27/124/216 382/125/217 26/126/218
s 3
f 66/34/65 255/72/208 96/1/65
s 4
f 351/127/219 411/128/220 350/129/221
s 3
f 171/78/124 67/4/65 68/6/65
s 4
f 324/118/210 417/130/222 325/131/223
s 3
f 69/8/65 171/78/124 68/6/65
s 4
f 64/123/215 355/132/224 30/133/225
s 3
f 177/84/130 69/8/65 70/10/65
s 4
f 26/126/218 381/134/226 25/135/227
s 3
f 71/12/65 177/84/130 70/10/65
s 4
f 352/136/228 412/137/229 351/127/219
s 3
f 183/90/136 71/12/65 72/14/65
s 4
f 325/131/223 418/120/230 326/118/231
s 3
f 73/16/65 183/90/136 72/14/65
s 4
f 25/135/227 380/138/232 24/139/233
s 3
f 189/95/142 73/16/65 74/18/65
s 4
f 352/136/228 414/140/234 413/141/235
s 3
f 192/98/145 74/18/65 75/20/65
s 4
f 327/142/236 387/119/211 323/143/237
s 3
f 195/101/148 75/20/65 76/22/65
s 4
f 24/139/233 379/144/238 23/145/239
s 3
f 77/24/65 195/101/148 76/22/65
s 4
f 354/143/240 414/140/234 353/142/241
s 3
f 201/107/154 77/24/65 78/26/65
s 4
f 328/136/242 388/140/243 327/142/236
s 3
f 79/28/65 201/107/154 78/26/65
s 4
f 23/145/239 378/146/244 22/147/245
s 3
f 207/113/160 79/28/65 80/30/65
s 4
f 326/118/231 415/119/246 354/143/240
s 3
f 81/32/65 207/113/160 80/30/65
s 4
f 328/136/242 390/137/247 389/141/248
s 3
f 213/113/166 81/32/65 82/30/65
s 4
f 22/147/245 377/148/249 21/149/250
s 3
f 216/110/169 82/30/65 83/28/65
s 4
f 330/129/251 390/137/247 329/127/252
s 3
f 219/107/172 83/28/65 84/26/65
s 4
f 21/149/250 376/150/253 20/151/254
s 3
f 85/24/65 219/107/172 84/26/65
s 4
f 331/152/255 391/128/256 330/129/251
s 3
f 225/101/178 85/24/65 86/22/65
s 4
f 20/151/254 375/153/257 19/154/258
s 3
f 87/20/65 225/101/178 86/22/65
s 4
f 332/155/259 392/156/260 331/152/255
s 3
f 231/95/184 87/20/65 88/18/65
s 4
f 19/154/258 374/157/261 18/158/262
s 3
f 89/16/65 231/95/184 88/18/65
s 4
f 333/159/263 393/160/264 332/155/259
s 3
f 237/90/190 89/16/65 90/14/65
s 4
f 18/158/262 373/161/265 17/162/266
s 3
f 240/87/193 90/14/65 91/12/65
s 4
f 333/159/263 395/163/267 394/164/268
s 3
f 243/84/196 91/12/65 92/10/65
s 4
f 17/162/266 372/165/269 16/166/270
s 3
f 93/8/65 243/84/196 92/10/65
s 4
f 335/167/271 395/163/267 334/168/272
s 3
f 249/78/202 93/8/65 94/6/65
s 4
f 16/166/270 371/169/273 15/170/274
s 3
f 95/4/65 249/78/202 94/6/65
s 4
f 336/171/275 396/172/276 335/167/271
s 3
f 255/72/208 95/4/65 96/1/65
s 4
f 21/149/250 277/173/277 278/174/278
f 7/145/279 265/175/280 8/147/281
f 21/149/250 279/175/282 22/147/245
f 8/147/281 266/174/283 9/149/284
f 22/147/245 280/176/285 23/145/239
f 9/149/284 267/173/286 10/151/287
f 23/145/239 281/177/288 24/139/233
f 10/151/287 268/178/289 11/154/290
f 24/139/233 282/179/291 25/135/227
f 12/158/292 268/178/289 269/180/293
f 25/135/227 283/181/294 26/126/218
f 13/162/295 269/180/293 270/182/296
f 30/133/225 289/183/297 64/123/215
f 26/126/218 284/184/298 27/124/216
f 13/162/295 271/185/299 14/166/300
f 64/123/215 258/186/301 1/121/213
f 28/187/302 284/184/298 285/188/303
f 14/166/300 272/189/304 15/170/274
f 1/121/213 259/188/305 2/187/306
f 29/121/307 285/188/303 286/186/308
f 15/170/274 273/185/309 16/166/270
f 2/187/306 260/184/310 3/124/311
f 29/121/307 288/183/312 31/123/313
f 16/166/270 274/182/314 17/162/266
f 4/126/315 260/184/310 261/181/316
f 31/123/313 287/190/317 30/133/225
f 17/162/266 275/180/318 18/158/262
f 5/135/319 261/181/316 262/179/320
f 18/158/262 276/178/321 19/154/258
f 5/135/319 263/177/322 6/139/323
f 20/151/254 276/178/321 277/173/277
f 6/139/323 264/176/324 7/145/279
s 5
f 274/182/325 307/191/326 275/180/326
f 262/179/327 293/192/328 294/193/327
f 275/180/326 308/194/329 276/178/329
f 263/177/330 294/193/327 295/195/330
f 276/178/329 309/196/331 277/173/331
f 263/177/330 296/197/332 264/176/332
f 278/174/333 309/196/331 310/198/333
f 265/175/334 296/197/332 297/199/334
f 279/175/335 310/198/333 311/199/335
f 265/175/334 298/198/336 266/174/336
f 279/175/335 312/197/337 280/176/337
f 266/174/336 299/196/338 267/173/338
f 281/177/339 312/197/337 313/195/339
f 267/173/338 300/194/340 268/178/340
f 281/177/339 314/193/341 282/179/341
f 268/178/340 301/191/342 269/180/342
f 282/179/341 315/192/343 283/181/343
f 270/182/344 301/191/342 302/200/344
f 289/183/345 319/201/346 321/202/345
f 283/181/343 316/203/347 284/184/347
f 271/185/348 302/200/344 303/204/348
f 289/183/345 290/205/349 258/186/349
f 284/184/347 317/206/350 285/188/350
f 271/185/348 304/207/351 272/189/351
f 258/186/349 291/206/352 259/188/352
f 286/186/353 317/206/350 318/205/353
f 273/185/354 304/207/351 305/204/354
f 259/188/352 292/203/355 260/184/355
f 288/183/356 318/205/353 320/202/356
f 273/185/354 306/200/325 274/182/325
f 260/184/355 293/192/328 261/181/328
f 288/183/356 319/201/346 287/190/346
s 6
f 319/201/357 320/202/357 322/197/357
f 320/202/357 318/205/357 322/197/357
f 318/205/357 317/206/357 322/197/357
f 317/206/357 316/203/357 322/197/357
f 316/203/357 315/192/357 322/197/357
f 315/192/357 314/193/357 322/197/357
f 314/193/357 313/195/357 322/197/357
f 313/195/357 312/197/357 322/197/357
f 312/197/357 311/199/357 322/197/357
f 311/199/357 310/198/357 322/197/357
f 310/198/357 309/196/357 322/197/357
f 309/196/357 308/194/357 322/197/357
f 308/194/357 307/191/357 322/197/357
f 307/191/357 306/200/357 322/197/357
f 306/200/357 305/204/357 322/197/357
f 305/204/357 304/207/357 322/197/357
f 304/207/357 303/204/357 322/197/357
f 303/204/357 302/200/357 322/197/357
f 302/200/357 301/191/357 322/197/357
f 301/191/357 300/194/357 322/197/357
f 300/194/357 299/196/357 322/197/357
f 299/196/357 298/198/357 322/197/357
f 298/198/357 297/199/357 322/197/357
f 297/199/357 296/197/357 322/197/357
f 296/197/357 295/195/357 322/197/357
f 295/195/357 294/193/357 322/197/357
f 294/193/357 293/192/357 322/197/357
f 293/192/357 292/203/357 322/197/357
f 292/203/357 291/206/357 322/197/357
f 291/206/357 290/205/357 322/197/357
f 290/205/357 321/202/357 322/197/357
f 321/202/357 319/201/357 322/197/357
s 3
f 326/118/358 253/74/203 256/70/206
f 354/143/359 250/77/201 253/74/203
f 353/142/360 247/80/198 250/77/201
f 352/136/361 244/83/195 247/80/198
f 351/127/362 241/85/192 244/83/195
f 350/129/363 238/88/189 241/85/192
f 238/88/189 348/155/364 235/91/185
f 348/155/364 232/94/182 235/91/185
f 347/159/365 229/97/179 232/94/182
f 346/168/366 226/100/177 229/97/179
f 345/167/367 223/103/174 226/100/177
f 344/171/368 220/106/171 223/103/174
f 343/208/369 217/108/168 220/106/171
f 342/209/370 214/111/165 217/108/168
f 214/111/165 340/210/371 211/114/161
f 340/210/371 208/111/158 211/114/161
f 339/211/372 205/108/155 208/111/158
f 338/209/373 202/106/153 205/108/155
f 337/208/374 199/103/150 202/106/153
f 336/171/375 196/100/147 199/103/150
f 335/167/376 193/97/144 196/100/147
f 334/168/377 190/94/141 193/97/144
f 190/94/141 332/155/378 187/91/137
f 332/155/378 184/88/134 187/91/137
f 331/152/379 181/85/131 184/88/134
f 330/129/380 178/83/129 181/85/131
f 329/127/381 175/80/126 178/83/129
f 328/136/382 172/77/123 175/80/126
f 327/142/383 169/74/120 172/77/123
f 325/131/384 256/70/206 165/68/114
f 163/70/116 325/131/384 165/68/114
f 323/143/385 163/70/116 169/74/120
s 4
f 385/212/386 416/120/212 387/119/211
f 386/122/387 417/130/222 416/120/212
f 355/132/224 418/120/230 417/130/222
f 384/213/388 387/119/211 388/140/243
f 383/214/389 388/140/243 389/141/248
f 390/137/247 383/214/389 389/141/248
f 381/134/226 390/137/247 391/128/256
f 392/156/260 381/134/226 391/128/256
f 379/144/238 392/156/260 393/160/264
f 378/146/244 393/160/264 394/164/268
f 377/148/249 394/164/268 395/163/267
f 376/150/253 395/163/267 396/172/276
f 375/153/257 396/172/276 397/215/390
f 398/216/391 375/153/257 397/215/390
f 373/161/265 398/216/391 399/217/392
f 400/218/393 373/161/265 399/217/392
f 371/169/273 400/218/393 401/219/394
f 370/165/395 401/219/394 402/218/396
f 369/161/397 402/218/396 403/217/398
f 368/157/399 403/217/398 404/216/400
f 367/153/401 404/216/400 405/215/402
f 406/172/403 367/153/401 405/215/402
f 365/148/404 406/172/403 407/163/405
f 408/164/406 365/148/404 407/163/405
f 363/144/407 408/164/406 409/160/408
f 362/138/409 409/160/408 410/156/410
f 361/134/411 410/156/410 411/128/220
f 360/125/412 411/128/220 412/137/229
f 359/214/413 412/137/229 413/141/235
f 414/140/234 359/214/413 413/141/235
f 357/212/414 414/140/234 415/119/246
f 418/120/230 357/212/414 415/119/246
f 349/152/415 411/128/220 410/156/410
f 28/187/302 383/214/389 27/124/216
f 2/187/306 357/212/414 1/121/213
f 349/152/415 409/160/408 348/155/416
f 29/121/307 384/213/388 28/187/302
f 3/124/311 358/213/417 2/187/306
f 348/155/416 408/164/406 347/159/418
f 31/123/313 385/212/386 29/121/307
f 4/126/315 359/214/413 3/124/311
f 347/159/418 407/163/405 346/168/419
f 30/133/225 386/122/387 31/123/313
f 5/135/319 360/125/412 4/126/315
f 346/168/419 406/172/403 345/167/420
f 6/139/323 361/134/411 5/135/319
f 344/171/421 406/172/403 405/215/402
f 7/145/279 362/138/409 6/139/323
f 344/171/421 404/216/400 343/208/422
f 8/147/281 363/144/407 7/145/279
f 343/208/422 403/217/398 342/209/423
f 9/149/284 364/146/424 8/147/281
f 341/211/425 403/217/398 402/218/396
f 10/151/287 365/148/404 9/149/284
f 341/211/425 401/219/394 340/210/426
f 11/154/290 366/150/427 10/151/287
f 340/210/426 400/218/393 339/211/428
f 12/158/292 367/153/401 11/154/290
f 339/211/428 399/217/392 338/209/429
f 13/162/295 368/157/399 12/158/292
f 338/209/429 398/216/391 337/208/430
f 14/166/300 369/161/397 13/162/295
f 336/171/275 398/216/391 397/215/390
f 15/170/274 370/165/395 14/166/300
s 7
f 646/220/431 713/221/432 649/222/432
f 685/223/433 722/224/434 686/225/434
f 662/226/435 457/227/436 664/228/436
f 679/229/437 724/227/438 680/228/438
s 8
f 672/230/439 727/231/440 463/232/441
f 478/221/442 719/233/443 718/234/444
f 724/227/445 467/235/446 725/236/447
f 730/237/448 455/238/449 731/239/450
f 736/240/451 739/241/452 737/242/453
f 453/224/454 733/243/455 452/244/456
f 465/245/457 727/231/440 464/246/458
f 477/247/459 721/248/460 476/249/461
f 713/221/462 715/233/463 712/250/464
f 457/227/465 459/235/466 458/251/467
s 9
f 582/252/468 550/253/469 643/254/470
f 551/255/471 639/256/472 641/257/473
f 553/258/474 635/259/475 637/260/476
f 555/261/477 631/262/478 633/263/479
f 629/264/480 558/265/481 627/266/482
f 559/267/483 623/268/484 625/269/485
f 561/270/486 619/271/487 621/272/488
f 563/273/489 615/274/490 617/275/491
f 613/276/492 566/277/493 611/274/494
f 567/273/495 607/271/496 609/275/497
f 569/270/498 603/268/499 605/272/500
f 571/267/501 599/266/502 601/269/503
f 597/264/504 574/278/505 595/262/506
f 575/261/507 591/259/508 593/263/509
f 577/258/510 587/256/511 589/260/512
f 579/255/513 581/254/514 585/257/515
s 7
f 705/279/516 717/280/517 707/281/517
s 8
f 657/282/518 452/244/456 733/243/455
f 648/283/519 715/233/463 647/284/520
f 690/285/521 721/248/460 475/286/522
f 689/282/523 475/286/522 472/243/524
f 665/287/525 731/239/450 663/288/526
f 654/285/527 711/248/528 653/289/529
f 681/287/530 467/235/446 678/290/531
s 7
f 652/291/532 709/292/533 655/293/533
f 668/294/534 461/295/535 670/296/535
s 8
f 722/224/536 471/238/537 723/244/538
f 726/295/539 463/232/441 727/231/440
f 713/221/462 735/249/540 734/247/541
f 714/234/542 737/242/453 715/233/463
f 461/295/543 729/246/544 460/231/545
f 724/227/445 468/239/546 469/237/547
f 717/280/548 483/241/549 716/297/550
f 709/292/551 711/248/528 708/286/552
s 9
f 581/254/514 549/298/553 582/252/468
f 550/253/469 641/257/473 643/254/470
f 552/299/554 637/260/476 639/256/472
f 554/300/555 633/263/479 635/259/475
f 631/262/478 557/301/556 629/264/480
f 558/265/481 625/269/485 627/266/482
f 560/302/557 621/272/488 623/268/484
f 562/303/558 617/275/491 619/271/487
f 615/274/490 565/304/559 613/276/492
f 566/277/493 609/275/497 611/274/494
f 568/303/560 605/272/500 607/271/496
f 570/302/561 601/269/503 603/268/499
f 599/266/502 573/301/562 597/264/504
f 574/278/505 593/263/509 595/262/506
f 576/300/563 589/260/512 591/259/508
f 578/299/564 585/257/515 587/256/511
f 484/305/565 546/306/566 547/307/567
f 581/254/514 584/308/568 585/257/515
f 545/309/569 542/310/570 543/311/571
f 587/256/511 588/312/572 589/260/512
f 541/313/573 538/314/574 539/315/575
f 591/259/508 592/316/576 593/263/509
f 537/317/577 534/318/578 535/319/579
f 595/262/506 596/320/580 597/264/504
f 533/321/581 530/322/582 531/323/583
f 599/266/502 600/324/584 601/269/503
f 529/325/585 526/326/586 527/327/587
f 603/268/499 604/328/588 605/272/500
f 525/329/589 522/330/590 523/331/591
f 607/271/496 608/332/592 609/275/497
f 521/333/593 518/334/594 519/335/595
f 611/274/494 612/336/596 613/276/492
f 517/337/597 514/338/598 515/339/599
f 615/274/490 616/332/600 617/275/491
f 513/340/601 510/341/602 511/342/603
f 619/271/487 620/328/604 621/272/488
f 509/343/605 506/344/606 507/345/607
f 623/268/484 624/324/608 625/269/485
f 505/346/609 502/347/610 503/348/611
f 627/266/482 628/320/612 629/264/480
f 501/349/613 498/350/614 499/351/615
f 631/262/478 632/316/616 633/263/479
f 497/352/617 494/353/618 495/354/619
f 635/259/475 636/312/620 637/260/476
f 493/355/621 490/356/622 491/357/623
f 639/256/472 640/308/624 641/257/473
f 489/358/625 486/359/626 487/360/627
f 643/254/470 583/361/628 582/252/468
s 10
f 451/362/629 857/363/630 867/364/631
s 8
f 651/365/632 711/248/528 735/249/540
s 10
f 420/366/633 855/364/634 857/363/630
s 8
f 706/367/635 483/241/549 704/368/636
s 10
f 421/362/637 845/369/638 855/364/634
s 8
f 683/288/639 471/238/537 468/239/546
s 10
f 845/369/638 423/370/640 858/371/641
s 8
f 699/284/642 479/250/643 696/283/644
s 10
f 423/370/640 854/372/645 858/371/641
s 7
f 682/226/646 470/373/433 685/223/433
s 10
f 424/374/647 844/375/648 854/372/645
s 7
f 691/293/649 720/376/650 692/291/650
s 10
f 425/377/651 859/378/652 844/375/648
s 7
f 688/379/653 474/292/649 691/293/649
s 10
f 859/378/652 427/380/654 853/381/655
s 8
f 696/283/644 476/249/461 695/365/656
s 10
f 427/380/654 843/382/657 853/381/655
s 8
f 720/376/658 475/286/522 721/248/460
s 10
f 428/383/659 860/384/660 843/382/657
s 8
f 732/385/661 708/286/552 733/243/455
s 10
f 429/386/662 852/387/663 860/384/660
s 8
f 457/227/465 731/239/450 456/236/664
s 10
f 852/387/663 431/388/665 842/389/666
s 8
f 718/234/444 480/242/667 481/240/668
s 10
f 431/388/665 861/390/669 842/389/666
s 8
f 462/391/670 460/231/545 463/232/441
s 10
f 432/392/671 851/393/672 861/390/669
s 8
f 469/237/547 471/238/537 470/373/673
s 10
f 433/394/674 841/395/675 851/393/672
s 8
f 474/292/676 472/243/524 475/286/522
s 10
f 841/395/675 435/396/677 862/397/678
s 8
f 478/221/442 476/249/461 479/250/643
s 10
f 435/396/677 850/398/679 862/397/678
s 8
f 482/399/680 480/242/667 483/241/549
s 10
f 436/400/681 840/397/682 850/398/679
s 7
f 679/229/437 465/245/683 466/251/437
s 10
f 437/396/684 863/395/685 840/397/682
s 7
f 698/220/686 481/240/687 700/401/687
s 10
f 863/395/685 439/394/688 849/393/689
s 8
f 706/367/635 739/241/452 716/297/550
s 10
f 439/394/688 839/390/690 849/393/689
s 7
f 707/281/517 738/399/691 702/279/691
s 10
f 440/392/692 864/389/693 839/390/690
s 7
f 650/402/694 710/376/532 652/291/532
s 10
f 441/388/695 848/387/696 864/389/693
s 7
f 698/220/686 478/221/697 718/234/686
s 10
f 848/387/696 443/386/698 838/384/699
s 7
f 656/379/700 453/224/701 658/225/701
s 10
f 443/386/698 865/382/702 838/384/699
s 8
f 687/403/703 471/238/537 684/404/704
s 10
f 444/383/705 847/381/706 865/382/702
s 8
f 671/405/707 729/246/544 669/406/708
s 10
f 445/380/709 837/378/710 847/381/706
s 8
f 738/399/711 716/297/550 739/241/452
s 10
f 837/378/710 447/377/712 866/375/713
s 8
f 458/251/467 729/246/544 728/245/714
s 10
f 447/377/712 856/372/715 866/375/713
s 8
f 734/247/541 711/248/528 710/376/716
s 10
f 448/374/717 846/371/718 856/372/715
s 8
f 473/385/719 723/244/538 472/243/524
s 10
f 449/370/720 836/369/721 846/371/718
s 8
f 454/373/722 452/244/456 455/238/449
s 10
f 836/369/721 451/362/629 867/364/631
s 8
f 466/251/723 464/246/458 467/235/446
s 9
f 547/307/567 580/407/724 581/254/514
f 547/307/567 582/252/468 484/305/565
f 484/305/565 583/361/628 485/408/725
f 546/306/566 583/361/628 580/407/724
f 545/309/569 584/308/568 544/409/726
f 543/311/571 586/410/727 587/256/511
f 543/311/571 585/257/515 545/309/569
f 544/409/726 586/410/727 542/310/570
f 541/313/573 588/312/572 540/411/728
f 539/315/575 590/412/729 591/259/508
f 539/315/575 589/260/512 541/313/573
f 540/411/728 590/412/729 538/314/574
f 537/317/577 592/316/576 536/413/730
f 535/319/579 594/414/731 595/262/506
f 535/319/579 593/263/509 537/317/577
f 534/318/578 592/316/576 594/414/731
f 533/321/581 596/320/580 532/415/732
f 531/323/583 598/416/733 599/266/502
f 533/321/581 599/266/502 597/264/504
f 530/322/582 596/320/580 598/416/733
f 529/325/585 600/324/584 528/417/734
f 527/327/587 602/418/735 603/268/499
f 527/327/587 601/269/503 529/325/585
f 528/417/734 602/418/735 526/326/586
f 525/329/589 604/328/588 524/419/736
f 523/331/591 606/420/737 607/271/496
f 523/331/591 605/272/500 525/329/589
f 524/419/736 606/420/737 522/330/590
f 521/333/593 608/332/592 520/421/738
f 519/335/595 610/422/739 611/274/494
f 519/335/595 609/275/497 521/333/593
f 518/334/594 608/332/592 610/422/739
f 517/337/597 612/336/596 516/423/740
f 515/339/599 614/422/741 615/274/490
f 517/337/597 615/274/490 613/276/492
f 514/338/598 612/336/596 614/422/741
f 513/340/601 616/332/600 512/424/742
f 511/342/603 618/420/743 619/271/487
f 511/342/603 617/275/491 513/340/601
f 512/424/742 618/420/743 510/341/602
f 509/343/605 620/328/604 508/425/744
f 507/345/607 622/418/745 623/268/484
f 507/345/607 621/272/488 509/343/605
f 508/425/744 622/418/745 506/344/606
f 505/346/609 624/324/608 504/426/746
f 503/348/611 626/416/747 627/266/482
f 503/348/611 625/269/485 505/346/609
f 502/347/610 624/324/608 626/416/747
f 501/349/613 628/320/612 500/427/748
f 499/351/615 630/414/749 631/262/478
f 501/349/613 631/262/478 629/264/480
f 498/350/614 628/320/612 630/414/749
f 497/352/617 632/316/616 496/428/750
f 495/354/619 634/412/751 635/259/475
f 495/354/619 633/263/479 497/352/617
f 496/428/750 634/412/751 494/353/618
f 493/355/621 636/312/620 492/429/752
f 491/357/623 638/410/753 639/256/472
f 491/357/623 637/260/476 493/355/621
f 492/429/752 638/410/753 490/356/622
f 489/358/625 640/308/624 488/430/754
f 487/360/627 642/407/755 643/254/470
f 487/360/627 641/257/473 489/358/625
f 486/359/626 640/308/624 642/407/755
s 7
f 673/431/756 726/295/757 674/296/757
f 694/402/758 478/221/697 697/222/697
s 8
f 659/403/759 455/238/449 452/244/456
f 675/405/760 464/246/458 727/231/440
f 666/290/761 729/246/544 459/235/466
s 7
f 667/229/762 728/245/534 668/294/534
s 8
f 704/368/636 480/242/667 701/432/763
s 7
f 658/225/701 454/373/764 661/223/764
f 674/296/757 465/245/683 676/294/683
s 8
f 663/288/526 455/238/449 660/404/765
f 683/288/639 725/236/447 681/287/530
s 7
f 662/226/435 454/373/764 730/237/435
f 700/401/687 482/399/516 705/279/516
s 8
f 666/290/761 456/236/664 665/287/525
f 657/282/518 708/286/552 654/285/527
s 7
f 682/226/646 724/227/438 469/237/646
f 655/293/533 732/385/700 656/379/700
f 667/229/762 457/227/436 458/251/762
s 8
f 689/282/523 723/244/538 687/403/703
f 651/365/632 712/250/464 648/283/519
s 7
f 650/402/694 713/221/432 734/247/694
s 8
f 672/230/439 460/231/545 671/405/707
s 7
f 686/225/434 473/385/653 688/379/653
s 8
f 703/368/766 737/242/453 739/241/452
f 695/365/656 721/248/460 693/289/767
s 7
f 670/296/535 462/391/756 673/431/756
f 702/279/691 736/240/768 644/401/768
f 694/402/758 720/376/650 477/247/758
s 8
f 647/284/520 737/242/453 645/432/769
f 678/290/531 464/246/458 677/406/770
f 699/284/642 480/242/667 719/233/443
s 7
f 646/220/431 736/240/768 714/234/431
s 9
f 584/308/568 702/279/771 644/401/513
f 646/220/564 584/308/568 644/401/513
s 11
f 645/432/772 741/433/773 740/434/772
f 742/435/774 645/432/772 740/434/772
s 9
f 588/312/572 646/220/564 649/222/510
s 11
f 648/283/775 742/435/774 743/436/775
s 9
f 590/412/729 649/222/510 650/402/563
s 11
f 651/365/776 743/436/775 744/437/776
s 9
f 592/316/576 650/402/563 652/291/507
s 11
f 653/289/777 744/437/776 745/438/777
s 9
f 594/414/731 652/291/507 655/293/505
s 11
f 654/285/778 745/438/777 746/439/778
s 9
f 596/320/580 655/293/505 656/379/562
s 11
f 657/282/779 746/439/778 747/440/779
s 9
f 598/416/733 656/379/562 658/225/780
s 11
f 659/403/781 747/440/779 748/441/781
s 9
f 600/324/584 658/225/780 661/223/501
s 11
f 660/404/782 748/441/781 749/442/782
s 9
f 662/226/561 600/324/584 661/223/501
s 11
f 750/443/783 660/404/782 749/442/782
s 9
f 604/328/588 662/226/561 664/228/498
s 11
f 665/287/784 750/443/783 751/444/784
s 9
f 606/420/737 664/228/498 667/229/560
s 11
f 666/290/785 751/444/784 752/445/785
s 9
f 608/332/592 667/229/560 668/294/495
s 11
f 669/406/786 752/445/785 753/446/786
s 9
f 610/422/739 668/294/495 670/296/493
s 11
f 671/405/787 753/446/786 754/447/787
s 9
f 612/336/596 670/296/493 673/431/559
s 11
f 672/230/788 754/447/787 755/448/788
s 9
f 614/422/741 673/431/559 674/296/789
s 11
f 675/405/790 755/448/788 756/447/790
s 9
f 616/332/600 674/296/789 676/294/489
s 11
f 677/406/791 756/447/790 757/446/791
s 9
f 679/229/558 616/332/600 676/294/489
s 11
f 758/445/792 677/406/791 757/446/791
s 9
f 620/328/604 679/229/558 680/228/486
s 11
f 681/287/793 758/445/792 759/444/793
s 9
f 622/418/745 680/228/486 682/226/557
s 11
f 683/288/794 759/444/793 760/443/794
s 9
f 624/324/608 682/226/557 685/223/483
s 11
f 684/404/795 760/443/794 761/442/795
s 9
f 626/416/747 685/223/483 686/225/481
s 11
f 687/403/796 761/442/795 762/441/796
s 9
f 628/320/612 686/225/481 688/379/556
s 11
f 689/282/797 762/441/796 763/440/797
s 9
f 630/414/749 688/379/556 691/293/798
s 11
f 690/285/799 763/440/797 764/439/799
s 9
f 632/316/616 691/293/798 692/291/477
s 11
f 693/289/800 764/439/799 765/438/800
s 9
f 694/402/555 632/316/616 692/291/477
s 11
f 766/437/801 693/289/800 765/438/800
s 9
f 636/312/620 694/402/555 697/222/474
s 11
f 696/283/802 766/437/801 767/436/802
s 9
f 638/410/753 697/222/474 698/220/554
s 11
f 699/284/803 767/436/802 768/435/803
s 9
f 640/308/624 698/220/554 700/401/471
s 11
f 701/432/804 768/435/803 769/434/804
s 9
f 642/407/755 700/401/471 705/279/469
s 11
f 704/368/805 769/434/804 770/433/805
f 703/368/773 771/449/806 741/433/773
s 9
f 580/407/724 707/281/553 702/279/771
f 583/361/628 705/279/469 707/281/553
s 11
f 706/367/806 770/433/805 771/449/806
s 12
f 749/442/65 815/450/65 750/443/65
s 13
f 419/451/357 795/452/357 796/451/357
s 12
f 751/444/65 815/450/65 816/453/65
s 13
f 419/451/357 786/454/357 787/455/357
s 12
f 751/444/65 817/456/65 752/445/65
s 13
f 419/451/357 777/457/357 778/458/357
s 12
f 752/445/65 818/459/65 753/446/65
s 13
f 419/451/357 803/460/357 772/461/357
s 12
f 753/446/65 819/462/65 754/447/65
s 13
f 419/451/357 794/463/357 795/452/357
f 419/451/357 785/464/357 786/454/357
s 12
f 754/447/65 820/465/65 755/448/65
s 13
f 419/451/357 776/466/357 777/457/357
s 12
f 755/448/65 821/462/65 756/447/65
s 13
f 419/451/357 802/467/357 803/460/357
s 12
f 756/447/65 822/459/65 757/446/65
s 13
f 419/451/357 793/468/357 794/463/357
f 419/451/357 784/469/357 785/464/357
s 12
f 757/446/65 823/456/65 758/445/65
s 13
f 419/451/357 775/470/357 776/466/357
s 12
f 759/444/65 823/456/65 824/453/65
s 13
f 419/451/357 801/470/357 802/467/357
f 419/451/357 792/469/357 793/468/357
s 12
f 759/444/65 825/450/65 760/443/65
s 13
f 419/451/357 783/468/357 784/469/357
s 12
f 760/443/65 826/471/65 761/442/65
s 13
f 419/451/357 774/467/357 775/470/357
s 12
f 761/442/65 827/472/65 762/441/65
s 13
f 419/451/357 800/466/357 801/470/357
s 12
f 762/441/65 828/440/65 763/440/65
s 13
f 419/451/357 791/464/357 792/469/357
f 419/451/357 782/463/357 783/468/357
s 14
f 805/473/807 773/460/808 772/461/807
f 804/474/809 772/461/807 803/460/809
f 835/474/808 774/467/810 773/460/808
f 834/475/810 775/470/811 774/467/810
f 833/476/811 776/466/812 775/470/811
f 776/466/812 831/477/813 777/457/813
f 831/477/813 778/458/814 777/457/813
f 830/478/814 779/479/815 778/458/814
f 829/480/815 780/451/816 779/479/815
f 828/440/816 781/452/817 780/451/816
f 827/472/817 782/463/818 781/452/817
f 826/471/818 783/468/819 782/463/818
f 825/450/819 784/469/820 783/468/819
f 784/469/820 823/456/821 785/464/821
f 823/456/821 786/454/822 785/464/821
f 822/459/822 787/455/823 786/454/822
f 821/462/823 788/481/824 787/455/823
f 820/465/824 789/455/825 788/481/824
f 819/462/825 790/454/826 789/455/825
f 818/459/826 791/464/827 790/454/826
f 817/456/827 792/469/828 791/464/827
f 792/469/828 815/450/829 793/468/829
f 815/450/829 794/463/830 793/468/829
f 814/471/830 795/452/831 794/463/830
f 813/472/831 796/451/832 795/452/831
f 812/440/832 797/479/833 796/451/832
f 811/480/833 798/458/834 797/479/833
f 810/478/834 799/457/835 798/458/834
f 809/477/835 800/466/836 799/457/835
f 800/466/836 807/476/837 801/470/837
f 807/476/837 802/467/838 801/470/837
f 806/475/838 803/460/809 802/467/838
s 13
f 419/451/357 778/458/357 779/479/357
s 12
f 748/441/65 814/471/65 749/442/65
s 13
f 419/451/357 787/455/357 788/481/357
s 12
f 747/440/65 813/472/65 748/441/65
s 13
f 419/451/357 796/451/357 797/479/357
s 12
f 746/439/65 812/440/65 747/440/65
s 13
f 419/451/357 779/479/357 780/451/357
s 12
f 745/438/65 811/480/65 746/439/65
s 13
f 419/451/357 788/481/357 789/455/357
s 12
f 770/433/65 805/473/65 771/449/65
f 744/437/65 810/478/65 745/438/65
s 13
f 419/451/357 797/479/357 798/458/357
s 12
f 771/449/65 804/474/65 741/433/65
f 743/436/65 809/477/65 744/437/65
f 769/434/65 835/474/65 770/433/65
s 13
f 419/451/357 780/451/357 781/452/357
s 12
f 743/436/65 807/476/65 808/482/65
s 13
f 419/451/357 789/455/357 790/454/357
s 12
f 768/435/65 834/475/65 769/434/65
s 13
f 419/451/357 772/461/357 773/460/357
s 12
f 740/434/65 807/476/65 742/435/65
s 13
f 419/451/357 798/458/357 799/457/357
s 12
f 767/436/65 833/476/65 768/435/65
f 741/433/65 806/475/65 740/434/65
f 767/436/65 831/477/65 832/482/65
s 13
f 419/451/357 781/452/357 782/463/357
f 419/451/357 790/454/357 791/464/357
s 12
f 765/438/65 831/477/65 766/437/65
s 13
f 419/451/357 799/457/357 800/466/357
s 12
f 764/439/65 830/478/65 765/438/65
s 13
f 419/451/357 773/460/357 774/467/357
s 12
f 763/440/65 829/480/65 764/439/65
s 10
f 836/369/721 548/253/839 579/255/840
f 578/299/841 836/369/721 579/255/840
f 856/372/715 578/299/841 577/258/842
f 576/300/843 856/372/715 577/258/842
f 837/378/710 576/300/843 575/261/844
f 574/278/845 837/378/710 575/261/844
f 865/382/702 574/278/845 573/301/846
f 838/384/699 573/301/846 572/265/847
f 848/387/696 572/265/847 571/267/848
f 570/302/849 848/387/696 571/267/848
f 839/390/690 570/302/849 569/270/850
f 568/303/851 839/390/690 569/270/850
f 863/395/685 568/303/851 567/273/852
f 566/277/853 863/395/685 567/273/852
f 850/398/679 566/277/853 565/304/854
f 862/397/678 565/304/854 564/277/855
f 841/395/675 564/277/855 563/273/856
f 562/303/857 841/395/675 563/273/856
f 861/390/669 562/303/857 561/270/858
f 560/302/859 861/390/669 561/270/858
f 852/387/663 560/302/859 559/267/860
f 558/265/861 852/387/663 559/267/860
f 843/382/657 558/265/861 557/301/862
f 853/381/655 557/301/862 556/278/863
f 859/378/652 556/278/863 555/261/864
f 554/300/865 859/378/652 555/261/864
f 854/372/645 554/300/865 553/258/866
f 552/299/867 854/372/645 553/258/866
f 845/369/638 552/299/867 551/255/868
f 550/253/869 845/369/638 551/255/868
f 857/363/630 550/253/869 549/298/870
f 867/364/631 549/298/870 548/253/839
s 15
f 873/483/871 882/484/872 880/485/871
f 875/486/872 883/487/873 882/484/872
f 874/488/873 881/489/874 883/487/873
f 885/485/875 878/486/876 876/483/875
f 887/484/876 879/488/877 878/486/876
f 886/487/877 877/490/878 879/488/877
f 893/491/874 890/492/873 888/493/874
f 895/494/873 891/495/872 890/492/873
f 894/496/872 889/497/871 891/495/872
f 901/493/878 898/494/877 896/491/878
f 903/492/877 899/496/876 898/494/877
f 902/495/876 897/498/875 899/496/876
f 880/485/871 892/498/871 873/483/871
f 877/490/878 881/489/874 872/490/874
f 876/483/875 900/497/875 885/485/875
f 888/493/874 871/491/65 893/491/874
f 896/491/878 869/493/65 901/493/878
s 16
f 918/499/879 909/500/880 916/501/880
f 919/502/881 911/503/879 918/499/879
f 917/504/882 910/505/881 919/502/881
f 914/503/883 921/501/884 912/500/884
f 915/505/885 923/499/883 914/503/883
f 913/506/886 922/502/885 915/505/885
f 926/507/881 929/508/882 924/509/882
f 927/510/879 931/511/881 926/507/881
f 925/512/880 930/513/879 927/510/879
f 934/511/885 937/509/886 932/508/886
f 935/513/883 939/507/885 934/511/885
f 933/514/884 938/510/883 935/513/883
f 928/514/880 916/501/880 909/500/880
f 917/504/882 913/506/886 908/506/882
f 936/512/884 912/500/884 921/501/884
f 907/508/357 924/509/882 929/508/882
f 905/509/357 932/508/886 937/509/886
s 17
f 868/491/887 905/509/887 869/493/887
s 18
f 870/493/888 907/508/888 871/491/888
s 19
f 880/485/889 918/499/889 916/501/889
s 20
f 873/483/890 911/503/890 875/486/890
s 19
f 882/484/889 919/502/889 918/499/889
s 20
f 875/486/890 910/505/890 874/488/890
s 19
f 881/489/889 919/502/889 883/487/889
s 20
f 872/490/890 910/505/890 908/506/890
f 876/483/890 914/503/890 912/500/890
s 19
f 885/485/889 923/499/889 887/484/889
s 20
f 878/486/890 915/505/890 914/503/890
s 19
f 887/484/889 922/502/889 886/487/889
s 20
f 877/490/890 915/505/890 879/488/890
s 19
f 884/489/889 922/502/889 920/504/889
f 890/492/889 924/509/889 888/493/889
s 20
f 895/494/890 929/508/890 931/511/890
s 19
f 891/495/889 926/507/889 890/492/889
s 20
f 894/496/890 931/511/890 930/513/890
s 19
f 891/495/889 925/512/889 927/510/889
s 20
f 894/496/890 928/514/890 892/498/890
f 898/494/890 932/508/890 896/491/890
s 19
f 903/492/889 937/509/889 939/507/889
s 20
f 899/496/890 934/511/890 898/494/890
s 19
f 902/495/889 939/507/889 938/510/889
s 20
f 899/496/890 933/514/890 935/513/890
s 19
f 902/495/889 936/512/889 900/497/889
s 20
f 892/498/890 909/500/890 873/483/890
s 19
f 889/497/889 916/501/889 925/512/889
s 20
f 877/490/890 908/506/890 913/506/890
s 19
f 881/489/889 920/504/889 917/504/889
f 900/497/889 921/501/889 885/485/889
s 20
f 897/498/890 912/500/890 933/514/890
f 893/491/890 907/508/890 929/508/890
s 19
f 888/493/889 906/509/889 870/493/889
f 901/493/889 905/509/889 937/509/889
s 20
f 896/491/890 904/508/890 868/491/890
s 21
f 952/515/891 947/516/892 954/517/892
f 947/516/892 955/518/893 954/517/892
f 955/518/893 944/519/894 953/520/894
f 957/521/895 950/522/896 948/523/895
f 950/522/896 958/524/897 951/525/897
f 958/524/897 949/526/898 951/525/897
f 960/527/899 967/528/900 962/529/901
f 962/529/901 966/530/902 963/531/903
f 963/531/903 964/532/891 961/533/891
f 973/534/904 970/535/905 968/536/904
f 975/537/906 971/538/907 970/535/905
f 974/539/908 969/540/895 971/538/907
f 952/515/891 964/532/891 945/541/891
f 949/526/898 953/520/894 944/519/894
f 957/521/895 969/540/895 972/542/895
f 965/543/899 942/544/909 943/545/909
f 968/536/904 941/546/910 973/534/904
s 22
f 990/547/911 981/548/912 988/549/912
f 991/550/913 983/551/911 990/547/911
f 991/550/913 980/552/914 982/553/913
f 986/554/915 993/555/916 984/556/916
f 986/554/915 994/557/917 995/558/915
f 985/559/918 994/557/917 987/560/917
f 996/561/919 1003/562/920 1001/563/921
f 998/564/922 1002/565/923 1003/562/920
f 997/566/912 1002/565/923 999/567/924
f 1006/568/925 1009/569/926 1004/570/927
f 1007/571/928 1011/572/929 1006/568/925
f 1007/571/928 1008/573/916 1010/574/930
f 981/548/912 997/566/912 988/549/912
f 989/575/914 985/559/918 980/552/914
f 1008/573/916 984/556/916 993/555/916
f 1001/563/921 978/576/931 996/561/919
f 977/577/932 1004/570/927 1009/569/926
s 23
f 940/578/933 977/577/933 941/546/933
s 24
f 943/545/934 978/576/934 979/579/934
s 25
f 952/515/935 990/547/935 988/549/935
s 26
f 945/541/936 983/551/936 947/516/936
s 25
f 955/518/935 990/547/935 954/517/935
s 26
f 947/516/936 982/553/936 946/580/936
s 25
f 953/520/937 991/550/937 955/518/935
s 26
f 944/519/936 982/553/936 980/552/936
f 948/523/936 986/554/936 984/556/936
s 25
f 957/521/935 995/558/935 959/581/935
s 26
f 950/522/936 987/560/936 986/554/936
s 25
f 958/524/937 995/558/935 994/557/937
s 26
f 949/526/936 987/560/936 951/525/936
s 25
f 956/582/937 994/557/937 992/583/935
f 962/529/938 996/561/939 960/527/940
s 26
f 967/528/941 1001/563/942 1003/562/943
s 25
f 963/531/944 998/564/945 962/529/938
s 26
f 966/530/946 1003/562/943 1002/565/947
s 25
f 963/531/944 997/566/935 999/567/948
s 26
f 966/530/946 1000/584/936 964/532/936
f 970/535/949 1004/570/950 968/536/951
s 25
f 975/537/952 1009/569/953 1011/572/954
s 26
f 971/538/955 1006/568/956 970/535/949
s 25
f 974/539/957 1011/572/954 1010/574/958
s 26
f 971/538/955 1005/585/936 1007/571/959
s 25
f 974/539/957 1008/573/935 972/542/935
s 26
f 964/532/936 981/548/936 945/541/936
s 25
f 961/533/935 988/549/935 997/566/935
s 26
f 944/519/936 985/559/936 949/526/936
s 25
f 956/582/937 989/575/937 953/520/937
f 972/542/935 993/555/935 957/521/935
s 26
f 969/540/936 984/556/936 1005/585/936
f 965/543/960 979/579/961 1001/563/942
s 25
f 960/527/940 978/576/962 942/544/962
f 973/534/963 977/577/964 1009/569/953
s 26
f 968/536/951 976/586/965 940/578/966
s 27
f 1024/515/967 1019/516/968 1017/541/967
f 1027/518/969 1019/516/968 1026/517/968
f 1027/518/969 1016/519/970 1018/580/969
f 1022/522/971 1029/521/972 1020/523/972
f 1022/522/971 1030/524/973 1031/581/971
f 1021/526/974 1030/524/973 1023/525/973
f 1032/527/975 1039/528/976 1037/543/975
f 1034/529/977 1038/530/978 1039/528/976
f 1035/531/979 1036/532/967 1038/530/978
f 1042/535/980 1045/534/981 1040/536/982
f 1043/538/983 1047/537/984 1042/535/980
f 1041/540/972 1046/539/985 1043/538/983
f 1036/532/967 1024/515/967 1017/541/967
f 1025/520/970 1021/526/974 1016/519/970
f 1029/521/972 1041/540/972 1020/523/972
f 1037/543/975 1014/544/986 1032/527/975
f 1013/546/987 1040/536/982 1045/534/981
s 28
f 1060/549/988 1055/551/989 1062/547/989
f 1055/551/989 1063/550/990 1062/547/989
f 1063/550/990 1052/552/991 1061/575/991
f 1065/555/992 1058/554/993 1056/556/992
f 1058/554/993 1066/557/994 1059/560/994
f 1066/557/994 1057/559/995 1059/560/994
f 1068/561/996 1075/562/997 1070/564/998
f 1070/564/998 1074/565/999 1071/567/1000
f 1074/565/999 1069/566/988 1071/567/1000
f 1081/569/1001 1078/568/1002 1076/570/1003
f 1083/572/1004 1079/571/1005 1078/568/1002
f 1079/571/1005 1080/573/992 1077/585/992
f 1053/548/988 1069/566/988 1072/584/988
f 1057/559/995 1061/575/991 1052/552/991
f 1056/556/992 1080/573/992 1065/555/992
f 1073/563/1006 1050/576/1007 1051/579/1007
f 1076/570/1003 1049/577/1008 1081/569/1001
s 29
f 1049/577/1009 1012/578/1009 1013/546/1009
s 30
f 1015/545/1010 1050/576/1010 1014/544/1010
s 31
f 1024/515/1011 1062/547/1011 1026/517/1011
s 32
f 1055/551/1012 1017/541/1013 1019/516/1013
s 31
f 1062/547/1011 1027/518/1011 1026/517/1011
s 32
f 1054/553/1013 1019/516/1013 1018/580/1013
s 31
f 1063/550/1014 1025/520/1014 1027/518/1011
s 32
f 1016/519/1013 1054/553/1013 1018/580/1013
f 1020/523/1013 1058/554/1013 1022/522/1013
s 31
f 1067/558/1011 1029/521/1011 1031/581/1011
s 32
f 1022/522/1013 1059/560/1013 1023/525/1013
s 31
f 1030/524/1014 1067/558/1011 1031/581/1011
s 32
f 1059/560/1013 1021/526/1013 1023/525/1013
s 31
f 1028/582/1011 1066/557/1014 1030/524/1014
f 1068/561/1015 1034/529/1016 1032/527/1017
s 32
f 1039/528/1018 1073/563/1019 1037/543/1020
s 31
f 1070/564/1021 1035/531/1022 1034/529/1016
s 32
f 1038/530/1023 1075/562/1024 1039/528/1018
s 31
f 1035/531/1022 1069/566/1011 1033/533/1011
s 32
f 1072/584/1013 1038/530/1023 1036/532/1013
f 1076/570/1025 1042/535/1026 1040/536/1027
s 31
f 1047/537/1028 1081/569/1029 1045/534/1030
s 32
f 1078/568/1031 1043/538/1032 1042/535/1026
s 31
f 1046/539/1033 1083/572/1034 1047/537/1028
s 32
f 1043/538/1032 1077/585/1013 1041/540/1013
s 31
f 1080/573/1011 1046/539/1033 1044/542/1011
s 32
f 1053/548/1013 1036/532/1013 1017/541/1013
s 31
f 1033/533/1011 1060/549/1011 1024/515/1011
s 32
f 1057/559/1013 1016/519/1013 1021/526/1013
s 31
f 1061/575/1014 1028/582/1011 1025/520/1014
f 1065/555/1011 1044/542/1011 1029/521/1011
s 32
f 1041/540/1013 1056/556/1013 1020/523/1013
f 1037/543/1020 1051/579/1035 1015/545/1035
s 31
f 1050/576/1036 1032/527/1017 1014/544/1036
f 1045/534/1030 1049/577/1037 1013/546/1037
s 32
f 1048/586/1038 1040/536/1027 1012/578/1038
s 0
f 1087/587/1039 1084/588/1039 1085/589/1039
f 1089/590/887 1086/591/887 1087/587/887
f 1091/592/1040 1088/593/1040 1089/590/1040
f 1093/592/890 1090/594/890 1091/592/890
f 1095/590/1041 1092/594/1041 1093/592/1041
f 1097/587/888 1094/593/888 1095/590/888
f 1099/589/1042 1096/591/1042 1097/587/1042
f 1099/589/889 1084/588/889 1098/588/889
f 1085/589/65 1099/589/65 1100/595/65
f 1099/589/65 1097/587/65 1100/595/65
f 1097/587/65 1095/590/65 1100/595/65
f 1095/590/65 1093/592/65 1100/595/65
f 1093/592/65 1091/592/65 1100/595/65
f 1091/592/65 1089/590/65 1100/595/65
f 1089/590/65 1087/587/65 1100/595/65
f 1087/587/65 1085/589/65 1100/595/65
f 1101/588/1042 1104/587/1042 1102/589/1042
f 1103/591/888 1106/590/888 1104/587/888
f 1105/593/1041 1108/592/1041 1106/590/1041
f 1107/594/890 1110/592/890 1108/592/890
f 1109/594/1040 1112/590/1040 1110/592/1040
f 1111/593/887 1114/587/887 1112/590/887
f 1113/591/1039 1116/589/1039 1114/587/1039
f 1101/588/889 1116/589/889 1115/588/889
f 1102/589/65 1117/595/65 1116/589/65
f 1116/589/65 1117/595/65 1114/587/65
f 1114/587/65 1117/595/65 1112/590/65
f 1112/590/65 1117/595/65 1110/592/65
f 1110/592/65 1117/595/65 1108/592/65
f 1108/592/65 1117/595/65 1106/590/65
f 1106/590/65 1117/595/65 1104/587/65
f 1104/587/65 1117/595/65 1102/589/65
f 1118/596/1040 1121/597/1040 1119/598/1040
f 1120/599/887 1123/600/887 1121/597/887
f 1122/601/1039 1125/602/1039 1123/600/1039
f 1124/603/889 1127/602/889 1125/602/889
f 1126/603/1042 1129/600/1042 1127/602/1042
f 1128/601/888 1131/597/888 1129/600/888
f 1130/599/1041 1133/598/1041 1131/597/1041
f 1118/596/890 1133/598/890 1132/596/890
f 1119/598/65 1134/604/65 1133/598/65
f 1133/598/65 1134/604/65 1131/597/65
f 1131/597/65 1134/604/65 1129/600/65
f 1129/600/65 1134/604/65 1127/602/65
f 1127/602/65 1134/604/65 1125/602/65
f 1125/602/65 1134/604/65 1123/600/65
f 1123/600/65 1134/604/65 1121/597/65
f 1121/597/65 1134/604/65 1119/598/65
f 1138/597/1041 1135/596/1041 1136/598/1041
f 1140/600/888 1137/599/888 1138/597/888
f 1142/602/1042 1139/601/1042 1140/600/1042
f 1144/602/889 1141/603/889 1142/602/889
f 1146/600/1039 1143/603/1039 1144/602/1039
f 1148/597/887 1145/601/887 1146/600/887
f 1150/598/1040 1147/599/1040 1148/597/1040
f 1150/598/890 1135/596/890 1149/596/890
f 1136/598/65 1150/598/65 1151/604/65
f 1150/598/65 1148/597/65 1151/604/65
f 1148/597/65 1146/600/65 1151/604/65
f 1146/600/65 1144/602/65 1151/604/65
f 1144/602/65 1142/602/65 1151/604/65
f 1142/602/65 1140/600/65 1151/604/65
f 1140/600/65 1138/597/65 1151/604/65
f 1138/597/65 1136/598/65 1151/604/65
f 1155/605/1043 1152/606/1043 1153/607/1043
f 1157/608/1044 1154/609/1044 1155/605/1044
f 1157/608/1045 1158/610/1045 1156/611/1045
f 1159/612/357 1160/613/357 1158/610/357
f 1163/614/1046 1160/613/1046 1161/615/1046
f 1165/616/1047 1162/617/1047 1163/614/1047
f 1165/616/1048 1166/618/1048 1164/619/1048
f 1169/620/1049 1171/621/1049 1217/622/1049
f 1166/618/65 1153/607/65 1152/606/65
f 1168/623/1050 1171/621/1050 1169/620/1050
f 1170/624/1051 1173/625/1051 1171/621/1051
f 1173/625/1052 1174/626/1052 1175/627/1052
f 1175/627/357 1176/628/357 1177/629/357
f 1176/628/1053 1179/630/1053 1177/629/1053
f 1178/631/1054 1181/632/1054 1179/630/1054
f 1181/632/1055 1182/633/1055 1183/634/1055
f 1185/635/1056 1187/636/1056 1218/637/1056
f 1182/633/65 1169/620/65 1183/634/65
f 1184/638/1045 1187/636/1045 1185/635/1045
f 1186/639/1044 1189/640/1044 1187/636/1044
f 1189/640/1043 1190/641/1043 1191/642/1043
f 1191/642/65 1192/643/65 1193/644/65
f 1192/643/1048 1195/645/1048 1193/644/1048
f 1194/646/1047 1197/647/1047 1195/645/1047
f 1196/648/1046 1199/649/1046 1197/647/1046
f 1201/650/1049 1215/651/1049 1219/652/1049
f 1198/653/357 1185/635/357 1199/649/357
f 1203/654/1052 1200/655/1052 1201/650/1052
f 1205/656/1051 1202/657/1051 1203/654/1051
f 1205/656/1050 1206/658/1050 1204/659/1050
f 1207/660/65 1208/661/65 1206/658/65
f 1209/662/1055 1210/663/1055 1208/661/1055
f 1213/664/1054 1210/663/1054 1211/665/1054
f 1215/651/1053 1212/666/1053 1213/664/1053
f 1214/667/357 1201/650/357 1200/655/357
f 1153/607/1056 1167/668/1056 1216/669/1056
f 1167/668/1056 1165/616/1056 1216/669/1056
f 1165/616/1056 1163/614/1056 1216/669/1056
f 1163/614/1056 1161/615/1056 1216/669/1056
f 1161/615/1056 1159/612/1056 1216/669/1056
f 1159/612/1056 1157/608/1056 1216/669/1056
f 1157/608/1056 1155/605/1056 1216/669/1056
f 1155/605/1056 1153/607/1056 1216/669/1056
f 1171/621/1049 1173/625/1049 1217/622/1049
f 1173/625/1049 1175/627/1049 1217/622/1049
f 1175/627/1049 1177/629/1049 1217/622/1049
f 1177/629/1049 1179/630/1049 1217/622/1049
f 1179/630/1049 1181/632/1049 1217/622/1049
f 1181/632/1049 1183/634/1049 1217/622/1049
f 1183/634/1049 1169/620/1049 1217/622/1049
f 1187/636/1056 1189/640/1056 1218/637/1056
f 1189/640/1056 1191/642/1056 1218/637/1056
f 1191/642/1056 1193/644/1056 1218/637/1056
f 1193/644/1056 1195/645/1056 1218/637/1056
f 1195/645/1056 1197/647/1056 1218/637/1056
f 1197/647/1056 1199/649/1056 1218/637/1056
f 1199/649/1056 1185/635/1056 1218/637/1056
f 1215/651/1049 1213/664/1049 1219/652/1049
f 1213/664/1049 1211/665/1049 1219/652/1049
f 1211/665/1049 1209/662/1049 1219/652/1049
f 1209/662/1049 1207/660/1049 1219/652/1049
f 1207/660/1049 1205/656/1049 1219/652/1049
f 1205/656/1049 1203/654/1049 1219/652/1049
f 1203/654/1049 1201/650/1049 1219/652/1049
f 1220/606/1055 1223/605/1055 1221/607/1055
f 1222/609/1054 1225/608/1054 1223/605/1054
f 1225/608/1053 1226/610/1053 1227/612/1053
f 1227/612/357 1228/613/357 1229/615/357
f 1228/613/1052 1231/614/1052 1229/615/1052
f 1230/617/1051 1233/616/1051 1231/614/1051
f 1233/616/1050 1234/618/1050 1235/668/1050
f 1237/620/1057 1285/622/1057 1239/621/1057
f 1234/618/65 1221/607/65 1235/668/65
f 1239/621/1048 1236/623/1048 1237/620/1048
f 1241/625/1047 1238/624/1047 1239/621/1047
f 1241/625/1046 1242/626/1046 1240/670/1046
f 1243/627/357 1244/628/357 1242/626/357
f 1247/630/1045 1244/628/1045 1245/629/1045
f 1249/632/1044 1246/631/1044 1247/630/1044
f 1249/632/1043 1250/633/1043 1248/671/1043
f 1253/635/1058 1286/637/1058 1255/636/1058
f 1250/633/65 1237/620/65 1236/623/65
f 1255/636/1053 1252/638/1053 1253/635/1053
f 1257/640/1054 1254/639/1054 1255/636/1054
f 1257/640/1055 1258/641/1055 1256/672/1055
f 1259/642/65 1260/643/65 1258/641/65
f 1261/644/1050 1262/646/1050 1260/643/1050
f 1265/647/1051 1262/646/1051 1263/645/1051
f 1267/649/1052 1264/648/1052 1265/647/1052
f 1269/650/1057 1287/652/1057 1283/651/1057
f 1266/653/357 1253/635/357 1252/638/357
f 1268/655/1046 1271/654/1046 1269/650/1046
f 1270/657/1047 1273/656/1047 1271/654/1047
f 1273/656/1048 1274/658/1048 1275/660/1048
f 1275/660/65 1276/661/65 1277/662/65
f 1276/661/1043 1279/665/1043 1277/662/1043
f 1278/663/1044 1281/664/1044 1279/665/1044
f 1280/666/1045 1283/651/1045 1281/664/1045
f 1282/667/357 1269/650/357 1283/651/357
f 1221/607/1058 1284/669/1058 1235/668/1058
f 1235/668/1058 1284/669/1058 1233/616/1058
f 1233/616/1058 1284/669/1058 1231/614/1058
f 1231/614/1058 1284/669/1058 1229/615/1058
f 1229/615/1058 1284/669/1058 1227/612/1058
f 1227/612/1058 1284/669/1058 1225/608/1058
f 1225/608/1058 1284/669/1058 1223/605/1058
f 1223/605/1058 1284/669/1058 1221/607/1058
f 1239/621/1057 1285/622/1057 1241/625/1057
f 1241/625/1057 1285/622/1057 1243/627/1057
f 1243/627/1057 1285/622/1057 1245/629/1057
f 1245/629/1057 1285/622/1057 1247/630/1057
f 1247/630/1057 1285/622/1057 1249/632/1057
f 1249/632/1057 1285/622/1057 1251/634/1057
f 1251/634/1057 1285/622/1057 1237/620/1057
f 1255/636/1058 1286/637/1058 1257/640/1058
f 1257/640/1058 1286/637/1058 1259/642/1058
f 1259/642/1058 1286/637/1058 1261/644/1058
f 1261/644/1058 1286/637/1058 1263/645/1058
f 1263/645/1058 1286/637/1058 1265/647/1058
f 1265/647/1058 1286/637/1058 1267/649/1058
f 1267/649/1058 1286/637/1058 1253/635/1058
f 1283/651/1057 1287/652/1057 1281/664/1057
f 1281/664/1057 1287/652/1057 1279/665/1057
f 1279/665/1057 1287/652/1057 1277/662/1057
f 1277/662/1057 1287/652/1057 1275/660/1057
f 1275/660/1057 1287/652/1057 1273/656/1057
f 1273/656/1057 1287/652/1057 1271/654/1057
f 1271/654/1057 1287/652/1057 1269/650/1057
s 10
f 436/400/681 1305/673/1059 437/396/684
f 443/386/698 1312/383/1060 444/383/705
f 423/370/640 1292/674/1061 424/374/647
f 451/362/629 1318/675/1062 1319/676/1063
f 430/677/1064 1299/678/1065 431/388/665
f 437/396/684 1306/679/1066 438/680/1067
f 444/383/705 1313/681/1068 445/380/709
f 425/377/651 1292/674/1061 1293/682/1069
f 451/362/629 1288/683/1070 420/366/633
f 431/388/665 1300/684/1071 432/392/671
f 438/680/1067 1307/685/1072 439/394/688
f 445/380/709 1314/686/1073 446/687/1074
f 426/687/1075 1293/682/1069 1294/686/1076
f 433/394/674 1300/684/1071 1301/685/1077
f 439/394/688 1308/684/1078 440/392/692
f 446/687/1074 1315/682/1079 447/377/712
f 427/380/654 1294/686/1076 1295/681/1080
f 420/366/633 1289/676/1081 421/362/637
f 434/680/1082 1301/685/1077 1302/679/1083
f 441/388/695 1308/684/1078 1309/678/1084
f 447/377/712 1316/674/1085 448/374/717
f 427/380/654 1296/383/1086 428/383/659
f 435/396/677 1302/679/1083 1303/673/1087
f 442/677/1088 1309/678/1084 1310/688/1089
f 421/362/637 1290/675/1090 422/689/1091
f 449/370/720 1316/674/1085 1317/690/1092
f 428/383/659 1297/691/1093 429/386/662
f 435/396/677 1304/692/1094 436/400/681
f 443/386/698 1310/688/1089 1311/691/1095
f 422/689/1091 1291/690/1096 423/370/640
f 450/689/1097 1317/690/1092 1318/675/1062
f 429/386/662 1298/688/1098 430/677/1064
f 1353/693/1099 1321/694/1100 1352/695/1101
f 1354/696/1102 1347/697/1103 1348/698/1104
f 1357/699/1105 1335/700/1106 1356/701/1107
f 1358/702/1108 1321/694/1100 1322/703/1109
f 1354/696/1102 1349/704/1110 1359/705/1111
f 1356/701/1107 1336/706/1112 1360/707/1113
f 1361/705/1114 1322/703/1109 1323/704/1115
f 1359/705/1111 1350/703/1116 1362/702/1117
f 1360/707/1113 1337/700/1118 1363/701/1119
f 1364/696/1120 1323/704/1115 1324/698/1121
f 1362/702/1117 1351/694/1122 1365/695/1123
f 1366/699/1124 1337/700/1118 1338/708/1125
f 1364/696/1120 1325/697/1126 1367/709/1127
f 1365/695/1123 1320/710/1128 1353/693/1099
f 1368/711/1129 1338/708/1125 1339/712/1130
f 1367/709/1127 1326/713/1131 1369/714/1132
f 1370/715/1133 1339/712/1130 1340/716/1134
f 1369/714/1132 1327/717/1135 1371/718/1136
f 1370/715/1133 1341/719/1137 1372/720/1138
f 1371/718/1136 1328/721/1139 1373/722/1140
f 1372/720/1138 1342/723/1141 1374/724/1142
f 1373/722/1140 1329/725/1143 1375/726/1144
f 1374/724/1142 1343/725/1145 1376/726/1146
f 1377/724/1147 1329/725/1143 1330/723/1148
f 1376/726/1146 1344/721/1149 1378/722/1150
f 1379/720/1151 1330/723/1148 1331/719/1152
f 1378/722/1150 1345/717/1153 1380/718/1154
f 1381/715/1155 1331/719/1152 1332/716/1156
f 1382/714/1157 1345/717/1153 1346/713/1158
f 1381/715/1155 1333/712/1159 1383/711/1160
f 1355/709/1161 1346/713/1158 1347/697/1103
f 1383/711/1160 1334/708/1162 1357/699/1105
f 1301/685/1077 1357/699/1105 1302/679/1083
f 1314/686/1073 1355/709/1161 1315/682/1079
f 1300/684/1071 1383/711/1160 1301/685/1077
f 1313/681/1068 1382/714/1157 1314/686/1073
f 1299/678/1065 1381/715/1155 1300/684/1071
f 1312/383/1060 1380/718/1154 1313/681/1068
f 1298/688/1098 1379/720/1151 1299/678/1065
f 1312/383/1060 1376/726/1146 1378/722/1150
f 1297/691/1093 1377/724/1147 1298/688/1098
f 1311/691/1095 1374/724/1142 1376/726/1146
f 1296/383/1086 1375/726/1144 1297/691/1093
f 1309/678/1084 1374/724/1142 1310/688/1089
f 1296/383/1086 1371/718/1136 1373/722/1140
f 1308/684/1078 1372/720/1138 1309/678/1084
f 1295/681/1080 1369/714/1132 1371/718/1136
f 1307/685/1072 1370/715/1133 1308/684/1078
f 1293/682/1069 1369/714/1132 1294/686/1076
f 1306/679/1066 1368/711/1129 1307/685/1072
f 1288/683/1070 1365/695/1123 1353/693/1099
f 1292/674/1061 1367/709/1127 1293/682/1069
f 1305/673/1059 1366/699/1124 1306/679/1066
f 1319/676/1063 1362/702/1117 1365/695/1123
f 1291/690/1096 1364/696/1120 1292/674/1061
f 1304/692/1094 1363/701/1119 1305/673/1059
f 1317/690/1092 1362/702/1117 1318/675/1062
f 1290/675/1090 1361/705/1114 1291/690/1096
f 1304/692/1094 1356/701/1107 1360/707/1113
f 1316/674/1085 1359/705/1111 1317/690/1092
f 1289/676/1081 1358/702/1108 1290/675/1090
f 1303/673/1087 1357/699/1105 1356/701/1107
f 1315/682/1079 1354/696/1102 1316/674/1085
f 1288/683/1070 1352/695/1101 1289/676/1081
s 225
f 1321/694/65 1320/710/65 1384/721/65
f 1320/710/65 1351/694/65 1384/721/65
f 1351/694/65 1350/703/65 1384/721/65
f 1350/703/65 1349/704/65 1384/721/65
f 1349/704/65 1348/698/65 1384/721/65
f 1348/698/65 1347/697/65 1384/721/65
f 1347/697/65 1346/713/65 1384/721/65
f 1346/713/65 1345/717/65 1384/721/65
f 1345/717/65 1344/721/65 1384/721/65
f 1344/721/65 1343/725/65 1384/721/65
f 1343/725/65 1342/723/65 1384/721/65
f 1342/723/65 1341/719/65 1384/721/65
f 1341/719/65 1340/716/65 1384/721/65
f 1340/716/65 1339/712/65 1384/721/65
f 1339/712/65 1338/708/65 1384/721/65
f 1338/708/65 1337/700/65 1384/721/65
f 1337/700/65 1336/706/65 1384/721/65
f 1336/706/65 1335/700/65 1384/721/65
f 1335/700/65 1334/708/65 1384/721/65
f 1334/708/65 1333/712/65 1384/721/65
f 1333/712/65 1332/716/65 1384/721/65
f 1332/716/65 1331/719/65 1384/721/65
f 1331/719/65 1330/723/65 1384/721/65
f 1330/723/65 1329/725/65 1384/721/65
f 1329/725/65 1328/721/65 1384/721/65
f 1328/721/65 1327/717/65 1384/721/65
f 1327/717/65 1326/713/65 1384/721/65
f 1326/713/65 1325/697/65 1384/721/65
f 1325/697/65 1324/698/65 1384/721/65
f 1324/698/65 1323/704/65 1384/721/65
f 1323/704/65 1322/703/65 1384/721/65
f 1322/703/65 1321/694/65 1384/721/65
s 1
f 65/1/1 66/34/64 98/2/2
f 67/4/4 65/1/1 97/3/3
f 68/6/6 67/4/4 99/5/5
f 69/8/8 68/6/6 100/7/7
f 70/10/10 69/8/8 101/9/9
f 71/12/12 70/10/10 102/11/11
f 72/14/14 71/12/12 103/13/13
f 73/16/16 72/14/14 104/15/15
f 74/18/18 73/16/16 105/17/17
f 75/20/20 74/18/18 106/19/19
f 76/22/22 75/20/20 107/21/21
f 77/24/24 76/22/22 108/23/23
f 78/26/26 77/24/24 109/25/25
f 79/28/28 78/26/26 110/27/27
f 80/30/30 79/28/28 111/29/29
f 81/32/32 80/30/30 112/31/31
f 82/30/34 81/32/32 113/33/33
f 83/28/36 82/30/34 114/31/35
f 84/26/38 83/28/36 115/29/37
f 85/24/40 84/26/38 116/27/39
f 86/22/42 85/24/40 117/25/41
f 87/20/44 86/22/42 118/23/43
f 88/18/46 87/20/44 119/21/45
f 89/16/48 88/18/46 120/19/47
f 90/14/50 89/16/48 121/17/49
f 91/12/52 90/14/50 122/15/51
f 92/10/54 91/12/52 123/13/53
f 93/8/56 92/10/54 124/11/55
f 94/6/58 93/8/56 125/9/57
f 95/4/60 94/6/58 126/7/59
f 96/1/62 95/4/60 127/5/61
f 66/34/64 96/1/62 128/3/63
f 97/3/3 98/2/2 130/35/65
f 131/37/65 99/5/5 97/3/3
f 100/7/7 99/5/5 131/37/65
f 133/39/65 101/9/9 100/7/7
f 102/11/11 101/9/9 133/39/65
f 103/13/13 102/11/11 134/40/65
f 136/42/65 104/15/15 103/13/13
f 137/17/65 105/17/17 104/15/15
f 106/19/19 105/17/17 137/17/65
f 139/44/65 107/21/21 106/19/19
f 108/23/23 107/21/21 139/44/65
f 141/46/65 109/25/25 108/23/23
f 110/27/27 109/25/25 141/46/65
f 111/29/29 110/27/27 142/47/65
f 144/49/65 112/31/31 111/29/29
f 145/50/65 113/33/33 112/31/31
f 114/31/35 113/33/33 145/50/65
f 147/48/65 115/29/37 114/31/35
f 116/27/39 115/29/37 147/48/65
f 149/46/65 117/25/41 116/27/39
f 118/23/43 117/25/41 149/46/65
f 119/21/45 118/23/43 150/45/65
f 152/43/65 120/19/47 119/21/45
f 153/17/65 121/17/49 120/19/47
f 122/15/51 121/17/49 153/17/65
f 155/41/65 123/13/53 122/15/51
f 124/11/55 123/13/53 155/41/65
f 157/39/65 125/9/57 124/11/55
f 126/7/59 125/9/57 157/39/65
f 127/5/61 126/7/59 158/38/65
f 160/36/65 128/3/63 127/5/61
f 130/35/65 98/2/2 128/3/63
s 2
f 129/36/66 130/35/1163 32/51/67
f 34/53/69 131/37/1164 129/36/66
f 132/38/70 131/37/1164 34/53/69
f 36/55/72 133/39/1165 132/38/70
f 134/40/73 133/39/1165 36/55/72
f 38/57/75 135/41/1166 134/40/73
f 136/42/76 135/41/1166 38/57/75
f 40/59/78 137/17/1167 136/42/76
f 138/43/79 137/17/1167 40/59/78
f 42/61/81 139/44/1168 138/43/79
f 140/45/82 139/44/1168 42/61/81
f 44/63/84 141/46/1169 140/45/82
f 142/47/85 141/46/1169 44/63/84
f 46/65/87 143/48/1170 142/47/85
f 144/49/88 143/48/1170 46/65/87
f 48/67/90 145/50/1171 144/49/88
f 146/49/91 145/50/1171 48/67/90
f 50/65/93 147/48/1172 146/49/91
f 148/47/94 147/48/1172 50/65/93
f 52/63/96 149/46/1173 148/47/94
f 150/45/97 149/46/1173 52/63/96
f 54/61/99 151/44/1174 150/45/97
f 152/43/100 151/44/1174 54/61/99
f 56/59/102 153/17/1175 152/43/100
f 154/42/103 153/17/1175 56/59/102
f 58/57/105 155/41/1176 154/42/103
f 156/40/106 155/41/1176 58/57/105
f 60/55/108 157/39/1177 156/40/106
f 158/38/109 157/39/1177 60/55/108
f 62/53/111 159/37/1178 158/38/109
f 160/36/112 159/37/1178 62/53/111
f 32/51/67 130/35/1163 160/36/112
s 3
f 165/68/114 167/71/117 164/69/115
f 167/71/117 166/117/209 162/72/118
f 163/70/116 164/69/115 170/73/119
f 164/69/115 162/72/118 168/75/121
f 169/74/120 170/73/119 173/76/122
f 173/76/122 170/73/119 168/75/121
f 172/77/123 173/76/122 176/79/125
f 173/76/122 171/78/124 174/81/127
f 175/80/126 176/79/125 179/82/128
f 179/82/128 176/79/125 174/81/127
f 181/85/131 178/83/129 179/82/128
f 179/82/128 177/84/130 180/87/133
f 184/88/134 181/85/131 182/86/132
f 185/89/135 182/86/132 180/87/133
f 187/91/137 184/88/134 185/89/135
f 185/89/135 183/90/136 186/16/139
f 187/91/137 188/92/138 191/93/140
f 188/92/138 186/16/139 189/95/142
f 190/94/141 191/93/140 194/96/143
f 191/93/140 189/95/142 192/98/145
f 193/97/144 194/96/143 197/99/146
f 197/99/146 194/96/143 192/98/145
f 196/100/147 197/99/146 200/102/149
f 197/99/146 195/101/148 198/104/151
f 199/103/150 200/102/149 203/105/152
f 203/105/152 200/102/149 198/104/151
f 205/108/155 202/106/153 203/105/152
f 203/105/152 201/107/154 204/110/157
f 208/111/158 205/108/155 206/109/156
f 209/112/159 206/109/156 204/110/157
f 211/114/161 208/111/158 209/112/159
f 209/112/159 207/113/160 210/116/163
f 211/114/161 212/115/162 215/112/164
f 212/115/162 210/116/163 213/113/166
f 214/111/165 215/112/164 218/109/167
f 215/112/164 213/113/166 216/110/169
f 217/108/168 218/109/167 221/105/170
f 221/105/170 218/109/167 216/110/169
f 220/106/171 221/105/170 224/102/173
f 221/105/170 219/107/172 222/104/175
f 223/103/174 224/102/173 227/99/176
f 227/99/176 224/102/173 222/104/175
f 229/97/179 226/100/177 227/99/176
f 227/99/176 225/101/178 228/98/181
f 232/94/182 229/97/179 230/96/180
f 233/93/183 230/96/180 228/98/181
f 235/91/185 232/94/182 233/93/183
f 233/93/183 231/95/184 234/16/187
f 235/91/185 236/92/186 239/89/188
f 236/92/186 234/16/187 237/90/190
f 238/88/189 239/89/188 242/86/191
f 239/89/188 237/90/190 240/87/193
f 241/85/192 242/86/191 245/82/194
f 245/82/194 242/86/191 240/87/193
f 244/83/195 245/82/194 248/79/197
f 245/82/194 243/84/196 246/81/199
f 247/80/198 248/79/197 251/76/200
f 251/76/200 248/79/197 246/81/199
f 253/74/203 250/77/201 251/76/200
f 251/76/200 249/78/202 252/75/205
f 256/70/206 253/74/203 254/73/204
f 257/69/207 254/73/204 252/75/205
f 165/68/114 256/70/206 257/69/207
f 257/69/207 255/72/208 166/117/209
s 4
f 324/118/210 323/143/237 387/119/211
s 3
f 168/75/121 162/72/118 65/1/65
s 4
f 1/121/213 357/212/414 356/122/214
s 3
f 162/72/118 166/117/209 66/34/65
s 4
f 27/124/216 383/214/389 382/125/217
s 3
f 66/34/65 166/117/209 255/72/208
s 4
f 351/127/219 412/137/229 411/128/220
s 3
f 171/78/124 168/75/121 67/4/65
s 4
f 324/118/210 416/120/212 417/130/222
s 3
f 69/8/65 174/81/127 171/78/124
s 4
f 64/123/215 356/122/214 355/132/224
s 3
f 177/84/130 174/81/127 69/8/65
s 4
f 26/126/218 382/125/217 381/134/226
s 3
f 71/12/65 180/87/133 177/84/130
s 4
f 352/136/228 413/141/235 412/137/229
s 3
f 183/90/136 180/87/133 71/12/65
s 4
f 325/131/223 417/130/222 418/120/230
s 3
f 73/16/65 186/16/139 183/90/136
s 4
f 25/135/227 381/134/226 380/138/232
s 3
f 189/95/142 186/16/139 73/16/65
s 4
f 352/136/228 353/142/241 414/140/234
s 3
f 192/98/145 189/95/142 74/18/65
s 4
f 327/142/236 388/140/243 387/119/211
s 3
f 195/101/148 192/98/145 75/20/65
s 4
f 24/139/233 380/138/232 379/144/238
s 3
f 77/24/65 198/104/151 195/101/148
s 4
f 354/143/240 415/119/246 414/140/234
s 3
f 201/107/154 198/104/151 77/24/65
s 4
f 328/136/242 389/141/248 388/140/243
s 3
f 79/28/65 204/110/157 201/107/154
s 4
f 23/145/239 379/144/238 378/146/244
s 3
f 207/113/160 204/110/157 79/28/65
s 4
f 326/118/231 418/120/230 415/119/246
s 3
f 81/32/65 210/116/163 207/113/160
s 4
f 328/136/242 329/127/252 390/137/247
s 3
f 213/113/166 210/116/163 81/32/65
s 4
f 22/147/245 378/146/244 377/148/249
s 3
f 216/110/169 213/113/166 82/30/65
s 4
f 330/129/251 391/128/256 390/137/247
s 3
f 219/107/172 216/110/169 83/28/65
s 4
f 21/149/250 377/148/249 376/150/253
s 3
f 85/24/65 222/104/175 219/107/172
s 4
f 331/152/255 392/156/260 391/128/256
s 3
f 225/101/178 222/104/175 85/24/65
s 4
f 20/151/254 376/150/253 375/153/257
s 3
f 87/20/65 228/98/181 225/101/178
s 4
f 332/155/259 393/160/264 392/156/260
s 3
f 231/95/184 228/98/181 87/20/65
s 4
f 19/154/258 375/153/257 374/157/261
s 3
f 89/16/65 234/16/187 231/95/184
s 4
f 333/159/263 394/164/268 393/160/264
s 3
f 237/90/190 234/16/187 89/16/65
s 4
f 18/158/262 374/157/261 373/161/265
s 3
f 240/87/193 237/90/190 90/14/65
s 4
f 333/159/263 334/168/272 395/163/267
s 3
f 243/84/196 240/87/193 91/12/65
s 4
f 17/162/266 373/161/265 372/165/269
s 3
f 93/8/65 246/81/199 243/84/196
s 4
f 335/167/271 396/172/276 395/163/267
s 3
f 249/78/202 246/81/199 93/8/65
s 4
f 16/166/270 372/165/269 371/169/273
s 3
f 95/4/65 252/75/205 249/78/202
s 4
f 336/171/275 397/215/390 396/172/276
s 3
f 255/72/208 252/75/205 95/4/65
s 4
f 21/149/250 20/151/254 277/173/277
f 7/145/279 264/176/324 265/175/280
f 21/149/250 278/174/278 279/175/282
f 8/147/281 265/175/280 266/174/283
f 22/147/245 279/175/282 280/176/285
f 9/149/284 266/174/283 267/173/286
f 23/145/239 280/176/285 281/177/288
f 10/151/287 267/173/286 268/178/289
f 24/139/233 281/177/288 282/179/291
f 12/158/292 11/154/290 268/178/289
f 25/135/227 282/179/291 283/181/294
f 13/162/295 12/158/292 269/180/293
f 30/133/225 287/190/317 289/183/297
f 26/126/218 283/181/294 284/184/298
f 13/162/295 270/182/296 271/185/299
f 64/123/215 289/183/297 258/186/301
f 28/187/302 27/124/216 284/184/298
f 14/166/300 271/185/299 272/189/304
f 1/121/213 258/186/301 259/188/305
f 29/121/307 28/187/302 285/188/303
f 15/170/274 272/189/304 273/185/309
f 2/187/306 259/188/305 260/184/310
f 29/121/307 286/186/308 288/183/312
f 16/166/270 273/185/309 274/182/314
f 4/126/315 3/124/311 260/184/310
f 31/123/313 288/183/312 287/190/317
f 17/162/266 274/182/314 275/180/318
f 5/135/319 4/126/315 261/181/316
f 18/158/262 275/180/318 276/178/321
f 5/135/319 262/179/320 263/177/322
f 20/151/254 19/154/258 276/178/321
f 6/139/323 263/177/322 264/176/324
s 5
f 274/182/325 306/200/325 307/191/326
f 262/179/327 261/181/328 293/192/328
f 275/180/326 307/191/326 308/194/329
f 263/177/330 262/179/327 294/193/327
f 276/178/329 308/194/329 309/196/331
f 263/177/330 295/195/330 296/197/332
f 278/174/333 277/173/331 309/196/331
f 265/175/334 264/176/332 296/197/332
f 279/175/335 278/174/333 310/198/333
f 265/175/334 297/199/334 298/198/336
f 279/175/335 311/199/335 312/197/337
f 266/174/336 298/198/336 299/196/338
f 281/177/339 280/176/337 312/197/337
f 267/173/338 299/196/338 300/194/340
f 281/177/339 313/195/339 314/193/341
f 268/178/340 300/194/340 301/191/342
f 282/179/341 314/193/341 315/192/343
f 270/182/344 269/180/342 301/191/342
f 289/183/345 287/190/346 319/201/346
f 283/181/343 315/192/343 316/203/347
f 271/185/348 270/182/344 302/200/344
f 289/183/345 321/202/345 290/205/349
f 284/184/347 316/203/347 317/206/350
f 271/185/348 303/204/348 304/207/351
f 258/186/349 290/205/349 291/206/352
f 286/186/353 285/188/350 317/206/350
f 273/185/354 272/189/351 304/207/351
f 259/188/352 291/206/352 292/203/355
f 288/183/356 286/186/353 318/205/353
f 273/185/354 305/204/354 306/200/325
f 260/184/355 292/203/355 293/192/328
f 288/183/356 320/202/356 319/201/346
s 3
f 326/118/358 354/143/359 253/74/203
f 354/143/359 353/142/360 250/77/201
f 353/142/360 352/136/361 247/80/198
f 352/136/361 351/127/362 244/83/195
f 351/127/362 350/129/363 241/85/192
f 350/129/363 349/152/1179 238/88/189
f 238/88/189 349/152/1179 348/155/364
f 348/155/364 347/159/365 232/94/182
f 347/159/365 346/168/366 229/97/179
f 346/168/366 345/167/367 226/100/177
f 345/167/367 344/171/368 223/103/174
f 344/171/368 343/208/369 220/106/171
f 343/208/369 342/209/370 217/108/168
f 342/209/370 341/211/1180 214/111/165
f 214/111/165 341/211/1180 340/210/371
f 340/210/371 339/211/372 208/111/158
f 339/211/372 338/209/373 205/108/155
f 338/209/373 337/208/374 202/106/153
f 337/208/374 336/171/375 199/103/150
f 336/171/375 335/167/376 196/100/147
f 335/167/376 334/168/377 193/97/144
f 334/168/377 333/159/1181 190/94/141
f 190/94/141 333/159/1181 332/155/378
f 332/155/378 331/152/379 184/88/134
f 331/152/379 330/129/380 181/85/131
f 330/129/380 329/127/381 178/83/129
f 329/127/381 328/136/382 175/80/126
f 328/136/382 327/142/383 172/77/123
f 327/142/383 323/143/385 169/74/120
f 325/131/384 326/118/358 256/70/206
f 163/70/116 324/118/1182 325/131/384
f 323/143/385 324/118/1182 163/70/116
s 4
f 385/212/386 386/122/387 416/120/212
f 386/122/387 355/132/224 417/130/222
f 355/132/224 356/122/214 418/120/230
f 384/213/388 385/212/386 387/119/211
f 383/214/389 384/213/388 388/140/243
f 390/137/247 382/125/217 383/214/389
f 381/134/226 382/125/217 390/137/247
f 392/156/260 380/138/232 381/134/226
f 379/144/238 380/138/232 392/156/260
f 378/146/244 379/144/238 393/160/264
f 377/148/249 378/146/244 394/164/268
f 376/150/253 377/148/249 395/163/267
f 375/153/257 376/150/253 396/172/276
f 398/216/391 374/157/261 375/153/257
f 373/161/265 374/157/261 398/216/391
f 400/218/393 372/165/269 373/161/265
f 371/169/273 372/165/269 400/218/393
f 370/165/395 371/169/273 401/219/394
f 369/161/397 370/165/395 402/218/396
f 368/157/399 369/161/397 403/217/398
f 367/153/401 368/157/399 404/216/400
f 406/172/403 366/150/427 367/153/401
f 365/148/404 366/150/427 406/172/403
f 408/164/406 364/146/424 365/148/404
f 363/144/407 364/146/424 408/164/406
f 362/138/409 363/144/407 409/160/408
f 361/134/411 362/138/409 410/156/410
f 360/125/412 361/134/411 411/128/220
f 359/214/413 360/125/412 412/137/229
f 414/140/234 358/213/417 359/214/413
f 357/212/414 358/213/417 414/140/234
f 418/120/230 356/122/214 357/212/414
f 349/152/415 350/129/221 411/128/220
f 28/187/302 384/213/388 383/214/389
f 2/187/306 358/213/417 357/212/414
f 349/152/415 410/156/410 409/160/408
f 29/121/307 385/212/386 384/213/388
f 3/124/311 359/214/413 358/213/417
f 348/155/416 409/160/408 408/164/406
f 31/123/313 386/122/387 385/212/386
f 4/126/315 360/125/412 359/214/413
f 347/159/418 408/164/406 407/163/405
f 30/133/225 355/132/224 386/122/387
f 5/135/319 361/134/411 360/125/412
f 346/168/419 407/163/405 406/172/403
f 6/139/323 362/138/409 361/134/411
f 344/171/421 345/167/420 406/172/403
f 7/145/279 363/144/407 362/138/409
f 344/171/421 405/215/402 404/216/400
f 8/147/281 364/146/424 363/144/407
f 343/208/422 404/216/400 403/217/398
f 9/149/284 365/148/404 364/146/424
f 341/211/425 342/209/423 403/217/398
f 10/151/287 366/150/427 365/148/404
f 341/211/425 402/218/396 401/219/394
f 11/154/290 367/153/401 366/150/427
f 340/210/426 401/219/394 400/218/393
f 12/158/292 368/157/399 367/153/401
f 339/211/428 400/218/393 399/217/392
f 13/162/295 369/161/397 368/157/399
f 338/209/429 399/217/392 398/216/391
f 14/166/300 370/165/395 369/161/397
f 336/171/275 337/208/430 398/216/391
f 15/170/274 371/169/273 370/165/395
s 7
f 646/220/431 714/234/431 713/221/432
f 685/223/433 470/373/433 722/224/434
f 662/226/435 730/237/435 457/227/436
f 679/229/437 466/251/437 724/227/438
s 8
f 672/230/439 675/405/760 727/231/440
f 478/221/442 479/250/643 719/233/443
f 724/227/445 466/251/723 467/235/446
f 730/237/448 454/373/722 455/238/449
f 736/240/451 738/399/711 739/241/452
f 453/224/454 732/385/661 733/243/455
f 465/245/457 726/295/539 727/231/440
f 477/247/459 720/376/658 721/248/460
f 713/221/462 714/234/542 715/233/463
f 457/227/465 456/236/664 459/235/466
s 9
f 582/252/468 549/298/553 550/253/469
f 551/255/471 552/299/554 639/256/472
f 553/258/474 554/300/555 635/259/475
f 555/261/477 556/278/798 631/262/478
f 629/264/480 557/301/556 558/265/481
f 559/267/483 560/302/557 623/268/484
f 561/270/486 562/303/558 619/271/487
f 563/273/489 564/277/789 615/274/490
f 613/276/492 565/304/559 566/277/493
f 567/273/495 568/303/560 607/271/496
f 569/270/498 570/302/561 603/268/499
f 571/267/501 572/265/780 599/266/502
f 597/264/504 573/301/562 574/278/505
f 575/261/507 576/300/563 591/259/508
f 577/258/510 578/299/564 587/256/511
f 579/255/513 548/253/771 581/254/514
s 7
f 705/279/516 482/399/516 717/280/517
s 8
f 657/282/518 659/403/759 452/244/456
f 648/283/519 712/250/464 715/233/463
f 690/285/521 693/289/767 721/248/460
f 689/282/523 690/285/521 475/286/522
f 665/287/525 456/236/664 731/239/450
f 654/285/527 708/286/552 711/248/528
f 681/287/530 725/236/447 467/235/446
s 7
f 652/291/532 710/376/532 709/292/533
f 668/294/534 728/245/534 461/295/535
s 8
f 722/224/536 470/373/673 471/238/537
f 726/295/539 462/391/670 463/232/441
f 713/221/462 712/250/464 735/249/540
f 714/234/542 736/240/451 737/242/453
f 461/295/543 728/245/714 729/246/544
f 724/227/445 725/236/447 468/239/546
f 717/280/548 482/399/680 483/241/549
f 709/292/551 710/376/716 711/248/528
s 9
f 581/254/514 548/253/771 549/298/553
f 550/253/469 551/255/471 641/257/473
f 552/299/554 553/258/474 637/260/476
f 554/300/555 555/261/477 633/263/479
f 631/262/478 556/278/798 557/301/556
f 558/265/481 559/267/483 625/269/485
f 560/302/557 561/270/486 621/272/488
f 562/303/558 563/273/489 617/275/491
f 615/274/490 564/277/789 565/304/559
f 566/277/493 567/273/495 609/275/497
f 568/303/560 569/270/498 605/272/500
f 570/302/561 571/267/501 601/269/503
f 599/266/502 572/265/780 573/301/562
f 574/278/505 575/261/507 593/263/509
f 576/300/563 577/258/510 589/260/512
f 578/299/564 579/255/513 585/257/515
f 484/305/565 485/408/725 546/306/566
f 581/254/514 580/407/724 584/308/568
f 545/309/569 544/409/726 542/310/570
f 587/256/511 586/410/727 588/312/572
f 541/313/573 540/411/728 538/314/574
f 591/259/508 590/412/729 592/316/576
f 537/317/577 536/413/730 534/318/578
f 595/262/506 594/414/731 596/320/580
f 533/321/581 532/415/732 530/322/582
f 599/266/502 598/416/733 600/324/584
f 529/325/585 528/417/734 526/326/586
f 603/268/499 602/418/735 604/328/588
f 525/329/589 524/419/736 522/330/590
f 607/271/496 606/420/737 608/332/592
f 521/333/593 520/421/738 518/334/594
f 611/274/494 610/422/739 612/336/596
f 517/337/597 516/423/740 514/338/598
f 615/274/490 614/422/741 616/332/600
f 513/340/601 512/424/742 510/341/602
f 619/271/487 618/420/743 620/328/604
f 509/343/605 508/425/744 506/344/606
f 623/268/484 622/418/745 624/324/608
f 505/346/609 504/426/746 502/347/610
f 627/266/482 626/416/747 628/320/612
f 501/349/613 500/427/748 498/350/614
f 631/262/478 630/414/749 632/316/616
f 497/352/617 496/428/750 494/353/618
f 635/259/475 634/412/751 636/312/620
f 493/355/621 492/429/752 490/356/622
f 639/256/472 638/410/753 640/308/624
f 489/358/625 488/430/754 486/359/626
f 643/254/470 642/407/755 583/361/628
s 10
f 451/362/629 420/366/633 857/363/630
s 8
f 651/365/632 653/289/529 711/248/528
s 10
f 420/366/633 421/362/637 855/364/634
s 8
f 706/367/635 716/297/550 483/241/549
s 10
f 421/362/637 422/689/1091 845/369/638
s 8
f 683/288/639 684/404/704 471/238/537
s 10
f 845/369/638 422/689/1091 423/370/640
s 8
f 699/284/642 719/233/443 479/250/643
s 10
f 423/370/640 424/374/647 854/372/645
s 7
f 682/226/646 469/237/646 470/373/433
s 10
f 424/374/647 425/377/651 844/375/648
s 7
f 691/293/649 474/292/649 720/376/650
s 10
f 425/377/651 426/687/1075 859/378/652
s 7
f 688/379/653 473/385/653 474/292/649
s 10
f 859/378/652 426/687/1075 427/380/654
s 8
f 696/283/644 479/250/643 476/249/461
s 10
f 427/380/654 428/383/659 843/382/657
s 8
f 720/376/658 474/292/676 475/286/522
s 10
f 428/383/659 429/386/662 860/384/660
s 8
f 732/385/661 709/292/551 708/286/552
s 10
f 429/386/662 430/677/1064 852/387/663
s 8
f 457/227/465 730/237/448 731/239/450
s 10
f 852/387/663 430/677/1064 431/388/665
s 8
f 718/234/444 719/233/443 480/242/667
s 10
f 431/388/665 432/392/671 861/390/669
s 8
f 462/391/670 461/295/543 460/231/545
s 10
f 432/392/671 433/394/674 851/393/672
s 8
f 469/237/547 468/239/546 471/238/537
s 10
f 433/394/674 434/680/1082 841/395/675
s 8
f 474/292/676 473/385/719 472/243/524
s 10
f 841/395/675 434/680/1082 435/396/677
s 8
f 478/221/442 477/247/459 476/249/461
s 10
f 435/396/677 436/400/681 850/398/679
s 8
f 482/399/680 481/240/668 480/242/667
s 10
f 436/400/681 437/396/684 840/397/682
s 7
f 679/229/437 676/294/683 465/245/683
s 10
f 437/396/684 438/680/1067 863/395/685
s 7
f 698/220/686 718/234/686 481/240/687
s 10
f 863/395/685 438/680/1067 439/394/688
s 8
f 706/367/635 703/368/766 739/241/452
s 10
f 439/394/688 440/392/692 839/390/690
s 7
f 707/281/517 717/280/517 738/399/691
s 10
f 440/392/692 441/388/695 864/389/693
s 7
f 650/402/694 734/247/694 710/376/532
s 10
f 441/388/695 442/677/1088 848/387/696
s 7
f 698/220/686 697/222/697 478/221/697
s 10
f 848/387/696 442/677/1088 443/386/698
s 7
f 656/379/700 732/385/700 453/224/701
s 10
f 443/386/698 444/383/705 865/382/702
s 8
f 687/403/703 723/244/538 471/238/537
s 10
f 444/383/705 445/380/709 847/381/706
s 8
f 671/405/707 460/231/545 729/246/544
s 10
f 445/380/709 446/687/1074 837/378/710
s 8
f 738/399/711 717/280/548 716/297/550
s 10
f 837/378/710 446/687/1074 447/377/712
s 8
f 458/251/467 459/235/466 729/246/544
s 10
f 447/377/712 448/374/717 856/372/715
s 8
f 734/247/541 735/249/540 711/248/528
s 10
f 448/374/717 449/370/720 846/371/718
s 8
f 473/385/719 722/224/536 723/244/538
s 10
f 449/370/720 450/689/1097 836/369/721
s 8
f 454/373/722 453/224/454 452/244/456
s 10
f 836/369/721 450/689/1097 451/362/629
s 8
f 466/251/723 465/245/457 464/246/458
s 9
f 547/307/567 546/306/566 580/407/724
f 547/307/567 581/254/514 582/252/468
f 484/305/565 582/252/468 583/361/628
f 546/306/566 485/408/725 583/361/628
f 545/309/569 585/257/515 584/308/568
f 543/311/571 542/310/570 586/410/727
f 543/311/571 587/256/511 585/257/515
f 544/409/726 584/308/568 586/410/727
f 541/313/573 589/260/512 588/312/572
f 539/315/575 538/314/574 590/412/729
f 539/315/575 591/259/508 589/260/512
f 540/411/728 588/312/572 590/412/729
f 537/317/577 593/263/509 592/316/576
f 535/319/579 534/318/578 594/414/731
f 535/319/579 595/262/506 593/263/509
f 534/318/578 536/413/730 592/316/576
f 533/321/581 597/264/504 596/320/580
f 531/323/583 530/322/582 598/416/733
f 533/321/581 531/323/583 599/266/502
f 530/322/582 532/415/732 596/320/580
f 529/325/585 601/269/503 600/324/584
f 527/327/587 526/326/586 602/418/735
f 527/327/587 603/268/499 601/269/503
f 528/417/734 600/324/584 602/418/735
f 525/329/589 605/272/500 604/328/588
f 523/331/591 522/330/590 606/420/737
f 523/331/591 607/271/496 605/272/500
f 524/419/736 604/328/588 606/420/737
f 521/333/593 609/275/497 608/332/592
f 519/335/595 518/334/594 610/422/739
f 519/335/595 611/274/494 609/275/497
f 518/334/594 520/421/738 608/332/592
f 517/337/597 613/276/492 612/336/596
f 515/339/599 514/338/598 614/422/741
f 517/337/597 515/339/599 615/274/490
f 514/338/598 516/423/740 612/336/596
f 513/340/601 617/275/491 616/332/600
f 511/342/603 510/341/602 618/420/743
f 511/342/603 619/271/487 617/275/491
f 512/424/742 616/332/600 618/420/743
f 509/343/605 621/272/488 620/328/604
f 507/345/607 506/344/606 622/418/745
f 507/345/607 623/268/484 621/272/488
f 508/425/744 620/328/604 622/418/745
f 505/346/609 625/269/485 624/324/608
f 503/348/611 502/347/610 626/416/747
f 503/348/611 627/266/482 625/269/485
f 502/347/610 504/426/746 624/324/608
f 501/349/613 629/264/480 628/320/612
f 499/351/615 498/350/614 630/414/749
f 501/349/613 499/351/615 631/262/478
f 498/350/614 500/427/748 628/320/612
f 497/352/617 633/263/479 632/316/616
f 495/354/619 494/353/618 634/412/751
f 495/354/619 635/259/475 633/263/479
f 496/428/750 632/316/616 634/412/751
f 493/355/621 637/260/476 636/312/620
f 491/357/623 490/356/622 638/410/753
f 491/357/623 639/256/472 637/260/476
f 492/429/752 636/312/620 638/410/753
f 489/358/625 641/257/473 640/308/624
f 487/360/627 486/359/626 642/407/755
f 487/360/627 643/254/470 641/257/473
f 486/359/626 488/430/754 640/308/624
s 7
f 673/431/756 462/391/756 726/295/757
f 694/402/758 477/247/758 478/221/697
s 8
f 659/403/759 660/404/765 455/238/449
f 675/405/760 677/406/770 464/246/458
f 666/290/761 669/406/708 729/246/544
s 7
f 667/229/762 458/251/762 728/245/534
s 8
f 704/368/636 483/241/549 480/242/667
s 7
f 658/225/701 453/224/701 454/373/764
f 674/296/757 726/295/757 465/245/683
s 8
f 663/288/526 731/239/450 455/238/449
f 683/288/639 468/239/546 725/236/447
s 7
f 662/226/435 661/223/764 454/373/764
f 700/401/687 481/240/687 482/399/516
s 8
f 666/290/761 459/235/466 456/236/664
f 657/282/518 733/243/455 708/286/552
s 7
f 682/226/646 680/228/438 724/227/438
f 655/293/533 709/292/533 732/385/700
f 667/229/762 664/228/436 457/227/436
s 8
f 689/282/523 472/243/524 723/244/538
f 651/365/632 735/249/540 712/250/464
s 7
f 650/402/694 649/222/432 713/221/432
s 8
f 672/230/439 463/232/441 460/231/545
s 7
f 686/225/434 722/224/434 473/385/653
s 8
f 703/368/766 645/432/769 737/242/453
f 695/365/656 476/249/461 721/248/460
s 7
f 670/296/535 461/295/535 462/391/756
f 702/279/691 738/399/691 736/240/768
f 694/402/758 692/291/650 720/376/650
s 8
f 647/284/520 715/233/463 737/242/453
f 678/290/531 467/235/446 464/246/458
f 699/284/642 701/432/763 480/242/667
s 7
f 646/220/431 644/401/768 736/240/768
s 9
f 584/308/568 580/407/724 702/279/771
f 646/220/564 586/410/727 584/308/568
s 11
f 645/432/772 703/368/773 741/433/773
f 742/435/774 647/284/774 645/432/772
s 9
f 588/312/572 586/410/727 646/220/564
s 11
f 648/283/775 647/284/774 742/435/774
s 9
f 590/412/729 588/312/572 649/222/510
s 11
f 651/365/776 648/283/775 743/436/775
s 9
f 592/316/576 590/412/729 650/402/563
s 11
f 653/289/777 651/365/776 744/437/776
s 9
f 594/414/731 592/316/576 652/291/507
s 11
f 654/285/778 653/289/777 745/438/777
s 9
f 596/320/580 594/414/731 655/293/505
s 11
f 657/282/779 654/285/778 746/439/778
s 9
f 598/416/733 596/320/580 656/379/562
s 11
f 659/403/781 657/282/779 747/440/779
s 9
f 600/324/584 598/416/733 658/225/780
s 11
f 660/404/782 659/403/781 748/441/781
s 9
f 662/226/561 602/418/735 600/324/584
s 11
f 750/443/783 663/288/783 660/404/782
s 9
f 604/328/588 602/418/735 662/226/561
s 11
f 665/287/784 663/288/783 750/443/783
s 9
f 606/420/737 604/328/588 664/228/498
s 11
f 666/290/785 665/287/784 751/444/784
s 9
f 608/332/592 606/420/737 667/229/560
s 11
f 669/406/786 666/290/785 752/445/785
s 9
f 610/422/739 608/332/592 668/294/495
s 11
f 671/405/787 669/406/786 753/446/786
s 9
f 612/336/596 610/422/739 670/296/493
s 11
f 672/230/788 671/405/787 754/447/787
s 9
f 614/422/741 612/336/596 673/431/559
s 11
f 675/405/790 672/230/788 755/448/788
s 9
f 616/332/600 614/422/741 674/296/789
s 11
f 677/406/791 675/405/790 756/447/790
s 9
f 679/229/558 618/420/743 616/332/600
s 11
f 758/445/792 678/290/792 677/406/791
s 9
f 620/328/604 618/420/743 679/229/558
s 11
f 681/287/793 678/290/792 758/445/792
s 9
f 622/418/745 620/328/604 680/228/486
s 11
f 683/288/794 681/287/793 759/444/793
s 9
f 624/324/608 622/418/745 682/226/557
s 11
f 684/404/795 683/288/794 760/443/794
s 9
f 626/416/747 624/324/608 685/223/483
s 11
f 687/403/796 684/404/795 761/442/795
s 9
f 628/320/612 626/416/747 686/225/481
s 11
f 689/282/797 687/403/796 762/441/796
s 9
f 630/414/749 628/320/612 688/379/556
s 11
f 690/285/799 689/282/797 763/440/797
s 9
f 632/316/616 630/414/749 691/293/798
s 11
f 693/289/800 690/285/799 764/439/799
s 9
f 694/402/555 634/412/751 632/316/616
s 11
f 766/437/801 695/365/801 693/289/800
s 9
f 636/312/620 634/412/751 694/402/555
s 11
f 696/283/802 695/365/801 766/437/801
s 9
f 638/410/753 636/312/620 697/222/474
s 11
f 699/284/803 696/283/802 767/436/802
s 9
f 640/308/624 638/410/753 698/220/554
s 11
f 701/432/804 699/284/803 768/435/803
s 9
f 642/407/755 640/308/624 700/401/471
s 11
f 704/368/805 701/432/804 769/434/804
f 703/368/773 706/367/806 771/449/806
s 9
f 580/407/724 583/361/628 707/281/553
f 583/361/628 642/407/755 705/279/469
s 11
f 706/367/806 704/368/805 770/433/805
s 12
f 749/442/65 814/471/65 815/450/65
f 751/444/65 750/443/65 815/450/65
f 751/444/65 816/453/65 817/456/65
f 752/445/65 817/456/65 818/459/65
f 753/446/65 818/459/65 819/462/65
f 754/447/65 819/462/65 820/465/65
f 755/448/65 820/465/65 821/462/65
f 756/447/65 821/462/65 822/459/65
f 757/446/65 822/459/65 823/456/65
f 759/444/65 758/445/65 823/456/65
f 759/444/65 824/453/65 825/450/65
f 760/443/65 825/450/65 826/471/65
f 761/442/65 826/471/65 827/472/65
f 762/441/65 827/472/65 828/440/65
s 14
f 805/473/807 835/474/808 773/460/808
f 804/474/809 805/473/807 772/461/807
f 835/474/808 834/475/810 774/467/810
f 834/475/810 833/476/811 775/470/811
f 833/476/811 832/482/812 776/466/812
f 776/466/812 832/482/812 831/477/813
f 831/477/813 830/478/814 778/458/814
f 830/478/814 829/480/815 779/479/815
f 829/480/815 828/440/816 780/451/816
f 828/440/816 827/472/817 781/452/817
f 827/472/817 826/471/818 782/463/818
f 826/471/818 825/450/819 783/468/819
f 825/450/819 824/453/820 784/469/820
f 784/469/820 824/453/820 823/456/821
f 823/456/821 822/459/822 786/454/822
f 822/459/822 821/462/823 787/455/823
f 821/462/823 820/465/824 788/481/824
f 820/465/824 819/462/825 789/455/825
f 819/462/825 818/459/826 790/454/826
f 818/459/826 817/456/827 791/464/827
f 817/456/827 816/453/828 792/469/828
f 792/469/828 816/453/828 815/450/829
f 815/450/829 814/471/830 794/463/830
f 814/471/830 813/472/831 795/452/831
f 813/472/831 812/440/832 796/451/832
f 812/440/832 811/480/833 797/479/833
f 811/480/833 810/478/834 798/458/834
f 810/478/834 809/477/835 799/457/835
f 809/477/835 808/482/836 800/466/836
f 800/466/836 808/482/836 807/476/837
f 807/476/837 806/475/838 802/467/838
f 806/475/838 804/474/809 803/460/809
s 12
f 748/441/65 813/472/65 814/471/65
f 747/440/65 812/440/65 813/472/65
f 746/439/65 811/480/65 812/440/65
f 745/438/65 810/478/65 811/480/65
f 770/433/65 835/474/65 805/473/65
f 744/437/65 809/477/65 810/478/65
f 771/449/65 805/473/65 804/474/65
f 743/436/65 808/482/65 809/477/65
f 769/434/65 834/475/65 835/474/65
f 743/436/65 742/435/65 807/476/65
f 768/435/65 833/476/65 834/475/65
f 740/434/65 806/475/65 807/476/65
f 767/436/65 832/482/65 833/476/65
f 741/433/65 804/474/65 806/475/65
f 767/436/65 766/437/65 831/477/65
f 765/438/65 830/478/65 831/477/65
f 764/439/65 829/480/65 830/478/65
f 763/440/65 828/440/65 829/480/65
s 10
f 836/369/721 867/364/631 548/253/839
f 578/299/841 846/371/718 836/369/721
f 856/372/715 846/371/718 578/299/841
f 576/300/843 866/375/713 856/372/715
f 837/378/710 866/375/713 576/300/843
f 574/278/845 847/381/706 837/378/710
f 865/382/702 847/381/706 574/278/845
f 838/384/699 865/382/702 573/301/846
f 848/387/696 838/384/699 572/265/847
f 570/302/849 864/389/693 848/387/696
f 839/390/690 864/389/693 570/302/849
f 568/303/851 849/393/689 839/390/690
f 863/395/685 849/393/689 568/303/851
f 566/277/853 840/397/682 863/395/685
f 850/398/679 840/397/682 566/277/853
f 862/397/678 850/398/679 565/304/854
f 841/395/675 862/397/678 564/277/855
f 562/303/857 851/393/672 841/395/675
f 861/390/669 851/393/672 562/303/857
f 560/302/859 842/389/666 861/390/669
f 852/387/663 842/389/666 560/302/859
f 558/265/861 860/384/660 852/387/663
f 843/382/657 860/384/660 558/265/861
f 853/381/655 843/382/657 557/301/862
f 859/378/652 853/381/655 556/278/863
f 554/300/865 844/375/648 859/378/652
f 854/372/645 844/375/648 554/300/865
f 552/299/867 858/371/641 854/372/645
f 845/369/638 858/371/641 552/299/867
f 550/253/869 855/364/634 845/369/638
f 857/363/630 855/364/634 550/253/869
f 867/364/631 857/363/630 549/298/870
s 15
f 873/483/871 875/486/872 882/484/872
f 875/486/872 874/488/873 883/487/873
f 874/488/873 872/490/874 881/489/874
f 885/485/875 887/484/876 878/486/876
f 887/484/876 886/487/877 879/488/877
f 886/487/877 884/489/878 877/490/878
f 893/491/874 895/494/873 890/492/873
f 895/494/873 894/496/872 891/495/872
f 894/496/872 892/498/871 889/497/871
f 901/493/878 903/492/877 898/494/877
f 903/492/877 902/495/876 899/496/876
f 902/495/876 900/497/875 897/498/875
f 880/485/871 889/497/871 892/498/871
f 877/490/878 884/489/878 881/489/874
f 876/483/875 897/498/875 900/497/875
f 888/493/874 870/493/65 871/491/65
f 896/491/878 868/491/65 869/493/65
s 16
f 918/499/879 911/503/879 909/500/880
f 919/502/881 910/505/881 911/503/879
f 917/504/882 908/506/882 910/505/881
f 914/503/883 923/499/883 921/501/884
f 915/505/885 922/502/885 923/499/883
f 913/506/886 920/504/886 922/502/885
f 926/507/881 931/511/881 929/508/882
f 927/510/879 930/513/879 931/511/881
f 925/512/880 928/514/880 930/513/879
f 934/511/885 939/507/885 937/509/886
f 935/513/883 938/510/883 939/507/885
f 933/514/884 936/512/884 938/510/883
f 928/514/880 925/512/880 916/501/880
f 917/504/882 920/504/886 913/506/886
f 936/512/884 933/514/884 912/500/884
f 907/508/357 906/509/357 924/509/882
f 905/509/357 904/508/357 932/508/886
s 17
f 868/491/887 904/508/887 905/509/887
s 18
f 870/493/888 906/509/888 907/508/888
s 19
f 880/485/889 882/484/889 918/499/889
s 20
f 873/483/890 909/500/890 911/503/890
s 19
f 882/484/889 883/487/889 919/502/889
s 20
f 875/486/890 911/503/890 910/505/890
s 19
f 881/489/889 917/504/889 919/502/889
s 20
f 872/490/890 874/488/890 910/505/890
f 876/483/890 878/486/890 914/503/890
s 19
f 885/485/889 921/501/889 923/499/889
s 20
f 878/486/890 879/488/890 915/505/890
s 19
f 887/484/889 923/499/889 922/502/889
s 20
f 877/490/890 913/506/890 915/505/890
s 19
f 884/489/889 886/487/889 922/502/889
f 890/492/889 926/507/889 924/509/889
s 20
f 895/494/890 893/491/890 929/508/890
s 19
f 891/495/889 927/510/889 926/507/889
s 20
f 894/496/890 895/494/890 931/511/890
s 19
f 891/495/889 889/497/889 925/512/889
s 20
f 894/496/890 930/513/890 928/514/890
f 898/494/890 934/511/890 932/508/890
s 19
f 903/492/889 901/493/889 937/509/889
s 20
f 899/496/890 935/513/890 934/511/890
s 19
f 902/495/889 903/492/889 939/507/889
s 20
f 899/496/890 897/498/890 933/514/890
s 19
f 902/495/889 938/510/889 936/512/889
s 20
f 892/498/890 928/514/890 909/500/890
s 19
f 889/497/889 880/485/889 916/501/889
s 20
f 877/490/890 872/490/890 908/506/890
s 19
f 881/489/889 884/489/889 920/504/889
f 900/497/889 936/512/889 921/501/889
s 20
f 897/498/890 876/483/890 912/500/890
f 893/491/890 871/491/890 907/508/890
s 19
f 888/493/889 924/509/889 906/509/889
f 901/493/889 869/493/889 905/509/889
s 20
f 896/491/890 932/508/890 904/508/890
s 21
f 952/515/891 945/541/891 947/516/892
f 947/516/892 946/580/893 955/518/893
f 955/518/893 946/580/893 944/519/894
f 957/521/895 959/581/896 950/522/896
f 950/522/896 959/581/896 958/524/897
f 958/524/897 956/582/898 949/526/898
f 960/527/899 965/543/899 967/528/900
f 962/529/901 967/528/900 966/530/902
f 963/531/903 966/530/902 964/532/891
f 973/534/904 975/537/906 970/535/905
f 975/537/906 974/539/908 971/538/907
f 974/539/908 972/542/895 969/540/895
f 952/515/891 961/533/891 964/532/891
f 949/526/898 956/582/898 953/520/894
f 957/521/895 948/523/895 969/540/895
f 965/543/899 960/527/899 942/544/909
f 968/536/904 940/578/910 941/546/910
s 22
f 990/547/911 983/551/911 981/548/912
f 991/550/913 982/553/913 983/551/911
f 991/550/913 989/575/914 980/552/914
f 986/554/915 995/558/915 993/555/916
f 986/554/915 987/560/917 994/557/917
f 985/559/918 992/583/918 994/557/917
f 996/561/919 998/564/922 1003/562/920
f 998/564/922 999/567/924 1002/565/923
f 997/566/912 1000/584/912 1002/565/923
f 1006/568/925 1011/572/929 1009/569/926
f 1007/571/928 1010/574/930 1011/572/929
f 1007/571/928 1005/585/916 1008/573/916
f 981/548/912 1000/584/912 997/566/912
f 989/575/914 992/583/918 985/559/918
f 1008/573/916 1005/585/916 984/556/916
f 1001/563/921 979/579/931 978/576/931
f 977/577/932 976/586/932 1004/570/927
s 23
f 940/578/933 976/586/933 977/577/933
s 24
f 943/545/934 942/544/934 978/576/934
s 25
f 952/515/935 954/517/935 990/547/935
s 26
f 945/541/936 981/548/936 983/551/936
s 25
f 955/518/935 991/550/937 990/547/935
s 26
f 947/516/936 983/551/936 982/553/936
s 25
f 953/520/937 989/575/937 991/550/937
s 26
f 944/519/936 946/580/936 982/553/936
f 948/523/936 950/522/936 986/554/936
s 25
f 957/521/935 993/555/935 995/558/935
s 26
f 950/522/936 951/525/936 987/560/936
s 25
f 958/524/937 959/581/935 995/558/935
s 26
f 949/526/936 985/559/936 987/560/936
s 25
f 956/582/937 958/524/937 994/557/937
f 962/529/938 998/564/945 996/561/939
s 26
f 967/528/941 965/543/960 1001/563/942
s 25
f 963/531/944 999/567/948 998/564/945
s 26
f 966/530/946 967/528/941 1003/562/943
s 25
f 963/531/944 961/533/935 997/566/935
s 26
f 966/530/946 1002/565/947 1000/584/936
f 970/535/949 1006/568/956 1004/570/950
s 25
f 975/537/952 973/534/963 1009/569/953
s 26
f 971/538/955 1007/571/959 1006/568/956
s 25
f 974/539/957 975/537/952 1011/572/954
s 26
f 971/538/955 969/540/936 1005/585/936
s 25
f 974/539/957 1010/574/958 1008/573/935
s 26
f 964/532/936 1000/584/936 981/548/936
s 25
f 961/533/935 952/515/935 988/549/935
s 26
f 944/519/936 980/552/936 985/559/936
s 25
f 956/582/937 992/583/935 989/575/937
f 972/542/935 1008/573/935 993/555/935
s 26
f 969/540/936 948/523/936 984/556/936
f 965/543/960 943/545/961 979/579/961
s 25
f 960/527/940 996/561/939 978/576/962
f 973/534/963 941/546/964 977/577/964
s 26
f 968/536/951 1004/570/950 976/586/965
s 27
f 1024/515/967 1026/517/968 1019/516/968
f 1027/518/969 1018/580/969 1019/516/968
f 1027/518/969 1025/520/970 1016/519/970
f 1022/522/971 1031/581/971 1029/521/972
f 1022/522/971 1023/525/973 1030/524/973
f 1021/526/974 1028/582/974 1030/524/973
f 1032/527/975 1034/529/977 1039/528/976
f 1034/529/977 1035/531/979 1038/530/978
f 1035/531/979 1033/533/967 1036/532/967
f 1042/535/980 1047/537/984 1045/534/981
f 1043/538/983 1046/539/985 1047/537/984
f 1041/540/972 1044/542/972 1046/539/985
f 1036/532/967 1033/533/967 1024/515/967
f 1025/520/970 1028/582/974 1021/526/974
f 1029/521/972 1044/542/972 1041/540/972
f 1037/543/975 1015/545/986 1014/544/986
f 1013/546/987 1012/578/987 1040/536/982
s 28
f 1060/549/988 1053/548/988 1055/551/989
f 1055/551/989 1054/553/990 1063/550/990
f 1063/550/990 1054/553/990 1052/552/991
f 1065/555/992 1067/558/993 1058/554/993
f 1058/554/993 1067/558/993 1066/557/994
f 1066/557/994 1064/583/995 1057/559/995
f 1068/561/996 1073/563/1006 1075/562/997
f 1070/564/998 1075/562/997 1074/565/999
f 1074/565/999 1072/584/988 1069/566/988
f 1081/569/1001 1083/572/1004 1078/568/1002
f 1083/572/1004 1082/574/1183 1079/571/1005
f 1079/571/1005 1082/574/1183 1080/573/992
f 1053/548/988 1060/549/988 1069/566/988
f 1057/559/995 1064/583/995 1061/575/991
f 1056/556/992 1077/585/992 1080/573/992
f 1073/563/1006 1068/561/996 1050/576/1007
f 1076/570/1003 1048/586/1008 1049/577/1008
s 29
f 1049/577/1009 1048/586/1009 1012/578/1009
s 30
f 1015/545/1010 1051/579/1010 1050/576/1010
s 31
f 1024/515/1011 1060/549/1011 1062/547/1011
s 32
f 1055/551/1012 1053/548/1013 1017/541/1013
s 31
f 1062/547/1011 1063/550/1014 1027/518/1011
s 32
f 1054/553/1013 1055/551/1012 1019/516/1013
s 31
f 1063/550/1014 1061/575/1014 1025/520/1014
s 32
f 1016/519/1013 1052/552/1013 1054/553/1013
f 1020/523/1013 1056/556/1013 1058/554/1013
s 31
f 1067/558/1011 1065/555/1011 1029/521/1011
s 32
f 1022/522/1013 1058/554/1013 1059/560/1013
s 31
f 1030/524/1014 1066/557/1014 1067/558/1011
s 32
f 1059/560/1013 1057/559/1013 1021/526/1013
s 31
f 1028/582/1011 1064/583/1011 1066/557/1014
f 1068/561/1015 1070/564/1021 1034/529/1016
s 32
f 1039/528/1018 1075/562/1024 1073/563/1019
s 31
f 1070/564/1021 1071/567/1184 1035/531/1022
s 32
f 1038/530/1023 1074/565/1185 1075/562/1024
s 31
f 1035/531/1022 1071/567/1184 1069/566/1011
s 32
f 1072/584/1013 1074/565/1185 1038/530/1023
f 1076/570/1025 1078/568/1031 1042/535/1026
s 31
f 1047/537/1028 1083/572/1034 1081/569/1029
s 32
f 1078/568/1031 1079/571/1186 1043/538/1032
s 31
f 1046/539/1033 1082/574/1187 1083/572/1034
s 32
f 1043/538/1032 1079/571/1186 1077/585/1013
s 31
f 1080/573/1011 1082/574/1187 1046/539/1033
s 32
f 1053/548/1013 1072/584/1013 1036/532/1013
s 31
f 1033/533/1011 1069/566/1011 1060/549/1011
s 32
f 1057/559/1013 1052/552/1013 1016/519/1013
s 31
f 1061/575/1014 1064/583/1011 1028/582/1011
f 1065/555/1011 1080/573/1011 1044/542/1011
s 32
f 1041/540/1013 1077/585/1013 1056/556/1013
f 1037/543/1020 1073/563/1019 1051/579/1035
s 31
f 1050/576/1036 1068/561/1015 1032/527/1017
f 1045/534/1030 1081/569/1029 1049/577/1037
s 32
f 1048/586/1038 1076/570/1025 1040/536/1027
s 0
f 1087/587/1039 1086/591/1039 1084/588/1039
f 1089/590/887 1088/593/887 1086/591/887
f 1091/592/1040 1090/594/1040 1088/593/1040
f 1093/592/890 1092/594/890 1090/594/890
f 1095/590/1041 1094/593/1041 1092/594/1041
f 1097/587/888 1096/591/888 1094/593/888
f 1099/589/1042 1098/588/1042 1096/591/1042
f 1099/589/889 1085/589/889 1084/588/889
f 1101/588/1042 1103/591/1042 1104/587/1042
f 1103/591/888 1105/593/888 1106/590/888
f 1105/593/1041 1107/594/1041 1108/592/1041
f 1107/594/890 1109/594/890 1110/592/890
f 1109/594/1040 1111/593/1040 1112/590/1040
f 1111/593/887 1113/591/887 1114/587/887
f 1113/591/1039 1115/588/1039 1116/589/1039
f 1101/588/889 1102/589/889 1116/589/889
f 1118/596/1040 1120/599/1040 1121/597/1040
f 1120/599/887 1122/601/887 1123/600/887
f 1122/601/1039 1124/603/1039 1125/602/1039
f 1124/603/889 1126/603/889 1127/602/889
f 1126/603/1042 1128/601/1042 1129/600/1042
f 1128/601/888 1130/599/888 1131/597/888
f 1130/599/1041 1132/596/1041 1133/598/1041
f 1118/596/890 1119/598/890 1133/598/890
f 1138/597/1041 1137/599/1041 1135/596/1041
f 1140/600/888 1139/601/888 1137/599/888
f 1142/602/1042 1141/603/1042 1139/601/1042
f 1144/602/889 1143/603/889 1141/603/889
f 1146/600/1039 1145/601/1039 1143/603/1039
f 1148/597/887 1147/599/887 1145/601/887
f 1150/598/1040 1149/596/1040 1147/599/1040
f 1150/598/890 1136/598/890 1135/596/890
f 1155/605/1043 1154/609/1043 1152/606/1043
f 1157/608/1044 1156/611/1044 1154/609/1044
f 1157/608/1045 1159/612/1045 1158/610/1045
f 1159/612/357 1161/615/357 1160/613/357
f 1163/614/1046 1162/617/1046 1160/613/1046
f 1165/616/1047 1164/619/1047 1162/617/1047
f 1165/616/1048 1167/668/1048 1166/618/1048
f 1166/618/65 1167/668/65 1153/607/65
f 1168/623/1050 1170/624/1050 1171/621/1050
f 1170/624/1051 1172/670/1051 1173/625/1051
f 1173/625/1052 1172/670/1052 1174/626/1052
f 1175/627/357 1174/626/357 1176/628/357
f 1176/628/1053 1178/631/1053 1179/630/1053
f 1178/631/1054 1180/671/1054 1181/632/1054
f 1181/632/1055 1180/671/1055 1182/633/1055
f 1182/633/65 1168/623/65 1169/620/65
f 1184/638/1045 1186/639/1045 1187/636/1045
f 1186/639/1044 1188/672/1044 1189/640/1044
f 1189/640/1043 1188/672/1043 1190/641/1043
f 1191/642/65 1190/641/65 1192/643/65
f 1192/643/1048 1194/646/1048 1195/645/1048
f 1194/646/1047 1196/648/1047 1197/647/1047
f 1196/648/1046 1198/653/1046 1199/649/1046
f 1198/653/357 1184/638/357 1185/635/357
f 1203/654/1052 1202/657/1052 1200/655/1052
f 1205/656/1051 1204/659/1051 1202/657/1051
f 1205/656/1050 1207/660/1050 1206/658/1050
f 1207/660/65 1209/662/65 1208/661/65
f 1209/662/1055 1211/665/1055 1210/663/1055
f 1213/664/1054 1212/666/1054 1210/663/1054
f 1215/651/1053 1214/667/1053 1212/666/1053
f 1214/667/357 1215/651/357 1201/650/357
f 1220/606/1055 1222/609/1055 1223/605/1055
f 1222/609/1054 1224/611/1054 1225/608/1054
f 1225/608/1053 1224/611/1053 1226/610/1053
f 1227/612/357 1226/610/357 1228/613/357
f 1228/613/1052 1230/617/1052 1231/614/1052
f 1230/617/1051 1232/619/1051 1233/616/1051
f 1233/616/1050 1232/619/1050 1234/618/1050
f 1234/618/65 1220/606/65 1221/607/65
f 1239/621/1048 1238/624/1048 1236/623/1048
f 1241/625/1047 1240/670/1047 1238/624/1047
f 1241/625/1046 1243/627/1046 1242/626/1046
f 1243/627/357 1245/629/357 1244/628/357
f 1247/630/1045 1246/631/1045 1244/628/1045
f 1249/632/1044 1248/671/1044 1246/631/1044
f 1249/632/1043 1251/634/1043 1250/633/1043
f 1250/633/65 1251/634/65 1237/620/65
f 1255/636/1053 1254/639/1053 1252/638/1053
f 1257/640/1054 1256/672/1054 1254/639/1054
f 1257/640/1055 1259/642/1055 1258/641/1055
f 1259/642/65 1261/644/65 1260/643/65
f 1261/644/1050 1263/645/1050 1262/646/1050
f 1265/647/1051 1264/648/1051 1262/646/1051
f 1267/649/1052 1266/653/1052 1264/648/1052
f 1266/653/357 1267/649/357 1253/635/357
f 1268/655/1046 1270/657/1046 1271/654/1046
f 1270/657/1047 1272/659/1047 1273/656/1047
f 1273/656/1048 1272/659/1048 1274/658/1048
f 1275/660/65 1274/658/65 1276/661/65
f 1276/661/1043 1278/663/1043 1279/665/1043
f 1278/663/1044 1280/666/1044 1281/664/1044
f 1280/666/1045 1282/667/1045 1283/651/1045
f 1282/667/357 1268/655/357 1269/650/357
s 10
f 436/400/681 1304/692/1094 1305/673/1059
f 443/386/698 1311/691/1095 1312/383/1060
f 423/370/640 1291/690/1096 1292/674/1061
f 451/362/629 450/689/1097 1318/675/1062
f 430/677/1064 1298/688/1098 1299/678/1065
f 437/396/684 1305/673/1059 1306/679/1066
f 444/383/705 1312/383/1060 1313/681/1068
f 425/377/651 424/374/647 1292/674/1061
f 451/362/629 1319/676/1063 1288/683/1070
f 431/388/665 1299/678/1065 1300/684/1071
f 438/680/1067 1306/679/1066 1307/685/1072
f 445/380/709 1313/681/1068 1314/686/1073
f 426/687/1075 425/377/651 1293/682/1069
f 433/394/674 432/392/671 1300/684/1071
f 439/394/688 1307/685/1072 1308/684/1078
f 446/687/1074 1314/686/1073 1315/682/1079
f 427/380/654 426/687/1075 1294/686/1076
f 420/366/633 1288/683/1070 1289/676/1081
f 434/680/1082 433/394/674 1301/685/1077
f 441/388/695 440/392/692 1308/684/1078
f 447/377/712 1315/682/1079 1316/674/1085
f 427/380/654 1295/681/1080 1296/383/1086
f 435/396/677 434/680/1082 1302/679/1083
f 442/677/1088 441/388/695 1309/678/1084
f 421/362/637 1289/676/1081 1290/675/1090
f 449/370/720 448/374/717 1316/674/1085
f 428/383/659 1296/383/1086 1297/691/1093
f 435/396/677 1303/673/1087 1304/692/1094
f 443/386/698 442/677/1088 1310/688/1089
f 422/689/1091 1290/675/1090 1291/690/1096
f 450/689/1097 449/370/720 1317/690/1092
f 429/386/662 1297/691/1093 1298/688/1098
f 1353/693/1099 1320/710/1128 1321/694/1100
f 1354/696/1102 1355/709/1161 1347/697/1103
f 1357/699/1105 1334/708/1162 1335/700/1106
f 1358/702/1108 1352/695/1101 1321/694/1100
f 1354/696/1102 1348/698/1104 1349/704/1110
f 1356/701/1107 1335/700/1106 1336/706/1112
f 1361/705/1114 1358/702/1108 1322/703/1109
f 1359/705/1111 1349/704/1110 1350/703/1116
f 1360/707/1113 1336/706/1112 1337/700/1118
f 1364/696/1120 1361/705/1114 1323/704/1115
f 1362/702/1117 1350/703/1116 1351/694/1122
f 1366/699/1124 1363/701/1119 1337/700/1118
f 1364/696/1120 1324/698/1121 1325/697/1126
f 1365/695/1123 1351/694/1122 1320/710/1128
f 1368/711/1129 1366/699/1124 1338/708/1125
f 1367/709/1127 1325/697/1126 1326/713/1131
f 1370/715/1133 1368/711/1129 1339/712/1130
f 1369/714/1132 1326/713/1131 1327/717/1135
f 1370/715/1133 1340/716/1134 1341/719/1137
f 1371/718/1136 1327/717/1135 1328/721/1139
f 1372/720/1138 1341/719/1137 1342/723/1141
f 1373/722/1140 1328/721/1139 1329/725/1143
f 1374/724/1142 1342/723/1141 1343/725/1145
f 1377/724/1147 1375/726/1144 1329/725/1143
f 1376/726/1146 1343/725/1145 1344/721/1149
f 1379/720/1151 1377/724/1147 1330/723/1148
f 1378/722/1150 1344/721/1149 1345/717/1153
f 1381/715/1155 1379/720/1151 1331/719/1152
f 1382/714/1157 1380/718/1154 1345/717/1153
f 1381/715/1155 1332/716/1156 1333/712/1159
f 1355/709/1161 1382/714/1157 1346/713/1158
f 1383/711/1160 1333/712/1159 1334/708/1162
f 1301/685/1077 1383/711/1160 1357/699/1105
f 1314/686/1073 1382/714/1157 1355/709/1161
f 1300/684/1071 1381/715/1155 1383/711/1160
f 1313/681/1068 1380/718/1154 1382/714/1157
f 1299/678/1065 1379/720/1151 1381/715/1155
f 1312/383/1060 1378/722/1150 1380/718/1154
f 1298/688/1098 1377/724/1147 1379/720/1151
f 1312/383/1060 1311/691/1095 1376/726/1146
f 1297/691/1093 1375/726/1144 1377/724/1147
f 1311/691/1095 1310/688/1089 1374/724/1142
f 1296/383/1086 1373/722/1140 1375/726/1144
f 1309/678/1084 1372/720/1138 1374/724/1142
f 1296/383/1086 1295/681/1080 1371/718/1136
f 1308/684/1078 1370/715/1133 1372/720/1138
f 1295/681/1080 1294/686/1076 1369/714/1132
f 1307/685/1072 1368/711/1129 1370/715/1133
f 1293/682/1069 1367/709/1127 1369/714/1132
f 1306/679/1066 1366/699/1124 1368/711/1129
f 1288/683/1070 1319/676/1063 1365/695/1123
f 1292/674/1061 1364/696/1120 1367/709/1127
f 1305/673/1059 1363/701/1119 1366/699/1124
f 1319/676/1063 1318/675/1062 1362/702/1117
f 1291/690/1096 1361/705/1114 1364/696/1120
f 1304/692/1094 1360/707/1113 1363/701/1119
f 1317/690/1092 1359/705/1111 1362/702/1117
f 1290/675/1090 1358/702/1108 1361/705/1114
f 1304/692/1094 1303/673/1087 1356/701/1107
f 1316/674/1085 1354/696/1102 1359/705/1111
f 1289/676/1081 1352/695/1101 1358/702/1108
f 1303/673/1087 1302/679/1083 1357/699/1105
f 1315/682/1079 1355/709/1161 1354/696/1102
f 1288/683/1070 1353/693/1099 1352/695/1101
