# Blender 4.5.2 LTS
# www.blender.org
mtllib payphone_wall.mtl
g payphone_wall_Mesh
v -0.145188 0.000000 0.243840
v -0.185420 0.040232 0.243840
v -0.157620 0.001969 0.243840
v -0.168836 0.007684 0.243840
v -0.177736 0.016584 0.243840
v -0.183451 0.027800 0.243840
v -0.185420 0.707544 0.243840
v -0.145188 0.747776 0.243840
v -0.183451 0.719976 0.243840
v -0.177736 0.731192 0.243840
v -0.168836 0.740092 0.243840
v -0.157620 0.745807 0.243840
v -0.145308 0.000000 -0.000000
v -0.185420 0.040112 -0.000000
v -0.157703 0.001963 -0.000000
v -0.168885 0.007661 -0.000000
v -0.177759 0.016535 -0.000000
v -0.183457 0.027717 -0.000000
v -0.185420 0.707664 -0.000000
v -0.145308 0.747776 -0.000000
v -0.183457 0.720059 -0.000000
v -0.177759 0.731241 -0.000000
v -0.168885 0.740115 -0.000000
v -0.157703 0.745813 -0.000000
v 0.185420 0.040232 0.243840
v 0.145188 0.000000 0.243840
v 0.183451 0.027800 0.243840
v 0.177736 0.016584 0.243840
v 0.168836 0.007684 0.243840
v 0.157620 0.001969 0.243840
v 0.145188 0.747776 0.243840
v 0.185420 0.707544 0.243840
v 0.157620 0.745807 0.243840
v 0.168836 0.740092 0.243840
v 0.177736 0.731192 0.243840
v 0.183451 0.719976 0.243840
v 0.185420 0.040112 -0.000000
v 0.145308 0.000000 -0.000000
v 0.183457 0.027717 -0.000000
v 0.177759 0.016535 -0.000000
v 0.168885 0.007661 -0.000000
v 0.157703 0.001963 -0.000000
v 0.145308 0.747776 -0.000000
v 0.185420 0.707664 -0.000000
v 0.157703 0.745813 -0.000000
v 0.168885 0.740115 -0.000000
v 0.177759 0.731241 -0.000000
v 0.183457 0.720059 -0.000000
v -0.175420 0.050232 0.243840
v -0.135188 0.010000 0.243840
v -0.173451 0.037800 0.243840
v -0.167736 0.026584 0.243840
v -0.158836 0.017684 0.243840
v -0.147620 0.011969 0.243840
v -0.135188 0.737776 0.243840
v -0.175420 0.697544 0.243840
v -0.147620 0.735807 0.243840
v -0.158836 0.730092 0.243840
v -0.167736 0.721192 0.243840
v -0.173451 0.709976 0.243840
v -0.147624 0.011969 0.233401
v -0.135193 0.010000 0.233401
v 0.175420 0.050227 0.233401
v -0.175420 0.070446 0.233401
v 0.135188 0.010000 0.243840
v 0.175420 0.050232 0.243840
v 0.147620 0.011969 0.243840
v 0.158836 0.017684 0.243840
v 0.167736 0.026584 0.243840
v 0.173451 0.037800 0.243840
v 0.175420 0.697544 0.243840
v 0.135188 0.737776 0.243840
v 0.173451 0.709976 0.243840
v 0.167736 0.721192 0.243840
v 0.158836 0.730092 0.243840
v 0.147620 0.735807 0.243840
v 0.135193 0.010000 0.233401
v 0.147624 0.011969 0.233401
v 0.158838 0.017683 0.233401
v 0.167737 0.026582 0.233401
v 0.173451 0.037796 0.233401
v -0.175420 0.050227 0.233401
v -0.185420 0.670398 0.243840
v -0.185420 0.670499 -0.000000
v -0.175420 0.661980 0.243840
v 0.185420 0.670499 -0.000000
v 0.185420 0.670398 0.243840
v 0.175420 0.661980 0.243840
v -0.175420 0.662081 0.010000
v 0.175420 0.662081 0.010000
v -0.185420 0.061177 -0.000000
v 0.185420 0.061177 -0.000000
v 0.185420 0.061287 0.243840
v 0.175420 0.070451 0.243840
v -0.185420 0.061287 0.243840
v -0.175420 0.070450 0.243840
v -0.175420 0.070340 0.010000
v 0.175420 0.070340 0.010000
v -0.175420 0.662056 0.067122
v 0.175420 0.662056 0.067122
v 0.135278 0.010000 0.067122
v 0.147683 0.011965 0.067122
v 0.158873 0.017666 0.067122
v 0.167754 0.026547 0.067122
v 0.173455 0.037737 0.067122
v 0.175420 0.050142 0.067122
v -0.135278 0.010000 0.067122
v -0.147683 0.011965 0.067122
v -0.158873 0.017666 0.067122
v -0.167754 0.026547 0.067122
v -0.173455 0.037737 0.067122
v -0.175420 0.050142 0.067122
v -0.175420 0.070367 0.067122
v 0.175420 0.070367 0.067122
v -0.158838 0.017683 0.233401
v -0.167737 0.026582 0.233401
v -0.173451 0.037796 0.233401
v 0.175420 0.070446 0.233401
v -0.173451 0.709976 0.233401
v -0.175420 0.697544 0.233401
v -0.167736 0.721192 0.233401
v -0.158836 0.730092 0.233401
v -0.147620 0.735807 0.233401
v -0.135188 0.737776 0.233401
v 0.175420 0.697544 0.233401
v 0.173451 0.709976 0.233401
v 0.167736 0.721192 0.233401
v 0.158836 0.730092 0.233401
v 0.147620 0.735807 0.233401
v 0.135188 0.737776 0.233401
v -0.175420 0.661980 0.233401
v 0.175420 0.661980 0.233401
v 0.011646 0.330130 0.156289
v 0.014529 0.324919 0.148257
v -0.011644 0.330133 0.156292
v -0.014523 0.324928 0.148261
v -0.016121 0.359460 0.149365
v 0.015121 0.359491 0.163192
v -0.015121 0.359491 0.163192
v 0.016121 0.359460 0.149365
v 0.016679 0.357123 0.143459
v -0.016679 0.357123 0.143459
v -0.016443 0.322064 0.143338
v 0.016453 0.322049 0.143334
v 0.000001 0.316951 0.142995
v -0.000000 0.361624 0.143213
v 0.000001 0.343340 0.165693
v 0.019098 0.340037 0.148284
v -0.014267 0.342424 0.160094
v 0.014268 0.342423 0.160092
v -0.019097 0.340039 0.148285
v -0.021144 0.339305 0.143259
v 0.021145 0.339304 0.143259
v 0.018314 0.320615 0.138104
v -0.018313 0.320616 0.138104
v -0.018269 0.357182 0.137964
v 0.018269 0.357182 0.137964
v 0.000001 0.359603 0.168350
v -0.000000 0.362913 0.147120
v 0.000001 0.319514 0.147685
v 0.000001 0.328542 0.157912
v -0.027495 0.338961 0.130721
v -0.026558 0.331845 0.130720
v -0.023811 0.325214 0.130721
v -0.019443 0.319519 0.130724
v -0.013746 0.315152 0.130715
v -0.007115 0.312409 0.130708
v 0.000000 0.311473 0.130706
v 0.007115 0.312409 0.130708
v 0.013746 0.315152 0.130715
v 0.019443 0.319519 0.130724
v 0.023811 0.325214 0.130721
v 0.026558 0.331845 0.130720
v 0.027495 0.338961 0.130721
v 0.026559 0.346078 0.130723
v 0.023813 0.352710 0.130727
v 0.019445 0.358406 0.130731
v 0.013750 0.362777 0.130732
v 0.007117 0.365524 0.130732
v 0.000000 0.366461 0.130732
v -0.007117 0.365524 0.130732
v -0.013750 0.362777 0.130732
v -0.019445 0.358406 0.130731
v -0.023813 0.352710 0.130727
v -0.026559 0.346078 0.130723
v -0.014778 0.335001 0.117566
v -0.015300 0.338961 0.117566
v -0.013250 0.331311 0.117566
v -0.010818 0.328143 0.117566
v -0.007650 0.325711 0.117566
v -0.003960 0.324183 0.117566
v 0.000000 0.323662 0.117566
v 0.003960 0.324183 0.117566
v 0.007650 0.325711 0.117566
v 0.010818 0.328143 0.117566
v 0.013250 0.331311 0.117566
v 0.014778 0.335001 0.117566
v 0.015300 0.338961 0.117566
v 0.014778 0.342921 0.117566
v 0.013250 0.346611 0.117566
v 0.010818 0.349780 0.117566
v 0.007650 0.352211 0.117566
v 0.003960 0.353740 0.117566
v 0.000000 0.354261 0.117566
v -0.003960 0.353740 0.117566
v -0.007650 0.352211 0.117566
v -0.010818 0.349780 0.117566
v -0.013250 0.346611 0.117566
v -0.014778 0.342921 0.117566
v -0.020441 0.333484 0.118691
v -0.021162 0.338961 0.118691
v -0.018327 0.328380 0.118691
v -0.014964 0.323997 0.118691
v -0.010581 0.320634 0.118691
v -0.005477 0.318520 0.118691
v 0.000000 0.317799 0.118691
v 0.005477 0.318520 0.118691
v 0.010581 0.320634 0.118691
v 0.014964 0.323997 0.118691
v 0.018327 0.328380 0.118691
v 0.020441 0.333484 0.118691
v 0.021162 0.338961 0.118691
v 0.020441 0.344438 0.118691
v 0.018327 0.349542 0.118691
v 0.014964 0.353925 0.118691
v 0.010581 0.357288 0.118691
v 0.005477 0.359402 0.118691
v 0.000000 0.360124 0.118691
v -0.005477 0.359402 0.118691
v -0.010581 0.357288 0.118691
v -0.014964 0.353925 0.118691
v -0.018327 0.349542 0.118691
v -0.020441 0.344438 0.118691
v 0.000000 0.338961 0.117566
v -0.027492 0.338961 0.131385
v -0.026556 0.331846 0.131384
v -0.023810 0.325215 0.131384
v -0.019441 0.319520 0.131383
v -0.013743 0.315158 0.131390
v -0.007112 0.312418 0.131395
v 0.000000 0.311485 0.131397
v 0.007112 0.312418 0.131395
v 0.013743 0.315158 0.131390
v 0.019441 0.319520 0.131383
v 0.023810 0.325215 0.131384
v 0.026556 0.331846 0.131384
v 0.027492 0.338961 0.131385
v 0.026557 0.346077 0.131383
v 0.023813 0.352709 0.131381
v 0.019445 0.358406 0.131380
v 0.013750 0.362776 0.131379
v 0.007117 0.365524 0.131379
v 0.000000 0.366461 0.131379
v -0.007117 0.365524 0.131379
v -0.013750 0.362776 0.131379
v -0.019445 0.358406 0.131380
v -0.023813 0.352709 0.131381
v -0.026557 0.346077 0.131383
v -0.027433 0.338960 0.133366
v -0.026519 0.331880 0.133379
v -0.023784 0.325212 0.133355
v -0.019429 0.319533 0.133341
v -0.013748 0.315245 0.133440
v -0.007021 0.312509 0.133493
v 0.000000 0.311573 0.133418
v 0.007021 0.312509 0.133493
v 0.013748 0.315245 0.133440
v 0.019429 0.319533 0.133341
v 0.023784 0.325212 0.133355
v 0.026519 0.331880 0.133379
v 0.027433 0.338960 0.133366
v 0.026507 0.346032 0.133391
v 0.023777 0.352709 0.133360
v 0.019436 0.358396 0.133331
v 0.013750 0.362760 0.133338
v 0.007110 0.365515 0.133333
v 0.000000 0.366456 0.133324
v -0.007110 0.365515 0.133333
v -0.013750 0.362760 0.133338
v -0.019436 0.358396 0.133331
v -0.023777 0.352709 0.133360
v -0.026507 0.346032 0.133391
v -0.026855 0.338961 0.130734
v -0.025940 0.332011 0.130734
v -0.023257 0.325534 0.130734
v -0.018990 0.319971 0.130734
v -0.013427 0.315705 0.130735
v -0.006950 0.313025 0.130736
v 0.000000 0.312111 0.130736
v 0.006950 0.313025 0.130736
v 0.013427 0.315705 0.130735
v 0.018990 0.319971 0.130734
v 0.023257 0.325534 0.130734
v 0.025940 0.332011 0.130734
v 0.026855 0.338961 0.130734
v 0.025941 0.345912 0.130734
v 0.023259 0.352390 0.130733
v 0.018991 0.357952 0.130733
v 0.013429 0.362221 0.130732
v 0.006951 0.364904 0.130732
v 0.000000 0.365819 0.130732
v -0.006951 0.364904 0.130732
v -0.013429 0.362221 0.130732
v -0.018991 0.357952 0.130733
v -0.023259 0.352390 0.130733
v -0.025941 0.345912 0.130734
v -0.026854 0.338961 0.131376
v -0.025939 0.332011 0.131376
v -0.023257 0.325534 0.131377
v -0.018989 0.319972 0.131377
v -0.013425 0.315708 0.131374
v -0.006948 0.313029 0.131373
v 0.000000 0.312117 0.131371
v 0.006948 0.313029 0.131373
v 0.013425 0.315708 0.131374
v 0.018989 0.319972 0.131377
v 0.023257 0.325534 0.131377
v 0.025939 0.332011 0.131376
v 0.026854 0.338961 0.131376
v 0.025940 0.345912 0.131377
v 0.023258 0.352389 0.131378
v 0.018991 0.357952 0.131378
v 0.013429 0.362221 0.131378
v 0.006951 0.364904 0.131378
v 0.000000 0.365819 0.131378
v -0.006951 0.364904 0.131378
v -0.013429 0.362221 0.131378
v -0.018991 0.357952 0.131378
v -0.023258 0.352389 0.131378
v -0.025940 0.345912 0.131377
v -0.022814 0.332848 0.117566
v -0.026563 0.331844 0.121414
v -0.025465 0.332138 0.118693
v -0.027500 0.338961 0.121414
v -0.023619 0.338961 0.117566
v -0.026363 0.338961 0.118693
v -0.020455 0.327152 0.117566
v -0.023816 0.325211 0.121414
v -0.022831 0.325780 0.118693
v -0.016701 0.322260 0.117566
v -0.019445 0.319516 0.121414
v -0.018642 0.320320 0.118693
v -0.011809 0.318507 0.117566
v -0.013750 0.315145 0.121414
v -0.013182 0.316130 0.118693
v -0.006113 0.316147 0.117566
v -0.007118 0.312398 0.121414
v -0.006823 0.313496 0.118693
v 0.000000 0.315342 0.117566
v 0.000000 0.311461 0.121414
v 0.000000 0.312598 0.118693
v 0.006113 0.316147 0.117566
v 0.007118 0.312398 0.121414
v 0.006823 0.313496 0.118693
v 0.011809 0.318507 0.117566
v 0.013750 0.315145 0.121414
v 0.013182 0.316130 0.118693
v 0.016701 0.322260 0.117566
v 0.019445 0.319516 0.121414
v 0.018642 0.320320 0.118693
v 0.020455 0.327152 0.117566
v 0.023816 0.325211 0.121414
v 0.022831 0.325780 0.118693
v 0.022814 0.332848 0.117566
v 0.026563 0.331844 0.121414
v 0.025465 0.332138 0.118693
v 0.023619 0.338961 0.117566
v 0.027500 0.338961 0.121414
v 0.026363 0.338961 0.118693
v 0.022814 0.345074 0.117566
v 0.026563 0.346079 0.121414
v 0.025465 0.345785 0.118693
v 0.020455 0.350771 0.117566
v 0.023816 0.352711 0.121414
v 0.022831 0.352143 0.118693
v 0.016701 0.355662 0.117566
v 0.019445 0.358407 0.121414
v 0.018642 0.357603 0.118693
v 0.011809 0.359416 0.117566
v 0.013750 0.362777 0.121414
v 0.013182 0.361792 0.118693
v 0.006113 0.361775 0.117566
v 0.007118 0.365524 0.121414
v 0.006823 0.364426 0.118693
v 0.000000 0.362580 0.117566
v 0.000000 0.366461 0.121414
v 0.000000 0.365324 0.118693
v -0.006113 0.361775 0.117566
v -0.007118 0.365524 0.121414
v -0.006823 0.364426 0.118693
v -0.011809 0.359416 0.117566
v -0.013750 0.362777 0.121414
v -0.013182 0.361792 0.118693
v -0.016701 0.355662 0.117566
v -0.019445 0.358407 0.121414
v -0.018642 0.357603 0.118693
v -0.020455 0.350771 0.117566
v -0.023816 0.352711 0.121414
v -0.022831 0.352143 0.118693
v -0.022814 0.345074 0.117566
v -0.026563 0.346079 0.121414
v -0.025465 0.345785 0.118693
v -0.021633 0.338961 0.117566
v -0.021162 0.338961 0.118033
v -0.020441 0.333484 0.118033
v -0.020896 0.333362 0.117566
v -0.018327 0.328380 0.118033
v -0.018734 0.328145 0.117566
v -0.014964 0.323997 0.118033
v -0.015297 0.323665 0.117566
v -0.010581 0.320634 0.118033
v -0.010816 0.320227 0.117566
v -0.005477 0.318520 0.118033
v -0.005599 0.318066 0.117566
v 0.000000 0.317799 0.118033
v 0.000000 0.317329 0.117566
v 0.005477 0.318520 0.118033
v 0.005599 0.318066 0.117566
v 0.010581 0.320634 0.118033
v 0.010816 0.320227 0.117566
v 0.014964 0.323997 0.118033
v 0.015297 0.323665 0.117566
v 0.018327 0.328380 0.118033
v 0.018734 0.328145 0.117566
v 0.020441 0.333484 0.118033
v 0.020896 0.333362 0.117566
v 0.021162 0.338961 0.118033
v 0.021633 0.338961 0.117566
v 0.020441 0.344438 0.118033
v 0.020896 0.344560 0.117566
v 0.018327 0.349542 0.118033
v 0.018734 0.349778 0.117566
v 0.014964 0.353925 0.118033
v 0.015297 0.354258 0.117566
v 0.010581 0.357288 0.118033
v 0.010816 0.357696 0.117566
v 0.005477 0.359402 0.118033
v 0.005599 0.359857 0.117566
v 0.000000 0.360124 0.118033
v 0.000000 0.360594 0.117566
v -0.005477 0.359402 0.118033
v -0.005599 0.359857 0.117566
v -0.010581 0.357288 0.118033
v -0.010816 0.357696 0.117566
v -0.014964 0.353925 0.118033
v -0.015297 0.354258 0.117566
v -0.018327 0.349542 0.118033
v -0.018734 0.349778 0.117566
v -0.020441 0.344438 0.118033
v -0.020896 0.344560 0.117566
v 0.000000 0.313440 0.137951
v -0.000000 0.364597 0.138547
v -0.025351 0.338936 0.137656
v 0.025351 0.338935 0.137655
v -0.009900 0.362548 0.138385
v -0.009897 0.315306 0.138312
v 0.023639 0.329051 0.138382
v -0.023489 0.348774 0.138136
v -0.023639 0.329052 0.138382
v 0.023489 0.348774 0.138136
v 0.009898 0.315306 0.138312
v 0.009900 0.362548 0.138385
v 0.008307 0.343149 0.164402
v 0.009343 0.360967 0.143199
v 0.009364 0.317948 0.143145
v 0.008469 0.320907 0.148044
v 0.008932 0.362724 0.147402
v 0.008771 0.359661 0.167233
v 0.007169 0.329077 0.157411
v -0.008770 0.359661 0.167233
v -0.008932 0.362725 0.147402
v -0.007167 0.329078 0.157413
v -0.009361 0.317952 0.143147
v -0.009343 0.360967 0.143199
v -0.008306 0.343150 0.164404
v -0.008465 0.320912 0.148046
v 0.017799 0.331544 0.148274
v -0.013019 0.335057 0.158184
v 0.000001 0.335455 0.162701
v -0.019931 0.329878 0.143385
v 0.019934 0.329872 0.143382
v -0.017796 0.331549 0.148277
v 0.013020 0.335055 0.158181
v 0.007651 0.335439 0.161547
v -0.007650 0.335440 0.161550
v 0.014944 0.350851 0.161773
v -0.018790 0.349540 0.148703
v 0.020155 0.348869 0.143401
v -0.020155 0.348870 0.143401
v -0.014944 0.350851 0.161773
v 0.018790 0.349539 0.148703
v 0.000001 0.351556 0.167335
v 0.008679 0.351398 0.166121
v -0.008678 0.351398 0.166122
v -0.000000 0.368748 0.149453
v 0.000001 0.367718 0.169259
v -0.015164 0.369093 0.164445
v 0.015175 0.369186 0.152317
v -0.015175 0.369186 0.152317
v 0.015164 0.369093 0.164445
v 0.008775 0.368752 0.168250
v 0.008633 0.369414 0.150004
v -0.008775 0.368750 0.168250
v -0.008633 0.369415 0.150004
v 0.000001 0.381485 0.170826
v -0.015134 0.382852 0.165758
v 0.015053 0.382748 0.154321
v 0.008793 0.382504 0.169672
v -0.008792 0.382503 0.169672
v -0.000000 0.382022 0.151805
v -0.015053 0.382748 0.154321
v 0.015134 0.382852 0.165758
v 0.008697 0.382580 0.152253
v -0.008697 0.382580 0.152253
v -0.017413 0.341189 0.153956
v 0.017414 0.341188 0.153955
v -0.013039 0.327593 0.152524
v 0.013043 0.327588 0.152521
v 0.017453 0.359265 0.156251
v -0.017453 0.359265 0.156251
v 0.000001 0.322929 0.152112
v 0.007698 0.324224 0.152337
v -0.007696 0.324226 0.152339
v -0.015898 0.333424 0.153203
v 0.015900 0.333420 0.153200
v 0.017851 0.350101 0.155023
v -0.017851 0.350102 0.155023
v -0.017388 0.368956 0.157755
v 0.017388 0.368956 0.157755
v -0.017372 0.382699 0.159213
v 0.017372 0.382699 0.159213
v -0.015171 0.397812 0.166724
v -0.015454 0.396927 0.155065
v 0.015171 0.397812 0.166724
v 0.015454 0.396927 0.155065
v 0.000000 0.396187 0.172006
v 0.000000 0.395747 0.152594
v 0.000000 0.413961 0.153256
v 0.008959 0.396354 0.153007
v 0.009014 0.413961 0.153569
v 0.008816 0.397390 0.170789
v -0.008816 0.397390 0.170789
v -0.008959 0.396354 0.153007
v -0.009014 0.413961 0.153569
v 0.017454 0.397291 0.160024
v -0.017453 0.397291 0.160024
v -0.008912 0.413961 0.171354
v 0.000000 0.413961 0.172470
v 0.015869 0.413961 0.155305
v 0.008912 0.413961 0.171354
v 0.015601 0.413961 0.167565
v 0.017692 0.413961 0.160201
v -0.017692 0.413961 0.160201
v -0.015601 0.413961 0.167565
v -0.015869 0.413961 0.155305
v 0.011646 0.497792 0.156289
v 0.014529 0.503004 0.148257
v -0.011644 0.497789 0.156292
v -0.014523 0.502994 0.148261
v -0.016121 0.468462 0.149365
v 0.015121 0.468431 0.163192
v -0.015121 0.468431 0.163192
v 0.016121 0.468462 0.149365
v 0.016679 0.470800 0.143459
v -0.016679 0.470800 0.143459
v -0.016443 0.505858 0.143338
v 0.016453 0.505873 0.143334
v 0.000001 0.510971 0.142995
v -0.000000 0.466299 0.143213
v 0.000001 0.484582 0.165693
v 0.019098 0.487886 0.148284
v -0.014267 0.485498 0.160094
v 0.014268 0.485500 0.160092
v -0.019097 0.487884 0.148285
v -0.021144 0.488617 0.143259
v 0.021145 0.488619 0.143259
v 0.018314 0.507307 0.138104
v -0.018313 0.507306 0.138104
v -0.018269 0.470740 0.137964
v 0.018269 0.470740 0.137964
v 0.000001 0.468319 0.168350
v -0.000000 0.465009 0.147120
v 0.000001 0.508408 0.147685
v 0.000001 0.499380 0.157912
v -0.027495 0.488961 0.130721
v -0.026558 0.496077 0.130720
v -0.023811 0.502709 0.130721
v -0.019443 0.508404 0.130724
v -0.013746 0.512770 0.130715
v -0.007115 0.515513 0.130708
v -0.000000 0.516449 0.130706
v 0.007115 0.515513 0.130708
v 0.013746 0.512770 0.130715
v 0.019443 0.508404 0.130724
v 0.023811 0.502709 0.130721
v 0.026558 0.496077 0.130720
v 0.027495 0.488961 0.130721
v 0.026559 0.481845 0.130723
v 0.023813 0.475213 0.130727
v 0.019445 0.469516 0.130731
v 0.013750 0.465146 0.130732
v 0.007117 0.462398 0.130732
v -0.000000 0.461461 0.130732
v -0.007117 0.462398 0.130732
v -0.013750 0.465146 0.130732
v -0.019445 0.469516 0.130731
v -0.023813 0.475213 0.130727
v -0.026559 0.481845 0.130723
v -0.014778 0.492921 0.117566
v -0.015300 0.488961 0.117566
v -0.013250 0.496611 0.117566
v -0.010818 0.499780 0.117566
v -0.007650 0.502211 0.117566
v -0.003960 0.503740 0.117566
v -0.000000 0.504261 0.117566
v 0.003960 0.503740 0.117566
v 0.007650 0.502211 0.117566
v 0.010818 0.499780 0.117566
v 0.013250 0.496611 0.117566
v 0.014778 0.492921 0.117566
v 0.015300 0.488961 0.117566
v 0.014778 0.485001 0.117566
v 0.013250 0.481311 0.117566
v 0.010818 0.478143 0.117566
v 0.007650 0.475711 0.117566
v 0.003960 0.474183 0.117566
v -0.000000 0.473662 0.117566
v -0.003960 0.474183 0.117566
v -0.007650 0.475711 0.117566
v -0.010818 0.478143 0.117566
v -0.013250 0.481311 0.117566
v -0.014778 0.485001 0.117566
v -0.020441 0.494438 0.118691
v -0.021162 0.488961 0.118691
v -0.018327 0.499542 0.118691
v -0.014964 0.503925 0.118691
v -0.010581 0.507288 0.118691
v -0.005477 0.509402 0.118691
v -0.000000 0.510124 0.118691
v 0.005477 0.509402 0.118691
v 0.010581 0.507288 0.118691
v 0.014964 0.503925 0.118691
v 0.018327 0.499542 0.118691
v 0.020441 0.494438 0.118691
v 0.021162 0.488961 0.118691
v 0.020441 0.483484 0.118691
v 0.018327 0.478380 0.118691
v 0.014964 0.473997 0.118691
v 0.010581 0.470634 0.118691
v 0.005477 0.468520 0.118691
v -0.000000 0.467799 0.118691
v -0.005477 0.468520 0.118691
v -0.010581 0.470634 0.118691
v -0.014964 0.473997 0.118691
v -0.018327 0.478380 0.118691
v -0.020441 0.483484 0.118691
v -0.000000 0.488961 0.117566
v -0.027492 0.488961 0.131385
v -0.026556 0.496077 0.131384
v -0.023810 0.502708 0.131384
v -0.019441 0.508402 0.131383
v -0.013743 0.512764 0.131390
v -0.007112 0.515504 0.131395
v -0.000000 0.516437 0.131397
v 0.007112 0.515504 0.131395
v 0.013743 0.512764 0.131390
v 0.019441 0.508402 0.131383
v 0.023810 0.502708 0.131384
v 0.026556 0.496077 0.131384
v 0.027492 0.488961 0.131385
v 0.026557 0.481845 0.131383
v 0.023813 0.475213 0.131381
v 0.019445 0.469517 0.131380
v 0.013750 0.465146 0.131379
v 0.007117 0.462399 0.131379
v -0.000000 0.461462 0.131379
v -0.007117 0.462399 0.131379
v -0.013750 0.465146 0.131379
v -0.019445 0.469517 0.131380
v -0.023813 0.475213 0.131381
v -0.026557 0.481845 0.131383
v -0.027433 0.488962 0.133366
v -0.026519 0.496043 0.133379
v -0.023784 0.502710 0.133355
v -0.019429 0.508390 0.133341
v -0.013748 0.512677 0.133440
v -0.007021 0.515414 0.133493
v 0.000000 0.516350 0.133418
v 0.007021 0.515413 0.133493
v 0.013748 0.512677 0.133440
v 0.019429 0.508390 0.133341
v 0.023784 0.502710 0.133355
v 0.026519 0.496043 0.133379
v 0.027433 0.488962 0.133366
v 0.026507 0.481890 0.133391
v 0.023777 0.475213 0.133360
v 0.019436 0.469526 0.133331
v 0.013750 0.465162 0.133338
v 0.007110 0.462407 0.133333
v -0.000000 0.461467 0.133324
v -0.007110 0.462407 0.133333
v -0.013750 0.465162 0.133338
v -0.019436 0.469526 0.133331
v -0.023777 0.475213 0.133360
v -0.026507 0.481890 0.133391
v -0.026855 0.488961 0.130734
v -0.025940 0.495912 0.130734
v -0.023257 0.502389 0.130734
v -0.018990 0.507951 0.130734
v -0.013427 0.512217 0.130735
v -0.006950 0.514898 0.130736
v -0.000000 0.515812 0.130736
v 0.006950 0.514898 0.130736
v 0.013427 0.512217 0.130735
v 0.018990 0.507951 0.130734
v 0.023257 0.502389 0.130734
v 0.025940 0.495912 0.130734
v 0.026855 0.488961 0.130734
v 0.025941 0.482010 0.130734
v 0.023259 0.475533 0.130733
v 0.018991 0.469970 0.130733
v 0.013429 0.465701 0.130732
v 0.006951 0.463018 0.130732
v -0.000000 0.462103 0.130732
v -0.006951 0.463018 0.130732
v -0.013429 0.465701 0.130732
v -0.018991 0.469970 0.130733
v -0.023259 0.475533 0.130733
v -0.025941 0.482010 0.130734
v -0.026854 0.488961 0.131376
v -0.025939 0.495912 0.131376
v -0.023257 0.502388 0.131377
v -0.018989 0.507950 0.131377
v -0.013425 0.512214 0.131374
v -0.006948 0.514893 0.131373
v -0.000000 0.515806 0.131371
v 0.006948 0.514893 0.131373
v 0.013425 0.512214 0.131374
v 0.018989 0.507950 0.131377
v 0.023257 0.502388 0.131377
v 0.025939 0.495912 0.131376
v 0.026854 0.488961 0.131376
v 0.025940 0.482011 0.131377
v 0.023258 0.475533 0.131378
v 0.018991 0.469970 0.131378
v 0.013429 0.465702 0.131378
v 0.006951 0.463019 0.131378
v -0.000000 0.462103 0.131378
v -0.006951 0.463019 0.131378
v -0.013429 0.465702 0.131378
v -0.018991 0.469970 0.131378
v -0.023258 0.475533 0.131378
v -0.025940 0.482011 0.131377
v -0.022814 0.495074 0.117566
v -0.026563 0.496079 0.121414
v -0.025465 0.495785 0.118693
v -0.027500 0.488961 0.121414
v -0.023619 0.488961 0.117566
v -0.026363 0.488961 0.118693
v -0.020455 0.500771 0.117566
v -0.023816 0.502711 0.121414
v -0.022831 0.502143 0.118693
v -0.016701 0.505662 0.117566
v -0.019445 0.508407 0.121414
v -0.018642 0.507603 0.118693
v -0.011809 0.509416 0.117566
v -0.013750 0.512777 0.121414
v -0.013182 0.511792 0.118693
v -0.006113 0.511775 0.117566
v -0.007118 0.515524 0.121414
v -0.006823 0.514426 0.118693
v -0.000000 0.512580 0.117566
v -0.000000 0.516461 0.121414
v -0.000000 0.515324 0.118693
v 0.006113 0.511775 0.117566
v 0.007118 0.515524 0.121414
v 0.006823 0.514426 0.118693
v 0.011809 0.509416 0.117566
v 0.013750 0.512777 0.121414
v 0.013182 0.511792 0.118693
v 0.016701 0.505662 0.117566
v 0.019445 0.508407 0.121414
v 0.018642 0.507603 0.118693
v 0.020455 0.500771 0.117566
v 0.023816 0.502711 0.121414
v 0.022831 0.502143 0.118693
v 0.022814 0.495074 0.117566
v 0.026563 0.496079 0.121414
v 0.025465 0.495785 0.118693
v 0.023619 0.488961 0.117566
v 0.027500 0.488961 0.121414
v 0.026363 0.488961 0.118693
v 0.022814 0.482848 0.117566
v 0.026563 0.481844 0.121414
v 0.025465 0.482138 0.118693
v 0.020455 0.477152 0.117566
v 0.023816 0.475211 0.121414
v 0.022831 0.475780 0.118693
v 0.016701 0.472260 0.117566
v 0.019445 0.469516 0.121414
v 0.018642 0.470320 0.118693
v 0.011809 0.468507 0.117566
v 0.013750 0.465145 0.121414
v 0.013182 0.466130 0.118693
v 0.006113 0.466147 0.117566
v 0.007118 0.462398 0.121414
v 0.006823 0.463496 0.118693
v -0.000000 0.465342 0.117566
v -0.000000 0.461461 0.121414
v -0.000000 0.462598 0.118693
v -0.006113 0.466147 0.117566
v -0.007118 0.462398 0.121414
v -0.006823 0.463496 0.118693
v -0.011809 0.468507 0.117566
v -0.013750 0.465145 0.121414
v -0.013182 0.466130 0.118693
v -0.016701 0.472260 0.117566
v -0.019445 0.469516 0.121414
v -0.018642 0.470320 0.118693
v -0.020455 0.477152 0.117566
v -0.023816 0.475211 0.121414
v -0.022831 0.475780 0.118693
v -0.022814 0.482848 0.117566
v -0.026563 0.481844 0.121414
v -0.025465 0.482138 0.118693
v -0.021633 0.488961 0.117566
v -0.021162 0.488961 0.118033
v -0.020441 0.494438 0.118033
v -0.020896 0.494560 0.117566
v -0.018327 0.499542 0.118033
v -0.018734 0.499778 0.117566
v -0.014964 0.503925 0.118033
v -0.015297 0.504258 0.117566
v -0.010581 0.507288 0.118033
v -0.010816 0.507696 0.117566
v -0.005477 0.509402 0.118033
v -0.005599 0.509857 0.117566
v -0.000000 0.510124 0.118033
v -0.000000 0.510594 0.117566
v 0.005477 0.509402 0.118033
v 0.005599 0.509857 0.117566
v 0.010581 0.507288 0.118033
v 0.010816 0.507696 0.117566
v 0.014964 0.503925 0.118033
v 0.015297 0.504258 0.117566
v 0.018327 0.499542 0.118033
v 0.018734 0.499778 0.117566
v 0.020441 0.494438 0.118033
v 0.020896 0.494560 0.117566
v 0.021162 0.488961 0.118033
v 0.021633 0.488961 0.117566
v 0.020441 0.483484 0.118033
v 0.020896 0.483362 0.117566
v 0.018327 0.478380 0.118033
v 0.018734 0.478145 0.117566
v 0.014964 0.473997 0.118033
v 0.015297 0.473665 0.117566
v 0.010581 0.470634 0.118033
v 0.010816 0.470227 0.117566
v 0.005477 0.468520 0.118033
v 0.005599 0.468066 0.117566
v -0.000000 0.467799 0.118033
v -0.000000 0.467329 0.117566
v -0.005477 0.468520 0.118033
v -0.005599 0.468066 0.117566
v -0.010581 0.470634 0.118033
v -0.010816 0.470227 0.117566
v -0.014964 0.473997 0.118033
v -0.015297 0.473665 0.117566
v -0.018327 0.478380 0.118033
v -0.018734 0.478145 0.117566
v -0.020441 0.483484 0.118033
v -0.020896 0.483362 0.117566
v 0.000000 0.514482 0.137951
v -0.000000 0.463325 0.138547
v -0.025351 0.488987 0.137656
v 0.025351 0.488987 0.137655
v -0.009900 0.465375 0.138385
v -0.009897 0.512616 0.138312
v 0.023639 0.498871 0.138382
v -0.023489 0.479148 0.138136
v -0.023639 0.498871 0.138382
v 0.023489 0.479148 0.138136
v 0.009898 0.512616 0.138312
v 0.009900 0.465375 0.138385
v 0.008307 0.484773 0.164402
v 0.009343 0.466955 0.143199
v 0.009364 0.509975 0.143145
v 0.008469 0.507016 0.148044
v 0.008932 0.465198 0.147402
v 0.008771 0.468261 0.167233
v 0.007169 0.498846 0.157411
v -0.008770 0.468261 0.167233
v -0.008932 0.465198 0.147402
v -0.007167 0.498844 0.157413
v -0.009361 0.509970 0.143147
v -0.009343 0.466955 0.143199
v -0.008306 0.484773 0.164404
v -0.008465 0.507011 0.148046
v 0.017799 0.496379 0.148274
v -0.013019 0.492865 0.158184
v 0.000001 0.492468 0.162701
v -0.019931 0.498044 0.143385
v 0.019934 0.498050 0.143382
v -0.017796 0.496373 0.148277
v 0.013020 0.492867 0.158181
v 0.007651 0.492483 0.161547
v -0.007650 0.492482 0.161550
v 0.014944 0.477072 0.161773
v -0.018790 0.478383 0.148703
v 0.020155 0.479053 0.143401
v -0.020155 0.479053 0.143401
v -0.014944 0.477072 0.161773
v 0.018790 0.478383 0.148703
v 0.000001 0.476366 0.167335
v 0.008679 0.476525 0.166121
v -0.008678 0.476524 0.166122
v -0.000000 0.459174 0.149453
v 0.000001 0.460205 0.169259
v -0.015164 0.458829 0.164445
v 0.015175 0.458736 0.152317
v -0.015175 0.458736 0.152317
v 0.015164 0.458829 0.164445
v 0.008775 0.459170 0.168250
v 0.008633 0.458508 0.150004
v -0.008775 0.459172 0.168250
v -0.008633 0.458508 0.150004
v 0.000001 0.446437 0.170826
v -0.015134 0.445071 0.165758
v 0.015053 0.445174 0.154321
v 0.008793 0.445419 0.169672
v -0.008792 0.445420 0.169672
v -0.000000 0.445900 0.151805
v -0.015053 0.445174 0.154321
v 0.015134 0.445071 0.165758
v 0.008697 0.445343 0.152253
v -0.008697 0.445343 0.152253
v -0.017413 0.486733 0.153956
v 0.017414 0.486735 0.153955
v -0.013039 0.500330 0.152524
v 0.013043 0.500334 0.152521
v 0.017453 0.468657 0.156251
v -0.017453 0.468657 0.156251
v 0.000001 0.504994 0.152112
v 0.007698 0.503698 0.152337
v -0.007696 0.503696 0.152339
v -0.015898 0.494499 0.153203
v 0.015900 0.494502 0.153200
v 0.017851 0.477821 0.155023
v -0.017851 0.477821 0.155023
v -0.017388 0.458966 0.157755
v 0.017388 0.458966 0.157755
v -0.017372 0.445223 0.159213
v 0.017372 0.445223 0.159213
v -0.015171 0.430110 0.166724
v -0.015454 0.430996 0.155065
v 0.015171 0.430110 0.166724
v 0.015454 0.430996 0.155065
v 0.000000 0.431735 0.172006
v 0.000000 0.432175 0.152594
v 0.008959 0.431569 0.153007
v 0.008816 0.430532 0.170789
v -0.008816 0.430533 0.170789
v -0.008959 0.431569 0.153007
v 0.017454 0.430631 0.160024
v -0.017454 0.430631 0.160024
v -0.128502 0.070340 0.008282
v 0.128502 0.070340 0.008282
v -0.128502 0.662081 0.008282
v 0.128502 0.662081 0.008282
v -0.128502 0.070340 0.044476
v 0.128502 0.070340 0.044476
v -0.128502 0.662081 0.044476
v 0.128502 0.662081 0.044476
v 0.043376 0.512073 0.114643
v -0.043376 0.568902 0.114643
v -0.043376 0.512073 0.114643
v 0.043376 0.621679 0.114643
v 0.094620 0.568902 0.114643
v -0.094620 0.568902 0.114643
v -0.043376 0.621679 0.114643
v 0.043376 0.346223 0.114643
v -0.094620 0.346223 0.114643
v 0.094620 0.346223 0.114643
v 0.043376 0.266605 0.114643
v -0.043376 0.346223 0.114643
v -0.094620 0.512073 0.114643
v -0.043376 0.266605 0.114643
v 0.094620 0.512073 0.114643
v 0.043376 0.568902 0.114643
v -0.088609 0.512073 0.114643
v -0.088609 0.568902 0.114643
v -0.088609 0.621679 0.114643
v -0.088609 0.346223 0.114643
v 0.088609 0.266605 0.114643
v 0.088609 0.621679 0.114643
v 0.088609 0.568902 0.114643
v 0.088609 0.346223 0.114643
v 0.088609 0.512073 0.114643
v 0.094620 0.616293 0.114643
v -0.094620 0.616293 0.114643
v 0.043376 0.616293 0.114643
v -0.043376 0.616293 0.114643
v -0.088609 0.616293 0.114643
v 0.088609 0.616293 0.114643
v 0.094620 0.574287 0.114643
v 0.043376 0.574287 0.114643
v -0.043376 0.574287 0.114643
v -0.088609 0.574287 0.114643
v 0.088609 0.574287 0.114643
v -0.094620 0.574287 0.114643
v -0.088609 0.512073 0.109815
v -0.043376 0.512073 0.109815
v 0.043376 0.568902 0.109815
v 0.043376 0.512073 0.109815
v -0.043376 0.568902 0.109815
v -0.088609 0.568902 0.109815
v 0.088609 0.568902 0.109815
v 0.088609 0.512073 0.109815
v -0.043376 0.616293 0.109815
v -0.088609 0.616293 0.109815
v -0.043376 0.574287 0.109815
v -0.088609 0.574287 0.109815
v 0.043376 0.273851 0.114643
v -0.043376 0.273851 0.114643
v -0.088609 0.273851 0.114643
v 0.088609 0.273851 0.114643
v -0.043376 0.346223 0.109815
v 0.043376 0.346223 0.109815
v -0.088609 0.346223 0.109815
v 0.088609 0.346223 0.109815
v 0.043376 0.273851 0.109815
v -0.043376 0.273851 0.109815
v -0.088609 0.273851 0.109815
v 0.088609 0.273851 0.109815
v 0.051075 0.266605 0.114643
v 0.054634 0.266605 0.114643
v 0.051075 0.621679 0.114643
v 0.054634 0.621679 0.114643
v 0.051075 0.568902 0.114643
v 0.054634 0.568902 0.114643
v 0.051075 0.346223 0.114643
v 0.054634 0.346223 0.114643
v 0.051075 0.512073 0.114643
v 0.054634 0.512073 0.114643
v 0.054634 0.613358 0.114643
v 0.051075 0.613358 0.114643
v 0.054634 0.577223 0.114643
v 0.051075 0.577223 0.114643
v 0.051075 0.568902 0.109815
v 0.054634 0.568902 0.109815
v 0.051075 0.512073 0.109815
v 0.054634 0.512073 0.109815
v 0.054634 0.273851 0.114643
v 0.051075 0.273851 0.114643
v 0.051075 0.346223 0.109815
v 0.054634 0.346223 0.109815
v 0.054634 0.273851 0.109815
v 0.051075 0.273851 0.109815
v 0.054634 0.613358 0.084516
v 0.051075 0.613358 0.084516
v 0.054634 0.577223 0.084516
v 0.051075 0.577223 0.084516
v 0.043376 0.621679 0.031801
v 0.094620 0.568902 0.031801
v -0.094620 0.568902 0.031801
v -0.043376 0.621679 0.031801
v -0.094620 0.346223 0.031801
v 0.094620 0.346223 0.031801
v 0.043376 0.266605 0.031801
v -0.094620 0.512073 0.031801
v -0.043376 0.266605 0.031801
v 0.094620 0.512073 0.031801
v -0.088609 0.621679 0.031801
v -0.088609 0.266605 0.031801
v 0.088609 0.266605 0.031801
v 0.088609 0.621679 0.031801
v 0.094620 0.574287 0.031801
v -0.094620 0.574287 0.031801
v 0.094620 0.273851 0.031801
v -0.094620 0.273851 0.031801
v 0.051075 0.266605 0.031801
v 0.054634 0.266605 0.031801
v 0.051075 0.621679 0.031801
v 0.054634 0.621679 0.031801
v -0.028170 0.148238 0.099243
v -0.024455 0.148238 0.099243
v -0.024455 0.158032 0.099243
v -0.028170 0.158032 0.099243
v -0.028170 0.079225 0.040380
v -0.024455 0.079225 0.040380
v -0.024455 0.227046 0.040380
v -0.028170 0.227046 0.040380
v -0.028170 0.086331 0.109147
v -0.024455 0.086331 0.109147
v -0.024455 0.219939 0.109147
v -0.028170 0.219939 0.109147
v -0.087514 0.148238 0.109147
v -0.087514 0.158032 0.109147
v 0.041995 0.158032 0.109147
v 0.034889 0.148238 0.109147
v -0.094620 0.158032 0.040380
v -0.094620 0.148238 0.040380
v 0.041995 0.148238 0.040380
v 0.041995 0.158032 0.040380
v -0.024455 0.084551 0.109147
v -0.028170 0.084551 0.109147
v -0.028170 0.221720 0.109147
v -0.024455 0.221720 0.109147
v -0.028170 0.158032 0.109147
v -0.024455 0.158032 0.109147
v -0.024455 0.148238 0.109147
v -0.028170 0.148238 0.109147
v -0.024455 0.227046 0.109147
v -0.028170 0.227046 0.109147
v -0.028170 0.079225 0.109147
v -0.024455 0.079225 0.109147
v -0.094620 0.148238 0.109147
v -0.094620 0.158032 0.109147
v 0.034889 0.158032 0.109147
v 0.041995 0.148238 0.109147
v -0.089295 0.158032 0.109147
v -0.089295 0.148238 0.109147
v 0.036669 0.148238 0.109147
v 0.036669 0.158032 0.109147
v 0.036669 0.148238 0.105753
v -0.089295 0.148238 0.105753
v -0.089295 0.158032 0.105753
v 0.036669 0.158032 0.105753
v 0.034889 0.158032 0.105753
v -0.087514 0.148238 0.105753
v -0.024455 0.219939 0.105753
v -0.028170 0.219939 0.105753
v -0.028170 0.086331 0.105753
v -0.024455 0.086331 0.105753
v -0.087514 0.158032 0.105753
v 0.034889 0.148238 0.105753
v -0.024455 0.084551 0.105753
v -0.028170 0.221720 0.105753
v -0.024455 0.221720 0.105753
v -0.028170 0.084551 0.105753
v 0.092860 0.620101 0.114643
v 0.094620 0.616293 0.031801
v 0.092860 0.620101 0.031801
v -0.092860 0.620101 0.114643
v -0.094620 0.616293 0.031801
v -0.092860 0.620101 0.031801
v 0.094620 0.273851 0.114643
v 0.092860 0.268728 0.114643
v 0.092860 0.268728 0.031801
v -0.088609 0.266605 0.114643
v -0.094620 0.273851 0.114643
v -0.092860 0.268728 0.114643
v -0.092860 0.268728 0.031801
v -0.087514 0.206945 0.109147
v -0.075058 0.219939 0.109147
v -0.085845 0.213442 0.109147
v -0.081286 0.218198 0.109147
v -0.075058 0.086331 0.109147
v -0.087514 0.099325 0.109147
v -0.081286 0.088072 0.109147
v -0.085845 0.092828 0.109147
v 0.022433 0.219939 0.109147
v 0.034889 0.206945 0.109147
v 0.028661 0.218198 0.109147
v 0.033220 0.213442 0.109147
v 0.034889 0.099325 0.109147
v 0.022433 0.086331 0.109147
v 0.033220 0.092828 0.109147
v 0.028661 0.088072 0.109147
v -0.080673 0.227046 0.040380
v -0.094620 0.212560 0.040380
v -0.087647 0.225105 0.040380
v -0.092752 0.219803 0.040380
v -0.094620 0.093710 0.040380
v -0.080673 0.079225 0.040380
v -0.092752 0.086467 0.040380
v -0.087647 0.081165 0.040380
v 0.041995 0.212560 0.040380
v 0.028048 0.227046 0.040380
v 0.040127 0.219803 0.040380
v 0.035021 0.225105 0.040380
v 0.028048 0.079225 0.040380
v 0.041995 0.093710 0.040380
v 0.035021 0.081165 0.040380
v 0.040127 0.086467 0.040380
v 0.028048 0.079225 0.109147
v 0.041995 0.093710 0.109147
v 0.035021 0.081165 0.109147
v 0.040127 0.086467 0.109147
v -0.094620 0.093710 0.109147
v -0.080673 0.079225 0.109147
v -0.092752 0.086467 0.109147
v -0.087647 0.081165 0.109147
v -0.080673 0.227046 0.109147
v -0.094620 0.212560 0.109147
v -0.087647 0.225105 0.109147
v -0.092752 0.219803 0.109147
v 0.041995 0.212560 0.109147
v 0.028048 0.227046 0.109147
v 0.040127 0.219803 0.109147
v 0.035021 0.225105 0.109147
v 0.036669 0.097918 0.109147
v 0.023840 0.084551 0.109147
v 0.034951 0.091234 0.109147
v 0.030255 0.086341 0.109147
v -0.089295 0.097918 0.109147
v -0.076465 0.084551 0.109147
v -0.087576 0.091234 0.109147
v -0.082880 0.086341 0.109147
v -0.089295 0.208352 0.109147
v -0.076465 0.221720 0.109147
v -0.087576 0.215036 0.109147
v -0.082880 0.219929 0.109147
v 0.036669 0.208352 0.109147
v 0.023840 0.221720 0.109147
v 0.034951 0.215036 0.109147
v 0.030255 0.219929 0.109147
v 0.023840 0.084551 0.105753
v 0.036669 0.097918 0.105753
v 0.030255 0.086341 0.105753
v 0.034951 0.091234 0.105753
v -0.089295 0.097918 0.105753
v -0.076465 0.084551 0.105753
v -0.087576 0.091234 0.105753
v -0.082880 0.086341 0.105753
v -0.076465 0.221720 0.105753
v -0.089295 0.208352 0.105753
v -0.082880 0.219929 0.105753
v -0.087576 0.215036 0.105753
v 0.023840 0.221720 0.105753
v 0.036669 0.208352 0.105753
v 0.030255 0.219929 0.105753
v 0.034951 0.215036 0.105753
v -0.075058 0.219939 0.105753
v -0.087514 0.206945 0.105753
v -0.081286 0.218198 0.105753
v -0.085845 0.213442 0.105753
v 0.034889 0.099325 0.105753
v 0.022433 0.086331 0.105753
v 0.033220 0.092828 0.105753
v 0.028661 0.088072 0.105753
v -0.087514 0.099325 0.105753
v -0.075058 0.086331 0.105753
v -0.085845 0.092828 0.105753
v -0.081286 0.088072 0.105753
v 0.034889 0.206945 0.105753
v 0.022433 0.219939 0.105753
v 0.033220 0.213442 0.105753
v 0.028661 0.218198 0.105753
v 0.094620 0.083637 0.055491
v 0.090208 0.079225 0.055491
v 0.094029 0.081431 0.055491
v 0.092414 0.079816 0.055491
v 0.056107 0.184158 0.055491
v 0.060520 0.188571 0.055491
v 0.056699 0.186364 0.055491
v 0.058314 0.187980 0.055491
v 0.090208 0.188571 0.055491
v 0.094620 0.184158 0.055491
v 0.092414 0.187980 0.055491
v 0.094029 0.186364 0.055491
v 0.060520 0.079225 0.055491
v 0.056107 0.083637 0.055491
v 0.058314 0.079816 0.055491
v 0.056699 0.081431 0.055491
v 0.084534 0.182881 0.055491
v 0.088930 0.178484 0.055491
v 0.086732 0.182292 0.055491
v 0.088341 0.180682 0.055491
v 0.061798 0.178484 0.055491
v 0.066194 0.182881 0.055491
v 0.062387 0.180682 0.055491
v 0.063996 0.182292 0.055491
v 0.088930 0.089312 0.055491
v 0.084534 0.084915 0.055491
v 0.088341 0.087113 0.055491
v 0.086732 0.085504 0.055491
v 0.066194 0.084915 0.055491
v 0.061798 0.089312 0.055491
v 0.063996 0.085504 0.055491
v 0.062387 0.087113 0.055491
v 0.090425 0.179947 0.055491
v 0.085997 0.184375 0.055491
v 0.089831 0.182161 0.055491
v 0.088211 0.183782 0.055491
v 0.064731 0.184375 0.055491
v 0.060303 0.179947 0.055491
v 0.062517 0.183782 0.055491
v 0.060897 0.182161 0.055491
v 0.085997 0.083421 0.055491
v 0.090425 0.087848 0.055491
v 0.088211 0.084014 0.055491
v 0.089831 0.085634 0.055491
v 0.060303 0.087848 0.055491
v 0.064731 0.083421 0.055491
v 0.060897 0.085634 0.055491
v 0.062517 0.084014 0.055491
v 0.085997 0.184375 0.051922
v 0.090425 0.179947 0.051922
v 0.088211 0.183782 0.051922
v 0.089831 0.182161 0.051922
v 0.064731 0.184375 0.051922
v 0.060303 0.179947 0.051922
v 0.062517 0.183782 0.051922
v 0.060897 0.182161 0.051922
v 0.090425 0.087848 0.051922
v 0.085997 0.083421 0.051922
v 0.089831 0.085634 0.051922
v 0.088211 0.084014 0.051922
v 0.064731 0.083421 0.051922
v 0.060303 0.087848 0.051922
v 0.062517 0.084014 0.051922
v 0.060897 0.085634 0.051922
v 0.084518 0.182881 0.051922
v 0.088930 0.178468 0.051922
v 0.086724 0.182289 0.051922
v 0.088339 0.180674 0.051922
v 0.066210 0.182881 0.051922
v 0.061798 0.178468 0.051922
v 0.064004 0.182289 0.051922
v 0.062389 0.180674 0.051922
v 0.088930 0.089327 0.051922
v 0.084518 0.084915 0.051922
v 0.088339 0.087121 0.051922
v 0.086724 0.085506 0.051922
v 0.066210 0.084915 0.051922
v 0.061798 0.089327 0.051922
v 0.064004 0.085506 0.051922
v 0.062389 0.087121 0.051922
v 0.090224 0.079225 0.043203
v 0.094620 0.083621 0.043203
v 0.092422 0.079814 0.043203
v 0.094031 0.081423 0.043203
v 0.060504 0.188571 0.043203
v 0.056107 0.184174 0.043203
v 0.058306 0.187982 0.043203
v 0.056696 0.186372 0.043203
v 0.094620 0.184174 0.043203
v 0.090224 0.188571 0.043203
v 0.094031 0.186372 0.043203
v 0.092422 0.187982 0.043203
v 0.056107 0.083621 0.043203
v 0.060504 0.079225 0.043203
v 0.056696 0.081423 0.043203
v 0.058306 0.079814 0.043203
v 0.027003 0.465090 0.140489
v 0.018252 0.465210 0.140339
v 0.030103 0.494681 0.140963
v 0.023961 0.495193 0.139974
v 0.031669 0.463606 0.116603
v 0.018969 0.463606 0.116603
v 0.026890 0.503005 0.116603
v 0.036593 0.503005 0.116603
v 0.031669 0.463606 0.112287
v 0.014726 0.463606 0.112287
v 0.026890 0.503005 0.112287
v 0.036593 0.503005 0.112287
v 0.031720 0.478096 0.140917
v 0.030034 0.472342 0.140753
v 0.024161 0.478108 0.139968
v 0.021229 0.472426 0.139927
v 0.025115 0.478721 0.116603
v 0.021214 0.471392 0.116603
v 0.033792 0.471392 0.116603
v 0.035586 0.478721 0.116603
v 0.027771 0.492930 0.116603
v 0.026894 0.484662 0.116603
v 0.037474 0.492930 0.116603
v 0.036912 0.484662 0.116603
v 0.032272 0.482148 0.140957
v 0.031886 0.487769 0.140963
v 0.025606 0.488042 0.139974
v 0.025397 0.482280 0.139974
v 0.021214 0.471392 0.112287
v 0.025115 0.478721 0.112287
v 0.035586 0.478721 0.112287
v 0.033792 0.471392 0.112287
v 0.026894 0.484662 0.112287
v 0.027771 0.492930 0.112287
v 0.036912 0.484662 0.112287
v 0.037474 0.492930 0.112287
v -0.007691 0.470619 0.124670
v 0.007691 0.470619 0.124670
v 0.032259 0.463879 0.123959
v 0.029046 0.464779 0.137421
v 0.031555 0.464332 0.132181
v 0.018969 0.464914 0.137320
v 0.019559 0.463879 0.123959
v 0.019708 0.464442 0.132090
v 0.026999 0.501437 0.123959
v 0.024836 0.496268 0.137695
v 0.026336 0.498582 0.132266
v 0.032599 0.496268 0.137695
v 0.036702 0.501437 0.123959
v 0.035376 0.498582 0.132266
v 0.032315 0.472279 0.137536
v 0.034524 0.471665 0.123959
v 0.034264 0.472040 0.132232
v 0.036230 0.478654 0.123959
v 0.033793 0.478265 0.137667
v 0.035847 0.478481 0.132264
v 0.024643 0.478228 0.137578
v 0.025616 0.478654 0.123959
v 0.025635 0.478472 0.132249
v 0.021804 0.471665 0.123959
v 0.021255 0.472380 0.137318
v 0.021959 0.472114 0.132136
v 0.034397 0.482549 0.137692
v 0.037344 0.484107 0.123959
v 0.036638 0.483188 0.132266
v 0.037707 0.491839 0.123959
v 0.034167 0.488640 0.137695
v 0.036660 0.489988 0.132266
v 0.026356 0.488640 0.137695
v 0.028004 0.491839 0.123959
v 0.027603 0.489988 0.132266
v 0.027268 0.484107 0.123959
v 0.026043 0.482558 0.137678
v 0.027110 0.483188 0.132266
v 0.021391 0.465019 0.141154
v 0.026031 0.494059 0.142245
v 0.023197 0.463606 0.116603
v 0.031742 0.503005 0.116603
v 0.023197 0.463606 0.112287
v 0.031742 0.503005 0.112287
v 0.027172 0.478017 0.142123
v 0.024908 0.472389 0.141828
v 0.027854 0.487427 0.142245
v 0.028019 0.481994 0.142226
v 0.030350 0.478721 0.112287
v 0.027503 0.471392 0.112287
v 0.032623 0.492930 0.112287
v 0.031903 0.484662 0.112287
v 0.022661 0.464447 0.137452
v 0.023791 0.464225 0.132109
v 0.023787 0.463879 0.123959
v 0.028717 0.496268 0.137695
v 0.030856 0.498582 0.132266
v 0.031851 0.501437 0.123959
v 0.028437 0.468318 0.140641
v 0.018719 0.468353 0.139982
v 0.032730 0.467499 0.116603
v 0.017970 0.467499 0.116603
v 0.007691 0.494976 0.124670
v 0.032730 0.467499 0.112287
v 0.017970 0.467499 0.112287
v -0.007691 0.494976 0.124670
v 0.033392 0.467772 0.123959
v 0.032994 0.468116 0.132193
v 0.030943 0.468258 0.137452
v 0.018559 0.467772 0.123959
v 0.018930 0.468117 0.132080
v 0.018558 0.468288 0.137228
v 0.025350 0.467499 0.112287
v 0.022776 0.468336 0.141646
v -0.027003 0.465090 0.140489
v -0.018252 0.465210 0.140339
v -0.030103 0.494681 0.140963
v -0.023961 0.495193 0.139974
v -0.031669 0.463606 0.116603
v -0.018969 0.463606 0.116603
v -0.026890 0.503005 0.116603
v -0.036593 0.503005 0.116603
v -0.031669 0.463606 0.112287
v -0.014726 0.463606 0.112287
v -0.026890 0.503005 0.112287
v -0.036593 0.503005 0.112287
v -0.031720 0.478096 0.140917
v -0.030034 0.472342 0.140753
v -0.024161 0.478108 0.139968
v -0.021229 0.472426 0.139927
v -0.025115 0.478721 0.116603
v -0.021214 0.471392 0.116603
v -0.033792 0.471392 0.116603
v -0.035586 0.478721 0.116603
v -0.027771 0.492930 0.116603
v -0.026894 0.484662 0.116603
v -0.037474 0.492930 0.116603
v -0.036912 0.484662 0.116603
v -0.032272 0.482148 0.140957
v -0.031886 0.487769 0.140963
v -0.025606 0.488042 0.139974
v -0.025397 0.482280 0.139974
v -0.021214 0.471392 0.112287
v -0.025115 0.478721 0.112287
v -0.035586 0.478721 0.112287
v -0.033792 0.471392 0.112287
v -0.026894 0.484662 0.112287
v -0.027771 0.492930 0.112287
v -0.036912 0.484662 0.112287
v -0.037474 0.492930 0.112287
v -0.032259 0.463879 0.123959
v -0.029046 0.464779 0.137421
v -0.031555 0.464332 0.132181
v -0.018969 0.464914 0.137320
v -0.019559 0.463879 0.123959
v -0.019708 0.464442 0.132090
v -0.026999 0.501437 0.123959
v -0.024836 0.496268 0.137695
v -0.026336 0.498582 0.132266
v -0.032599 0.496268 0.137695
v -0.036702 0.501437 0.123959
v -0.035376 0.498582 0.132266
v -0.032315 0.472279 0.137536
v -0.034524 0.471665 0.123959
v -0.034264 0.472040 0.132232
v -0.036230 0.478654 0.123959
v -0.033793 0.478265 0.137667
v -0.035847 0.478481 0.132264
v -0.024643 0.478228 0.137578
v -0.025616 0.478654 0.123959
v -0.025635 0.478472 0.132249
v -0.021804 0.471665 0.123959
v -0.021255 0.472380 0.137318
v -0.021959 0.472114 0.132136
v -0.034397 0.482549 0.137692
v -0.037344 0.484107 0.123959
v -0.036638 0.483188 0.132266
v -0.037707 0.491839 0.123959
v -0.034167 0.488640 0.137695
v -0.036660 0.489988 0.132266
v -0.026356 0.488640 0.137695
v -0.028004 0.491839 0.123959
v -0.027603 0.489988 0.132266
v -0.027268 0.484107 0.123959
v -0.026043 0.482558 0.137678
v -0.027110 0.483188 0.132266
v -0.021391 0.465019 0.141154
v -0.026031 0.494059 0.142245
v -0.023197 0.463606 0.116603
v -0.031742 0.503005 0.116603
v -0.023197 0.463606 0.112287
v -0.031742 0.503005 0.112287
v -0.027172 0.478017 0.142123
v -0.024908 0.472389 0.141828
v -0.027854 0.487427 0.142245
v -0.028019 0.481994 0.142226
v -0.030350 0.478721 0.112287
v -0.027503 0.471392 0.112287
v -0.032623 0.492930 0.112287
v -0.031903 0.484662 0.112287
v -0.022661 0.464447 0.137452
v -0.023791 0.464225 0.132109
v -0.023787 0.463879 0.123959
v -0.028717 0.496268 0.137695
v -0.030856 0.498582 0.132266
v -0.031851 0.501437 0.123959
v -0.028437 0.468318 0.140641
v -0.018719 0.468353 0.139982
v -0.032730 0.467499 0.116603
v -0.017970 0.467499 0.116603
v -0.032730 0.467499 0.112287
v -0.017970 0.467499 0.112287
v -0.033392 0.467772 0.123959
v -0.032994 0.468116 0.132193
v -0.030943 0.468258 0.137452
v -0.018559 0.467772 0.123959
v -0.018930 0.468117 0.132080
v -0.018558 0.468288 0.137228
v -0.025350 0.467499 0.112287
v -0.022776 0.468336 0.141646
v 0.007691 0.463606 0.116603
v -0.007691 0.463606 0.116603
v -0.007691 0.503005 0.116603
v 0.007691 0.503005 0.116603
v -0.007691 0.463606 0.112287
v 0.007691 0.463606 0.112287
v 0.007691 0.503005 0.112287
v -0.007691 0.503005 0.112287
v -0.007691 0.468704 0.116603
v 0.007691 0.468704 0.116603
v 0.007691 0.470619 0.116603
v -0.007691 0.470619 0.116603
v -0.007691 0.494976 0.116603
v 0.007691 0.494976 0.116603
v 0.007691 0.498724 0.116603
v -0.007691 0.498724 0.116603
v 0.007691 0.471392 0.112287
v -0.007691 0.471392 0.112287
v -0.007691 0.478721 0.112287
v 0.007691 0.478721 0.112287
v 0.007691 0.484662 0.112287
v -0.007691 0.484662 0.112287
v -0.007691 0.492930 0.112287
v 0.007691 0.492930 0.112287
v 0.007691 0.467499 0.116603
v -0.007691 0.467499 0.116603
v 0.007691 0.467499 0.112287
v -0.007691 0.467499 0.112287
v -0.032439 0.444785 0.119050
v -0.032439 0.453662 0.119050
v -0.034000 0.443224 0.112760
v -0.034000 0.455224 0.112760
v 0.032439 0.444785 0.119050
v 0.032439 0.453662 0.119050
v 0.034000 0.443224 0.112760
v 0.034000 0.455224 0.112760
v -0.034000 0.443224 0.119050
v -0.034000 0.455224 0.119050
v 0.034000 0.455224 0.119050
v 0.034000 0.443224 0.119050
v -0.089319 0.315008 0.082778
v -0.089433 0.316466 0.081313
v -0.089460 0.317000 0.079313
v -0.089393 0.316466 0.077313
v -0.089250 0.315008 0.075851
v -0.089070 0.313015 0.075316
v -0.088899 0.311023 0.075854
v -0.088785 0.309565 0.077319
v -0.088758 0.309031 0.079320
v -0.088825 0.309565 0.081319
v -0.088968 0.311023 0.082782
v -0.089149 0.313015 0.083316
v -0.103179 0.312648 0.083359
v -0.103724 0.314028 0.081915
v -0.104074 0.314503 0.079930
v -0.104137 0.313946 0.077937
v -0.103895 0.312505 0.076470
v -0.103414 0.310567 0.075921
v -0.102821 0.308652 0.076438
v -0.102277 0.307272 0.077882
v -0.101926 0.306797 0.079867
v -0.101863 0.307354 0.081860
v -0.102105 0.308795 0.083327
v -0.102587 0.310732 0.083876
v -0.113680 0.308477 0.085278
v -0.114736 0.309644 0.083933
v -0.115469 0.309960 0.082022
v -0.115681 0.309340 0.080058
v -0.115317 0.307950 0.078567
v -0.114474 0.306164 0.077948
v -0.113377 0.304458 0.078367
v -0.112321 0.303291 0.079713
v -0.111588 0.302975 0.081623
v -0.111376 0.303595 0.083588
v -0.111740 0.304984 0.085079
v -0.112584 0.306771 0.085698
v -0.120990 0.302727 0.088339
v -0.122546 0.303492 0.087208
v -0.123649 0.303510 0.085456
v -0.124003 0.302777 0.083552
v -0.123513 0.301489 0.082007
v -0.122310 0.299991 0.081234
v -0.120717 0.298684 0.081442
v -0.119161 0.297919 0.082573
v -0.118058 0.297901 0.084325
v -0.117704 0.298635 0.086229
v -0.118195 0.299923 0.087774
v -0.119397 0.301421 0.088547
v -0.125269 0.295628 0.092350
v -0.127152 0.295859 0.091519
v -0.128494 0.295485 0.089988
v -0.128936 0.294607 0.088166
v -0.128360 0.293460 0.086541
v -0.126919 0.292351 0.085549
v -0.125001 0.291578 0.085456
v -0.123118 0.291348 0.086287
v -0.121776 0.291722 0.087818
v -0.121334 0.292600 0.089641
v -0.121910 0.293747 0.091265
v -0.123350 0.294855 0.092257
v -0.126668 0.287412 0.097116
v -0.128648 0.287125 0.096584
v -0.130061 0.286376 0.095269
v -0.130529 0.285365 0.093524
v -0.129925 0.284363 0.091815
v -0.128412 0.283638 0.090602
v -0.126395 0.283385 0.090208
v -0.124414 0.283671 0.090740
v -0.123001 0.284421 0.092055
v -0.122534 0.285432 0.093800
v -0.123137 0.286434 0.095509
v -0.124651 0.287159 0.096722
v -0.125335 0.278318 0.102436
v -0.127264 0.277624 0.102142
v -0.128640 0.276583 0.100998
v -0.129094 0.275473 0.099310
v -0.128506 0.274593 0.097531
v -0.127033 0.274178 0.096136
v -0.125069 0.274339 0.095501
v -0.123140 0.275034 0.095795
v -0.121764 0.276075 0.096939
v -0.121310 0.277185 0.098627
v -0.121898 0.278065 0.100407
v -0.123371 0.278480 0.101801
v -0.121428 0.268592 0.108110
v -0.123241 0.267599 0.107990
v -0.124535 0.266347 0.106968
v -0.124965 0.265171 0.105318
v -0.124414 0.264388 0.103483
v -0.123031 0.264206 0.101953
v -0.121185 0.264674 0.101139
v -0.119372 0.265668 0.101259
v -0.118078 0.266920 0.102281
v -0.117649 0.268095 0.103930
v -0.118199 0.268878 0.105766
v -0.119583 0.269060 0.107296
v -0.115104 0.258473 0.113936
v -0.116782 0.257259 0.113943
v -0.117983 0.255855 0.113009
v -0.118386 0.254637 0.111384
v -0.117883 0.253931 0.109503
v -0.116608 0.253927 0.107872
v -0.114904 0.254625 0.106925
v -0.113227 0.255839 0.106918
v -0.112026 0.257244 0.107853
v -0.111623 0.258462 0.109478
v -0.112126 0.259167 0.111358
v -0.113400 0.259172 0.112990
v -0.106524 0.248202 0.119716
v -0.108060 0.246818 0.119818
v -0.109167 0.245300 0.118948
v -0.109546 0.244053 0.117339
v -0.109097 0.243413 0.115422
v -0.107940 0.243550 0.113710
v -0.106385 0.244429 0.112663
v -0.104848 0.245813 0.112560
v -0.103742 0.247331 0.113430
v -0.103362 0.248578 0.115040
v -0.103811 0.249218 0.116957
v -0.104968 0.249081 0.118668
v -0.095845 0.238018 0.125249
v -0.097238 0.236497 0.125425
v -0.098251 0.234888 0.124604
v -0.098611 0.233623 0.123005
v -0.098222 0.233040 0.121057
v -0.097189 0.233296 0.119281
v -0.095787 0.234322 0.118154
v -0.094394 0.235843 0.117977
v -0.093381 0.237452 0.118798
v -0.093021 0.238717 0.120397
v -0.093410 0.239300 0.122346
v -0.094443 0.239044 0.124121
v -0.083227 0.228159 0.130336
v -0.084473 0.226523 0.130572
v -0.085391 0.224840 0.129789
v -0.085736 0.223563 0.128196
v -0.085413 0.223032 0.126221
v -0.084511 0.223391 0.124392
v -0.083271 0.224543 0.123200
v -0.082024 0.226179 0.122964
v -0.081106 0.227862 0.123747
v -0.080761 0.229139 0.125340
v -0.081084 0.229670 0.127315
v -0.081986 0.229311 0.129144
v -0.068781 0.218831 0.134793
v -0.069956 0.217146 0.135052
v -0.070851 0.215448 0.134276
v -0.071227 0.214191 0.132674
v -0.070982 0.213714 0.130674
v -0.070182 0.214142 0.128813
v -0.069042 0.215363 0.127589
v -0.067867 0.217048 0.127330
v -0.066971 0.218746 0.128106
v -0.066596 0.220002 0.129709
v -0.066841 0.220480 0.131708
v -0.067640 0.220051 0.133570
v -0.050813 0.206893 0.139274
v -0.052084 0.205276 0.139508
v -0.053107 0.203667 0.138700
v -0.053608 0.202499 0.137065
v -0.053453 0.202085 0.135042
v -0.052683 0.202534 0.133174
v -0.051505 0.203728 0.131959
v -0.050234 0.205346 0.131725
v -0.049211 0.206954 0.132534
v -0.048710 0.208122 0.134168
v -0.048865 0.208537 0.136191
v -0.049635 0.208087 0.138060
v -0.035729 0.194106 0.142456
v -0.037175 0.192637 0.142653
v -0.038395 0.191197 0.141803
v -0.039063 0.190171 0.140133
v -0.039000 0.189834 0.138091
v -0.038222 0.190278 0.136224
v -0.036939 0.191382 0.135032
v -0.035493 0.192851 0.134835
v -0.034273 0.194291 0.135685
v -0.033605 0.195317 0.137355
v -0.033668 0.195654 0.139397
v -0.034445 0.195211 0.141264
v -0.023444 0.180806 0.144473
v -0.025055 0.179516 0.144643
v -0.026461 0.178277 0.143763
v -0.027284 0.177420 0.142067
v -0.027305 0.177175 0.140011
v -0.026518 0.177607 0.138146
v -0.025134 0.178602 0.136970
v -0.023523 0.179892 0.136800
v -0.022118 0.181131 0.137681
v -0.021294 0.181988 0.139376
v -0.021273 0.182233 0.141432
v -0.022060 0.181800 0.143298
v -0.013823 0.167302 0.145472
v -0.015582 0.166222 0.145627
v -0.017153 0.165216 0.144729
v -0.018115 0.164553 0.143020
v -0.018209 0.164411 0.140956
v -0.017411 0.164828 0.139092
v -0.015935 0.165693 0.137926
v -0.014175 0.166773 0.137771
v -0.012604 0.167779 0.138669
v -0.011642 0.168442 0.140379
v -0.011548 0.168584 0.142442
v -0.012346 0.168167 0.144307
v -0.006726 0.153907 0.145602
v -0.008612 0.153067 0.145754
v -0.010323 0.152324 0.144854
v -0.011399 0.151879 0.143142
v -0.011553 0.151849 0.141077
v -0.010743 0.152244 0.139213
v -0.009186 0.152957 0.138049
v -0.007300 0.153797 0.137896
v -0.005589 0.154540 0.138797
v -0.004513 0.154985 0.140509
v -0.004359 0.155014 0.142573
v -0.005169 0.154620 0.144437
v -0.002015 0.140929 0.145009
v -0.004000 0.140361 0.145174
v -0.005817 0.139914 0.144287
v -0.006979 0.139709 0.142586
v -0.007176 0.139799 0.140527
v -0.006355 0.140162 0.138661
v -0.004735 0.140700 0.137489
v -0.002751 0.141268 0.137324
v -0.000934 0.141715 0.138211
v 0.000229 0.141920 0.139912
v 0.000426 0.141829 0.141971
v -0.000396 0.141467 0.143837
v 0.000447 0.128676 0.143842
v -0.001598 0.128417 0.144037
v -0.003480 0.128301 0.143181
v -0.004695 0.128359 0.141505
v -0.004917 0.128577 0.139458
v -0.004086 0.128895 0.137588
v -0.002426 0.129228 0.136397
v -0.000381 0.129488 0.136203
v 0.001501 0.129604 0.137058
v 0.002715 0.129545 0.138734
v 0.002937 0.129327 0.140781
v 0.002107 0.129009 0.142651
v 0.000794 0.117450 0.142248
v -0.001260 0.117546 0.142493
v -0.003151 0.117804 0.141691
v -0.004373 0.118156 0.140057
v -0.004598 0.118507 0.138028
v -0.003767 0.118763 0.136150
v -0.002100 0.118855 0.134924
v -0.000047 0.118759 0.134679
v 0.001845 0.118500 0.135481
v 0.003067 0.118149 0.137115
v 0.003292 0.117798 0.139143
v 0.002460 0.117542 0.141022
v -0.000855 0.107552 0.140370
v -0.002836 0.108061 0.140694
v -0.004652 0.108747 0.139973
v -0.005816 0.109427 0.138401
v -0.006016 0.109917 0.136399
v -0.005200 0.110088 0.134504
v -0.003584 0.109893 0.133224
v -0.001604 0.109384 0.132901
v 0.000212 0.108697 0.133621
v 0.001376 0.108018 0.135193
v 0.001577 0.107527 0.137195
v 0.000760 0.107356 0.139090
v -0.004402 0.099297 0.138352
v -0.006173 0.100275 0.138791
v -0.007776 0.101439 0.138187
v -0.008780 0.102477 0.136703
v -0.008917 0.103111 0.134737
v -0.008150 0.103170 0.132815
v -0.006684 0.102640 0.131452
v -0.004912 0.101662 0.131013
v -0.003310 0.100498 0.131617
v -0.002306 0.099460 0.133101
v -0.002169 0.098827 0.135067
v -0.002936 0.098767 0.136989
v -0.009756 0.093051 0.136346
v -0.011111 0.094501 0.136937
v -0.012296 0.096138 0.136486
v -0.012994 0.097523 0.135114
v -0.013017 0.098286 0.133189
v -0.012359 0.098221 0.131227
v -0.011197 0.097347 0.129753
v -0.009841 0.095898 0.129163
v -0.008656 0.094261 0.129614
v -0.007959 0.092876 0.130985
v -0.007936 0.092113 0.132910
v -0.008593 0.092177 0.134872
v -0.016683 0.089273 0.134547
v -0.017492 0.091032 0.135281
v -0.018136 0.092975 0.134971
v -0.018442 0.094583 0.133703
v -0.018327 0.095423 0.131814
v -0.017823 0.095272 0.129811
v -0.017065 0.094169 0.128232
v -0.016255 0.092410 0.127498
v -0.015611 0.090467 0.127807
v -0.015306 0.088859 0.129076
v -0.015420 0.088019 0.130965
v -0.015924 0.088170 0.132967
v -0.021561 0.088240 0.133605
v -0.021914 0.090106 0.134430
v -0.022103 0.092156 0.134212
v -0.022076 0.093841 0.133010
v -0.021842 0.094710 0.131145
v -0.021462 0.094530 0.129117
v -0.021039 0.093348 0.127470
v -0.020686 0.091482 0.126646
v -0.020498 0.089431 0.126864
v -0.020524 0.087746 0.128066
v -0.020759 0.086877 0.129931
v -0.021138 0.087058 0.131958
v -0.026826 0.088163 0.132747
v -0.026804 0.090034 0.133635
v -0.026605 0.092089 0.133481
v -0.026283 0.093778 0.132327
v -0.025924 0.094649 0.130483
v -0.025625 0.094467 0.128442
v -0.025465 0.093282 0.126752
v -0.025488 0.091411 0.125865
v -0.025687 0.089356 0.126018
v -0.026009 0.087667 0.127172
v -0.026368 0.086797 0.129016
v -0.026667 0.086979 0.131057
v -0.032333 0.089194 0.131944
v -0.031926 0.090991 0.132888
v -0.031318 0.092968 0.132795
v -0.030671 0.094595 0.131689
v -0.030160 0.095436 0.129868
v -0.029921 0.095266 0.127818
v -0.030018 0.094130 0.126090
v -0.030425 0.092333 0.125146
v -0.031033 0.090356 0.125239
v -0.031679 0.088729 0.126344
v -0.032190 0.087888 0.128166
v -0.032430 0.088058 0.130216
v -0.037820 0.091515 0.131188
v -0.037032 0.093149 0.132186
v -0.036009 0.094949 0.132150
v -0.035024 0.096432 0.131092
v -0.034343 0.097200 0.129294
v -0.034146 0.097048 0.127239
v -0.034488 0.096017 0.125476
v -0.035276 0.094382 0.124479
v -0.036299 0.092582 0.124514
v -0.037284 0.091100 0.125572
v -0.037965 0.090332 0.127370
v -0.038162 0.090484 0.129426
v -0.042999 0.095292 0.130476
v -0.041866 0.096674 0.131522
v -0.040460 0.098194 0.131540
v -0.039157 0.099444 0.130526
v -0.038308 0.100090 0.128751
v -0.038139 0.099958 0.126692
v -0.038696 0.099084 0.124899
v -0.039829 0.097702 0.123854
v -0.041235 0.096182 0.123836
v -0.042538 0.094932 0.124850
v -0.043387 0.094287 0.126624
v -0.043556 0.094418 0.128684
v -0.047570 0.100651 0.129806
v -0.046164 0.101716 0.130892
v -0.044453 0.102879 0.130955
v -0.042893 0.103829 0.129979
v -0.041904 0.104312 0.128225
v -0.041750 0.104197 0.126164
v -0.042472 0.103517 0.124347
v -0.043878 0.102452 0.123261
v -0.045589 0.101288 0.123198
v -0.047149 0.100338 0.124174
v -0.048138 0.099856 0.125927
v -0.048292 0.099970 0.127989
v -0.051258 0.107680 0.129173
v -0.049673 0.108408 0.130290
v -0.047758 0.109188 0.130388
v -0.046026 0.109813 0.129442
v -0.044940 0.110115 0.127705
v -0.044792 0.110012 0.125642
v -0.045622 0.109533 0.123807
v -0.047206 0.108805 0.122690
v -0.049121 0.108024 0.122592
v -0.050854 0.107399 0.123538
v -0.051940 0.107098 0.125275
v -0.052088 0.107201 0.127338
v -0.053833 0.116469 0.128571
v -0.052154 0.116881 0.129710
v -0.050130 0.117301 0.129833
v -0.048304 0.117616 0.128909
v -0.047166 0.117742 0.127184
v -0.047020 0.117645 0.125121
v -0.047905 0.117351 0.123272
v -0.049585 0.116939 0.122134
v -0.051609 0.116520 0.122010
v -0.053434 0.116205 0.122934
v -0.054573 0.116079 0.124659
v -0.054719 0.116176 0.126722
v -0.055092 0.127135 0.127989
v -0.053379 0.127275 0.129142
v -0.051316 0.127382 0.129283
v -0.049456 0.127426 0.128374
v -0.048298 0.127397 0.126658
v -0.048152 0.127301 0.124595
v -0.049057 0.127165 0.122737
v -0.050771 0.127025 0.121584
v -0.052834 0.126918 0.121443
v -0.054693 0.126873 0.122352
v -0.055851 0.126903 0.124068
v -0.055997 0.126999 0.126131
v -0.054834 0.139820 0.127416
v -0.053123 0.139737 0.128580
v -0.051064 0.139585 0.128733
v -0.049208 0.139405 0.127834
v -0.048052 0.139245 0.126124
v -0.047906 0.139147 0.124061
v -0.048809 0.139139 0.122198
v -0.050519 0.139221 0.121034
v -0.052579 0.139373 0.120881
v -0.054435 0.139554 0.121780
v -0.055591 0.139714 0.123490
v -0.055737 0.139811 0.125553
v -0.052850 0.154684 0.126844
v -0.051162 0.154422 0.128015
v -0.049130 0.154060 0.128176
v -0.047297 0.153697 0.127284
v -0.046155 0.153429 0.125578
v -0.046009 0.153328 0.123515
v -0.046899 0.153422 0.121648
v -0.048587 0.153684 0.120477
v -0.050619 0.154045 0.120316
v -0.052452 0.154408 0.121208
v -0.053594 0.154676 0.122914
v -0.053740 0.154777 0.124977
v -0.048926 0.171872 0.126263
v -0.047271 0.171463 0.127439
v -0.045276 0.170937 0.127605
v -0.043474 0.170434 0.126717
v -0.042349 0.170090 0.125014
v -0.042202 0.169996 0.122951
v -0.043072 0.170177 0.121081
v -0.044727 0.170585 0.119905
v -0.046723 0.171111 0.119739
v -0.048525 0.171614 0.120627
v -0.049650 0.171959 0.122330
v -0.049797 0.172053 0.124393
v -0.044489 0.186466 0.125978
v -0.042874 0.185927 0.127156
v -0.040918 0.185267 0.127324
v -0.039147 0.184662 0.126438
v -0.038035 0.184275 0.124735
v -0.037879 0.184210 0.122672
v -0.038722 0.184483 0.120800
v -0.040338 0.185022 0.119623
v -0.042293 0.185682 0.119454
v -0.044064 0.186286 0.120340
v -0.045176 0.186673 0.122043
v -0.045332 0.186739 0.124107
v -0.039696 0.199318 0.126071
v -0.038125 0.198660 0.127248
v -0.036212 0.197885 0.127416
v -0.034470 0.197201 0.126529
v -0.033366 0.196792 0.124826
v -0.033196 0.196766 0.122763
v -0.034005 0.197131 0.120892
v -0.035576 0.197789 0.119715
v -0.037489 0.198564 0.119547
v -0.039231 0.199248 0.120434
v -0.040335 0.199657 0.122137
v -0.040505 0.199683 0.124200
v -0.034692 0.210846 0.126471
v -0.033161 0.210093 0.127644
v -0.031286 0.209230 0.127809
v -0.029569 0.208490 0.126920
v -0.028469 0.208069 0.125217
v -0.028283 0.208081 0.123155
v -0.029059 0.208523 0.121287
v -0.030589 0.209275 0.120113
v -0.032465 0.210138 0.119948
v -0.034182 0.210879 0.120837
v -0.035281 0.211299 0.122540
v -0.035468 0.211287 0.124602
v -0.029628 0.221446 0.127104
v -0.028125 0.220635 0.128274
v -0.026273 0.219724 0.128436
v -0.024568 0.218957 0.127546
v -0.023466 0.218541 0.125843
v -0.023264 0.218585 0.123783
v -0.024016 0.219080 0.121918
v -0.025519 0.219891 0.120748
v -0.027371 0.220802 0.120586
v -0.029077 0.221568 0.121476
v -0.030178 0.221985 0.123179
v -0.030380 0.221940 0.125239
v -0.024654 0.231521 0.127899
v -0.023157 0.230697 0.129069
v -0.021305 0.229785 0.129230
v -0.019595 0.229030 0.128341
v -0.018484 0.228634 0.126640
v -0.018270 0.228703 0.124581
v -0.019011 0.229219 0.122718
v -0.020508 0.230043 0.121549
v -0.022360 0.230955 0.121387
v -0.024070 0.231710 0.122276
v -0.025181 0.232106 0.123977
v -0.025395 0.232037 0.126036
v -0.019911 0.241479 0.128785
v -0.018397 0.240692 0.129957
v -0.016522 0.239830 0.130123
v -0.014787 0.239126 0.129238
v -0.013659 0.238767 0.127540
v -0.013438 0.238850 0.125483
v -0.014185 0.239352 0.123618
v -0.015700 0.240140 0.122446
v -0.017575 0.241001 0.122280
v -0.019310 0.241705 0.123164
v -0.020438 0.242064 0.124863
v -0.020658 0.241981 0.126920
v -0.015532 0.251734 0.129691
v -0.013983 0.251032 0.130871
v -0.012065 0.250269 0.131045
v -0.010294 0.249652 0.130168
v -0.009144 0.249344 0.128474
v -0.008923 0.249429 0.126417
v -0.009690 0.249884 0.124548
v -0.011240 0.250587 0.123369
v -0.013157 0.251349 0.123194
v -0.014928 0.251967 0.124071
v -0.016078 0.252274 0.125765
v -0.016299 0.252189 0.127822
v -0.011646 0.262709 0.130551
v -0.010053 0.262131 0.131740
v -0.008087 0.261506 0.131925
v -0.006276 0.261003 0.131057
v -0.005105 0.260757 0.129368
v -0.004887 0.260833 0.127310
v -0.005680 0.261211 0.125435
v -0.007274 0.261790 0.124246
v -0.009239 0.262414 0.124061
v -0.011050 0.262917 0.124929
v -0.012222 0.263163 0.126619
v -0.012440 0.263087 0.128676
v -0.008380 0.274832 0.131298
v -0.006748 0.274402 0.132497
v -0.004739 0.273938 0.132692
v -0.002893 0.273566 0.131831
v -0.001704 0.273384 0.130146
v -0.001491 0.273442 0.128087
v -0.002311 0.273723 0.126206
v -0.003944 0.274154 0.125008
v -0.005952 0.274617 0.124813
v -0.007798 0.274990 0.125674
v -0.008987 0.275172 0.127359
v -0.009200 0.275114 0.129418
v -0.005871 0.288532 0.131865
v -0.004209 0.288258 0.133070
v -0.002170 0.287961 0.133272
v -0.000300 0.287721 0.132416
v 0.000900 0.287601 0.130734
v 0.001109 0.287634 0.128674
v 0.000270 0.287812 0.126789
v -0.001391 0.288086 0.125585
v -0.003431 0.288383 0.125383
v -0.005301 0.288624 0.126238
v -0.006501 0.288744 0.127921
v -0.006710 0.288710 0.129981
v -0.006881 0.308173 0.127299
v -0.004867 0.308188 0.124499
v -0.001723 0.308189 0.123086
v 0.001701 0.308174 0.123436
v 0.004488 0.308148 0.125448
v 0.005896 0.308118 0.128579
v 0.005555 0.308092 0.131994
v 0.003555 0.308077 0.134783
v 0.000428 0.308077 0.136204
v -0.002995 0.308092 0.135872
v -0.007221 0.308148 0.130731
v -0.005797 0.308118 0.133870
v -0.006882 0.288619 0.132706
v -0.008003 0.288838 0.130198
v -0.004666 0.288280 0.134305
v -0.001952 0.287913 0.134570
v 0.000533 0.287614 0.133431
v 0.002126 0.287466 0.131197
v 0.002403 0.287506 0.128464
v 0.001290 0.287724 0.125960
v -0.000919 0.288062 0.124355
v -0.003633 0.288430 0.124082
v -0.006126 0.288729 0.125217
v -0.007726 0.288879 0.127456
v -0.004773 0.308143 0.133022
v -0.005910 0.308180 0.130512
v -0.002534 0.308103 0.134625
v 0.000204 0.308071 0.134893
v 0.002709 0.308056 0.133758
v 0.004311 0.308061 0.131525
v 0.004584 0.308085 0.128790
v 0.003454 0.308122 0.126284
v 0.001222 0.308162 0.124676
v -0.001517 0.308194 0.124400
v -0.004029 0.308210 0.125531
v -0.005638 0.308204 0.127769
v -0.006248 0.326213 0.133864
v -0.007668 0.326132 0.130726
v -0.003451 0.326347 0.135867
v -0.000031 0.326498 0.136201
v 0.003095 0.326627 0.134781
v 0.005094 0.326698 0.131991
v 0.005437 0.326693 0.128575
v 0.004029 0.326613 0.125443
v 0.001244 0.326479 0.123431
v -0.002177 0.326327 0.123083
v -0.005316 0.326198 0.124497
v -0.007327 0.326127 0.127295
v -0.093899 0.311351 0.071730
v -0.098031 0.311351 0.071730
v -0.093899 0.315356 0.072803
v -0.098031 0.315356 0.072803
v -0.093899 0.318288 0.075735
v -0.098031 0.318288 0.075735
v -0.093899 0.319361 0.079740
v -0.098031 0.319361 0.079740
v -0.093899 0.318288 0.083745
v -0.098031 0.318288 0.083745
v -0.093899 0.315356 0.086677
v -0.098031 0.315356 0.086677
v -0.093899 0.311351 0.087750
v -0.098031 0.311351 0.087750
v -0.093899 0.307346 0.086677
v -0.098031 0.307346 0.086677
v -0.093899 0.304414 0.083745
v -0.098031 0.304414 0.083745
v -0.093899 0.303341 0.079740
v -0.098031 0.303341 0.079740
v -0.093899 0.304414 0.075735
v -0.098031 0.304414 0.075735
v -0.093899 0.307346 0.072803
v -0.098031 0.307346 0.072803
v -0.098031 0.311351 0.079740
v -0.017557 0.606306 0.118425
v -0.017557 0.603910 0.130102
v -0.011079 0.604571 0.118425
v -0.012277 0.602495 0.130102
v -0.006337 0.599828 0.118425
v -0.008412 0.598630 0.130102
v -0.004601 0.593350 0.118425
v -0.006997 0.593350 0.130102
v -0.006337 0.586872 0.118425
v -0.008412 0.588070 0.130102
v -0.011079 0.582129 0.118425
v -0.012277 0.584204 0.130102
v -0.017557 0.580393 0.118425
v -0.017557 0.582789 0.130102
v -0.024036 0.582129 0.118425
v -0.022837 0.584204 0.130102
v -0.028778 0.586872 0.118425
v -0.026703 0.588070 0.130102
v -0.030514 0.593350 0.118425
v -0.028118 0.593350 0.130102
v -0.028778 0.599828 0.118425
v -0.026703 0.598630 0.130102
v -0.024036 0.604571 0.118425
v -0.022837 0.602495 0.130102
v -0.017557 0.606306 0.127602
v -0.011079 0.604571 0.127602
v -0.006337 0.599828 0.127602
v -0.004601 0.593350 0.127602
v -0.006337 0.586872 0.127602
v -0.011079 0.582129 0.127602
v -0.017557 0.580393 0.127602
v -0.024036 0.582129 0.127602
v -0.028778 0.586872 0.127602
v -0.030514 0.593350 0.127602
v -0.028778 0.599828 0.127602
v -0.024036 0.604571 0.127602
v 0.025316 0.606851 0.125675
v 0.025316 0.606851 0.120352
v 0.026323 0.603094 0.120352
v 0.026323 0.603094 0.125675
v -0.011079 0.604571 0.130102
v -0.017557 0.606306 0.130102
v -0.006337 0.599828 0.130102
v -0.004601 0.593350 0.130102
v -0.006337 0.586872 0.130102
v -0.011079 0.582129 0.130102
v -0.017557 0.580393 0.130102
v -0.024036 0.582129 0.130102
v -0.028778 0.586872 0.130102
v -0.030514 0.593350 0.130102
v -0.028778 0.599828 0.130102
v -0.024036 0.604571 0.130102
v -0.012917 0.601387 0.128513
v -0.017557 0.602630 0.128513
v -0.009521 0.597990 0.128513
v -0.008277 0.593350 0.128513
v -0.009521 0.588710 0.128513
v -0.012917 0.585313 0.128513
v -0.017557 0.584070 0.128513
v -0.022197 0.585313 0.128513
v -0.025594 0.588710 0.128513
v -0.026837 0.593350 0.128513
v -0.025594 0.597990 0.128513
v -0.022197 0.601387 0.128513
v -0.012277 0.602495 0.128513
v -0.017557 0.603910 0.128513
v -0.008412 0.598630 0.128513
v -0.006997 0.593350 0.128513
v -0.008412 0.588070 0.128513
v -0.012277 0.584204 0.128513
v -0.017557 0.582789 0.128513
v -0.022837 0.584204 0.128513
v -0.026703 0.588070 0.128513
v -0.028118 0.593350 0.128513
v -0.026703 0.598630 0.128513
v -0.022837 0.602495 0.128513
v -0.013371 0.600601 0.130102
v -0.017557 0.601723 0.130102
v -0.010306 0.597536 0.130102
v -0.009184 0.593350 0.130102
v -0.010306 0.589163 0.130102
v -0.013371 0.586099 0.130102
v -0.017557 0.584977 0.130102
v -0.021744 0.586099 0.130102
v -0.024808 0.589163 0.130102
v -0.025930 0.593350 0.130102
v -0.024808 0.597536 0.130102
v -0.021744 0.600601 0.130102
v -0.012917 0.601387 0.130102
v -0.017557 0.602630 0.130102
v -0.009521 0.597990 0.130102
v -0.008277 0.593350 0.130102
v -0.009521 0.588710 0.130102
v -0.012917 0.585313 0.130102
v -0.017557 0.584070 0.130102
v -0.022197 0.585313 0.130102
v -0.025594 0.588710 0.130102
v -0.026837 0.593350 0.130102
v -0.025594 0.597990 0.130102
v -0.022197 0.601387 0.130102
v -0.017557 0.593350 0.130102
v -0.034000 0.374119 0.119050
v -0.034000 0.386119 0.119050
v -0.034000 0.374119 0.112760
v -0.034000 0.386119 0.112760
v -0.014000 0.374119 0.119050
v -0.014000 0.386119 0.119050
v -0.014000 0.374119 0.112760
v -0.014000 0.386119 0.112760
v -0.010000 0.374119 0.119050
v -0.010000 0.386119 0.119050
v -0.010000 0.374119 0.112760
v -0.010000 0.386119 0.112760
v 0.010000 0.374119 0.119050
v 0.010000 0.386119 0.119050
v 0.010000 0.374119 0.112760
v 0.010000 0.386119 0.112760
v 0.014000 0.374119 0.119050
v 0.014000 0.386119 0.119050
v 0.014000 0.374119 0.112760
v 0.014000 0.386119 0.112760
v 0.034000 0.374119 0.119050
v 0.034000 0.386119 0.119050
v 0.034000 0.374119 0.112760
v 0.034000 0.386119 0.112760
v -0.034000 0.389719 0.119050
v -0.034000 0.401719 0.119050
v -0.034000 0.389719 0.112760
v -0.034000 0.401719 0.112760
v -0.014000 0.389719 0.119050
v -0.014000 0.401719 0.119050
v -0.014000 0.389719 0.112760
v -0.014000 0.401719 0.112760
v -0.010000 0.389719 0.119050
v -0.010000 0.401719 0.119050
v -0.010000 0.389719 0.112760
v -0.010000 0.401719 0.112760
v 0.010000 0.389719 0.119050
v 0.010000 0.401719 0.119050
v 0.010000 0.389719 0.112760
v 0.010000 0.401719 0.112760
v 0.014000 0.389719 0.119050
v 0.014000 0.401719 0.119050
v 0.014000 0.389719 0.112760
v 0.014000 0.401719 0.112760
v 0.034000 0.389719 0.119050
v 0.034000 0.401719 0.119050
v 0.034000 0.389719 0.112760
v 0.034000 0.401719 0.112760
v -0.034000 0.405319 0.119050
v -0.034000 0.417319 0.119050
v -0.034000 0.405319 0.112760
v -0.034000 0.417319 0.112760
v -0.014000 0.405319 0.119050
v -0.014000 0.417319 0.119050
v -0.014000 0.405319 0.112760
v -0.014000 0.417319 0.112760
v -0.010000 0.405319 0.119050
v -0.010000 0.417319 0.119050
v -0.010000 0.405319 0.112760
v -0.010000 0.417319 0.112760
v 0.010000 0.405319 0.119050
v 0.010000 0.417319 0.119050
v 0.010000 0.405319 0.112760
v 0.010000 0.417319 0.112760
v 0.014000 0.405319 0.119050
v 0.014000 0.417319 0.119050
v 0.014000 0.405319 0.112760
v 0.014000 0.417319 0.112760
v 0.034000 0.405319 0.119050
v 0.034000 0.417319 0.119050
v 0.034000 0.405319 0.112760
v 0.034000 0.417319 0.112760
v -0.034000 0.420919 0.119050
v -0.034000 0.432919 0.119050
v -0.034000 0.420919 0.112760
v -0.034000 0.432919 0.112760
v -0.014000 0.420919 0.119050
v -0.014000 0.432919 0.119050
v -0.014000 0.420919 0.112760
v -0.014000 0.432919 0.112760
v -0.010000 0.420919 0.119050
v -0.010000 0.432919 0.119050
v -0.010000 0.420919 0.112760
v -0.010000 0.432919 0.112760
v 0.010000 0.420919 0.119050
v 0.010000 0.432919 0.119050
v 0.010000 0.420919 0.112760
v 0.010000 0.432919 0.112760
v 0.014000 0.420919 0.119050
v 0.014000 0.432919 0.119050
v 0.014000 0.420919 0.112760
v 0.014000 0.432919 0.112760
v 0.034000 0.420919 0.119050
v 0.034000 0.432919 0.119050
v 0.034000 0.420919 0.112760
v 0.034000 0.432919 0.112760
v 0.000000 0.726516 -0.000000
v -0.000000 0.021260 -0.000000
v 0.000000 0.041838 0.067122
v 0.000000 0.697951 0.233401
v -0.057068 0.188184 0.109147
v -0.057068 0.118086 0.109147
v 0.004443 0.188184 0.109147
v 0.004443 0.118086 0.109147
v 0.075364 0.133898 0.055491
v 0.064564 0.704783 0.233951
v 0.064564 0.699399 0.233951
v 0.071742 0.699399 0.233951
v 0.071742 0.704783 0.233951
v 0.071518 0.706353 0.233951
v 0.070845 0.707474 0.233951
v 0.069724 0.708147 0.233951
v 0.068153 0.708372 0.233951
v 0.066583 0.708147 0.233951
v 0.065462 0.707474 0.233951
v 0.064789 0.706353 0.233951
v 0.071742 0.686837 0.233951
v 0.071742 0.688632 0.233951
v 0.080715 0.688632 0.233951
v 0.080715 0.686837 0.233951
v 0.079930 0.682126 0.233951
v 0.077575 0.678762 0.233951
v 0.073649 0.676743 0.233951
v 0.068153 0.676070 0.233951
v 0.062658 0.676743 0.233951
v 0.058732 0.678762 0.233951
v 0.056377 0.682126 0.233951
v 0.055592 0.686837 0.233951
v 0.055592 0.704783 0.233951
v 0.056377 0.709493 0.233951
v 0.058732 0.712858 0.233951
v 0.062658 0.714877 0.233951
v 0.068153 0.715550 0.233951
v 0.073649 0.714877 0.233951
v 0.077575 0.712858 0.233951
v 0.079930 0.709493 0.233951
v 0.080715 0.704783 0.233951
v 0.080715 0.692221 0.233951
v 0.064564 0.692221 0.233951
v 0.064564 0.686837 0.233951
v 0.064789 0.685267 0.233951
v 0.065462 0.684145 0.233951
v 0.066583 0.683472 0.233951
v 0.068153 0.683248 0.233951
v 0.069724 0.683472 0.233951
v 0.070845 0.684145 0.233951
v 0.071518 0.685267 0.233951
v 0.046639 0.704783 0.233951
v 0.046639 0.676070 0.233951
v 0.037666 0.676070 0.233951
v 0.037666 0.704783 0.233951
v 0.037441 0.706353 0.233951
v 0.036769 0.707474 0.233951
v 0.035647 0.708147 0.233951
v 0.034077 0.708372 0.233951
v 0.032506 0.708147 0.233951
v 0.031385 0.707474 0.233951
v 0.030712 0.706353 0.233951
v 0.030488 0.704783 0.233951
v 0.030488 0.676070 0.233951
v 0.021515 0.676070 0.233951
v 0.021515 0.715550 0.233951
v 0.030488 0.715550 0.233951
v 0.030488 0.711961 0.233951
v 0.030712 0.713531 0.233951
v 0.031385 0.714653 0.233951
v 0.032506 0.715326 0.233951
v 0.034077 0.715550 0.233951
v 0.039573 0.714877 0.233951
v 0.043498 0.712858 0.233951
v 0.045853 0.709493 0.233951
v -0.003589 0.704783 0.233951
v -0.003589 0.686837 0.233951
v -0.003365 0.685267 0.233951
v -0.002692 0.684145 0.233951
v -0.001570 0.683472 0.233951
v 0.000000 0.683248 0.233951
v 0.001570 0.683472 0.233951
v 0.002692 0.684145 0.233951
v 0.003365 0.685267 0.233951
v 0.003589 0.686837 0.233951
v 0.003589 0.704783 0.233951
v 0.003365 0.706353 0.233951
v 0.002692 0.707474 0.233951
v 0.001570 0.708147 0.233951
v 0.000000 0.708372 0.233951
v -0.001570 0.708147 0.233951
v -0.002692 0.707474 0.233951
v -0.003365 0.706353 0.233951
v -0.012562 0.686837 0.233951
v -0.012562 0.704783 0.233951
v -0.011777 0.709493 0.233951
v -0.009421 0.712858 0.233951
v -0.005496 0.714877 0.233951
v 0.000000 0.715550 0.233951
v 0.005496 0.714877 0.233951
v 0.009421 0.712858 0.233951
v 0.011777 0.709493 0.233951
v 0.012562 0.704783 0.233951
v 0.012562 0.686837 0.233951
v 0.011777 0.682126 0.233951
v 0.009421 0.678762 0.233951
v 0.005496 0.676743 0.233951
v 0.000000 0.676070 0.233951
v -0.005496 0.676743 0.233951
v -0.009421 0.678762 0.233951
v -0.011777 0.682126 0.233951
v -0.021515 0.704783 0.233951
v -0.021515 0.676070 0.233951
v -0.030488 0.676070 0.233951
v -0.030488 0.704783 0.233951
v -0.030712 0.706353 0.233951
v -0.031385 0.707474 0.233951
v -0.032506 0.708147 0.233951
v -0.034077 0.708372 0.233951
v -0.035647 0.708147 0.233951
v -0.036769 0.707474 0.233951
v -0.037441 0.706353 0.233951
v -0.037666 0.704783 0.233951
v -0.037666 0.676070 0.233951
v -0.046639 0.676070 0.233951
v -0.046639 0.726317 0.233951
v -0.037666 0.726317 0.233951
v -0.037666 0.711961 0.233951
v -0.037441 0.713531 0.233951
v -0.036769 0.714653 0.233951
v -0.035647 0.715326 0.233951
v -0.034077 0.715550 0.233951
v -0.028581 0.714877 0.233951
v -0.024655 0.712858 0.233951
v -0.022300 0.709493 0.233951
v -0.071742 0.719139 0.233951
v -0.071742 0.704783 0.233951
v -0.068153 0.704783 0.233951
v -0.066583 0.705007 0.233951
v -0.065462 0.705680 0.233951
v -0.064789 0.706801 0.233951
v -0.064564 0.708372 0.233951
v -0.064564 0.715550 0.233951
v -0.064789 0.717120 0.233951
v -0.065462 0.718242 0.233951
v -0.066583 0.718915 0.233951
v -0.068153 0.719139 0.233951
v -0.071742 0.697604 0.233951
v -0.071742 0.676070 0.233951
v -0.080715 0.676070 0.233951
v -0.080715 0.726317 0.233951
v -0.068153 0.726317 0.233951
v -0.062658 0.725644 0.233951
v -0.058732 0.723625 0.233951
v -0.056377 0.720261 0.233951
v -0.055592 0.715550 0.233951
v -0.055592 0.708372 0.233951
v -0.056377 0.703661 0.233951
v -0.058732 0.700296 0.233951
v -0.062658 0.698277 0.233951
v -0.068153 0.697604 0.233951
v 0.064564 0.704783 0.231723
v 0.064564 0.699399 0.231723
v 0.071742 0.699399 0.231723
v 0.071742 0.704783 0.231723
v 0.071518 0.706353 0.231723
v 0.070845 0.707474 0.231723
v 0.069724 0.708147 0.231723
v 0.068153 0.708372 0.231723
v 0.066583 0.708147 0.231723
v 0.065462 0.707474 0.231723
v 0.064789 0.706353 0.231723
v 0.071742 0.686837 0.231723
v 0.071742 0.688632 0.231723
v 0.080715 0.688632 0.231723
v 0.080715 0.686837 0.231723
v 0.079930 0.682126 0.231723
v 0.077575 0.678762 0.231723
v 0.073649 0.676743 0.231723
v 0.068153 0.676070 0.231723
v 0.062658 0.676743 0.231723
v 0.058732 0.678762 0.231723
v 0.056377 0.682126 0.231723
v 0.055592 0.686837 0.231723
v 0.055592 0.704783 0.231723
v 0.056377 0.709493 0.231723
v 0.058732 0.712858 0.231723
v 0.062658 0.714877 0.231723
v 0.068153 0.715550 0.231723
v 0.073649 0.714877 0.231723
v 0.077575 0.712858 0.231723
v 0.079930 0.709493 0.231723
v 0.080715 0.704783 0.231723
v 0.080715 0.692221 0.231723
v 0.064564 0.692221 0.231723
v 0.064564 0.686837 0.231723
v 0.064789 0.685267 0.231723
v 0.065462 0.684145 0.231723
v 0.066583 0.683472 0.231723
v 0.068153 0.683248 0.231723
v 0.069724 0.683472 0.231723
v 0.070845 0.684145 0.231723
v 0.071518 0.685267 0.231723
v 0.046639 0.704783 0.231723
v 0.046639 0.676070 0.231723
v 0.037666 0.676070 0.231723
v 0.037666 0.704783 0.231723
v 0.037441 0.706353 0.231723
v 0.036769 0.707474 0.231723
v 0.035647 0.708147 0.231723
v 0.034077 0.708372 0.231723
v 0.032506 0.708147 0.231723
v 0.031385 0.707474 0.231723
v 0.030712 0.706353 0.231723
v 0.030488 0.704783 0.231723
v 0.030488 0.676070 0.231723
v 0.021515 0.676070 0.231723
v 0.021515 0.715550 0.231723
v 0.030488 0.715550 0.231723
v 0.030488 0.711961 0.231723
v 0.030712 0.713531 0.231723
v 0.031385 0.714653 0.231723
v 0.032506 0.715326 0.231723
v 0.034077 0.715550 0.231723
v 0.039573 0.714877 0.231723
v 0.043498 0.712858 0.231723
v 0.045853 0.709493 0.231723
v -0.003589 0.704783 0.231723
v -0.003589 0.686837 0.231723
v -0.003365 0.685267 0.231723
v -0.002692 0.684145 0.231723
v -0.001570 0.683472 0.231723
v 0.000000 0.683248 0.231723
v 0.001570 0.683472 0.231723
v 0.002692 0.684145 0.231723
v 0.003365 0.685267 0.231723
v 0.003589 0.686837 0.231723
v 0.003589 0.704783 0.231723
v 0.003365 0.706353 0.231723
v 0.002692 0.707474 0.231723
v 0.001570 0.708147 0.231723
v 0.000000 0.708372 0.231723
v -0.001570 0.708147 0.231723
v -0.002692 0.707474 0.231723
v -0.003365 0.706353 0.231723
v -0.012562 0.686837 0.231723
v -0.012562 0.704783 0.231723
v -0.011777 0.709493 0.231723
v -0.009421 0.712858 0.231723
v -0.005496 0.714877 0.231723
v 0.000000 0.715550 0.231723
v 0.005496 0.714877 0.231723
v 0.009421 0.712858 0.231723
v 0.011777 0.709493 0.231723
v 0.012562 0.704783 0.231723
v 0.012562 0.686837 0.231723
v 0.011777 0.682126 0.231723
v 0.009421 0.678762 0.231723
v 0.005496 0.676743 0.231723
v 0.000000 0.676070 0.231723
v -0.005496 0.676743 0.231723
v -0.009421 0.678762 0.231723
v -0.011777 0.682126 0.231723
v -0.021515 0.704783 0.231723
v -0.021515 0.676070 0.231723
v -0.030488 0.676070 0.231723
v -0.030488 0.704783 0.231723
v -0.030712 0.706353 0.231723
v -0.031385 0.707474 0.231723
v -0.032506 0.708147 0.231723
v -0.034077 0.708372 0.231723
v -0.035647 0.708147 0.231723
v -0.036769 0.707474 0.231723
v -0.037441 0.706353 0.231723
v -0.037666 0.704783 0.231723
v -0.037666 0.676070 0.231723
v -0.046639 0.676070 0.231723
v -0.046639 0.726317 0.231723
v -0.037666 0.726317 0.231723
v -0.037666 0.711961 0.231723
v -0.037441 0.713531 0.231723
v -0.036769 0.714653 0.231723
v -0.035647 0.715326 0.231723
v -0.034077 0.715550 0.231723
v -0.028581 0.714877 0.231723
v -0.024655 0.712858 0.231723
v -0.022300 0.709493 0.231723
v -0.071742 0.719139 0.231723
v -0.071742 0.704783 0.231723
v -0.068153 0.704783 0.231723
v -0.066583 0.705007 0.231723
v -0.065462 0.705680 0.231723
v -0.064789 0.706801 0.231723
v -0.064564 0.708372 0.231723
v -0.064564 0.715550 0.231723
v -0.064789 0.717120 0.231723
v -0.065462 0.718242 0.231723
v -0.066583 0.718915 0.231723
v -0.068153 0.719139 0.231723
v -0.071742 0.697604 0.231723
v -0.071742 0.676070 0.231723
v -0.080715 0.676070 0.231723
v -0.080715 0.726317 0.231723
v -0.068153 0.726317 0.231723
v -0.062658 0.725644 0.231723
v -0.058732 0.723625 0.231723
v -0.056377 0.720261 0.231723
v -0.055592 0.715550 0.231723
v -0.055592 0.708372 0.231723
v -0.056377 0.703661 0.231723
v -0.058732 0.700296 0.231723
v -0.062658 0.698277 0.231723
v -0.068153 0.697604 0.231723
vn -0.0785 -0.9969 -0.0000
vn -0.3090 -0.9511 0.0001
vn -0.3090 -0.9510 0.0001
vn -0.5878 -0.8090 0.0002
vn -0.8090 -0.5878 0.0002
vn -0.9510 -0.3090 0.0001
vn -0.9511 -0.3090 0.0001
vn -0.9969 -0.0785 -0.0000
vn -0.0785 0.9969 -0.0000
vn -0.3090 0.9511 0.0001
vn -0.0784 0.9969 -0.0000
vn -0.3090 0.9510 0.0001
vn -0.5878 0.8090 0.0002
vn -0.8090 0.5878 0.0002
vn -0.9510 0.3090 0.0001
vn -0.9511 0.3090 0.0001
vn -0.9969 0.0785 -0.0000
vn -0.9969 0.0784 -0.0000
vn 0.0785 -0.9969 -0.0000
vn 0.3090 -0.9511 0.0001
vn 0.0784 -0.9969 -0.0000
vn 0.3090 -0.9510 0.0001
vn 0.5878 -0.8090 0.0002
vn 0.8090 -0.5878 0.0002
vn 0.9510 -0.3090 0.0001
vn 0.9511 -0.3090 0.0001
vn 0.9969 -0.0785 -0.0000
vn 0.9969 -0.0784 -0.0000
vn 0.0785 0.9969 -0.0000
vn 0.3090 0.9511 0.0001
vn 0.3090 0.9510 0.0001
vn 0.5878 0.8090 0.0002
vn 0.8090 0.5878 0.0002
vn 0.9510 0.3090 0.0001
vn 0.9511 0.3090 0.0001
vn 0.9969 0.0785 -0.0000
vn 0.9511 0.3090 -0.0001
vn 0.8090 0.5878 -0.0002
vn 0.5878 0.8090 -0.0002
vn 0.3090 0.9511 -0.0001
vn 0.3090 0.9510 -0.0001
vn 1.0000 -0.0000 -0.0000
vn -1.0000 -0.0000 -0.0000
vn -0.9511 0.3090 -0.0001
vn -0.0000 -0.0000 1.0000
vn -0.0784 -0.9969 -0.0000
vn 0.0784 0.9969 -0.0000
vn -0.0000 -0.0000 -1.0000
vn 0.9969 0.0784 -0.0000
vn -0.8090 0.5878 -0.0002
vn -0.5878 0.8090 -0.0002
vn -0.0000 -1.0000 -0.0004
vn -0.9969 -0.0784 -0.0000
vn -0.3090 0.9511 -0.0001
vn -0.9510 0.3091 -0.0001
vn -0.3090 0.9510 -0.0001
vn -0.0000 -1.0000 -0.0005
vn -0.0000 1.0000 -0.0005
vn 0.9510 0.3091 -0.0001
vn -0.9511 -0.3090 -0.0000
vn -0.8090 -0.5878 -0.0000
vn 0.9511 -0.3090 -0.0000
vn -0.5878 -0.8090 -0.0000
vn 0.8090 -0.5878 -0.0000
vn -0.3090 -0.9511 -0.0000
vn 0.5878 -0.8090 -0.0000
vn 0.3090 -0.9511 -0.0000
vn 0.8223 -0.3037 0.4812
vn 0.5172 -0.5325 0.6700
vn 0.5988 -0.5635 0.5691
vn 0.3488 -0.2767 0.8954
vn 0.7697 -0.1364 0.6237
vn 0.3505 -0.1686 0.9213
vn -0.9737 0.1501 0.1712
vn -0.7779 0.6236 0.0775
vn -0.8991 0.2430 0.3641
vn -0.6476 -0.3411 0.6813
vn -0.9135 -0.1394 0.3822
vn -0.8224 -0.3039 0.4810
vn -0.2528 -0.7228 0.6431
vn -0.5173 -0.5326 0.6699
vn -0.5990 -0.5638 0.5687
vn -0.2714 -0.7693 0.5784
vn -0.6445 -0.5978 0.4767
vn -0.2790 -0.8223 0.4959
vn 0.6204 -0.5496 0.5595
vn 0.8100 -0.2652 0.5230
vn 0.8506 -0.2700 0.4511
vn -0.7092 0.1775 -0.6823
vn -0.9978 0.0276 0.0603
vn -0.9995 0.0114 -0.0287
vn 0.3356 -0.1184 0.9345
vn 0.7784 -0.0692 0.6240
vn 0.3290 -0.1015 0.9389
vn -0.7697 -0.1364 0.6237
vn -0.9690 -0.0007 0.2472
vn -0.2578 0.6704 -0.6958
vn -0.0000 0.9933 0.1152
vn -0.3117 0.9500 0.0174
vn -0.2107 -0.6256 0.7512
vn 0.0001 -0.4568 0.8896
vn -0.2980 -0.4267 0.8539
vn 0.9690 -0.0006 0.2472
vn 0.7242 -0.2305 0.6499
vn 0.9135 -0.1393 0.3823
vn -0.8506 -0.2703 0.4510
vn -0.8679 -0.0088 0.4966
vn -0.8098 -0.2655 0.5232
vn 0.9380 -0.0607 0.3412
vn 0.8991 0.2430 0.3641
vn 0.9737 0.1501 0.1712
vn 0.8593 0.4037 -0.3140
vn 0.3117 0.9500 0.0174
vn 0.2578 0.6704 -0.6957
vn -0.0000 0.9064 0.4225
vn -0.3485 0.8722 0.3433
vn 0.7779 0.6236 0.0775
vn 0.3485 0.8722 0.3433
vn 0.8680 -0.0088 0.4965
vn 0.8289 0.3003 0.4720
vn -0.6561 -0.6385 0.4024
vn -0.3174 -0.8423 0.4355
vn 0.6564 -0.6387 0.4016
vn 0.8155 -0.3042 0.4924
vn -0.3504 -0.1686 0.9213
vn 0.0001 -0.2766 0.9610
vn -0.0000 -0.1621 0.9868
vn 0.2525 -0.7227 0.6434
vn 0.0001 -0.6473 0.7622
vn -0.0001 -0.7573 0.6530
vn -0.0002 -0.8344 0.5511
vn 0.2786 -0.8227 0.4955
vn 0.2709 -0.7693 0.5786
vn -0.3356 -0.1184 0.9346
vn -0.0000 -0.1121 0.9937
vn -0.3290 -0.1015 0.9389
vn -0.0131 -0.0000 -0.9999
vn -0.0094 0.0024 -1.0000
vn -0.0132 -0.0000 -0.9999
vn 0.0099 -0.0057 -0.9999
vn 0.0070 -0.0076 -0.9999
vn 0.0100 -0.0057 -0.9999
vn -0.0989 -0.0265 -0.9947
vn -0.1883 -0.0000 -0.9821
vn -0.1024 -0.0000 -0.9947
vn -0.1631 -0.0942 -0.9821
vn -0.1819 -0.0487 -0.9821
vn -0.0724 -0.0724 -0.9947
vn -0.0887 -0.0512 -0.9947
vn -0.0942 -0.1631 -0.9821
vn -0.1332 -0.1332 -0.9821
vn -0.0265 -0.0989 -0.9947
vn -0.0512 -0.0887 -0.9947
vn -0.0000 -0.1024 -0.9947
vn -0.0487 -0.1819 -0.9821
vn 0.0487 -0.1819 -0.9821
vn -0.0000 -0.1883 -0.9821
vn 0.0265 -0.0989 -0.9947
vn 0.0942 -0.1631 -0.9821
vn 0.0724 -0.0724 -0.9947
vn 0.0512 -0.0887 -0.9947
vn 0.1631 -0.0942 -0.9821
vn 0.1332 -0.1332 -0.9821
vn 0.0989 -0.0265 -0.9947
vn 0.0887 -0.0512 -0.9947
vn 0.1883 -0.0000 -0.9821
vn 0.1819 -0.0487 -0.9821
vn 0.0989 0.0265 -0.9947
vn 0.1024 -0.0000 -0.9947
vn 0.1631 0.0942 -0.9821
vn 0.1819 0.0487 -0.9821
vn 0.0887 0.0512 -0.9947
vn 0.1332 0.1332 -0.9821
vn 0.0512 0.0887 -0.9947
vn 0.0724 0.0724 -0.9947
vn 0.0487 0.1819 -0.9821
vn 0.0942 0.1631 -0.9821
vn -0.0000 0.1024 -0.9947
vn 0.0265 0.0989 -0.9947
vn -0.0487 0.1819 -0.9821
vn -0.0000 0.1883 -0.9821
vn -0.0265 0.0989 -0.9947
vn -0.0942 0.1631 -0.9821
vn -0.0512 0.0887 -0.9947
vn -0.1332 0.1332 -0.9821
vn -0.0887 0.0512 -0.9947
vn -0.0724 0.0724 -0.9947
vn -0.0989 0.0265 -0.9947
vn -0.1631 0.0942 -0.9821
vn -0.1819 0.0487 -0.9821
vn -0.0024 0.0020 1.0000
vn -0.0003 0.0004 1.0000
vn -0.0003 0.0003 1.0000
vn -0.0092 0.0024 -1.0000
vn -0.0052 0.0029 -1.0000
vn 0.0207 -0.0055 0.9998
vn 0.0204 -0.0000 0.9998
vn 0.0208 -0.0056 0.9998
vn -0.0170 -0.0098 0.9998
vn -0.0111 -0.0118 0.9999
vn -0.0172 -0.0099 0.9998
vn 0.0118 -0.0211 -0.9997
vn 0.0067 -0.0073 -1.0000
vn -0.0050 0.0028 -1.0000
vn -0.0017 0.0015 -1.0000
vn 0.0024 0.0020 1.0000
vn 0.0003 0.0004 1.0000
vn 0.0026 0.0022 1.0000
vn 0.0088 -0.0334 -0.9994
vn 0.0123 -0.0216 -0.9997
vn -0.0000 -0.0473 0.9989
vn 0.0112 -0.0421 0.9991
vn -0.0000 -0.0475 0.9989
vn -0.0016 0.0014 -1.0000
vn -0.0005 0.0007 -1.0000
vn -0.0000 -0.0399 -0.9992
vn 0.0090 -0.0338 -0.9994
vn -0.0002 0.0008 1.0000
vn -0.0002 0.0009 1.0000
vn -0.0003 0.0009 -1.0000
vn -0.0004 0.0007 -1.0000
vn 0.0172 -0.0099 0.9998
vn 0.0171 -0.0098 0.9998
vn -0.0207 -0.0055 0.9998
vn -0.0208 -0.0056 0.9998
vn -0.0090 -0.0338 -0.9994
vn -0.0000 -0.0402 -0.9992
vn -0.0000 0.0008 -1.0000
vn -0.0202 -0.0000 0.9998
vn -0.0164 0.0043 0.9999
vn -0.0161 0.0042 0.9999
vn 0.0087 0.0047 1.0000
vn 0.0091 0.0050 0.9999
vn -0.0088 -0.0334 -0.9994
vn -0.0123 -0.0216 -0.9997
vn -0.0112 -0.0421 0.9991
vn -0.0110 -0.0416 0.9991
vn 0.0003 0.0009 -1.0000
vn 0.7079 0.7063 0.0073
vn 0.8470 0.4904 0.2051
vn 0.8664 0.4991 0.0158
vn 0.2583 -0.9647 0.0514
vn 0.4928 -0.8483 0.1937
vn 0.2359 -0.9472 0.2171
vn -0.9657 0.2580 0.0285
vn -0.8470 0.4904 0.2051
vn -0.8664 0.4991 0.0158
vn -0.9996 0.0007 0.0290
vn -0.9493 -0.2316 0.2127
vn -0.9721 0.0008 0.2344
vn 0.4969 0.8469 0.1895
vn 0.6969 0.6958 0.1739
vn 0.7048 -0.7093 0.0114
vn 0.4972 -0.8669 0.0357
vn -0.9441 0.2353 0.2309
vn -0.9658 -0.2583 0.0212
vn -0.8496 -0.4947 0.1827
vn 0.5000 0.8660 0.0070
vn 0.2497 0.9501 0.1871
vn 0.8497 -0.4947 0.1827
vn 0.6963 -0.7000 0.1588
vn -0.7048 -0.7093 0.0114
vn -0.8663 -0.4993 0.0108
vn -0.0000 1.0000 0.0029
vn 0.2590 0.9659 0.0051
vn 0.9658 -0.2583 0.0212
vn 0.8663 -0.4993 0.0108
vn -0.4928 -0.8483 0.1938
vn -0.6963 -0.7000 0.1589
vn -0.2497 0.9501 0.1871
vn -0.0000 0.9856 0.1689
vn 0.9996 0.0007 0.0290
vn 0.9493 -0.2316 0.2127
vn -0.2583 -0.9647 0.0514
vn -0.4972 -0.8669 0.0357
vn -0.5000 0.8660 0.0070
vn -0.2590 0.9659 0.0051
vn 0.9441 0.2353 0.2309
vn 0.9721 0.0008 0.2344
vn -0.0000 -0.9990 0.0445
vn -0.2359 -0.9472 0.2171
vn -0.7079 0.7063 0.0073
vn -0.4969 0.8469 0.1895
vn 0.9657 0.2580 0.0285
vn -0.0000 -0.9774 0.2113
vn -0.6969 0.6958 0.1739
vn -0.7069 -0.7073 0.0017
vn -0.4997 -0.8662 0.0050
vn -0.7069 -0.7073 0.0016
vn 0.7069 -0.7073 0.0017
vn 0.4997 -0.8662 0.0050
vn 0.4997 -0.8662 0.0051
vn 0.8661 0.4999 0.0007
vn 0.9660 0.2587 0.0011
vn 0.9660 0.2587 0.0012
vn -0.0000 1.0000 0.0002
vn -0.2588 0.9659 0.0003
vn -0.9660 0.2587 0.0012
vn -1.0000 -0.0000 0.0025
vn -0.9660 0.2587 0.0011
vn -0.9659 -0.2588 0.0016
vn -0.8660 -0.5000 0.0014
vn 0.2585 -0.9660 0.0074
vn -0.0000 -1.0000 0.0091
vn -0.0000 -1.0000 0.0092
vn 0.9659 -0.2588 0.0016
vn 1.0000 -0.0000 0.0025
vn 0.2588 0.9659 0.0003
vn 0.5000 0.8660 0.0003
vn -0.7072 0.7070 0.0004
vn -0.8661 0.4999 0.0007
vn -0.4997 -0.8662 0.0051
vn -0.2585 -0.9660 0.0072
vn 0.8660 -0.5000 0.0014
vn 0.7069 -0.7073 0.0016
vn 0.7072 0.7070 0.0004
vn -0.5000 0.8660 0.0003
vn 0.2585 -0.9660 0.0072
vn -0.2585 -0.9660 0.0074
vn 0.0110 -0.0416 0.9991
vn 0.0155 -0.0277 0.9995
vn 0.0121 -0.0032 -0.9999
vn 0.0122 -0.0033 -0.9999
vn 0.0002 0.0008 1.0000
vn 0.0003 0.0003 1.0000
vn 0.0131 -0.0000 -0.9999
vn 0.0132 -0.0000 -0.9999
vn -0.0150 -0.0270 0.9995
vn -0.0108 -0.0114 0.9999
vn 0.0203 -0.0001 0.9998
vn 0.0164 0.0043 0.9999
vn -0.0088 0.0048 1.0000
vn -0.0026 0.0022 1.0000
vn 0.0094 0.0024 -1.0000
vn 0.0092 0.0024 -1.0000
vn 0.0150 -0.0270 0.9995
vn 0.0111 -0.0118 0.9999
vn 0.0052 0.0029 -1.0000
vn 0.0051 0.0028 -1.0000
vn -0.0000 0.0007 1.0000
vn 0.0002 0.0009 1.0000
vn -0.0122 -0.0033 -0.9999
vn -0.0121 -0.0032 -0.9999
vn 0.0017 0.0015 -1.0000
vn 0.0016 0.0014 -1.0000
vn -0.0155 -0.0277 0.9995
vn -0.0100 -0.0057 -0.9999
vn -0.0099 -0.0057 -0.9999
vn 0.0161 0.0042 0.9999
vn -0.0091 0.0050 0.9999
vn -0.0204 -0.0000 0.9998
vn 0.0005 0.0007 -1.0000
vn 0.0004 0.0007 -1.0000
vn -0.0070 -0.0076 -0.9999
vn -0.0067 -0.0073 -1.0000
vn 0.0108 -0.0114 0.9999
vn -0.0118 -0.0211 -0.9997
vn -0.9477 -0.2539 -0.1932
vn -0.7203 -0.0000 -0.6937
vn -0.6957 -0.1864 -0.6937
vn -0.2090 -0.0000 -0.9779
vn -0.2019 -0.0541 -0.9779
vn -0.6238 -0.3601 -0.6937
vn -0.8497 -0.4906 -0.1932
vn -0.1810 -0.1045 -0.9779
vn -0.6938 -0.6938 -0.1932
vn -0.5093 -0.5093 -0.6937
vn -0.1478 -0.1478 -0.9779
vn -0.3601 -0.6238 -0.6937
vn -0.4906 -0.8498 -0.1930
vn -0.1045 -0.1810 -0.9779
vn -0.2539 -0.9478 -0.1929
vn -0.1864 -0.6957 -0.6937
vn -0.0541 -0.2019 -0.9779
vn -0.0000 -0.7203 -0.6937
vn -0.0000 -0.9812 -0.1929
vn -0.0000 -0.2090 -0.9779
vn 0.2539 -0.9478 -0.1929
vn 0.1864 -0.6957 -0.6937
vn 0.0541 -0.2019 -0.9779
vn 0.3601 -0.6238 -0.6937
vn 0.4905 -0.8498 -0.1930
vn 0.1045 -0.1810 -0.9779
vn 0.5093 -0.5093 -0.6937
vn 0.6938 -0.6938 -0.1932
vn 0.1478 -0.1478 -0.9779
vn 0.6238 -0.3601 -0.6937
vn 0.8497 -0.4906 -0.1932
vn 0.1810 -0.1045 -0.9779
vn 0.6957 -0.1864 -0.6937
vn 0.9477 -0.2539 -0.1932
vn 0.2019 -0.0541 -0.9779
vn 0.9812 -0.0000 -0.1932
vn 0.7203 -0.0000 -0.6937
vn 0.2090 -0.0000 -0.9779
vn 0.9477 0.2539 -0.1933
vn 0.6957 0.1864 -0.6937
vn 0.2019 0.0541 -0.9779
vn 0.8497 0.4905 -0.1933
vn 0.6238 0.3601 -0.6937
vn 0.1810 0.1045 -0.9779
vn 0.5093 0.5093 -0.6937
vn 0.6938 0.6937 -0.1934
vn 0.1478 0.1478 -0.9779
vn 0.3601 0.6238 -0.6937
vn 0.4906 0.8497 -0.1935
vn 0.1045 0.1810 -0.9779
vn 0.2539 0.9477 -0.1935
vn 0.1864 0.6957 -0.6937
vn 0.0541 0.2019 -0.9779
vn -0.0000 0.9811 -0.1935
vn -0.0000 0.7203 -0.6937
vn -0.0000 0.2090 -0.9779
vn -0.1864 0.6957 -0.6937
vn -0.2539 0.9477 -0.1935
vn -0.0541 0.2019 -0.9779
vn -0.3601 0.6238 -0.6937
vn -0.4906 0.8497 -0.1935
vn -0.1045 0.1810 -0.9779
vn -0.5093 0.5093 -0.6937
vn -0.6938 0.6937 -0.1934
vn -0.1478 0.1478 -0.9779
vn -0.8497 0.4905 -0.1933
vn -0.6238 0.3601 -0.6937
vn -0.1810 0.1045 -0.9779
vn -0.9477 0.2539 -0.1933
vn -0.6957 0.1864 -0.6937
vn -0.2019 0.0541 -0.9779
vn -0.9812 -0.0000 -0.1932
vn -0.9659 -0.2588 0.0006
vn -1.0000 -0.0000 0.0005
vn -0.8661 -0.5000 0.0005
vn -0.9660 0.2587 0.0004
vn -0.7070 -0.7072 0.0004
vn -0.4998 -0.8662 0.0007
vn -0.2587 -0.9660 0.0011
vn -0.0000 -1.0000 0.0012
vn 0.2587 -0.9660 0.0011
vn 0.4998 -0.8662 0.0007
vn 0.7070 -0.7072 0.0004
vn 0.8661 -0.5000 0.0005
vn 0.9659 -0.2588 0.0006
vn 1.0000 -0.0000 0.0005
vn 0.9660 0.2587 0.0004
vn 0.8661 0.4999 0.0002
vn 0.7072 0.7070 0.0001
vn 0.5000 0.8660 -0.0000
vn 0.2588 0.9659 -0.0000
vn -0.0000 1.0000 -0.0000
vn -0.2588 0.9659 -0.0000
vn -0.5000 0.8660 -0.0000
vn -0.7072 0.7070 0.0001
vn -0.8661 0.4999 0.0002
vn 0.3529 -0.0000 -0.9356
vn 0.8868 0.2376 -0.3965
vn 0.3409 0.0913 -0.9356
vn 0.7950 0.4590 -0.3965
vn 0.3057 0.1765 -0.9356
vn 0.2496 0.2496 -0.9356
vn 0.6492 0.6491 -0.3965
vn 0.4590 0.7950 -0.3965
vn 0.1765 0.3057 -0.9356
vn 0.0913 0.3409 -0.9356
vn 0.2376 0.8868 -0.3965
vn -0.0000 0.9180 -0.3965
vn -0.0000 0.3529 -0.9356
vn -0.0913 0.3409 -0.9356
vn -0.2376 0.8868 -0.3965
vn -0.1765 0.3057 -0.9356
vn -0.4590 0.7950 -0.3965
vn -0.2496 0.2496 -0.9356
vn -0.6492 0.6491 -0.3965
vn -0.7950 0.4590 -0.3965
vn -0.3057 0.1765 -0.9356
vn -0.3409 0.0913 -0.9356
vn -0.8868 0.2376 -0.3965
vn -0.3529 -0.0000 -0.9356
vn -0.9180 -0.0000 -0.3965
vn -0.8868 -0.2376 -0.3965
vn -0.3409 -0.0913 -0.9356
vn -0.7950 -0.4590 -0.3965
vn -0.3057 -0.1765 -0.9356
vn -0.6491 -0.6491 -0.3965
vn -0.2496 -0.2496 -0.9356
vn -0.4590 -0.7950 -0.3965
vn -0.1765 -0.3057 -0.9356
vn -0.2376 -0.8868 -0.3965
vn -0.0914 -0.3409 -0.9356
vn -0.0000 -0.9180 -0.3965
vn -0.0000 -0.3529 -0.9356
vn 0.2376 -0.8868 -0.3965
vn 0.0913 -0.3409 -0.9356
vn 0.4590 -0.7950 -0.3965
vn 0.1765 -0.3057 -0.9356
vn 0.2496 -0.2496 -0.9356
vn 0.6491 -0.6491 -0.3965
vn 0.3057 -0.1765 -0.9356
vn 0.7950 -0.4590 -0.3965
vn 0.3409 -0.0913 -0.9356
vn 0.8868 -0.2376 -0.3965
vn 0.9180 -0.0000 -0.3965
vn 0.9659 0.2588 -0.0000
vn 0.8660 0.5000 -0.0000
vn 0.7071 0.7071 -0.0000
vn -0.7071 0.7071 -0.0000
vn -0.8660 0.5000 -0.0000
vn -0.9659 0.2588 -0.0000
vn -0.9659 -0.2588 -0.0000
vn -0.8660 -0.5000 -0.0000
vn -0.7071 -0.7071 -0.0000
vn -0.5000 -0.8660 -0.0000
vn -0.2588 -0.9659 -0.0000
vn -0.0000 -1.0000 -0.0000
vn 0.2588 -0.9659 -0.0000
vn 0.5000 -0.8660 -0.0000
vn 0.7071 -0.7071 -0.0000
vn 0.8660 -0.5000 -0.0000
vn 0.9659 -0.2588 -0.0000
vn 0.2981 -0.4267 0.8539
vn 0.6476 -0.3411 0.6814
vn -0.6968 0.6360 0.3315
vn -0.8289 0.3003 0.4720
vn -0.8154 -0.3042 0.4926
vn -0.0001 -0.8577 0.5141
vn 0.3174 -0.8425 0.4353
vn -0.8552 0.0068 0.5183
vn 0.6968 0.6360 0.3315
vn 0.8552 0.0068 0.5182
vn -0.0000 -0.8762 0.4820
vn 0.2107 -0.6255 0.7512
vn 0.6447 -0.5982 0.4759
vn -0.0000 0.7301 -0.6833
vn -0.7784 -0.0692 0.6240
vn -0.3488 -0.2766 0.8955
vn -0.8593 0.4037 -0.3140
vn -0.7243 -0.2304 0.6499
vn -0.6206 -0.5500 0.5589
vn -0.7848 -0.0949 0.6124
vn -0.0000 -0.1182 0.9930
vn 0.9978 0.0276 0.0603
vn -0.9380 -0.0608 0.3412
vn 0.7848 -0.0949 0.6124
vn -0.7798 -0.0531 0.6238
vn -0.3406 -0.0845 0.9364
vn -0.0000 0.2783 -0.9605
vn -0.0000 -0.0942 0.9956
vn 0.3406 -0.0844 0.9364
vn 0.7798 -0.0531 0.6238
vn -0.6645 0.0634 -0.7446
vn -0.9989 -0.0025 -0.0475
vn 0.7092 0.1775 -0.6823
vn 0.9995 0.0114 -0.0287
vn -0.1787 0.1050 -0.9783
vn -0.1862 0.2654 -0.9460
vn -0.0000 0.1166 -0.9932
vn 0.1862 0.2654 -0.9460
vn 0.6645 0.0634 -0.7446
vn 0.9989 -0.0025 -0.0475
vn 0.1787 0.1050 -0.9783
vn -0.1733 0.0406 -0.9840
vn -0.1482 -0.0000 -0.9890
vn 0.9995 -0.0000 -0.0308
vn 0.7851 -0.0374 0.6183
vn 0.9997 -0.0116 -0.0205
vn 0.1733 0.0406 -0.9840
vn -0.0000 0.0461 -0.9989
vn -0.6762 0.0167 -0.7365
vn -0.6719 -0.0000 -0.7407
vn 0.6719 -0.0000 -0.7407
vn 0.6762 0.0167 -0.7365
vn -0.3462 -0.0484 0.9369
vn -0.7851 -0.0374 0.6183
vn -0.9997 -0.0116 -0.0205
vn 0.3462 -0.0484 0.9369
vn -0.0000 -0.0535 0.9986
vn -0.9995 -0.0000 -0.0308
vn 0.3212 -0.0000 0.9470
vn 0.1482 -0.0000 -0.9890
vn -0.3212 -0.0000 0.9470
vn -0.7827 -0.0000 0.6224
vn 0.8223 0.3037 0.4812
vn 0.5172 0.5325 0.6700
vn 0.6476 0.3411 0.6814
vn 0.7697 0.1364 0.6237
vn 0.3488 0.2767 0.8954
vn 0.3505 0.1686 0.9213
vn -0.9737 -0.1501 0.1712
vn -0.7779 -0.6236 0.0775
vn -0.8593 -0.4037 -0.3140
vn -0.9135 0.1394 0.3822
vn -0.6476 0.3411 0.6813
vn -0.8224 0.3039 0.4810
vn -0.2528 0.7228 0.6431
vn -0.5173 0.5326 0.6699
vn -0.2107 0.6256 0.7512
vn -0.2714 0.7693 0.5784
vn -0.6445 0.5978 0.4767
vn -0.6206 0.5500 0.5589
vn 0.8100 0.2652 0.5230
vn 0.6204 0.5496 0.5595
vn 0.8506 0.2700 0.4511
vn -0.9978 -0.0276 0.0602
vn -0.7092 -0.1776 -0.6823
vn -0.9995 -0.0114 -0.0287
vn 0.7784 0.0692 0.6240
vn 0.3356 0.1184 0.9345
vn 0.3290 0.1015 0.9389
vn -0.7697 0.1364 0.6237
vn -0.9690 0.0007 0.2472
vn -0.2578 -0.6704 -0.6958
vn -0.0000 -0.9933 0.1152
vn -0.0000 -0.7301 -0.6833
vn 0.0001 0.4568 0.8896
vn -0.2980 0.4267 0.8539
vn 0.9690 0.0006 0.2472
vn 0.7242 0.2305 0.6499
vn -0.8506 0.2703 0.4510
vn -0.8679 0.0088 0.4966
vn -0.9380 0.0608 0.3412
vn 0.8991 -0.2430 0.3641
vn 0.9380 0.0607 0.3412
vn 0.9737 -0.1501 0.1712
vn 0.3117 -0.9500 0.0174
vn 0.8593 -0.4037 -0.3140
vn 0.2578 -0.6704 -0.6957
vn -0.3117 -0.9500 0.0174
vn -0.0000 -0.9064 0.4225
vn 0.3485 -0.8722 0.3433
vn 0.7779 -0.6236 0.0775
vn 0.8289 -0.3003 0.4720
vn 0.8680 0.0088 0.4965
vn -0.2790 0.8223 0.4959
vn -0.6561 0.6385 0.4024
vn 0.6564 0.6387 0.4016
vn 0.6447 0.5982 0.4759
vn -0.3504 0.1686 0.9213
vn 0.0001 0.2766 0.9610
vn -0.3488 0.2766 0.8955
vn 0.2525 0.7227 0.6434
vn 0.0001 0.6473 0.7622
vn 0.2107 0.6255 0.7512
vn 0.2786 0.8227 0.4955
vn -0.0002 0.8344 0.5511
vn 0.2709 0.7693 0.5786
vn -0.0000 0.1121 0.9937
vn -0.3356 0.1184 0.9346
vn -0.3290 0.1015 0.9389
vn -0.0094 -0.0024 -1.0000
vn -0.0092 -0.0024 -1.0000
vn 0.0099 0.0057 -0.9999
vn 0.0070 0.0076 -0.9999
vn 0.0067 0.0073 -1.0000
vn -0.0003 -0.0004 1.0000
vn -0.0024 -0.0020 1.0000
vn -0.0003 -0.0003 1.0000
vn -0.0052 -0.0029 -1.0000
vn -0.0050 -0.0028 -1.0000
vn 0.0207 0.0055 0.9998
vn 0.0203 0.0001 0.9998
vn -0.0170 0.0098 0.9998
vn -0.0111 0.0118 0.9999
vn -0.0108 0.0114 0.9999
vn 0.0118 0.0211 -0.9997
vn -0.0017 -0.0015 -1.0000
vn -0.0016 -0.0014 -1.0000
vn 0.0024 -0.0020 1.0000
vn 0.0003 -0.0004 1.0000
vn 0.0003 -0.0003 1.0000
vn 0.0123 0.0216 -0.9997
vn 0.0088 0.0334 -0.9994
vn -0.0000 0.0473 0.9989
vn 0.0112 0.0421 0.9991
vn 0.0110 0.0416 0.9991
vn -0.0005 -0.0007 -1.0000
vn -0.0004 -0.0007 -1.0000
vn 0.0090 0.0338 -0.9994
vn -0.0000 0.0399 -0.9992
vn -0.0002 -0.0008 1.0000
vn -0.0003 -0.0009 -1.0000
vn 0.0172 0.0099 0.9998
vn 0.0171 0.0098 0.9998
vn -0.0207 0.0055 0.9998
vn -0.0172 0.0099 0.9998
vn -0.0090 0.0338 -0.9994
vn -0.0088 0.0334 -0.9994
vn -0.0000 -0.0008 -1.0000
vn -0.0164 -0.0043 0.9999
vn -0.0161 -0.0042 0.9999
vn 0.0087 -0.0047 1.0000
vn 0.0026 -0.0022 1.0000
vn -0.0123 0.0216 -0.9997
vn -0.0118 0.0211 -0.9997
vn -0.0112 0.0421 0.9991
vn -0.0110 0.0416 0.9991
vn 0.0003 -0.0009 -1.0000
vn 0.8470 -0.4904 0.2051
vn 0.7079 -0.7063 0.0073
vn 0.8664 -0.4991 0.0158
vn 0.2583 0.9647 0.0514
vn 0.4927 0.8483 0.1937
vn 0.4972 0.8669 0.0357
vn -0.8470 -0.4904 0.2051
vn -0.9657 -0.2580 0.0285
vn -0.8664 -0.4991 0.0158
vn -0.9996 -0.0007 0.0290
vn -0.9493 0.2316 0.2127
vn -0.9658 0.2583 0.0212
vn 0.4969 -0.8469 0.1895
vn 0.5000 -0.8660 0.0070
vn 0.7048 0.7093 0.0114
vn -0.9441 -0.2353 0.2309
vn -0.8496 0.4947 0.1827
vn -0.8664 0.4993 0.0108
vn 0.2497 -0.9501 0.1871
vn 0.2590 -0.9659 0.0051
vn 0.8497 0.4947 0.1827
vn 0.8663 0.4993 0.0108
vn -0.7048 0.7093 0.0114
vn -0.0000 -1.0000 0.0029
vn 0.9658 0.2583 0.0212
vn -0.4928 0.8483 0.1938
vn -0.4972 0.8669 0.0357
vn -0.2497 -0.9501 0.1871
vn -0.2590 -0.9659 0.0051
vn 0.9493 0.2316 0.2127
vn 0.9996 -0.0007 0.0290
vn -0.2583 0.9647 0.0514
vn -0.5000 -0.8660 0.0070
vn 0.9441 -0.2353 0.2309
vn 0.9657 -0.2580 0.0285
vn -0.2359 0.9472 0.2172
vn -0.0000 0.9990 0.0444
vn -0.4969 -0.8469 0.1895
vn -0.7079 -0.7063 0.0073
vn 0.2359 0.9472 0.2171
vn -0.7069 0.7073 0.0017
vn -0.4997 0.8662 0.0050
vn -0.4997 0.8662 0.0052
vn 0.4997 0.8662 0.0050
vn 0.7069 0.7073 0.0017
vn 0.4997 0.8662 0.0052
vn 0.9660 -0.2587 0.0012
vn 0.8661 -0.4999 0.0007
vn -0.0000 -1.0000 0.0002
vn -0.2588 -0.9659 0.0003
vn -0.9660 -0.2587 0.0012
vn -0.9659 0.2588 0.0016
vn -0.8660 0.5000 0.0014
vn -0.0000 1.0000 0.0091
vn 0.2585 0.9660 0.0073
vn -0.0000 1.0000 0.0092
vn 0.9659 0.2588 0.0016
vn 0.5000 -0.8660 0.0003
vn 0.2588 -0.9659 0.0003
vn -0.7072 -0.7070 0.0004
vn -0.8661 -0.4999 0.0007
vn -0.2585 0.9660 0.0072
vn -0.2585 0.9660 0.0073
vn 0.7069 0.7073 0.0016
vn 0.8660 0.5000 0.0014
vn 0.7072 -0.7070 0.0004
vn -0.5000 -0.8660 0.0003
vn -0.7069 0.7073 0.0016
vn 0.2585 0.9660 0.0072
vn -0.9660 -0.2587 0.0011
vn 0.0155 0.0277 0.9995
vn 0.0150 0.0270 0.9995
vn 0.0121 0.0032 -0.9999
vn 0.0100 0.0057 -0.9999
vn 0.0002 -0.0008 1.0000
vn 0.0122 0.0033 -0.9999
vn -0.0150 0.0270 0.9995
vn 0.0164 -0.0043 0.9999
vn 0.0161 -0.0042 0.9999
vn -0.0026 -0.0022 1.0000
vn -0.0088 -0.0047 1.0000
vn 0.0094 -0.0024 -1.0000
vn 0.0092 -0.0024 -1.0000
vn 0.0111 0.0118 0.9999
vn 0.0108 0.0114 0.9999
vn 0.0052 -0.0029 -1.0000
vn 0.0051 -0.0028 -1.0000
vn -0.0000 -0.0007 1.0000
vn -0.0122 0.0033 -0.9999
vn -0.0121 0.0032 -0.9999
vn 0.0017 -0.0015 -1.0000
vn 0.0016 -0.0014 -1.0000
vn -0.0155 0.0277 0.9995
vn -0.0100 0.0057 -0.9999
vn -0.0099 0.0057 -0.9999
vn 0.0091 -0.0050 0.9999
vn -0.0091 -0.0050 0.9999
vn 0.0005 -0.0007 -1.0000
vn 0.0004 -0.0007 -1.0000
vn -0.0070 0.0076 -0.9999
vn -0.0067 0.0073 -1.0000
vn -0.9477 0.2539 -0.1932
vn -0.8497 0.4906 -0.1932
vn -0.6938 0.6938 -0.1932
vn -0.4906 0.8498 -0.1930
vn -0.2539 0.9478 -0.1929
vn -0.0000 0.9812 -0.1929
vn 0.2539 0.9478 -0.1929
vn 0.4906 0.8498 -0.1930
vn 0.6938 0.6938 -0.1932
vn 0.8497 0.4906 -0.1932
vn 0.9477 0.2539 -0.1932
vn 0.9477 -0.2539 -0.1933
vn 0.8497 -0.4905 -0.1933
vn 0.6938 -0.6937 -0.1934
vn 0.4906 -0.8497 -0.1935
vn 0.2539 -0.9477 -0.1935
vn -0.0000 -0.9811 -0.1935
vn -0.2539 -0.9477 -0.1935
vn -0.4906 -0.8497 -0.1935
vn -0.6938 -0.6937 -0.1934
vn -0.8497 -0.4905 -0.1933
vn -0.9477 -0.2539 -0.1933
vn -0.9659 0.2588 0.0006
vn -0.9660 -0.2587 0.0004
vn -0.8661 0.5000 0.0005
vn -0.4998 0.8662 0.0007
vn -0.7070 0.7072 0.0004
vn -0.2587 0.9660 0.0011
vn -0.0000 1.0000 0.0012
vn 0.2587 0.9660 0.0011
vn 0.4998 0.8662 0.0007
vn 0.8661 0.5000 0.0005
vn 0.7070 0.7072 0.0004
vn 0.9659 0.2588 0.0006
vn 0.9660 -0.2587 0.0004
vn 0.8661 -0.4999 0.0002
vn 0.7072 -0.7070 0.0001
vn -0.7072 -0.7070 0.0001
vn -0.8661 -0.4999 0.0002
vn 0.4590 -0.7951 -0.3965
vn -0.0000 -0.3530 -0.9356
vn -0.0913 -0.3409 -0.9356
vn -0.0914 0.3409 -0.9356
vn -0.0000 0.3530 -0.9356
vn 0.0914 0.3409 -0.9356
vn 0.2376 -0.8867 -0.3965
vn -0.6491 0.6492 -0.3965
vn 0.2981 0.4267 0.8539
vn -0.8991 -0.2430 0.3641
vn -0.6968 -0.6360 0.3315
vn -0.8154 0.3042 0.4926
vn -0.8098 0.2655 0.5232
vn 0.3174 0.8425 0.4353
vn -0.0001 0.8577 0.5141
vn -0.8552 -0.0068 0.5183
vn -0.9721 -0.0008 0.2344
vn -0.8289 -0.3003 0.4720
vn -0.6969 -0.6958 0.1739
vn -0.3485 -0.8722 0.3433
vn -0.0000 -0.9856 0.1689
vn 0.6968 -0.6360 0.3315
vn 0.6969 -0.6958 0.1739
vn 0.8552 -0.0068 0.5182
vn 0.9721 -0.0008 0.2344
vn 0.8155 0.3042 0.4924
vn 0.6963 0.7000 0.1588
vn -0.0000 0.8762 0.4820
vn -0.0000 0.9774 0.2113
vn -0.3174 0.8423 0.4355
vn -0.6963 0.7000 0.1589
vn 0.5988 0.5635 0.5691
vn -0.0000 0.1182 0.9930
vn -0.0000 0.1621 0.9868
vn -0.7784 0.0692 0.6240
vn -0.7848 0.0949 0.6124
vn -0.7243 0.2304 0.6499
vn -0.0001 0.7573 0.6530
vn -0.5990 0.5638 0.5687
vn 0.9135 0.1393 0.3823
vn 0.9978 -0.0276 0.0603
vn 0.7848 0.0949 0.6124
vn -0.7798 0.0531 0.6238
vn -0.0000 -0.2783 -0.9605
vn -0.0000 0.0942 0.9956
vn -0.3406 0.0845 0.9364
vn -0.1862 -0.2654 -0.9460
vn 0.7798 0.0531 0.6238
vn 0.3406 0.0844 0.9364
vn -0.6645 -0.0634 -0.7446
vn -0.9989 0.0025 -0.0475
vn 0.7092 -0.1775 -0.6823
vn 0.1862 -0.2654 -0.9460
vn -0.1787 -0.1050 -0.9783
vn -0.0000 -0.1166 -0.9932
vn 0.9995 -0.0114 -0.0287
vn 0.6645 -0.0634 -0.7446
vn 0.1787 -0.1050 -0.9783
vn 0.9989 0.0025 -0.0475
vn -0.1733 -0.0406 -0.9840
vn 0.7851 0.0374 0.6183
vn 0.7827 -0.0000 0.6224
vn 0.1733 -0.0406 -0.9840
vn -0.6762 -0.0167 -0.7365
vn 0.9997 0.0116 -0.0205
vn -0.3462 0.0484 0.9369
vn -0.7851 0.0374 0.6183
vn -0.9997 0.0116 -0.0205
vn 0.3462 0.0484 0.9369
vn 0.6762 -0.0167 -0.7365
vn -0.0000 0.0535 0.9986
vn -0.0000 -0.0461 -0.9989
vn 0.2295 -0.9733 -0.0000
vn -0.1767 0.9843 -0.0000
vn 0.1767 0.9843 -0.0000
vn 0.9863 -0.1648 -0.0000
vn -0.2295 -0.9733 -0.0000
vn -0.9863 -0.1648 -0.0000
vn 0.9766 0.2149 -0.0000
vn -0.9766 0.2149 -0.0000
vn 0.6791 0.7341 -0.0000
vn -0.6791 0.7341 -0.0000
vn 0.7522 -0.6589 -0.0000
vn -0.7522 -0.6589 -0.0000
vn -0.5123 0.8588 -0.0000
vn -0.1353 0.9908 -0.0000
vn -0.8730 0.4877 -0.0000
vn -0.9920 0.1259 -0.0000
vn 0.5123 -0.8588 -0.0000
vn 0.1353 -0.9908 -0.0000
vn 0.8730 -0.4877 -0.0000
vn 0.9920 -0.1259 -0.0000
vn -0.5123 -0.8588 -0.0000
vn -0.1353 -0.9908 -0.0000
vn -0.8730 -0.4877 -0.0000
vn -0.9920 -0.1259 -0.0000
vn 0.5123 0.8588 -0.0000
vn 0.1353 0.9908 -0.0000
vn 0.8730 0.4877 -0.0000
vn 0.9920 0.1259 -0.0000
vn -0.5134 0.8582 -0.0000
vn -0.1357 0.9907 -0.0000
vn -0.8736 0.4867 -0.0000
vn -0.9921 0.1255 -0.0000
vn 0.8736 0.4867 -0.0000
vn 0.9921 0.1255 -0.0000
vn 0.5134 0.8582 -0.0000
vn 0.1357 0.9907 -0.0000
vn 0.5138 -0.8579 -0.0000
vn 0.1359 -0.9907 -0.0000
vn 0.8738 -0.4863 -0.0000
vn 0.5137 -0.8579 -0.0000
vn 0.9921 -0.1254 -0.0000
vn 0.8736 -0.4867 -0.0000
vn 0.9921 -0.1255 -0.0000
vn 0.5134 -0.8582 -0.0000
vn 0.1357 -0.9907 -0.0000
vn -0.5138 -0.8579 -0.0000
vn -0.1359 -0.9907 -0.0000
vn -0.8738 -0.4863 -0.0000
vn -0.5137 -0.8579 -0.0000
vn -0.9921 -0.1254 -0.0000
vn -0.1359 0.9907 -0.0000
vn -0.5137 0.8579 -0.0000
vn -0.8738 0.4863 -0.0000
vn -0.9921 0.1254 -0.0000
vn 0.5138 0.8579 -0.0000
vn 0.1359 0.9907 -0.0000
vn 0.8738 0.4863 -0.0000
vn 0.5137 0.8579 -0.0000
vn 0.9921 0.1254 -0.0000
vn -0.5134 -0.8582 -0.0000
vn -0.1357 -0.9907 -0.0000
vn -0.8736 -0.4867 -0.0000
vn -0.9921 -0.1255 -0.0000
vn 0.1305 -0.9914 -0.0000
vn 0.9914 -0.1305 -0.0000
vn 0.1309 0.9914 -0.0006
vn 0.4998 0.8662 -0.0016
vn 0.1302 0.9915 -0.0006
vn 0.8659 0.5002 -0.0016
vn 0.5002 0.8659 -0.0016
vn 0.9914 0.1309 -0.0006
vn 0.8662 0.4998 -0.0016
vn -0.8662 -0.4998 -0.0016
vn -0.9914 -0.1309 -0.0006
vn -0.9915 -0.1302 -0.0006
vn -0.5002 -0.8659 -0.0016
vn -0.8659 -0.5002 -0.0016
vn -0.4998 -0.8662 -0.0016
vn -0.1309 -0.9914 -0.0006
vn 0.9914 -0.1309 -0.0006
vn 0.8662 -0.4998 -0.0016
vn 0.9915 -0.1302 -0.0006
vn 0.5002 -0.8659 -0.0016
vn 0.8659 -0.5002 -0.0016
vn 0.1309 -0.9914 -0.0006
vn 0.4998 -0.8662 -0.0016
vn 0.1305 0.9914 -0.0000
vn 0.9914 0.1305 -0.0000
vn -0.9914 -0.1305 -0.0000
vn -0.1305 -0.9914 -0.0000
vn -0.4998 0.8662 -0.0016
vn -0.1309 0.9914 -0.0006
vn -0.1302 0.9915 -0.0006
vn -0.8659 0.5002 -0.0016
vn -0.5002 0.8659 -0.0016
vn -0.8662 0.4998 -0.0016
vn -0.9914 0.1309 -0.0006
vn -0.9914 0.1305 -0.0000
vn -0.1305 0.9914 -0.0000
vn 0.9914 0.1306 0.0002
vn 0.8661 0.4999 0.0005
vn 0.9915 0.1304 0.0002
vn 0.8660 0.5001 0.0005
vn 0.4999 0.8661 0.0005
vn 0.1306 0.9914 0.0002
vn 0.5001 0.8660 0.0005
vn -0.8661 0.4999 0.0005
vn -0.9914 0.1306 0.0002
vn -0.9915 0.1304 0.0002
vn -0.4999 0.8661 0.0005
vn -0.8660 0.5001 0.0005
vn -0.1306 0.9914 0.0002
vn -0.5001 0.8660 0.0005
vn 0.1306 -0.9914 0.0002
vn 0.4999 -0.8661 0.0005
vn 0.1304 -0.9915 0.0002
vn 0.8660 -0.5001 0.0005
vn 0.5001 -0.8660 0.0005
vn 0.9914 -0.1306 0.0002
vn 0.8661 -0.4999 0.0005
vn -0.4999 -0.8661 0.0005
vn -0.1306 -0.9914 0.0002
vn -0.1304 -0.9915 0.0002
vn -0.8661 -0.4999 0.0005
vn -0.5001 -0.8660 0.0005
vn -0.9914 -0.1306 0.0002
vn -0.8660 -0.5001 0.0005
vn 0.9915 -0.1304 0.0002
vn -0.1304 0.9915 0.0002
vn 0.1304 0.9915 0.0002
vn -0.9915 -0.1304 0.0002
vn -0.9915 0.1302 -0.0006
vn -0.1302 -0.9915 -0.0006
vn -0.0000 -0.9999 0.0119
vn -0.0000 -0.9998 0.0185
vn -0.0000 0.9944 0.1053
vn -0.0000 0.9945 0.1048
vn -0.8476 0.3396 0.4076
vn -0.1410 0.0377 0.9893
vn -0.1692 0.0274 0.9852
vn 0.9897 -0.1433 -0.0000
vn 0.9998 0.0161 -0.0116
vn 0.9898 -0.1388 -0.0314
vn -0.2036 -0.0118 0.9790
vn -0.9350 0.1454 0.3235
vn -0.1746 0.0054 0.9846
vn 0.9733 -0.2258 -0.0417
vn 0.9681 -0.2504 -0.0000
vn 0.9737 -0.2279 -0.0000
vn -0.1370 -0.0012 0.9906
vn -0.7554 0.4149 0.5072
vn -0.8203 0.2617 0.5086
vn 0.5947 -0.1399 0.7917
vn 0.9638 -0.2641 -0.0366
vn 0.9648 -0.2630 -0.0000
vn 0.9962 0.0871 -0.0000
vn 0.9962 0.0871 0.0018
vn 0.5550 0.1300 0.8216
vn -0.3959 -0.0900 0.9139
vn -0.0303 -0.9950 0.0954
vn -0.0602 -0.9970 0.0481
vn -0.0117 -0.9988 0.0475
vn -0.0023 -0.9989 0.0461
vn -0.0000 0.9135 0.4068
vn -0.0000 0.9334 0.3588
vn 0.0008 0.9102 0.4142
vn -0.0000 0.9360 0.3519
vn -0.0000 0.9636 0.2672
vn 0.9763 -0.2157 -0.0197
vn 0.9434 -0.2694 0.1937
vn 0.9653 -0.2603 -0.0192
vn 0.8828 -0.1750 0.4360
vn 0.8524 -0.2637 0.4515
vn -0.9208 0.3884 0.0363
vn -0.8326 0.5490 -0.0731
vn -0.9140 0.3999 -0.0684
vn -0.9021 0.4005 -0.1605
vn 0.9928 -0.1198 0.0054
vn 0.9552 0.0699 0.2875
vn 0.9707 -0.0810 0.2263
vn 0.8528 0.1023 0.5121
vn 0.8870 -0.0463 0.4595
vn -0.9816 0.1889 0.0297
vn -0.9879 -0.0413 -0.1496
vn -0.9998 -0.0113 -0.0157
vn -0.9795 0.1813 -0.0882
vn -0.9559 -0.0706 -0.2850
vn 0.9608 -0.1956 0.1963
vn 0.9238 -0.3250 0.2025
vn 0.9589 -0.2837 -0.0033
vn 0.8067 -0.3511 0.4754
vn -0.9614 0.1746 -0.2128
vn -0.9735 0.2233 0.0485
vn -0.9764 -0.2137 -0.0307
vn -0.9729 0.2268 -0.0459
vn -0.9923 -0.0779 -0.0964
vn -0.9739 0.2267 -0.0138
vn -0.9225 -0.1651 -0.3488
vn -0.9739 -0.1299 -0.1860
vn 0.8210 0.1516 0.5504
vn 0.9426 0.1268 0.3088
vn 0.9978 0.0332 0.0566
vn 0.9922 0.0978 0.0771
vn 0.5364 -0.2094 0.8176
vn 0.4984 -0.2538 0.8290
vn 0.0456 -0.9885 0.1441
vn -0.0507 -0.9911 0.1227
vn -0.0000 -0.9986 0.0526
vn 0.9609 -0.2767 0.0097
vn -0.8263 0.5615 0.0454
vn -0.9763 0.2047 0.0706
vn 0.0054 0.9001 0.4357
vn 0.0051 0.8984 0.4392
vn -0.9942 -0.0980 -0.0449
vn -0.9997 -0.0053 0.0258
vn -0.9769 -0.2082 -0.0483
vn 0.5930 0.0866 0.8006
vn 0.6153 -0.0301 0.7877
vn -0.8303 0.5569 0.0217
vn -0.9213 0.3836 0.0642
vn -0.8501 0.5213 -0.0745
vn -0.9714 -0.0975 0.2165
vn -0.9798 0.1902 0.0612
vn -0.0000 0.8996 0.4368
vn -0.0000 0.9633 0.2683
vn -0.0000 0.9976 0.0694
vn -0.0000 -0.9998 0.0190
vn -0.0000 -0.9989 0.0460
vn -0.1164 -0.9896 0.0842
vn -0.0808 -0.9937 0.0782
vn -0.0000 0.9321 0.3621
vn -0.0000 0.9110 0.4125
vn 0.0091 -0.9978 0.0662
vn 0.0362 -0.9948 0.0954
vn 0.4437 -0.2575 0.8584
vn -0.1603 -0.0297 0.9866
vn -0.9668 -0.2482 0.0614
vn -0.9650 -0.2477 0.0865
vn 0.9669 -0.2518 -0.0417
vn 0.7660 -0.4078 0.4968
vn 0.9046 -0.3590 0.2298
vn -0.8450 0.1827 0.5025
vn 0.1410 0.0377 0.9893
vn 0.8476 0.3396 0.4076
vn 0.1692 0.0274 0.9852
vn -0.9998 0.0161 -0.0116
vn -0.9897 -0.1433 -0.0000
vn -0.9898 -0.1388 -0.0314
vn 0.2036 -0.0118 0.9790
vn 0.9350 0.1454 0.3235
vn 0.9714 -0.0975 0.2165
vn -0.9681 -0.2504 -0.0000
vn -0.9733 -0.2258 -0.0417
vn -0.9737 -0.2279 -0.0000
vn 0.1370 -0.0012 0.9906
vn 0.7554 0.4149 0.5072
vn 0.1746 0.0054 0.9846
vn -0.5947 -0.1399 0.7917
vn -0.9638 -0.2641 -0.0366
vn -0.9648 -0.2630 -0.0000
vn -0.9643 -0.2628 -0.0331
vn -0.9962 0.0871 -0.0000
vn -0.9962 0.0871 0.0018
vn -0.5550 0.1300 0.8216
vn -0.5930 0.0866 0.8006
vn 0.0303 -0.9950 0.0954
vn 0.0602 -0.9970 0.0481
vn 0.1164 -0.9896 0.0842
vn 0.0023 -0.9989 0.0461
vn 0.0117 -0.9988 0.0475
vn -0.0008 0.9102 0.4142
vn -0.9434 -0.2694 0.1937
vn -0.9763 -0.2157 -0.0197
vn -0.9653 -0.2603 -0.0192
vn -0.8828 -0.1750 0.4360
vn -0.9608 -0.1956 0.1963
vn 0.9208 0.3884 0.0363
vn 0.8326 0.5490 -0.0731
vn 0.8303 0.5569 0.0217
vn 0.9021 0.4005 -0.1605
vn 0.9140 0.3999 -0.0684
vn -0.9928 -0.1198 0.0054
vn -0.9552 0.0699 0.2875
vn -0.9978 0.0332 0.0566
vn -0.9707 -0.0810 0.2263
vn -0.8528 0.1023 0.5121
vn 0.9879 -0.0413 -0.1496
vn 0.9816 0.1889 0.0297
vn 0.9998 -0.0113 -0.0157
vn 0.9559 -0.0706 -0.2850
vn 0.9795 0.1813 -0.0882
vn -0.8870 -0.0463 0.4595
vn -0.9238 -0.3250 0.2025
vn -0.9589 -0.2837 -0.0033
vn -0.8524 -0.2637 0.4515
vn 0.9614 0.1746 -0.2128
vn 0.9735 0.2233 0.0485
vn 0.9764 -0.2137 -0.0307
vn 0.9668 -0.2482 0.0614
vn 0.9729 0.2268 -0.0459
vn 0.9923 -0.0779 -0.0964
vn 0.9225 -0.1651 -0.3488
vn 0.9739 -0.1299 -0.1860
vn -0.8210 0.1516 0.5504
vn -0.9426 0.1268 0.3088
vn -0.8067 -0.3511 0.4754
vn -0.5364 -0.2094 0.8176
vn -0.0456 -0.9885 0.1441
vn -0.0362 -0.9948 0.0954
vn -0.9609 -0.2767 0.0097
vn 0.8263 0.5615 0.0454
vn 0.8203 0.2617 0.5086
vn 0.9739 0.2267 -0.0138
vn -0.0000 0.9644 0.2645
vn -0.0054 0.9001 0.4357
vn 0.9997 -0.0053 0.0258
vn 0.9942 -0.0980 -0.0449
vn 0.9769 -0.2082 -0.0483
vn -0.9922 0.0978 0.0771
vn -0.9669 -0.2518 -0.0417
vn -0.6153 -0.0301 0.7877
vn 0.9213 0.3836 0.0642
vn 0.8501 0.5213 -0.0745
vn 0.9798 0.1902 0.0612
vn 0.0507 -0.9911 0.1227
vn -0.0091 -0.9978 0.0662
vn 0.3959 -0.0900 0.9139
vn -0.4984 -0.2538 0.8290
vn -0.4437 -0.2575 0.8584
vn 0.9763 0.2047 0.0706
vn -0.7660 -0.4078 0.4968
vn -0.9046 -0.3590 0.2298
vn 0.1603 -0.0297 0.9866
vn -0.0512 0.5118 0.8576
vn 0.0984 0.0371 0.9945
vn 0.0386 0.0176 0.9991
vn -0.1270 0.8646 0.4862
vn -0.0505 0.5159 0.8552
vn -0.1687 0.9856 -0.0100
vn -0.1850 0.8524 0.4890
vn -0.1664 0.8499 -0.4999
vn -0.2704 0.9628 -0.0023
vn -0.2263 0.4713 -0.8524
vn -0.1209 0.4950 -0.8605
vn -0.1082 -0.0045 -0.9941
vn -0.0435 0.0086 -0.9990
vn 0.0389 -0.4829 -0.8748
vn 0.0459 -0.4849 -0.8733
vn 0.1764 -0.8362 -0.5193
vn 0.1232 -0.8511 -0.5104
vn 0.2664 -0.9637 -0.0186
vn 0.1669 -0.9859 -0.0068
vn 0.2829 -0.8246 0.4899
vn 0.1649 -0.8509 0.4989
vn 0.1179 -0.4827 0.8678
vn 0.2210 -0.4559 0.8622
vn 0.2248 0.0956 0.9697
vn -0.0520 0.5208 0.8521
vn -0.3123 0.8019 0.5093
vn -0.2853 0.8233 -0.4908
vn -0.4890 0.8715 0.0374
vn -0.4517 0.3798 -0.8073
vn -0.2472 -0.0571 -0.9673
vn 0.0238 -0.4835 -0.8750
vn 0.2911 -0.7854 -0.5462
vn 0.4806 -0.8747 -0.0631
vn 0.5367 -0.7193 0.4411
vn 0.4421 -0.3610 0.8211
vn 0.3457 0.1971 0.9174
vn -0.0574 0.5205 0.8520
vn -0.4399 0.7012 0.5612
vn -0.5393 0.7172 -0.4413
vn -0.7042 0.6983 0.1283
vn -0.6707 0.2053 -0.7127
vn -0.3814 -0.1614 -0.9102
vn 0.0108 -0.4898 -0.8717
vn 0.4054 -0.6912 -0.5982
vn 0.6929 -0.7041 -0.1556
vn 0.7871 -0.5182 0.3345
vn 0.6581 -0.1852 0.7298
vn -0.0598 0.5131 0.8562
vn -0.5228 0.5632 0.6399
vn -0.8453 0.4670 0.2596
vn -0.9499 0.2519 -0.1849
vn -0.7875 0.5175 -0.3348
vn -0.8126 -0.0274 -0.5822
vn -0.4655 -0.3014 -0.8321
vn 0.0072 -0.4990 -0.8666
vn 0.4844 -0.5644 -0.6685
vn 0.8336 -0.4740 -0.2837
vn 0.7991 0.0450 0.5995
vn 0.4254 0.3248 0.8447
vn -0.0564 0.5032 0.8624
vn -0.5451 0.4272 0.7214
vn -0.8874 0.2407 0.3931
vn -0.9994 -0.0069 -0.0349
vn -0.8543 -0.2530 -0.4539
vn -0.4871 -0.4349 -0.7574
vn 0.0118 -0.5034 -0.8640
vn 0.5127 -0.4363 -0.7395
vn 0.9508 -0.2495 0.1838
vn 0.8773 -0.2481 -0.4109
vn 0.8421 0.2653 0.4696
vn 0.4526 0.4454 0.7726
vn -0.0500 0.4938 0.8682
vn -0.5273 0.3178 0.7880
vn -0.8631 0.0598 0.5014
vn -0.9733 -0.2128 0.0855
vn -0.8308 -0.4305 -0.3527
vn -0.4706 -0.5365 -0.7005
vn 0.0167 -0.5010 -0.8653
vn 0.5032 -0.3298 -0.7987
vn 0.9994 0.0103 0.0340
vn 0.8555 -0.0671 -0.5135
vn 0.8210 0.4377 0.3665
vn 0.4444 0.5389 0.7156
vn -0.0425 0.4848 0.8736
vn -0.4921 0.2353 0.8381
vn -0.8098 -0.0749 0.5819
vn -0.9147 -0.3646 0.1740
vn -0.7805 -0.5592 -0.2794
vn -0.4406 -0.6075 -0.6609
vn 0.0181 -0.4945 -0.8690
vn 0.4747 -0.2475 -0.8446
vn 0.9728 0.2153 -0.0853
vn 0.8044 0.0683 -0.5901
vn 0.7730 0.5634 0.2916
vn 0.4211 0.6060 0.6748
vn -0.0342 0.4757 0.8789
vn -0.4507 0.1717 0.8760
vn -0.7465 -0.1764 0.6416
vn -0.8455 -0.4775 0.2391
vn -0.7225 -0.6533 -0.2264
vn -0.4084 -0.6572 -0.6334
vn 0.0157 -0.4861 -0.8737
vn 0.4378 -0.1833 -0.8802
vn 0.9143 0.3663 -0.1730
vn 0.7426 0.1707 -0.6476
vn 0.7166 0.6558 0.2374
vn 0.3935 0.6539 0.6462
vn -0.0246 0.4663 0.8843
vn -0.4065 0.1202 0.9057
vn -0.6795 -0.2565 0.6874
vn -0.7731 -0.5650 0.2884
vn -0.6631 -0.7249 -0.1868
vn -0.3774 -0.6934 -0.6138
vn 0.0100 -0.4770 -0.8788
vn 0.3964 -0.1312 -0.9087
vn 0.8452 0.4788 -0.2375
vn 0.6766 0.2514 -0.6921
vn 0.6584 0.7264 0.1971
vn 0.3655 0.6890 0.6258
vn -0.0132 0.4565 0.8896
vn -0.3597 0.0764 0.9299
vn -0.6098 -0.3227 0.7238
vn -0.6988 -0.6361 0.3271
vn -0.6035 -0.7820 -0.1561
vn -0.3481 -0.7210 -0.5991
vn 0.0011 -0.4675 -0.8840
vn 0.3515 -0.0871 -0.9321
vn 0.7729 0.5662 -0.2864
vn 0.6076 0.3182 -0.7277
vn 0.5995 0.7829 0.1662
vn 0.3381 0.7158 0.6110
vn 0.0004 0.4462 0.8949
vn -0.3096 0.0377 0.9501
vn -0.5367 -0.3797 0.7535
vn -0.6219 -0.6963 0.3583
vn -0.5429 -0.8294 -0.1317
vn -0.3199 -0.7429 -0.5880
vn -0.0107 -0.4578 -0.8890
vn 0.3026 -0.0483 -0.9519
vn 0.6987 0.6374 -0.3249
vn 0.5347 0.3756 -0.7570
vn 0.6217 0.6978 -0.3558
vn 0.3114 0.7369 0.5999
vn 0.0324 0.4331 0.9008
vn -0.2604 0.0136 0.9654
vn -0.4840 -0.4099 0.7731
vn -0.5788 -0.7245 0.3743
vn -0.5186 -0.8457 -0.1255
vn -0.3189 -0.7397 -0.5926
vn -0.0329 -0.4340 -0.9003
vn 0.2619 -0.0109 -0.9650
vn 0.4859 0.4148 -0.7693
vn 0.5395 0.8299 0.1420
vn 0.5790 0.7281 -0.3669
vn 0.3166 0.7375 0.5966
vn 0.0910 0.4008 0.9116
vn -0.2256 -0.0008 0.9742
vn -0.4832 -0.4040 0.7767
vn -0.6116 -0.7001 0.3686
vn -0.5739 -0.8067 -0.1412
vn -0.3794 -0.6929 -0.6131
vn -0.0818 -0.3904 -0.9170
vn 0.2369 0.0168 -0.9714
vn 0.4907 0.4175 -0.7648
vn 0.5167 0.8458 0.1331
vn 0.6129 0.7055 -0.3558
vn 0.3826 0.6952 0.6086
vn 0.1566 0.3456 0.9252
vn -0.2032 -0.0191 0.9790
vn -0.5104 -0.3805 0.7712
vn -0.6812 -0.6408 0.3541
vn -0.6670 -0.7275 -0.1609
vn -0.4704 -0.6154 -0.6325
vn -0.1458 -0.3355 -0.9307
vn 0.2171 0.0343 -0.9755
vn 0.5200 0.3931 -0.7583
vn 0.5731 0.8064 0.1458
vn 0.6834 0.6457 -0.3407
vn 0.4738 0.6178 0.6275
vn 0.2174 0.2802 0.9350
vn -0.1832 -0.0401 0.9823
vn -0.5369 -0.3512 0.7671
vn -0.7472 -0.5690 0.3435
vn -0.7545 -0.6325 -0.1753
vn -0.5553 -0.5229 -0.6467
vn -0.2049 -0.2706 -0.9406
vn 0.1998 0.0539 -0.9784
vn 0.5487 0.3624 -0.7534
vn 0.6661 0.7273 0.1654
vn 0.7503 0.5731 -0.3295
vn 0.5592 0.5253 0.6413
vn 0.2711 0.2054 0.9404
vn -0.1664 -0.0629 0.9840
vn -0.5617 -0.3158 0.7647
vn -0.8070 -0.4846 0.3374
vn -0.8331 -0.5218 -0.1836
vn -0.6309 -0.4161 -0.6548
vn -0.2567 -0.1968 -0.9462
vn 0.1855 0.0748 -0.9798
vn 0.5756 0.3250 -0.7504
vn 0.7537 0.6322 0.1798
vn 0.8111 0.4876 -0.3230
vn 0.6353 0.4185 0.6490
vn 0.3155 0.1223 0.9410
vn -0.1533 -0.0866 0.9844
vn -0.5836 -0.2735 0.7646
vn -0.8583 -0.3874 0.3366
vn -0.8995 -0.3959 -0.1850
vn -0.6941 -0.2958 -0.6563
vn -0.2993 -0.1150 -0.9472
vn 0.1749 0.0961 -0.9799
vn 0.5996 0.2803 -0.7497
vn 0.8324 0.5214 0.1879
vn 0.8631 0.3891 -0.3219
vn 0.6992 0.2981 0.6499
vn 0.3490 0.0314 0.9366
vn -0.1439 -0.1101 0.9834
vn -0.6013 -0.2231 0.7673
vn -0.8982 -0.2763 0.3419
vn -0.9505 -0.2541 -0.1787
vn -0.7419 -0.1621 -0.6507
vn -0.3306 -0.0259 -0.9434
vn 0.1684 0.1166 -0.9788
vn 0.6192 0.2270 -0.7517
vn 0.8989 0.3954 0.1889
vn 0.9037 0.2766 -0.3268
vn 0.7478 0.1640 0.6433
vn 0.3696 -0.0674 0.9267
vn -0.1382 -0.1326 0.9815
vn -0.6124 -0.1627 0.7736
vn -0.9231 -0.1490 0.3544
vn -0.9820 -0.0944 -0.1637
vn -0.7706 -0.0136 -0.6372
vn -0.3484 0.0707 -0.9347
vn 0.1660 0.1352 -0.9768
vn 0.6326 0.1629 -0.7571
vn 0.9500 0.2534 0.1823
vn 0.9293 0.1474 -0.3387
vn 0.7777 0.0150 0.6285
vn 0.3741 -0.1758 0.9106
vn -0.1357 -0.1531 0.9788
vn -0.6129 -0.0895 0.7851
vn -0.9265 -0.0013 0.3762
vn -0.9865 0.0877 -0.1381
vn -0.7739 0.1527 -0.6146
vn -0.3492 0.1755 -0.9205
vn 0.1677 0.1502 -0.9743
vn 0.6358 0.0846 -0.7672
vn 0.9816 0.0933 0.1668
vn 0.9332 -0.0030 -0.3593
vn 0.7825 -0.1524 0.6037
vn 0.3556 -0.2957 0.8866
vn -0.1356 -0.1712 0.9759
vn -0.5949 -0.0002 0.8038
vn -0.8956 0.1718 0.4104
vn -0.9497 0.2973 -0.0987
vn -0.7396 0.3404 -0.5806
vn -0.3262 0.2893 -0.8999
vn 0.1726 0.1594 -0.9720
vn 0.6207 -0.0124 -0.7840
vn 0.9860 -0.0894 0.1406
vn 0.9023 -0.1800 -0.3918
vn 0.7500 -0.3423 0.5660
vn 0.3014 -0.4259 0.8531
vn -0.1373 -0.1863 0.9729
vn -0.5445 0.1052 0.8321
vn -0.8066 0.3701 0.4610
vn -0.8449 0.5334 -0.0413
vn -0.6458 0.5476 -0.5321
vn -0.2684 0.4094 -0.8720
vn 0.1780 0.1602 -0.9709
vn 0.5715 -0.1297 -0.8103
vn 0.9487 -0.3000 0.1001
vn 0.8120 -0.3834 -0.4401
vn 0.6574 -0.5528 0.5121
vn 0.1957 -0.5510 0.8113
vn -0.1401 -0.1970 0.9703
vn -0.4426 0.2148 0.8706
vn -0.6265 0.5726 0.5288
vn -0.6350 0.7718 0.0347
vn -0.4632 0.7518 -0.4692
vn -0.1634 0.5216 -0.8374
vn 0.1771 0.1520 -0.9724
vn 0.4663 -0.2530 -0.8477
vn 0.8426 -0.5370 0.0413
vn 0.6319 -0.5882 -0.5048
vn 0.4772 -0.7586 0.4437
vn 0.2433 -0.8906 0.3843
vn 0.0566 -0.6261 0.7777
vn -0.1459 -0.1941 0.9701
vn -0.3097 0.2955 0.9038
vn -0.3883 0.7092 0.5884
vn -0.2302 0.8847 -0.4054
vn -0.0385 0.5971 -0.8013
vn 0.1634 0.1506 -0.9750
vn 0.3214 -0.3305 -0.8874
vn 0.3949 -0.7212 -0.5691
vn 0.3663 -0.9244 -0.1060
vn 0.6353 -0.7715 -0.0350
vn 0.0432 -0.9364 0.3483
vn -0.0623 -0.6487 0.7585
vn -0.1512 -0.1872 0.9706
vn -0.1988 0.3281 0.9235
vn -0.3589 0.9273 0.1064
vn -0.1919 0.7571 0.6245
vn -0.0370 0.9317 -0.3614
vn 0.0683 0.6285 -0.7748
vn 0.1556 0.1567 -0.9753
vn 0.2018 -0.3534 -0.9134
vn 0.1949 -0.7670 -0.6113
vn 0.1371 -0.9790 -0.1511
vn -0.1299 -0.9383 0.3205
vn -0.1654 -0.1880 0.9681
vn -0.1166 0.3277 0.9376
vn -0.0360 0.7578 0.6515
vn 0.0547 0.9813 0.1848
vn -0.1324 0.9794 0.1527
vn 0.1304 0.9337 -0.3334
vn 0.1702 0.6295 -0.7582
vn 0.1635 0.1562 -0.9741
vn 0.1129 -0.3553 -0.9279
vn 0.0326 -0.7698 -0.6375
vn -0.0560 -0.9817 -0.1820
vn -0.2915 -0.6269 0.7225
vn -0.1700 -0.6498 0.7408
vn -0.1921 -0.1840 0.9640
vn -0.0408 0.3117 0.9493
vn 0.1225 0.7265 0.6762
vn 0.2527 0.9433 0.2151
vn 0.3132 0.8990 -0.3062
vn 0.2872 0.6068 -0.7412
vn 0.1831 0.1512 -0.9714
vn 0.0305 -0.3410 -0.9396
vn -0.1292 -0.7397 -0.6604
vn -0.2547 -0.9438 -0.2105
vn -0.4208 -0.5719 0.7041
vn -0.3139 -0.9030 0.2935
vn -0.2280 -0.1699 0.9587
vn 0.0273 0.2811 0.9593
vn 0.2771 0.6595 0.6988
vn 0.4518 0.8582 0.2438
vn 0.5013 0.8188 -0.2797
vn 0.4121 0.5529 -0.7241
vn 0.2110 0.1381 -0.9677
vn -0.0451 -0.3102 -0.9496
vn -0.2874 -0.6730 -0.6815
vn -0.4538 -0.8589 -0.2375
vn -0.6777 -0.6940 0.2433
vn -0.5025 -0.8222 0.2674
vn -0.2665 -0.1420 0.9533
vn 0.0844 0.2386 0.9674
vn 0.4155 0.5576 0.7186
vn 0.6339 0.7248 0.2698
vn 0.6765 0.6909 -0.2550
vn 0.5316 0.4656 -0.7075
vn 0.2425 0.1147 -0.9633
vn -0.1091 -0.2640 -0.9583
vn -0.4291 -0.5700 -0.7007
vn -0.6357 -0.7260 -0.2623
vn -0.5439 -0.4818 0.6871
vn -0.8183 -0.5298 0.2231
vn -0.6440 -0.3641 0.6728
vn -0.2996 -0.1019 0.9486
vn 0.1276 0.1894 0.9736
vn 0.5239 0.4315 0.7344
vn 0.8172 0.5269 -0.2335
vn 0.6299 0.3520 -0.6923
vn 0.2718 0.0820 -0.9589
vn -0.1562 -0.2081 -0.9656
vn -0.5394 -0.4410 -0.7173
vn -0.7801 -0.5578 -0.2834
vn -0.9125 -0.3525 0.2076
vn -0.7114 -0.2353 0.6622
vn -0.3221 -0.0557 0.9451
vn 0.1561 0.1399 0.9778
vn 0.7783 0.5562 0.2913
vn 0.5956 0.2987 0.7457
vn 0.9113 0.3501 -0.2165
vn 0.6974 0.2277 -0.6796
vn 0.2944 0.0436 -0.9547
vn -0.1845 -0.1511 -0.9711
vn -0.6112 -0.3046 -0.7305
vn -0.8759 -0.3778 -0.3001
vn -0.9630 -0.1844 0.1967
vn -0.7472 -0.1122 0.6551
vn -0.3334 -0.0101 0.9427
vn 0.1720 0.0951 0.9805
vn 0.8740 0.3763 0.3076
vn 0.6340 0.1750 0.7533
vn 0.9618 0.1828 -0.2039
vn 0.7347 0.1082 -0.6697
vn 0.3087 0.0044 -0.9511
vn -0.1975 -0.1002 -0.9752
vn -0.6482 -0.1777 -0.7404
vn -0.9269 -0.2084 -0.3123
vn -0.9812 -0.0383 0.1893
vn -0.7595 -0.0045 0.6505
vn -0.3362 0.0306 0.9413
vn 0.1790 0.0575 0.9822
vn 0.9248 0.2073 0.3189
vn 0.6485 0.0689 0.7581
vn 0.9801 0.0373 -0.1950
vn 0.7491 0.0030 -0.6625
vn 0.3156 -0.0320 -0.9484
vn -0.2005 -0.0584 -0.9780
vn -0.6607 -0.0693 -0.7475
vn -0.9451 -0.0620 -0.3209
vn -0.9794 0.0828 0.1844
vn -0.7573 0.0852 0.6475
vn -0.3339 0.0650 0.9404
vn 0.1805 0.0272 0.9832
vn 0.9432 0.0615 0.3265
vn 0.6484 -0.0181 0.7611
vn 0.9785 -0.0833 -0.1888
vn 0.7488 -0.0851 -0.6573
vn 0.3171 -0.0640 -0.9462
vn -0.1981 -0.0258 -0.9798
vn -0.6584 0.0190 -0.7525
vn -0.9433 0.0586 -0.3268
vn -0.9667 0.1810 0.1810
vn -0.7471 0.1582 0.6456
vn -0.3287 0.0933 0.9398
vn 0.1791 0.0032 0.9838
vn 0.9416 -0.0587 0.3316
vn 0.6403 -0.0881 0.7631
vn 0.9660 -0.1812 -0.1845
vn 0.7404 -0.1574 -0.6535
vn 0.3152 -0.0911 -0.9447
vn -0.1932 -0.0006 -0.9812
vn -0.6484 0.0897 -0.7560
vn -0.9306 0.1560 -0.3310
vn -0.9498 0.2572 0.1782
vn -0.7347 0.2125 0.6443
vn -0.3234 0.1111 0.9397
vn 0.1756 -0.0204 0.9842
vn 0.9292 -0.1558 0.3350
vn 0.6286 -0.1467 0.7637
vn 0.9123 -0.2336 0.3362
vn 0.7288 -0.2112 -0.6514
vn 0.3127 -0.1084 -0.9437
vn -0.1861 0.0232 -0.9823
vn -0.6340 0.1482 -0.7590
vn -0.9129 0.2337 -0.3346
vn -0.7239 0.2488 0.6435
vn -0.3219 0.1148 0.9398
vn 0.1675 -0.0504 0.9846
vn 0.6128 -0.2024 0.7639
vn 0.9490 -0.2572 -0.1825
vn 0.8928 -0.2998 0.3363
vn 0.9311 -0.3160 -0.1823
vn 0.3121 -0.1115 -0.9435
vn -0.1761 0.0533 -0.9829
vn -0.6164 0.2036 -0.7607
vn -0.8926 0.2997 -0.3368
vn -0.9321 0.3163 0.1765
vn -0.9141 0.3649 0.1770
vn -0.7140 0.2745 0.6441
vn -0.3227 0.1106 0.9400
vn 0.1560 -0.0834 0.9842
vn 0.5936 -0.2553 0.7632
vn 0.8712 -0.3583 0.3357
vn 0.7088 -0.2723 -0.6507
vn 0.7178 -0.2469 -0.6510
vn 0.3144 -0.1072 -0.9432
vn -0.1632 0.0862 -0.9828
vn -0.5965 0.2563 -0.7606
vn -0.8709 0.3581 -0.3366
vn -0.8985 0.4010 0.1787
vn -0.7060 0.2913 0.6455
vn -0.3244 0.1035 0.9402
vn 0.1450 -0.1124 0.9830
vn 0.5759 -0.2984 0.7612
vn 0.8978 -0.4005 -0.1832
vn 0.9132 -0.3645 -0.1825
vn 0.7022 -0.2894 -0.6505
vn 0.3186 -0.1008 -0.9425
vn -0.1497 0.1144 -0.9821
vn -0.5774 0.2989 -0.7598
vn -0.8513 0.4037 -0.3353
vn -0.8896 0.4195 0.1805
vn -0.7026 0.2964 0.6470
vn -0.3270 0.0936 0.9404
vn 0.1366 -0.1344 0.9815
vn 0.8517 -0.4039 0.3339
vn 0.5637 -0.3264 0.7588
vn 0.8892 -0.4191 -0.1835
vn 0.7006 -0.2952 -0.6496
vn 0.3246 -0.0924 -0.9413
vn -0.1380 0.1350 -0.9812
vn -0.5636 0.3263 -0.7589
vn -0.8386 0.4304 -0.3339
vn -0.8908 0.4168 0.1813
vn -0.7054 0.2877 0.6478
vn -0.3305 0.0814 0.9403
vn 0.1329 -0.1467 0.9802
vn 0.8392 -0.4306 0.3321
vn 0.5604 -0.3353 0.7573
vn 0.8906 -0.4166 -0.1823
vn 0.7056 -0.2878 -0.6476
vn 0.3319 -0.0821 -0.9397
vn -0.1306 0.1456 -0.9807
vn -0.5585 0.3345 -0.7591
vn -0.8369 0.4339 -0.3338
vn -0.9024 0.3914 0.1802
vn -0.7145 0.2652 0.6474
vn -0.3345 0.0677 0.9399
vn 0.1347 -0.1476 0.9798
vn 0.8376 -0.4340 0.3317
vn 0.5672 -0.3231 0.7576
vn 0.9026 -0.3914 -0.1791
vn 0.7170 -0.2665 -0.6442
vn 0.3399 -0.0703 -0.9378
vn -0.1287 0.1450 -0.9810
vn -0.5634 0.3218 -0.7609
vn -0.8470 0.4121 -0.3358
vn -0.9218 0.3449 0.1772
vn -0.7280 0.2302 0.6457
vn -0.3384 0.0538 0.9395
vn 0.1411 -0.1367 0.9805
vn 0.8479 -0.4122 0.3335
vn 0.5818 -0.2901 0.7598
vn 0.9223 -0.3451 -0.1742
vn 0.7325 -0.2323 -0.6399
vn 0.3472 -0.0575 -0.9360
vn -0.1318 0.1332 -0.9823
vn -0.5765 0.2886 -0.7644
vn -0.8663 0.3663 -0.3397
vn -0.9438 0.2816 0.1731
vn -0.7427 0.1861 0.6433
vn -0.3417 0.0407 0.9389
vn 0.1497 -0.1152 0.9820
vn 0.8672 -0.3662 0.3375
vn 0.5998 -0.2399 0.7633
vn 0.9445 -0.2821 -0.1686
vn 0.7486 -0.1885 -0.6357
vn 0.3530 -0.0445 -0.9346
vn -0.1382 0.1118 -0.9841
vn -0.5936 0.2385 -0.7686
vn -0.8892 0.3008 -0.3446
vn -0.9632 0.2088 0.1690
vn -0.7553 0.1376 0.6408
vn -0.3442 0.0295 0.9384
vn 0.1578 -0.0862 0.9837
vn 0.9107 -0.2235 0.3474
vn 0.8900 -0.3008 0.3426
vn 0.9640 -0.2093 -0.1638
vn 0.7620 -0.1396 -0.6323
vn 0.3567 -0.0326 -0.9337
vn -0.1455 0.0835 -0.9858
vn -0.6099 0.1775 -0.7723
vn -0.9100 0.2235 -0.3491
vn -0.9710 0.1709 0.1671
vn -0.3455 0.0245 0.9381
vn 0.1611 -0.0702 0.9844
vn 0.6231 -0.1459 0.7684
vn 0.6163 -0.1786 0.7670
vn 0.9190 -0.1828 0.3494
vn 0.9718 -0.1714 -0.1617
vn 0.7674 -0.1145 -0.6309
vn 0.3578 -0.0269 -0.9334
vn -0.1492 0.0681 -0.9865
vn -0.6171 0.1450 -0.7734
vn -0.9185 0.1827 -0.3507
vn -0.1347 -0.9908 -0.0126
vn -0.1190 -0.9929 -0.0093
vn -0.1325 -0.9910 -0.0182
vn -0.1047 -0.9944 -0.0175
vn -0.1038 -0.9941 -0.0329
vn -0.1033 -0.9945 -0.0171
vn -0.1349 -0.9902 -0.0351
vn -0.1214 -0.9918 -0.0392
vn -0.1197 -0.9918 -0.0443
vn -0.1364 -0.9902 -0.0304
vn -0.1315 -0.9907 -0.0344
vn -0.1160 -0.9932 -0.0072
vn -0.1191 -0.9928 -0.0088
vn -0.1220 -0.9917 -0.0407
vn -0.1172 -0.9922 -0.0417
vn -0.1062 -0.9938 -0.0336
vn -0.1042 -0.9939 -0.0358
vn -0.1048 -0.9943 -0.0172
vn -0.1036 -0.9945 -0.0161
vn -0.1311 -0.9913 -0.0128
vn -0.1346 -0.9908 -0.0173
vn -0.1187 -0.9929 -0.0053
vn -0.1061 -0.9938 -0.0333
vn -0.1338 -0.9906 -0.0288
vn -0.7666 0.0725 0.6380
vn -0.9806 0.1033 0.1664
vn -0.9808 0.1034 0.1655
vn -0.3465 0.0222 0.9378
vn -0.7631 0.0719 0.6422
vn 0.1654 -0.0335 0.9857
vn -0.3371 0.0211 0.9412
vn 0.6318 -0.0797 0.7710
vn 0.1778 -0.0347 0.9835
vn 0.9299 -0.1044 0.3526
vn 0.6407 -0.0802 0.7636
vn 0.9820 -0.1017 -0.1590
vn 0.9322 -0.1043 0.3465
vn 0.7782 -0.0726 -0.6238
vn 0.7736 -0.0722 -0.6295
vn 0.3679 -0.0243 -0.9295
vn 0.3579 -0.0232 -0.9335
vn -0.1450 0.0314 -0.9889
vn -0.1552 0.0326 -0.9873
vn -0.6216 0.0794 -0.7793
vn -0.6273 0.0802 -0.7746
vn -0.9287 0.1060 -0.3554
vn -0.9299 0.1063 -0.3522
vn 0.0213 -0.9997 -0.0129
vn 0.0098 -0.9997 -0.0206
vn 0.0231 -0.9997 -0.0126
vn -0.0049 -1.0000 0.0032
vn -0.0055 -0.9999 -0.0086
vn -0.0058 -0.9999 -0.0132
vn -0.0052 -1.0000 0.0065
vn 0.0095 -0.9999 0.0105
vn -0.0039 -1.0000 0.0025
vn 0.0228 -0.9997 0.0021
vn 0.0238 -0.9997 0.0024
vn 0.0064 -0.9998 -0.0186
vn 0.0080 -0.9997 -0.0222
vn -0.0069 -0.9999 -0.0099
vn -0.0037 -0.9999 -0.0131
vn -0.7709 -0.0190 0.6367
vn -0.9860 -0.0245 0.1647
vn -0.7698 -0.0190 0.6380
vn -0.3483 -0.0084 0.9373
vn -0.3464 -0.0084 0.9381
vn 0.1666 0.0044 0.9860
vn 0.1685 0.0043 0.9857
vn 0.6358 0.0159 0.7717
vn 0.6367 0.0159 0.7709
vn 0.9354 0.0232 0.3529
vn 0.9354 0.0232 0.3527
vn 0.9871 0.0244 -0.1585
vn 0.7775 0.0191 -0.6286
vn 0.9869 0.0244 -0.1593
vn 0.3601 0.0087 -0.9329
vn 0.7764 0.0191 -0.6300
vn -0.1553 -0.0041 -0.9879
vn 0.3581 0.0087 -0.9336
vn -0.6303 -0.0159 -0.7762
vn -0.1572 -0.0041 -0.9876
vn -0.9350 -0.0234 -0.3538
vn -0.6312 -0.0158 -0.7754
vn -0.9862 -0.0245 0.1639
vn 0.0099 -0.9999 0.0133
vn 0.0227 -0.9997 0.0024
vn 0.0097 -0.9999 0.0106
vn -0.0027 -1.0000 0.0067
vn 0.0227 -0.9996 -0.0148
vn 0.0238 -0.9997 0.0031
vn 0.0211 -0.9997 -0.0133
vn 0.0063 -0.9998 -0.0195
vn 0.0118 -0.9999 0.0119
vn -0.0000 0.5000 -0.8660
vn -0.0000 0.8660 -0.5000
vn -0.0000 0.8660 0.5000
vn -0.0000 0.5000 0.8660
vn -0.0000 -0.5000 0.8660
vn -0.0000 -0.8660 0.5000
vn -0.0000 -0.8660 -0.5000
vn -0.0000 -0.5000 -0.8660
vn 0.8181 0.5751 -0.0000
vn 0.9960 -0.0890 -0.0000
vn -0.2166 0.9763 -0.0000
vn -0.1134 0.7036 -0.7015
vn -0.1114 0.6967 -0.7086
vn 0.0574 0.0154 0.9982
vn 0.3005 -0.9538 -0.0000
vn 0.0574 0.0154 -0.9982
vn -0.0000 0.0001 1.0000
vn -0.0000 -0.0001 1.0000
vn -0.1414 -0.9899 -0.0000
vn 0.4573 0.8893 -0.0000
vn 0.4573 -0.8893 -0.0000
vn -0.8575 0.5145 -0.0000
vn -0.1215 -0.9926 -0.0000
vn 0.1216 -0.9926 -0.0000
vn 0.9864 0.1644 -0.0000
vn 0.1215 0.9926 -0.0000
vn -0.9900 0.1414 -0.0000
vn 0.5145 -0.8575 -0.0000
vn 0.4574 0.8893 -0.0000
vn -0.5145 -0.8575 -0.0000
vn 0.8192 0.5735 -0.0000
vn -0.1215 0.9926 -0.0000
vn -0.1414 0.9899 -0.0000
vn 0.8575 -0.5145 -0.0000
vn -0.9864 -0.1644 -0.0000
vn -0.8575 -0.5145 -0.0000
vn -0.1414 -0.9900 -0.0000
vn -0.4574 0.8893 -0.0000
vn -0.5144 0.8575 -0.0000
vn 0.9899 0.1414 -0.0000
vn 0.9899 -0.1414 -0.0000
vn 0.1414 -0.9900 -0.0000
vn -0.9899 0.1414 -0.0000
vn -0.9900 -0.1414 -0.0000
vn -0.8192 0.5735 -0.0000
vn 0.9864 -0.1644 -0.0000
vn 0.8575 0.5145 -0.0000
vn -0.9864 0.1644 -0.0000
vn -0.9899 -0.1414 -0.0000
vn 0.5145 0.8575 -0.0000
vn -0.5145 0.8575 -0.0000
vn 0.1414 0.9900 -0.0000
vn -0.8192 -0.5735 -0.0000
vn 0.8192 -0.5735 -0.0000
vn -0.4574 -0.8893 -0.0000
vn 0.1215 -0.9926 -0.0000
vn 0.0208 0.0056 0.9998
vn -0.0000 0.0475 0.9989
vn -0.0000 0.0402 -0.9992
vn -0.0002 -0.0009 1.0000
vn -0.0208 0.0056 0.9998
vn 0.9660 -0.2587 0.0011
vn 0.0002 -0.0009 1.0000
vn 0.9915 0.1302 -0.0006
vn 0.1302 -0.9915 -0.0006
vn 1.0000 0.0097 -0.0000
vn 0.9643 -0.2628 -0.0331
vn -0.9962 -0.0871 -0.0038
vn -1.0000 0.0097 -0.0000
vn 0.8450 0.1827 0.5025
vn -0.0051 0.8984 0.4392
vn 0.9962 -0.0871 -0.0038
vn 0.0808 -0.9937 0.0782
vn 0.9650 -0.2477 0.0865
vn -0.7607 0.1129 0.6393
vn 0.9822 -0.1016 -0.1582
vn -0.9351 -0.0233 -0.3536
vn 0.4574 -0.8893 -0.0000
vn -0.1216 -0.9926 -0.0000
vn 0.1216 0.9926 -0.0000
vn -0.1414 0.9900 -0.0000
vn -0.4573 0.8893 -0.0000
vn 0.1414 -0.9899 -0.0000
vn 0.1414 0.9899 -0.0000
vn -0.4573 -0.8893 -0.0000
vt 0.152149 0.292731
vt 0.160043 0.292795
vt 0.152149 0.292795
vt 0.160043 0.292980
vt 0.152149 0.292979
vt 0.160043 0.293268
vt 0.152149 0.293266
vt 0.152149 0.293628
vt 0.160043 0.293631
vt 0.152149 0.294030
vt 0.152149 0.316938
vt 0.160043 0.316875
vt 0.160043 0.316938
vt 0.152149 0.316875
vt 0.160043 0.316690
vt 0.152149 0.316690
vt 0.160043 0.316401
vt 0.152149 0.316041
vt 0.160043 0.316038
vt 0.152149 0.315640
vt 0.160043 0.315636
vt 0.160043 0.292731
vt 0.160043 0.294034
vt 0.152149 0.316403
vt 0.159705 0.294357
vt 0.160043 0.293955
vt 0.159705 0.293955
vt 0.160043 0.293592
vt 0.159705 0.293592
vt 0.159705 0.293304
vt 0.160043 0.293304
vt 0.159705 0.293119
vt 0.160043 0.293119
vt 0.159705 0.293055
vt 0.154322 0.293055
vt 0.154322 0.293119
vt 0.154322 0.314163
vt 0.159705 0.295012
vt 0.154322 0.295009
vt 0.154322 0.294354
vt 0.160043 0.294357
vt 0.159705 0.295012
vt 0.160043 0.315715
vt 0.160043 0.316078
vt 0.160043 0.316366
vt 0.160043 0.316551
vt 0.152149 0.314437
vt 0.160043 0.314433
vt 0.160043 0.293055
vt 0.160043 0.294715
vt 0.160043 0.295012
vt 0.160043 0.316615
vt 0.152149 0.293419
vt 0.160043 0.315312
vt 0.160043 0.314161
vt 0.159705 0.314161
vt 0.154322 0.294086
vt 0.152149 0.294712
vt 0.152473 0.314164
vt 0.152473 0.295008
vt 0.154322 0.293953
vt 0.154322 0.293591
vt 0.094337 0.100374
vt 0.094337 0.099971
vt 0.094337 0.099985
vt 0.154322 0.293303
vt 0.094162 0.031041
vt 0.096856 0.031041
vt 0.095474 0.028444
vt 0.159705 0.316615
vt 0.159705 0.315312
vt 0.159705 0.315715
vt 0.159705 0.316078
vt 0.159705 0.316366
vt 0.159705 0.316551
vt 0.033815 0.056952
vt 0.032752 0.056130
vt 0.033101 0.055495
vt 0.031917 0.059384
vt 0.033577 0.061309
vt 0.032010 0.061446
vt 0.025144 0.060982
vt 0.025672 0.062877
vt 0.024803 0.060814
vt 0.026587 0.057362
vt 0.025489 0.058894
vt 0.025867 0.056953
vt 0.027917 0.054654
vt 0.026931 0.056131
vt 0.026582 0.055496
vt 0.027725 0.053826
vt 0.025731 0.054114
vt 0.027501 0.053086
vt 0.033473 0.054827
vt 0.034824 0.056066
vt 0.034290 0.056483
vt 0.026048 0.065892
vt 0.025479 0.063413
vt 0.025495 0.065835
vt 0.032033 0.063512
vt 0.033631 0.065869
vt 0.032034 0.065784
vt 0.026106 0.061309
vt 0.025379 0.061122
vt 0.027609 0.064277
vt 0.029841 0.064002
vt 0.027506 0.063838
vt 0.028050 0.055867
vt 0.029841 0.057461
vt 0.027929 0.057457
vt 0.034303 0.061122
vt 0.033407 0.059203
vt 0.034194 0.058894
vt 0.025393 0.056485
vt 0.024556 0.058424
vt 0.024859 0.056067
vt 0.034615 0.058606
vt 0.034879 0.060814
vt 0.034538 0.060982
vt 0.033871 0.063461
vt 0.032176 0.063838
vt 0.032074 0.064277
vt 0.029841 0.064745
vt 0.027366 0.064233
vt 0.034010 0.062877
vt 0.032316 0.064233
vt 0.035126 0.058423
vt 0.035712 0.060790
vt 0.025264 0.053752
vt 0.027367 0.052425
vt 0.034419 0.053752
vt 0.035750 0.055860
vt 0.027672 0.061446
vt 0.029841 0.059432
vt 0.029841 0.061486
vt 0.031765 0.054654
vt 0.029841 0.055733
vt 0.029841 0.054330
vt 0.029841 0.053477
vt 0.032182 0.053085
vt 0.031958 0.053825
vt 0.027649 0.063512
vt 0.029841 0.065525
vt 0.027648 0.065783
vt 0.022969 0.058337
vt 0.023357 0.060075
vt 0.023129 0.058337
vt 0.035792 0.054901
vt 0.034588 0.053591
vt 0.035654 0.054981
vt 0.284559 0.378975
vt 0.250000 0.434689
vt 0.250000 0.383524
vt 0.342345 0.409946
vt 0.297801 0.428396
vt 0.344416 0.344416
vt 0.316762 0.365635
vt 0.409946 0.342345
vt 0.380595 0.380595
vt 0.378975 0.284559
vt 0.365635 0.316762
vt 0.383524 0.250000
vt 0.428396 0.297801
vt 0.428396 0.202199
vt 0.434689 0.250000
vt 0.378974 0.215441
vt 0.409946 0.157655
vt 0.344416 0.155584
vt 0.365635 0.183238
vt 0.342345 0.090054
vt 0.380595 0.119405
vt 0.284559 0.121025
vt 0.316762 0.134365
vt 0.250000 0.065311
vt 0.297801 0.071604
vt 0.215441 0.121025
vt 0.250000 0.116476
vt 0.157655 0.090054
vt 0.202199 0.071604
vt 0.183238 0.134365
vt 0.119405 0.119405
vt 0.134365 0.183238
vt 0.155584 0.155584
vt 0.071604 0.202199
vt 0.090054 0.157655
vt 0.116476 0.250000
vt 0.121025 0.215441
vt 0.071604 0.297801
vt 0.065311 0.250000
vt 0.121025 0.284559
vt 0.090054 0.342345
vt 0.134365 0.316762
vt 0.119405 0.380595
vt 0.183238 0.365635
vt 0.155584 0.344416
vt 0.215441 0.378975
vt 0.157655 0.409946
vt 0.202199 0.428396
vt 0.250000 0.250000
vt 0.024981 0.063198
vt 0.026484 0.064151
vt 0.026404 0.064290
vt 0.023203 0.060116
vt 0.024028 0.061694
vt 0.036479 0.056559
vt 0.036554 0.058337
vt 0.036325 0.056600
vt 0.023889 0.054901
vt 0.025094 0.053591
vt 0.024028 0.054981
vt 0.033276 0.052388
vt 0.034701 0.053478
vt 0.023889 0.061774
vt 0.025094 0.063084
vt 0.034702 0.063198
vt 0.033198 0.064151
vt 0.034588 0.063084
vt 0.031619 0.051703
vt 0.033197 0.052525
vt 0.029841 0.051467
vt 0.031578 0.051854
vt 0.029841 0.051626
vt 0.024981 0.063198
vt 0.026484 0.064151
vt 0.029841 0.051470
vt 0.031578 0.051856
vt 0.028062 0.064977
vt 0.028104 0.064822
vt 0.028062 0.064977
vt 0.026404 0.064290
vt 0.035654 0.054981
vt 0.035793 0.054901
vt 0.023203 0.056559
vt 0.023357 0.056600
vt 0.028104 0.051856
vt 0.029841 0.051627
vt 0.029841 0.065051
vt 0.028104 0.064822
vt 0.022969 0.058337
vt 0.023357 0.060075
vt 0.023203 0.060116
vt 0.035793 0.061774
vt 0.035655 0.061694
vt 0.028063 0.051703
vt 0.026485 0.052525
vt 0.028104 0.051854
vt 0.028063 0.051701
vt 0.031620 0.064977
vt 0.029841 0.065211
vt 0.034701 0.063198
vt 0.035784 0.061774
vt 0.035793 0.061774
vt 0.033277 0.052410
vt 0.031596 0.051726
vt 0.023898 0.061774
vt 0.023213 0.056567
vt 0.022984 0.058337
vt 0.033278 0.064286
vt 0.034699 0.063195
vt 0.023215 0.060105
vt 0.023203 0.056559
vt 0.023896 0.054901
vt 0.033278 0.064290
vt 0.031618 0.064975
vt 0.035786 0.054901
vt 0.034697 0.053481
vt 0.024982 0.053478
vt 0.023890 0.054901
vt 0.036479 0.056559
vt 0.026405 0.052410
vt 0.024985 0.053481
vt 0.028064 0.064975
vt 0.029841 0.065210
vt 0.036713 0.058337
vt 0.036470 0.056567
vt 0.026406 0.052388
vt 0.036467 0.060105
vt 0.036698 0.058337
vt 0.028086 0.051726
vt 0.026404 0.064286
vt 0.036479 0.060116
vt 0.029841 0.051492
vt 0.024983 0.063195
vt 0.025095 0.053591
vt 0.034588 0.053591
vt 0.033197 0.052525
vt 0.036325 0.060075
vt 0.036325 0.060075
vt 0.024028 0.054981
vt 0.023357 0.056600
vt 0.036553 0.058337
vt 0.036325 0.056600
vt 0.031579 0.064822
vt 0.033198 0.064151
vt 0.025094 0.063084
vt 0.026485 0.052525
vt 0.034588 0.063084
vt 0.035655 0.061694
vt 0.023128 0.058337
vt 0.031579 0.064822
vt 0.024027 0.061694
vt 0.031619 0.051701
vt 0.031620 0.064977
vt 0.033278 0.064290
vt 0.026405 0.052386
vt 0.024981 0.053478
vt 0.036714 0.058337
vt 0.023889 0.061774
vt 0.033277 0.052386
vt 0.036480 0.060116
vt 0.034701 0.053478
vt 0.029841 0.065211
vt 0.023202 0.056558
vt 0.023251 0.058337
vt 0.023476 0.056632
vt 0.023937 0.058337
vt 0.024139 0.056809
vt 0.024134 0.055043
vt 0.023888 0.054901
vt 0.024728 0.055386
vt 0.024981 0.053477
vt 0.025181 0.053678
vt 0.025667 0.054163
vt 0.026546 0.052631
vt 0.026404 0.052385
vt 0.026889 0.053225
vt 0.028062 0.051698
vt 0.028136 0.051972
vt 0.028313 0.052635
vt 0.029841 0.051748
vt 0.029841 0.051464
vt 0.029841 0.052434
vt 0.031620 0.051698
vt 0.031547 0.051972
vt 0.031369 0.052635
vt 0.033136 0.052631
vt 0.033278 0.052385
vt 0.032793 0.053225
vt 0.034501 0.053678
vt 0.034702 0.053477
vt 0.034016 0.054163
vt 0.035548 0.055043
vt 0.035794 0.054901
vt 0.034954 0.055386
vt 0.036206 0.056632
vt 0.036481 0.056558
vt 0.035544 0.056809
vt 0.036715 0.058337
vt 0.036431 0.058337
vt 0.035745 0.058337
vt 0.036481 0.060117
vt 0.036206 0.060043
vt 0.035544 0.059865
vt 0.035794 0.061774
vt 0.035548 0.061632
vt 0.034954 0.061289
vt 0.034501 0.062997
vt 0.034702 0.063198
vt 0.034016 0.062512
vt 0.033136 0.064044
vt 0.033278 0.064290
vt 0.032793 0.063450
vt 0.031547 0.064703
vt 0.031369 0.064040
vt 0.029841 0.065211
vt 0.029841 0.064927
vt 0.029841 0.064241
vt 0.028136 0.064703
vt 0.028313 0.064040
vt 0.026546 0.064044
vt 0.026404 0.064290
vt 0.026889 0.063450
vt 0.025181 0.062997
vt 0.024981 0.063198
vt 0.025667 0.062512
vt 0.023888 0.061774
vt 0.024134 0.061632
vt 0.024728 0.061289
vt 0.023202 0.060117
vt 0.023476 0.060043
vt 0.024139 0.059865
vt 0.022967 0.058337
vt 0.024434 0.058337
vt 0.024732 0.056968
vt 0.024618 0.056938
vt 0.025260 0.055693
vt 0.025158 0.055634
vt 0.026018 0.054514
vt 0.026101 0.054597
vt 0.027196 0.053757
vt 0.027137 0.053655
vt 0.028442 0.053115
vt 0.028472 0.053228
vt 0.029841 0.053048
vt 0.029841 0.052930
vt 0.031241 0.053115
vt 0.031210 0.053228
vt 0.032545 0.053655
vt 0.032486 0.053757
vt 0.033665 0.054514
vt 0.033581 0.054597
vt 0.034422 0.055693
vt 0.034524 0.055634
vt 0.035064 0.056938
vt 0.034951 0.056968
vt 0.035248 0.058337
vt 0.035131 0.058337
vt 0.034951 0.059707
vt 0.035064 0.059737
vt 0.034422 0.060982
vt 0.034524 0.061041
vt 0.033581 0.062078
vt 0.033665 0.062161
vt 0.032486 0.062918
vt 0.032545 0.063020
vt 0.031210 0.063447
vt 0.031241 0.063560
vt 0.029841 0.063627
vt 0.029841 0.063745
vt 0.028472 0.063447
vt 0.028442 0.063560
vt 0.027196 0.062918
vt 0.027137 0.063020
vt 0.026018 0.062161
vt 0.026101 0.062078
vt 0.025158 0.061041
vt 0.025260 0.060982
vt 0.024618 0.059737
vt 0.024732 0.059707
vt 0.024551 0.058337
vt 0.031754 0.057457
vt 0.033096 0.057361
vt 0.025275 0.062892
vt 0.023970 0.060790
vt 0.023932 0.055860
vt 0.029841 0.052836
vt 0.032315 0.052425
vt 0.023505 0.058331
vt 0.034408 0.062892
vt 0.036178 0.058331
vt 0.029841 0.051958
vt 0.031633 0.055867
vt 0.033954 0.054110
vt 0.029841 0.064324
vt 0.026051 0.065869
vt 0.027765 0.059384
vt 0.025812 0.063461
vt 0.026275 0.059203
vt 0.026211 0.054830
vt 0.026062 0.063469
vt 0.029841 0.063497
vt 0.034204 0.063413
vt 0.025068 0.058607
vt 0.033621 0.063469
vt 0.026058 0.069308
vt 0.027643 0.069221
vt 0.029841 0.065783
vt 0.029841 0.068967
vt 0.032039 0.069221
vt 0.033624 0.069308
vt 0.026078 0.069282
vt 0.025499 0.069270
vt 0.033634 0.065892
vt 0.034187 0.065835
vt 0.027667 0.069240
vt 0.027683 0.065950
vt 0.029841 0.069101
vt 0.031999 0.065949
vt 0.033604 0.069282
vt 0.034183 0.069270
vt 0.032015 0.069240
vt 0.029841 0.077084
vt 0.027602 0.072683
vt 0.027588 0.077084
vt 0.034263 0.077084
vt 0.033633 0.073048
vt 0.034204 0.072918
vt 0.032080 0.072683
vt 0.029841 0.072532
vt 0.025978 0.072826
vt 0.025875 0.077084
vt 0.033808 0.077084
vt 0.033704 0.072826
vt 0.027638 0.072942
vt 0.026049 0.073048
vt 0.025479 0.072918
vt 0.032045 0.072942
vt 0.029841 0.072641
vt 0.025419 0.077084
vt 0.032069 0.077084
vt 0.032094 0.077084
vt 0.029841 0.077084
vt 0.027613 0.077084
vt 0.025941 0.077084
vt 0.033815 0.097216
vt 0.032752 0.098038
vt 0.033096 0.096807
vt 0.033577 0.092859
vt 0.031917 0.094784
vt 0.032010 0.092722
vt 0.025144 0.093187
vt 0.025672 0.091291
vt 0.025812 0.090707
vt 0.025489 0.095274
vt 0.026587 0.096807
vt 0.025867 0.097215
vt 0.027917 0.099514
vt 0.026931 0.098038
vt 0.028050 0.098301
vt 0.027725 0.100343
vt 0.025731 0.100055
vt 0.026211 0.099339
vt 0.034824 0.098103
vt 0.033473 0.099341
vt 0.034290 0.097685
vt 0.025479 0.090756
vt 0.026048 0.088276
vt 0.025495 0.088333
vt 0.033631 0.088299
vt 0.032033 0.090657
vt 0.032034 0.088385
vt 0.026106 0.092859
vt 0.025379 0.093046
vt 0.027609 0.089891
vt 0.029841 0.090166
vt 0.029841 0.089844
vt 0.029841 0.096707
vt 0.027929 0.096711
vt 0.034303 0.093047
vt 0.033407 0.094966
vt 0.025393 0.097684
vt 0.024556 0.095745
vt 0.025068 0.095562
vt 0.034879 0.093354
vt 0.034615 0.095562
vt 0.034538 0.093187
vt 0.032176 0.090330
vt 0.033871 0.090707
vt 0.032074 0.089891
vt 0.027506 0.090330
vt 0.029841 0.089423
vt 0.032316 0.089935
vt 0.034010 0.091291
vt 0.035712 0.093378
vt 0.035126 0.095745
vt 0.027501 0.101082
vt 0.025264 0.100416
vt 0.034419 0.100417
vt 0.033954 0.100058
vt 0.027672 0.092722
vt 0.029841 0.094736
vt 0.027765 0.094784
vt 0.031765 0.099515
vt 0.029841 0.098435
vt 0.031633 0.098302
vt 0.032182 0.101083
vt 0.029841 0.100692
vt 0.031958 0.100344
vt 0.029841 0.088643
vt 0.027649 0.090657
vt 0.027648 0.088385
vt 0.022969 0.095831
vt 0.023357 0.094094
vt 0.023203 0.094052
vt 0.035792 0.099267
vt 0.034588 0.100577
vt 0.034701 0.100690
vt 0.026017 0.095831
vt 0.024732 0.097200
vt 0.026147 0.096821
vt 0.025260 0.098476
vt 0.026529 0.097743
vt 0.027137 0.098535
vt 0.026101 0.099571
vt 0.027929 0.099143
vt 0.028472 0.100940
vt 0.028851 0.099525
vt 0.029841 0.099655
vt 0.031210 0.100940
vt 0.030831 0.099525
vt 0.031753 0.099143
vt 0.033581 0.099571
vt 0.032545 0.098535
vt 0.034422 0.098476
vt 0.033153 0.097743
vt 0.033535 0.096821
vt 0.034951 0.097200
vt 0.033665 0.095831
vt 0.035131 0.095831
vt 0.033535 0.094841
vt 0.034422 0.093186
vt 0.033153 0.093919
vt 0.033581 0.092091
vt 0.032545 0.093127
vt 0.031753 0.092519
vt 0.031210 0.090722
vt 0.030831 0.092137
vt 0.029841 0.092007
vt 0.028472 0.090722
vt 0.028851 0.092137
vt 0.027929 0.092519
vt 0.026101 0.092091
vt 0.027137 0.093127
vt 0.026529 0.093919
vt 0.025260 0.093186
vt 0.026147 0.094841
vt 0.024551 0.095831
vt 0.029841 0.095831
vt 0.026484 0.090017
vt 0.024981 0.090971
vt 0.026404 0.089878
vt 0.024028 0.092475
vt 0.023889 0.092395
vt 0.036479 0.097610
vt 0.036554 0.095831
vt 0.036714 0.095831
vt 0.023889 0.099267
vt 0.025094 0.100578
vt 0.024981 0.100691
vt 0.033276 0.101781
vt 0.025094 0.091084
vt 0.024981 0.090971
vt 0.034702 0.090971
vt 0.033198 0.090017
vt 0.033278 0.089878
vt 0.033197 0.101643
vt 0.031619 0.102466
vt 0.029841 0.102702
vt 0.031578 0.102314
vt 0.031619 0.102468
vt 0.026484 0.090017
vt 0.026404 0.089878
vt 0.031578 0.102313
vt 0.029841 0.102699
vt 0.028062 0.089191
vt 0.028062 0.089192
vt 0.035654 0.099187
vt 0.035793 0.099267
vt 0.023203 0.097610
vt 0.024028 0.099187
vt 0.028104 0.102313
vt 0.028063 0.102466
vt 0.029841 0.089118
vt 0.029841 0.088957
vt 0.023357 0.094094
vt 0.022969 0.095831
vt 0.023203 0.094052
vt 0.035793 0.092394
vt 0.034588 0.091084
vt 0.026485 0.101643
vt 0.026406 0.101781
vt 0.028104 0.102314
vt 0.028063 0.102468
vt 0.031620 0.089192
vt 0.035784 0.092395
vt 0.034701 0.090971
vt 0.035793 0.092395
vt 0.033277 0.101759
vt 0.023898 0.092395
vt 0.023213 0.097601
vt 0.023203 0.097610
vt 0.033278 0.089882
vt 0.033278 0.089878
vt 0.023215 0.094064
vt 0.023896 0.099268
vt 0.023890 0.099267
vt 0.031618 0.089194
vt 0.035786 0.099268
vt 0.024982 0.100690
vt 0.036479 0.097610
vt 0.026405 0.101759
vt 0.028064 0.089194
vt 0.036470 0.097601
vt 0.036713 0.095831
vt 0.036467 0.094064
vt 0.036479 0.094052
vt 0.028086 0.102443
vt 0.026404 0.089882
vt 0.031596 0.102443
vt 0.026485 0.101644
vt 0.034588 0.100578
vt 0.033197 0.101644
vt 0.036325 0.094094
vt 0.035655 0.092475
vt 0.035655 0.092475
vt 0.029841 0.089118
vt 0.028104 0.089346
vt 0.028104 0.089346
vt 0.023129 0.095831
vt 0.023128 0.095831
vt 0.023357 0.097568
vt 0.024028 0.099187
vt 0.029841 0.102541
vt 0.029841 0.102542
vt 0.036325 0.097568
vt 0.036553 0.095831
vt 0.033198 0.090017
vt 0.031579 0.089346
vt 0.025094 0.091084
vt 0.024027 0.092475
vt 0.025095 0.100577
vt 0.031579 0.089346
vt 0.035654 0.099187
vt 0.034588 0.091084
vt 0.033277 0.101782
vt 0.031620 0.089191
vt 0.036325 0.097568
vt 0.026405 0.101782
vt 0.036480 0.094052
vt 0.023889 0.092394
vt 0.036325 0.094094
vt 0.034701 0.100691
vt 0.029841 0.088957
vt 0.023357 0.097568
vt 0.023202 0.097610
vt 0.023251 0.095831
vt 0.022967 0.095831
vt 0.023476 0.097536
vt 0.023937 0.095831
vt 0.024134 0.099126
vt 0.023888 0.099268
vt 0.024139 0.097359
vt 0.024981 0.100691
vt 0.025667 0.100006
vt 0.025181 0.100491
vt 0.026546 0.101538
vt 0.026404 0.101784
vt 0.028062 0.102471
vt 0.028313 0.101533
vt 0.028136 0.102196
vt 0.029841 0.102421
vt 0.029841 0.102705
vt 0.031547 0.102196
vt 0.031620 0.102471
vt 0.031369 0.101533
vt 0.033136 0.101538
vt 0.033278 0.101784
vt 0.032793 0.100944
vt 0.034501 0.100491
vt 0.034702 0.100691
vt 0.034016 0.100006
vt 0.035548 0.099126
vt 0.035794 0.099268
vt 0.034954 0.098783
vt 0.036206 0.097536
vt 0.036481 0.097610
vt 0.035544 0.097359
vt 0.036715 0.095831
vt 0.036431 0.095831
vt 0.036481 0.094052
vt 0.036206 0.094125
vt 0.035745 0.095831
vt 0.035548 0.092536
vt 0.035794 0.092394
vt 0.034954 0.092879
vt 0.034501 0.091171
vt 0.034702 0.090970
vt 0.033278 0.089878
vt 0.033136 0.090124
vt 0.034016 0.091656
vt 0.031620 0.089191
vt 0.031547 0.089466
vt 0.032793 0.090718
vt 0.029841 0.089241
vt 0.029841 0.089927
vt 0.028062 0.089191
vt 0.028136 0.089466
vt 0.026546 0.090124
vt 0.026404 0.089878
vt 0.026889 0.090718
vt 0.025181 0.091171
vt 0.024981 0.090970
vt 0.025667 0.091656
vt 0.023888 0.092394
vt 0.024728 0.092879
vt 0.024134 0.092536
vt 0.023476 0.094125
vt 0.023202 0.094052
vt 0.024434 0.095831
vt 0.024618 0.097230
vt 0.025158 0.098535
vt 0.026018 0.099655
vt 0.027137 0.100514
vt 0.028442 0.101054
vt 0.027196 0.100412
vt 0.029841 0.101121
vt 0.029841 0.101238
vt 0.031241 0.101054
vt 0.032486 0.100412
vt 0.032545 0.100514
vt 0.033665 0.099655
vt 0.034524 0.098535
vt 0.035064 0.097230
vt 0.035248 0.095831
vt 0.034951 0.094462
vt 0.035064 0.094431
vt 0.034524 0.093127
vt 0.033665 0.092008
vt 0.032486 0.091250
vt 0.032545 0.091148
vt 0.031241 0.090608
vt 0.029841 0.090541
vt 0.029841 0.090424
vt 0.028442 0.090608
vt 0.027196 0.091250
vt 0.027137 0.091148
vt 0.026018 0.092008
vt 0.025158 0.093127
vt 0.024618 0.094431
vt 0.024732 0.094462
vt 0.024139 0.094303
vt 0.024728 0.098783
vt 0.026889 0.100944
vt 0.035544 0.094303
vt 0.031369 0.090128
vt 0.028313 0.090128
vt 0.031754 0.096711
vt 0.024803 0.093354
vt 0.025275 0.091277
vt 0.023932 0.098308
vt 0.024859 0.098101
vt 0.032315 0.101744
vt 0.029841 0.101332
vt 0.023505 0.095837
vt 0.022984 0.095831
vt 0.023970 0.093378
vt 0.024983 0.090973
vt 0.027366 0.089935
vt 0.029841 0.088959
vt 0.034408 0.091277
vt 0.034699 0.090973
vt 0.036178 0.095837
vt 0.036698 0.095831
vt 0.035750 0.098308
vt 0.034697 0.100687
vt 0.029841 0.102210
vt 0.029841 0.102677
vt 0.027367 0.101744
vt 0.024985 0.100687
vt 0.033101 0.098674
vt 0.029841 0.090671
vt 0.029841 0.092683
vt 0.026051 0.088299
vt 0.026062 0.090699
vt 0.026275 0.094965
vt 0.029841 0.099838
vt 0.026582 0.098673
vt 0.034194 0.095274
vt 0.034204 0.090756
vt 0.033621 0.090699
vt 0.026058 0.084860
vt 0.029841 0.088386
vt 0.029841 0.085202
vt 0.027643 0.084948
vt 0.027683 0.088219
vt 0.033624 0.084860
vt 0.032039 0.084947
vt 0.026078 0.084886
vt 0.025499 0.084898
vt 0.033634 0.088276
vt 0.031999 0.088219
vt 0.027667 0.084928
vt 0.029841 0.085068
vt 0.034187 0.088333
vt 0.033604 0.084886
vt 0.032015 0.084928
vt 0.034183 0.084898
vt 0.027602 0.081485
vt 0.033633 0.081121
vt 0.033741 0.077084
vt 0.032080 0.081485
vt 0.025978 0.081342
vt 0.034204 0.081251
vt 0.027638 0.081226
vt 0.026049 0.081121
vt 0.025479 0.081251
vt 0.032045 0.081226
vt 0.033704 0.081342
vt 0.029841 0.081527
vt 0.029841 0.081637
vt 0.028254 0.046834
vt 0.027289 0.031060
vt 0.027289 0.046834
vt 0.028254 0.031060
vt 0.042356 0.100927
vt 0.029561 0.100927
vt 0.029561 0.076465
vt 0.029561 0.109309
vt 0.042356 0.110103
vt 0.029561 0.110103
vt 0.049028 0.076465
vt 0.049914 0.100927
vt 0.049028 0.100927
vt 0.022889 0.109309
vt 0.022889 0.110103
vt 0.022889 0.076465
vt 0.022889 0.100927
vt 0.029561 0.064722
vt 0.042356 0.065790
vt 0.029561 0.065790
vt 0.049914 0.109309
vt 0.049028 0.109309
vt 0.049914 0.110103
vt 0.049028 0.110103
vt 0.022889 0.064722
vt 0.022889 0.065790
vt 0.029561 0.116299
vt 0.022002 0.076465
vt 0.022002 0.100927
vt 0.022002 0.109309
vt 0.022002 0.110103
vt 0.044016 0.109309
vt 0.044016 0.110536
vt 0.022889 0.116299
vt 0.044016 0.076465
vt 0.044016 0.100927
vt 0.044016 0.064722
vt 0.049028 0.065790
vt 0.044016 0.065790
vt 0.044016 0.117093
vt 0.049028 0.116299
vt 0.049028 0.117093
vt 0.029561 0.117093
vt 0.022889 0.117093
vt 0.042356 0.117093
vt 0.044016 0.115866
vt 0.022002 0.116299
vt 0.049914 0.116299
vt 0.043492 0.100927
vt 0.042356 0.116299
vt 0.089175 0.103129
vt 0.094774 0.110163
vt 0.089175 0.110163
vt 0.094774 0.103129
vt 0.105512 0.110163
vt 0.093006 0.662085
vt 0.090348 0.678732
vt 0.090348 0.662085
vt 0.013056 0.875086
vt 0.054750 0.875017
vt 0.032397 0.895844
vt 0.042356 0.109309
vt 0.043492 0.065790
vt 0.022002 0.065790
vt 0.049914 0.076465
vt 0.093923 0.099061
vt 0.098934 0.109736
vt 0.093923 0.109736
vt 0.149735 0.353792
vt 0.156406 0.364467
vt 0.149735 0.364467
vt 0.079467 0.099061
vt 0.092262 0.109736
vt 0.079467 0.109736
vt 0.042356 0.076465
vt 0.043492 0.076465
vt 0.092262 0.099061
vt 0.093398 0.109736
vt 0.093398 0.099061
vt 0.043492 0.109309
vt 0.105512 0.103129
vt 0.106465 0.110163
vt 0.106465 0.103129
vt 0.106905 0.110163
vt 0.043492 0.115866
vt 0.043492 0.110536
vt 0.043492 0.117093
vt 0.042356 0.064722
vt 0.043492 0.064722
vt 0.049028 0.064722
vt 0.049914 0.065790
vt 0.094162 0.031313
vt 0.094036 0.031313
vt 0.094036 0.031041
vt 0.097166 0.031313
vt 0.097166 0.031041
vt 0.097166 0.031041
vt 0.091031 0.031041
vt 0.091031 0.031313
vt 0.091031 0.031313
vt 0.091341 0.031041
vt 0.094036 0.025709
vt 0.094162 0.025709
vt 0.094161 0.036645
vt 0.094036 0.037284
vt 0.094161 0.037284
vt 0.094162 0.037284
vt 0.094162 0.025070
vt 0.094036 0.025070
vt 0.094162 0.036805
vt 0.094036 0.036805
vt 0.096934 0.031041
vt 0.096934 0.031313
vt 0.091263 0.031313
vt 0.091263 0.031041
vt 0.094036 0.025549
vt 0.094162 0.025549
vt 0.091341 0.031313
vt 0.096856 0.031313
vt 0.094036 0.036645
vt 0.049655 0.116860
vt 0.022262 0.116860
vt 0.049655 0.065035
vt 0.022262 0.065035
vt 0.097166 0.025697
vt 0.097166 0.026323
vt 0.097166 0.026323
vt 0.096850 0.025070
vt 0.097159 0.025697
vt 0.096535 0.025070
vt 0.096850 0.025084
vt 0.091031 0.036657
vt 0.091031 0.036030
vt 0.091031 0.036030
vt 0.091347 0.037284
vt 0.091038 0.036657
vt 0.091662 0.037284
vt 0.091347 0.037269
vt 0.091039 0.025697
vt 0.091031 0.026323
vt 0.091347 0.025084
vt 0.091031 0.025697
vt 0.091662 0.025070
vt 0.091347 0.025070
vt 0.097159 0.036657
vt 0.097166 0.036030
vt 0.096850 0.037269
vt 0.097166 0.036657
vt 0.096535 0.037284
vt 0.096850 0.037284
vt 0.096643 0.036702
vt 0.096352 0.036805
vt 0.096882 0.036229
vt 0.091554 0.025652
vt 0.091845 0.025549
vt 0.091316 0.026125
vt 0.091315 0.036229
vt 0.091263 0.035652
vt 0.091554 0.036701
vt 0.091294 0.036229
vt 0.091845 0.036805
vt 0.091554 0.036745
vt 0.091845 0.025549
vt 0.091554 0.025609
vt 0.091263 0.026702
vt 0.091294 0.026125
vt 0.091371 0.036085
vt 0.091341 0.035526
vt 0.091341 0.035526
vt 0.091623 0.036585
vt 0.091416 0.036085
vt 0.091906 0.036645
vt 0.091623 0.036497
vt 0.091662 0.037284
vt 0.096643 0.025609
vt 0.096352 0.025549
vt 0.096352 0.025549
vt 0.096903 0.026125
vt 0.096643 0.025652
vt 0.096934 0.026702
vt 0.096882 0.026125
vt 0.096574 0.025768
vt 0.096291 0.025709
vt 0.096826 0.026268
vt 0.091845 0.036805
vt 0.091624 0.025768
vt 0.091906 0.025709
vt 0.091371 0.026268
vt 0.091263 0.026702
vt 0.096574 0.036585
vt 0.096291 0.036645
vt 0.096643 0.036745
vt 0.096826 0.036085
vt 0.096934 0.035652
vt 0.096903 0.036229
vt 0.091416 0.026268
vt 0.091341 0.026828
vt 0.091341 0.026828
vt 0.091623 0.025857
vt 0.091906 0.025709
vt 0.096856 0.026828
vt 0.096782 0.026268
vt 0.096574 0.025857
vt 0.096782 0.036085
vt 0.096856 0.035526
vt 0.096856 0.035526
vt 0.096574 0.036497
vt 0.096291 0.036645
vt 0.096934 0.035652
vt 0.092723 0.028444
vt 0.096291 0.025709
vt 0.095474 0.033909
vt 0.092723 0.033909
vt 0.095333 0.042324
vt 0.095333 0.039965
vt 0.093300 0.041144
vt 0.095386 0.043621
vt 0.095303 0.043035
vt 0.095211 0.043082
vt 0.095561 0.043337
vt 0.095478 0.043598
vt 0.095569 0.043054
vt 0.095380 0.042797
vt 0.095303 0.039253
vt 0.095386 0.038667
vt 0.095211 0.039207
vt 0.095380 0.039492
vt 0.095478 0.038691
vt 0.095569 0.039235
vt 0.095561 0.038951
vt 0.091031 0.043054
vt 0.091220 0.042797
vt 0.091205 0.042512
vt 0.091039 0.043337
vt 0.091297 0.043035
vt 0.091214 0.043621
vt 0.091123 0.043598
vt 0.091220 0.039492
vt 0.091031 0.039235
vt 0.091205 0.039776
vt 0.091297 0.039253
vt 0.091039 0.038951
vt 0.091214 0.038667
vt 0.091123 0.038691
vt 0.095395 0.039776
vt 0.095386 0.039492
vt 0.095303 0.039234
vt 0.095324 0.042605
vt 0.095333 0.042322
vt 0.095242 0.042814
vt 0.095309 0.042606
vt 0.095150 0.042889
vt 0.095241 0.042862
vt 0.091359 0.039426
vt 0.091450 0.039399
vt 0.091451 0.039399
vt 0.091292 0.039682
vt 0.091359 0.039474
vt 0.091276 0.039683
vt 0.091267 0.039965
vt 0.091450 0.042889
vt 0.091359 0.042862
vt 0.091451 0.042889
vt 0.091292 0.042607
vt 0.091359 0.042814
vt 0.091267 0.042324
vt 0.091276 0.042606
vt 0.095150 0.042889
vt 0.095303 0.043054
vt 0.095395 0.042512
vt 0.095386 0.042797
vt 0.095241 0.039426
vt 0.095150 0.039399
vt 0.095324 0.039683
vt 0.091205 0.042512
vt 0.091267 0.042322
vt 0.091214 0.042797
vt 0.091389 0.043082
vt 0.091297 0.043054
vt 0.091267 0.039967
vt 0.091214 0.039492
vt 0.091389 0.039207
vt 0.091297 0.039234
vt 0.095333 0.039967
vt 0.095242 0.039474
vt 0.095309 0.039682
vt 0.095151 0.039399
vt 0.095387 0.043621
vt 0.095478 0.043621
vt 0.095569 0.043056
vt 0.095569 0.043338
vt 0.095387 0.038667
vt 0.095478 0.038667
vt 0.095569 0.039233
vt 0.095569 0.038950
vt 0.091031 0.043056
vt 0.091123 0.043621
vt 0.091031 0.043338
vt 0.091214 0.043621
vt 0.091031 0.039233
vt 0.091031 0.038950
vt 0.091214 0.038667
vt 0.091123 0.038667
vt 0.091389 0.039207
vt 0.224173 0.042730
vt 0.226006 0.042730
vt 0.231814 0.059811
vt 0.229710 0.059811
vt 0.226424 0.049017
vt 0.226748 0.046538
vt 0.227729 0.048978
vt 0.231952 0.051859
vt 0.232196 0.055443
vt 0.228025 0.053057
vt 0.226959 0.050826
vt 0.228096 0.050702
vt 0.229107 0.049283
vt 0.230599 0.046105
vt 0.227873 0.046105
vt 0.230092 0.055443
vt 0.229780 0.051859
vt 0.231377 0.049283
vt 0.225823 0.044781
vt 0.225153 0.046554
vt 0.224064 0.044788
vt 0.229701 0.049012
vt 0.230139 0.044417
vt 0.229679 0.042730
vt 0.229000 0.056202
vt 0.227234 0.055933
vt 0.227609 0.051859
vt 0.212614 0.045770
vt 0.219283 0.056330
vt 0.212614 0.056330
vt 0.226939 0.044417
vt 0.227989 0.055443
vt 0.225773 0.043094
vt 0.224493 0.043092
vt 0.226263 0.042998
vt 0.226262 0.042848
vt 0.230082 0.056890
vt 0.229326 0.057894
vt 0.228399 0.056890
vt 0.231286 0.057894
vt 0.229758 0.059132
vt 0.231656 0.049254
vt 0.230804 0.046386
vt 0.230917 0.046224
vt 0.230600 0.049085
vt 0.229959 0.046490
vt 0.227054 0.049254
vt 0.225469 0.046418
vt 0.227063 0.049175
vt 0.226633 0.049069
vt 0.232139 0.051618
vt 0.231843 0.054168
vt 0.231833 0.051219
vt 0.230762 0.053583
vt 0.230861 0.050943
vt 0.227771 0.051618
vt 0.227916 0.054168
vt 0.228090 0.054970
vt 0.227702 0.051220
vt 0.227375 0.053583
vt 0.231490 0.049179
vt 0.230253 0.044685
vt 0.230426 0.044536
vt 0.229364 0.044747
vt 0.227240 0.050946
vt 0.223995 0.044536
vt 0.224156 0.044685
vt 0.224173 0.043297
vt 0.223995 0.044760
vt 0.226716 0.056890
vt 0.227367 0.057894
vt 0.232297 0.054970
vt 0.231861 0.059132
vt 0.228970 0.046517
vt 0.228277 0.044772
vt 0.227656 0.043373
vt 0.225223 0.043342
vt 0.224428 0.042848
vt 0.229935 0.042848
vt 0.225146 0.046105
vt 0.223740 0.044417
vt 0.226337 0.056424
vt 0.227654 0.059132
vt 0.229773 0.053205
vt 0.229940 0.050769
vt 0.225402 0.046224
vt 0.226837 0.049283
vt 0.225164 0.046533
vt 0.227050 0.053324
vt 0.227607 0.059811
vt 0.223862 0.043425
vt 0.229629 0.043044
vt 0.228542 0.043238
vt 0.222333 0.042730
vt 0.205891 0.042730
vt 0.207724 0.042730
vt 0.202187 0.059811
vt 0.200083 0.059811
vt 0.219283 0.045770
vt 0.205150 0.046538
vt 0.205473 0.049017
vt 0.204168 0.048978
vt 0.199701 0.055443
vt 0.199945 0.051859
vt 0.203872 0.053057
vt 0.204938 0.050826
vt 0.204847 0.053324
vt 0.202790 0.049283
vt 0.201298 0.046105
vt 0.200520 0.049283
vt 0.201805 0.055443
vt 0.206074 0.044781
vt 0.206745 0.046554
vt 0.203801 0.050702
vt 0.202196 0.049012
vt 0.201758 0.044417
vt 0.202218 0.042730
vt 0.202898 0.056202
vt 0.202124 0.053205
vt 0.204288 0.051859
vt 0.205060 0.049283
vt 0.204025 0.046105
vt 0.204958 0.044417
vt 0.203908 0.055443
vt 0.206124 0.043094
vt 0.207404 0.043092
vt 0.207724 0.043297
vt 0.205636 0.042848
vt 0.205634 0.042998
vt 0.202571 0.057894
vt 0.201815 0.056890
vt 0.203498 0.056890
vt 0.202140 0.059132
vt 0.200611 0.057894
vt 0.201093 0.046386
vt 0.200241 0.049254
vt 0.200980 0.046224
vt 0.201297 0.049085
vt 0.200407 0.049179
vt 0.204843 0.049254
vt 0.206428 0.046418
vt 0.206495 0.046224
vt 0.205265 0.049069
vt 0.204835 0.049175
vt 0.199758 0.051618
vt 0.200054 0.054168
vt 0.199600 0.054970
vt 0.200064 0.051219
vt 0.201135 0.053583
vt 0.203981 0.054168
vt 0.204127 0.051618
vt 0.203807 0.054970
vt 0.204522 0.053583
vt 0.204195 0.051220
vt 0.201036 0.050943
vt 0.201644 0.044685
vt 0.201471 0.044536
vt 0.201938 0.046490
vt 0.204657 0.050946
vt 0.207902 0.044536
vt 0.207469 0.042848
vt 0.207742 0.044685
vt 0.205181 0.056890
vt 0.204530 0.057894
vt 0.202533 0.044747
vt 0.202927 0.046517
vt 0.204241 0.043373
vt 0.203356 0.043238
vt 0.201963 0.042848
vt 0.206751 0.046105
vt 0.207833 0.044788
vt 0.207902 0.044760
vt 0.200036 0.059132
vt 0.205560 0.056424
vt 0.204243 0.059132
vt 0.201957 0.050769
vt 0.206733 0.046533
vt 0.206674 0.043342
vt 0.202268 0.043044
vt 0.208158 0.044417
vt 0.202117 0.051859
vt 0.204663 0.055933
vt 0.203620 0.044772
vt 0.204290 0.059811
vt 0.209564 0.042730
vt 0.212614 0.042730
vt 0.219283 0.042730
vt 0.219283 0.059811
vt 0.212614 0.059811
vt 0.212614 0.055443
vt 0.219283 0.051859
vt 0.212614 0.051859
vt 0.212614 0.049283
vt 0.219283 0.046105
vt 0.212614 0.046105
vt 0.219283 0.057955
vt 0.212614 0.044940
vt 0.219283 0.044940
vt 0.219283 0.044417
vt 0.212614 0.044417
vt 0.212614 0.057955
vt 0.219283 0.049283
vt 0.219283 0.055443
vt 0.214456 0.118427
vt 0.214456 0.112591
vt 0.220137 0.118427
vt 0.220137 0.112591
vt 0.110539 0.622471
vt 0.084658 0.614488
vt 0.110539 0.614488
vt 0.214587 0.117668
vt 0.214587 0.113350
vt 0.220007 0.113350
vt 0.220007 0.117668
vt 0.094744 0.012218
vt 0.094164 0.012073
vt 0.094164 0.012218
vt 0.088368 0.012218
vt 0.087789 0.012073
vt 0.087789 0.012218
vt 0.088948 0.012218
vt 0.088368 0.012073
vt 0.089527 0.012218
vt 0.088948 0.012073
vt 0.090107 0.012073
vt 0.090107 0.012218
vt 0.090687 0.012073
vt 0.090687 0.012218
vt 0.091266 0.012073
vt 0.091266 0.012218
vt 0.091846 0.012073
vt 0.091846 0.012218
vt 0.092426 0.012073
vt 0.092426 0.012218
vt 0.093005 0.012073
vt 0.093005 0.012218
vt 0.093585 0.012218
vt 0.093585 0.012073
vt 0.094744 0.012073
vt 0.094164 0.011929
vt 0.087789 0.011929
vt 0.088368 0.011929
vt 0.089527 0.012073
vt 0.088948 0.011929
vt 0.090107 0.011929
vt 0.090687 0.011929
vt 0.091266 0.011929
vt 0.091846 0.011929
vt 0.092426 0.011929
vt 0.093005 0.011929
vt 0.093585 0.011929
vt 0.094744 0.011929
vt 0.094164 0.011784
vt 0.087789 0.011784
vt 0.088368 0.011784
vt 0.089527 0.011929
vt 0.088948 0.011784
vt 0.090107 0.011784
vt 0.090687 0.011784
vt 0.091266 0.011784
vt 0.091846 0.011784
vt 0.092426 0.011784
vt 0.093005 0.011784
vt 0.093585 0.011784
vt 0.094744 0.011639
vt 0.094744 0.011784
vt 0.088368 0.011639
vt 0.088948 0.011639
vt 0.089527 0.011639
vt 0.089527 0.011784
vt 0.090107 0.011639
vt 0.090687 0.011639
vt 0.091266 0.011639
vt 0.091846 0.011639
vt 0.092426 0.011639
vt 0.093585 0.011639
vt 0.094164 0.011639
vt 0.094744 0.011494
vt 0.088368 0.011494
vt 0.087789 0.011639
vt 0.088948 0.011494
vt 0.089527 0.011494
vt 0.090107 0.011494
vt 0.090687 0.011494
vt 0.091266 0.011494
vt 0.091846 0.011494
vt 0.093005 0.011639
vt 0.092426 0.011494
vt 0.093585 0.011494
vt 0.094164 0.011494
vt 0.094744 0.011349
vt 0.088368 0.011349
vt 0.087789 0.011494
vt 0.088948 0.011349
vt 0.089527 0.011349
vt 0.090107 0.011349
vt 0.090687 0.011349
vt 0.091266 0.011349
vt 0.091846 0.011349
vt 0.093005 0.011494
vt 0.092426 0.011349
vt 0.093585 0.011349
vt 0.094164 0.011349
vt 0.094744 0.011204
vt 0.088368 0.011204
vt 0.087789 0.011349
vt 0.088948 0.011204
vt 0.089527 0.011204
vt 0.090107 0.011204
vt 0.090687 0.011204
vt 0.091266 0.011204
vt 0.091846 0.011204
vt 0.093005 0.011349
vt 0.092426 0.011204
vt 0.093585 0.011204
vt 0.094164 0.011204
vt 0.094744 0.011059
vt 0.088368 0.011059
vt 0.087789 0.011204
vt 0.088948 0.011059
vt 0.089527 0.011059
vt 0.090107 0.011059
vt 0.090687 0.011059
vt 0.091266 0.011059
vt 0.091846 0.011059
vt 0.093005 0.011204
vt 0.092426 0.011059
vt 0.093585 0.011059
vt 0.094164 0.011059
vt 0.094744 0.010914
vt 0.088368 0.010914
vt 0.087789 0.011059
vt 0.088948 0.010914
vt 0.089527 0.010914
vt 0.090107 0.010914
vt 0.090687 0.010914
vt 0.091266 0.010914
vt 0.091846 0.010914
vt 0.093005 0.011059
vt 0.092426 0.010914
vt 0.093585 0.010914
vt 0.094164 0.010914
vt 0.094744 0.010769
vt 0.088368 0.010769
vt 0.087789 0.010914
vt 0.088948 0.010769
vt 0.089527 0.010769
vt 0.090107 0.010769
vt 0.090687 0.010769
vt 0.091266 0.010769
vt 0.091846 0.010769
vt 0.093005 0.010914
vt 0.092426 0.010769
vt 0.093585 0.010769
vt 0.094164 0.010769
vt 0.094744 0.010624
vt 0.088368 0.010624
vt 0.087789 0.010769
vt 0.088948 0.010624
vt 0.089527 0.010624
vt 0.090107 0.010624
vt 0.090687 0.010624
vt 0.091266 0.010624
vt 0.091846 0.010624
vt 0.093005 0.010769
vt 0.092426 0.010624
vt 0.093005 0.010624
vt 0.094164 0.010624
vt 0.094744 0.010480
vt 0.088368 0.010480
vt 0.087789 0.010624
vt 0.088948 0.010480
vt 0.089527 0.010480
vt 0.090107 0.010480
vt 0.090687 0.010480
vt 0.091266 0.010480
vt 0.091846 0.010480
vt 0.092426 0.010480
vt 0.093585 0.010624
vt 0.093005 0.010480
vt 0.094164 0.010480
vt 0.094744 0.010335
vt 0.088368 0.010335
vt 0.087789 0.010480
vt 0.088948 0.010335
vt 0.089527 0.010335
vt 0.090107 0.010335
vt 0.090687 0.010335
vt 0.091266 0.010335
vt 0.091846 0.010335
vt 0.092426 0.010335
vt 0.093585 0.010480
vt 0.093005 0.010335
vt 0.094164 0.010335
vt 0.094744 0.010190
vt 0.088368 0.010190
vt 0.087789 0.010335
vt 0.088948 0.010190
vt 0.089527 0.010190
vt 0.090107 0.010190
vt 0.090687 0.010190
vt 0.091266 0.010190
vt 0.091846 0.010190
vt 0.092426 0.010190
vt 0.093585 0.010335
vt 0.093005 0.010190
vt 0.094164 0.010190
vt 0.094744 0.010045
vt 0.088368 0.010045
vt 0.087789 0.010190
vt 0.088948 0.010045
vt 0.089527 0.010045
vt 0.090107 0.010045
vt 0.090687 0.010045
vt 0.091266 0.010045
vt 0.091846 0.010045
vt 0.092426 0.010045
vt 0.093585 0.010190
vt 0.093005 0.010045
vt 0.094164 0.010045
vt 0.094744 0.009900
vt 0.088368 0.009900
vt 0.087789 0.010045
vt 0.088948 0.009900
vt 0.089527 0.009900
vt 0.090107 0.009900
vt 0.090687 0.009900
vt 0.091266 0.009900
vt 0.091846 0.009900
vt 0.092426 0.009900
vt 0.093585 0.010045
vt 0.093005 0.009900
vt 0.094164 0.009900
vt 0.094744 0.009755
vt 0.088368 0.009755
vt 0.087789 0.009900
vt 0.088948 0.009755
vt 0.089527 0.009755
vt 0.090107 0.009755
vt 0.090687 0.009755
vt 0.091266 0.009755
vt 0.091846 0.009755
vt 0.092426 0.009755
vt 0.093585 0.009900
vt 0.093005 0.009755
vt 0.094164 0.009755
vt 0.094744 0.009610
vt 0.088368 0.009610
vt 0.087789 0.009755
vt 0.088948 0.009610
vt 0.089527 0.009610
vt 0.090107 0.009610
vt 0.090687 0.009610
vt 0.091266 0.009610
vt 0.091846 0.009610
vt 0.092426 0.009610
vt 0.093585 0.009755
vt 0.093005 0.009610
vt 0.094164 0.009610
vt 0.094744 0.009465
vt 0.088368 0.009465
vt 0.087789 0.009610
vt 0.088948 0.009465
vt 0.089527 0.009465
vt 0.090107 0.009465
vt 0.090687 0.009465
vt 0.091266 0.009465
vt 0.091846 0.009465
vt 0.092426 0.009465
vt 0.093585 0.009610
vt 0.093005 0.009465
vt 0.094164 0.009465
vt 0.094744 0.009320
vt 0.088368 0.009320
vt 0.087789 0.009465
vt 0.088948 0.009320
vt 0.089527 0.009320
vt 0.090107 0.009320
vt 0.090687 0.009320
vt 0.091266 0.009320
vt 0.091846 0.009320
vt 0.092426 0.009320
vt 0.093585 0.009465
vt 0.093005 0.009320
vt 0.094164 0.009320
vt 0.094744 0.009175
vt 0.088368 0.009175
vt 0.087789 0.009320
vt 0.088948 0.009175
vt 0.089527 0.009175
vt 0.090107 0.009175
vt 0.090687 0.009175
vt 0.091266 0.009175
vt 0.091846 0.009175
vt 0.092426 0.009175
vt 0.093585 0.009320
vt 0.093005 0.009175
vt 0.094164 0.009175
vt 0.094744 0.009030
vt 0.088368 0.009030
vt 0.087789 0.009175
vt 0.088948 0.009030
vt 0.089527 0.009030
vt 0.090107 0.009030
vt 0.090687 0.009030
vt 0.091266 0.009030
vt 0.091846 0.009030
vt 0.092426 0.009030
vt 0.093585 0.009175
vt 0.093005 0.009030
vt 0.094164 0.009030
vt 0.094744 0.008886
vt 0.088368 0.008886
vt 0.087789 0.009030
vt 0.088948 0.008886
vt 0.089527 0.008886
vt 0.090107 0.008886
vt 0.090687 0.008886
vt 0.091266 0.008886
vt 0.091846 0.008886
vt 0.092426 0.008886
vt 0.093585 0.009030
vt 0.093005 0.008886
vt 0.094164 0.008886
vt 0.094164 0.008741
vt 0.087789 0.008741
vt 0.087789 0.008886
vt 0.088368 0.008741
vt 0.088948 0.008741
vt 0.089527 0.008741
vt 0.090687 0.008741
vt 0.091266 0.008741
vt 0.091846 0.008741
vt 0.092426 0.008741
vt 0.093005 0.008741
vt 0.093585 0.008741
vt 0.093585 0.008886
vt 0.094744 0.008741
vt 0.094164 0.008596
vt 0.087789 0.008596
vt 0.088368 0.008596
vt 0.088948 0.008596
vt 0.090107 0.008741
vt 0.089527 0.008596
vt 0.090687 0.008596
vt 0.091266 0.008596
vt 0.091846 0.008596
vt 0.092426 0.008596
vt 0.093005 0.008596
vt 0.093585 0.008596
vt 0.094744 0.008596
vt 0.094164 0.008451
vt 0.088368 0.008451
vt 0.088948 0.008451
vt 0.089527 0.008451
vt 0.090107 0.008451
vt 0.090107 0.008596
vt 0.090687 0.008451
vt 0.091266 0.008451
vt 0.091846 0.008451
vt 0.092426 0.008451
vt 0.093005 0.008451
vt 0.093585 0.008451
vt 0.094744 0.008306
vt 0.094744 0.008451
vt 0.088368 0.008306
vt 0.087789 0.008451
vt 0.088948 0.008306
vt 0.089527 0.008306
vt 0.090107 0.008306
vt 0.090687 0.008306
vt 0.091266 0.008306
vt 0.091846 0.008306
vt 0.092426 0.008306
vt 0.093005 0.008306
vt 0.093585 0.008306
vt 0.094744 0.008161
vt 0.094164 0.008306
vt 0.088368 0.008161
vt 0.087789 0.008306
vt 0.088948 0.008161
vt 0.089527 0.008161
vt 0.090107 0.008161
vt 0.090687 0.008161
vt 0.091266 0.008161
vt 0.091846 0.008161
vt 0.092426 0.008161
vt 0.093005 0.008161
vt 0.093585 0.008161
vt 0.094164 0.008016
vt 0.094164 0.008161
vt 0.088368 0.008016
vt 0.087789 0.008161
vt 0.088948 0.008016
vt 0.089527 0.008016
vt 0.090107 0.008016
vt 0.090687 0.008016
vt 0.091266 0.008016
vt 0.091846 0.008016
vt 0.092426 0.008016
vt 0.093005 0.008016
vt 0.093585 0.008016
vt 0.094744 0.008016
vt 0.094164 0.007871
vt 0.087789 0.007871
vt 0.087789 0.008016
vt 0.088368 0.007871
vt 0.088948 0.007871
vt 0.089527 0.007871
vt 0.090687 0.007871
vt 0.091266 0.007871
vt 0.091846 0.007871
vt 0.092426 0.007871
vt 0.093005 0.007871
vt 0.093585 0.007871
vt 0.094744 0.007871
vt 0.094164 0.007726
vt 0.087789 0.007726
vt 0.088368 0.007726
vt 0.088948 0.007726
vt 0.090107 0.007871
vt 0.089527 0.007726
vt 0.090687 0.007726
vt 0.091266 0.007726
vt 0.091846 0.007726
vt 0.092426 0.007726
vt 0.093005 0.007726
vt 0.093585 0.007726
vt 0.094744 0.007726
vt 0.094164 0.007581
vt 0.087789 0.007581
vt 0.088368 0.007581
vt 0.088948 0.007581
vt 0.090107 0.007726
vt 0.089527 0.007581
vt 0.090687 0.007581
vt 0.091266 0.007581
vt 0.091846 0.007581
vt 0.092426 0.007581
vt 0.093005 0.007581
vt 0.093585 0.007581
vt 0.094744 0.007581
vt 0.094164 0.007436
vt 0.087789 0.007436
vt 0.088368 0.007436
vt 0.088948 0.007436
vt 0.090107 0.007581
vt 0.089527 0.007436
vt 0.090687 0.007436
vt 0.091266 0.007436
vt 0.091846 0.007436
vt 0.092426 0.007436
vt 0.093005 0.007436
vt 0.093585 0.007436
vt 0.094744 0.007436
vt 0.094164 0.007292
vt 0.087789 0.007292
vt 0.088368 0.007292
vt 0.088948 0.007292
vt 0.090107 0.007436
vt 0.089527 0.007292
vt 0.090687 0.007292
vt 0.091266 0.007292
vt 0.091846 0.007292
vt 0.092426 0.007292
vt 0.093005 0.007292
vt 0.093585 0.007292
vt 0.094744 0.007292
vt 0.094164 0.007147
vt 0.087789 0.007147
vt 0.088368 0.007147
vt 0.088948 0.007147
vt 0.090107 0.007292
vt 0.089527 0.007147
vt 0.090687 0.007147
vt 0.091266 0.007147
vt 0.091846 0.007147
vt 0.092426 0.007147
vt 0.093005 0.007147
vt 0.093585 0.007147
vt 0.094744 0.007147
vt 0.094164 0.007002
vt 0.087789 0.007002
vt 0.088368 0.007002
vt 0.088948 0.007002
vt 0.090107 0.007147
vt 0.089527 0.007002
vt 0.090107 0.007002
vt 0.091266 0.007002
vt 0.091846 0.007002
vt 0.092426 0.007002
vt 0.093005 0.007002
vt 0.093585 0.007002
vt 0.094744 0.006857
vt 0.094744 0.007002
vt 0.087789 0.006857
vt 0.088368 0.006857
vt 0.088948 0.006857
vt 0.089527 0.006857
vt 0.090687 0.007002
vt 0.090107 0.006857
vt 0.090687 0.006857
vt 0.091846 0.006857
vt 0.092426 0.006857
vt 0.093005 0.006857
vt 0.093585 0.006857
vt 0.094164 0.006857
vt 0.094164 0.006712
vt 0.087789 0.006712
vt 0.088368 0.006712
vt 0.088948 0.006712
vt 0.089527 0.006712
vt 0.090107 0.006712
vt 0.091266 0.006712
vt 0.091266 0.006857
vt 0.091846 0.006712
vt 0.092426 0.006712
vt 0.093005 0.006712
vt 0.093585 0.006712
vt 0.094744 0.006712
vt 0.094164 0.006567
vt 0.087789 0.006567
vt 0.088368 0.006567
vt 0.088948 0.006567
vt 0.089527 0.006567
vt 0.090687 0.006567
vt 0.090687 0.006712
vt 0.091266 0.006567
vt 0.091846 0.006567
vt 0.092426 0.006567
vt 0.093005 0.006567
vt 0.093585 0.006567
vt 0.094744 0.006567
vt 0.094164 0.006422
vt 0.087789 0.006422
vt 0.088368 0.006422
vt 0.088948 0.006422
vt 0.090107 0.006567
vt 0.089527 0.006422
vt 0.090687 0.006422
vt 0.091266 0.006422
vt 0.091846 0.006422
vt 0.092426 0.006422
vt 0.093005 0.006422
vt 0.093585 0.006422
vt 0.094744 0.006422
vt 0.094164 0.006277
vt 0.087789 0.006277
vt 0.088368 0.006277
vt 0.088948 0.006277
vt 0.090107 0.006422
vt 0.089527 0.006277
vt 0.090687 0.006277
vt 0.091266 0.006277
vt 0.091846 0.006277
vt 0.092426 0.006277
vt 0.093005 0.006277
vt 0.093585 0.006277
vt 0.094744 0.006277
vt 0.094164 0.006132
vt 0.087789 0.006132
vt 0.088368 0.006132
vt 0.088948 0.006132
vt 0.090107 0.006277
vt 0.089527 0.006132
vt 0.090687 0.006132
vt 0.091266 0.006132
vt 0.091846 0.006132
vt 0.092426 0.006132
vt 0.093005 0.006132
vt 0.093585 0.006132
vt 0.094744 0.006132
vt 0.094164 0.005987
vt 0.087789 0.005987
vt 0.088368 0.005987
vt 0.088948 0.005987
vt 0.090107 0.006132
vt 0.089527 0.005987
vt 0.090687 0.005987
vt 0.091266 0.005987
vt 0.091846 0.005987
vt 0.092426 0.005987
vt 0.093005 0.005987
vt 0.093585 0.005987
vt 0.094744 0.005987
vt 0.094164 0.005843
vt 0.087789 0.005843
vt 0.088368 0.005843
vt 0.088948 0.005843
vt 0.090107 0.005987
vt 0.089527 0.005843
vt 0.090687 0.005843
vt 0.091266 0.005843
vt 0.091846 0.005843
vt 0.092426 0.005843
vt 0.093005 0.005843
vt 0.093585 0.005843
vt 0.094744 0.005843
vt 0.094164 0.005698
vt 0.087789 0.005698
vt 0.088368 0.005698
vt 0.088948 0.005698
vt 0.090107 0.005698
vt 0.090107 0.005843
vt 0.090687 0.005698
vt 0.091266 0.005698
vt 0.091846 0.005698
vt 0.092426 0.005698
vt 0.093005 0.005698
vt 0.093585 0.005698
vt 0.094744 0.005698
vt 0.094164 0.005553
vt 0.088368 0.005553
vt 0.088948 0.005553
vt 0.089527 0.005553
vt 0.089527 0.005698
vt 0.090107 0.005553
vt 0.090687 0.005553
vt 0.091266 0.005553
vt 0.091846 0.005553
vt 0.092426 0.005553
vt 0.093005 0.005553
vt 0.093585 0.005553
vt 0.150980 0.324166
vt 0.152024 0.324166
vt 0.146803 0.324166
vt 0.147847 0.324166
vt 0.143670 0.324166
vt 0.142626 0.324166
vt 0.149936 0.324166
vt 0.145759 0.324166
vt 0.148891 0.324166
vt 0.155157 0.324166
vt 0.154113 0.324166
vt 0.153068 0.324166
vt 0.144714 0.324166
vt 0.154113 0.323905
vt 0.142626 0.323905
vt 0.143670 0.323905
vt 0.144714 0.323905
vt 0.145759 0.323905
vt 0.146803 0.323905
vt 0.148891 0.323905
vt 0.149936 0.323905
vt 0.150980 0.323905
vt 0.152024 0.323905
vt 0.153068 0.323905
vt 0.147847 0.323905
vt 0.155157 0.323644
vt 0.155157 0.323905
vt 0.143670 0.323644
vt 0.144714 0.323644
vt 0.145759 0.323644
vt 0.146803 0.323644
vt 0.147847 0.323644
vt 0.148891 0.323644
vt 0.149936 0.323644
vt 0.150980 0.323644
vt 0.152024 0.323644
vt 0.154113 0.323644
vt 0.149000 0.109977
vt 0.149980 0.113633
vt 0.152656 0.116309
vt 0.156312 0.117289
vt 0.159968 0.116309
vt 0.162645 0.113633
vt 0.163625 0.109977
vt 0.162645 0.106320
vt 0.159968 0.103644
vt 0.156312 0.102664
vt 0.152656 0.103644
vt 0.149980 0.106320
vt 0.156312 0.109977
vt 0.217501 0.119040
vt 0.220525 0.118230
vt 0.222738 0.116017
vt 0.223548 0.112994
vt 0.222738 0.109971
vt 0.220525 0.107758
vt 0.217501 0.106948
vt 0.214478 0.107758
vt 0.212265 0.109971
vt 0.211455 0.112994
vt 0.212265 0.116017
vt 0.213234 0.110530
vt 0.212574 0.112994
vt 0.214478 0.118230
vt 0.237508 0.119294
vt 0.237978 0.117541
vt 0.219966 0.117262
vt 0.217501 0.117922
vt 0.221769 0.115458
vt 0.221769 0.110530
vt 0.222430 0.112994
vt 0.219966 0.108726
vt 0.215038 0.108726
vt 0.217501 0.108066
vt 0.213234 0.115458
vt 0.215038 0.117262
vt 0.221252 0.110829
vt 0.219667 0.109244
vt 0.219667 0.116744
vt 0.217501 0.117324
vt 0.221832 0.112994
vt 0.221252 0.115159
vt 0.217501 0.108663
vt 0.215336 0.109244
vt 0.213171 0.112994
vt 0.213751 0.110829
vt 0.215336 0.116744
vt 0.213751 0.115159
vt 0.219455 0.116378
vt 0.217501 0.116901
vt 0.220885 0.114947
vt 0.221409 0.112994
vt 0.220885 0.111040
vt 0.219455 0.109610
vt 0.215548 0.109610
vt 0.217501 0.109087
vt 0.214118 0.111040
vt 0.213594 0.112994
vt 0.214118 0.114947
vt 0.215548 0.116378
vt 0.217501 0.112994
vt 0.212560 0.113490
vt 0.212560 0.111493
vt 0.215889 0.113490
vt 0.215889 0.111493
vt 0.216554 0.113490
vt 0.216554 0.111493
vt 0.219883 0.113490
vt 0.219883 0.111493
vt 0.220549 0.113490
vt 0.220549 0.111493
vt 0.223877 0.113490
vt 0.223877 0.111493
vt 0.212560 0.116087
vt 0.212560 0.114090
vt 0.215889 0.116087
vt 0.215889 0.114090
vt 0.216554 0.116087
vt 0.216554 0.114090
vt 0.219883 0.116087
vt 0.219883 0.114090
vt 0.220549 0.116087
vt 0.220549 0.114090
vt 0.223877 0.116087
vt 0.223877 0.114090
vt 0.212560 0.118683
vt 0.212560 0.116686
vt 0.215889 0.118683
vt 0.215889 0.116686
vt 0.216554 0.118683
vt 0.216554 0.116686
vt 0.219883 0.118683
vt 0.219883 0.116686
vt 0.220549 0.118683
vt 0.220549 0.116686
vt 0.223877 0.118683
vt 0.223877 0.116686
vt 0.212560 0.121279
vt 0.212560 0.119282
vt 0.215889 0.121279
vt 0.215889 0.119282
vt 0.216554 0.121279
vt 0.216554 0.119282
vt 0.219883 0.121279
vt 0.219883 0.119282
vt 0.220549 0.121279
vt 0.220549 0.119282
vt 0.223877 0.121279
vt 0.223877 0.119282
vt 0.152149 0.316250
vt 0.094337 0.098820
vt 0.094337 0.100737
vt 0.094337 0.101025
vt 0.094337 0.101210
vt 0.094337 0.101274
vt 0.032050 0.037393
vt 0.032050 0.037750
vt 0.032050 0.036322
vt 0.032050 0.034537
vt 0.032050 0.032038
vt 0.032050 0.033823
vt 0.032050 0.033942
vt 0.032050 0.033466
vt 0.032050 0.032871
vt 0.032050 0.022517
vt 0.032050 0.029181
vt 0.032050 0.025373
vt 0.032050 0.023469
vt 0.032050 0.020018
vt 0.032050 0.021684
vt 0.032050 0.021089
vt 0.032050 0.020732
vt 0.032050 0.020613
vt 0.032050 0.018233
vt 0.032050 0.017162
vt 0.032050 0.016805
vt 0.032050 0.035846
vt 0.032050 0.037631
vt 0.032050 0.037274
vt 0.032050 0.036679
vt 0.032050 0.043462
vt 0.032050 0.039654
vt 0.032050 0.043105
vt 0.032050 0.042034
vt 0.032050 0.040249
vt 0.032050 0.039535
vt 0.032050 0.039178
vt 0.032050 0.038583
vt 0.032050 0.033109
vt 0.032050 0.031443
vt 0.032050 0.032514
vt 0.032050 0.032157
vt 0.032050 0.028229
vt 0.032050 0.029658
vt 0.032050 0.028586
vt 0.030867 0.033823
vt 0.030867 0.037393
vt 0.030867 0.018233
vt 0.030867 0.043462
vt 0.030867 0.036679
vt 0.030867 0.016805
vt 0.030867 0.025373
vt 0.030867 0.017162
vt 0.030867 0.034537
vt 0.030867 0.035846
vt 0.030867 0.022517
vt 0.030867 0.043105
vt 0.030867 0.033466
vt 0.030867 0.036322
vt 0.030867 0.023469
vt 0.030867 0.042034
vt 0.030867 0.039654
vt 0.030867 0.037631
vt 0.030867 0.020018
vt 0.030867 0.032871
vt 0.030867 0.039535
vt 0.030867 0.037750
vt 0.030867 0.037274
vt 0.030867 0.040249
vt 0.030867 0.033942
vt 0.030867 0.021684
vt 0.030867 0.032038
vt 0.030867 0.039178
vt 0.030867 0.038583
vt 0.030867 0.021089
vt 0.030867 0.020732
vt 0.030867 0.033109
vt 0.030867 0.020613
vt 0.030867 0.032514
vt 0.030867 0.032157
vt 0.030867 0.031443
vt 0.030867 0.029658
vt 0.030867 0.028229
vt 0.030867 0.029181
vt 0.030867 0.028586
vt 0.029841 0.101735
vt 0.093006 0.678732
vt 0.035409 0.854259
vt 0.098934 0.099061
vt 0.156406 0.353792
vt 0.106905 0.103129
vt 0.097166 0.031312
vt 0.091031 0.031041
vt 0.094162 0.025070
vt 0.096535 0.037284
vt 0.208035 0.043425
vt 0.084658 0.622471
vt 0.094744 0.005553
vt 0.087789 0.005553
vt 0.142626 0.323644
vt 0.153068 0.323644
s 1
g payphone_wall_regular_material
usemtl regular_material
f 13/1/1 3/2/2 15/3/3
f 15/3/3 4/4/4 16/5/4
f 16/5/4 5/6/5 17/7/5
f 5/6/5 18/8/6 17/7/5
f 6/9/7 14/10/8 18/8/6
f 20/11/9 12/12/10 8/13/11
f 24/14/12 11/15/13 12/12/10
f 23/16/13 10/17/14 11/15/13
f 10/17/14 21/18/15 9/19/16
f 9/19/16 19/20/17 7/21/18
f 38/1/19 30/2/20 26/22/21
f 42/3/22 29/4/23 30/2/20
f 29/4/23 40/7/24 28/6/24
f 28/6/24 39/8/25 27/9/26
f 27/9/26 37/10/27 25/23/28
f 43/11/29 33/12/30 45/14/31
f 45/14/31 34/15/32 46/16/32
f 34/15/32 47/24/33 46/16/32
f 35/17/33 48/18/34 47/24/33
f 36/19/35 44/20/36 48/18/34
s 2
f 82/25/36 51/26/37 117/27/37
f 117/27/37 52/28/38 116/29/38
f 52/28/38 115/30/39 116/29/38
f 53/31/39 61/32/40 115/30/39
f 54/33/40 62/34/29 61/32/40
f 61/32/40 107/35/29 108/36/41
f 99/37/42 64/38/42 113/39/42
f 113/39/42 82/25/36 112/40/36
f 66/41/18 118/42/43 63/25/17
f 63/25/17 70/26/44 66/41/18
s 3
f 1/22/45 54/33/45 3/2/45
f 3/2/45 53/31/45 4/4/45
f 4/4/45 52/28/45 5/6/45
f 52/28/45 6/9/45 5/6/45
f 51/26/45 2/23/45 6/9/45
f 7/21/45 60/43/45 9/19/45
f 9/19/45 59/44/45 10/17/45
f 59/44/45 11/15/45 10/17/45
f 58/45/45 12/12/45 11/15/45
f 57/46/45 8/13/45 12/12/45
f 25/23/45 70/26/45 27/9/45
f 27/9/45 69/28/45 28/6/45
f 69/28/45 29/4/45 28/6/45
f 68/31/45 30/2/45 29/4/45
f 67/33/45 26/22/45 30/2/45
f 31/13/45 76/46/45 33/12/45
f 33/12/45 75/45/45 34/15/45
f 34/15/45 74/44/45 35/17/45
f 74/44/45 36/19/45 35/17/45
f 73/43/45 32/21/45 36/19/45
s 1
f 38/1/19 1/22/46 13/1/1
f 7/21/18 84/47/43 83/48/43
s 3
f 26/22/45 50/49/45 1/22/45
f 95/50/45 49/41/45 96/51/45
s 1
f 20/11/9 31/13/47 43/11/29
s 3
f 8/13/45 72/52/45 31/13/45
s 4
f 18/8/48 14/10/48 2438/53/48
s 1
f 86/47/42 32/21/49 87/48/42
s 3
f 87/48/45 71/54/45 88/55/45
s 2
f 81/27/44 69/28/50 70/26/44
f 69/28/50 79/30/51 68/31/51
f 71/54/8 132/56/43 88/55/43
s 4
f 19/20/48 86/47/48 84/47/48
s 5
f 107/35/45 101/35/45 2439/57/45
s 4
f 84/47/48 92/58/48 91/58/48
s 2
f 114/39/43 90/59/43 98/60/43
s 6
f 99/37/52 90/59/52 100/37/52
s 2
f 131/56/42 96/51/42 64/38/42
s 3
f 87/48/45 94/51/45 93/50/45
s 1
f 86/47/42 93/50/42 92/58/42
s 3
f 83/48/45 56/54/45 7/21/45
s 1
f 95/50/43 84/47/43 91/58/43
f 2/23/53 91/58/43 14/10/8
f 92/58/42 25/23/28 37/10/27
s 3
f 93/50/45 66/41/45 25/23/45
s 2
f 64/38/42 49/41/49 82/25/36
f 68/31/51 78/32/54 67/33/54
s 4
f 91/58/48 37/10/48 14/10/48
s 7
f 89/59/45 98/60/45 90/59/45
s 3
f 83/48/45 96/51/45 85/55/45
s 2
f 63/25/17 114/39/43 106/40/17
f 67/33/54 77/34/9 65/49/11
f 65/49/11 62/34/29 50/49/47
f 94/51/43 132/56/43 118/42/43
f 106/40/17 81/27/44 63/25/17
f 105/61/55 80/29/50 81/27/44
f 104/62/50 79/30/51 80/29/50
f 79/30/51 102/36/56 78/32/54
f 78/32/54 101/35/9 77/34/9
f 77/34/9 107/35/29 62/34/29
f 118/42/43 100/37/43 114/39/43
s 6
f 131/56/57 100/37/52 132/56/57
s 2
f 89/59/42 113/39/42 97/60/42
s 8
f 119/63/45 120/64/45 2440/65/45
s 9
f 114/39/58 97/60/58 113/39/58
s 2
f 115/30/39 108/36/41 109/66/39
f 110/62/38 115/30/39 109/66/39
f 111/61/59 116/29/38 110/62/38
f 112/40/36 117/27/37 111/61/59
f 55/52/19 130/70/1 72/52/1
f 73/43/60 125/71/8 71/54/8
f 74/44/61 126/72/60 73/43/60
f 56/54/27 119/72/62 60/43/62
f 75/45/63 127/73/61 74/44/61
f 60/43/62 121/73/64 59/44/64
f 76/46/65 128/74/63 75/45/63
f 59/44/64 122/74/66 58/45/66
f 72/52/1 129/75/65 76/46/65
f 58/45/66 123/75/67 57/46/67
f 85/55/42 120/71/27 56/54/27
f 57/46/67 124/70/19 55/52/19
s 11
f 525/76/68 133/77/69 518/78/70
f 463/79/71 486/80/72 493/81/73
f 487/82/74 142/83/75 489/84/76
f 478/85/77 515/86/78 524/87/79
f 523/88/80 135/89/81 517/90/82
f 476/91/83 143/92/84 473/93/85
f 134/94/86 481/95/87 477/96/88
f 499/97/89 520/98/90 528/99/91
f 468/100/92 500/101/93 501/102/94
f 490/103/95 520/98/90 527/104/96
f 471/105/97 146/106/98 474/107/99
f 472/108/100 479/109/101 485/110/102
f 526/111/103 150/112/104 516/113/105
f 482/114/106 152/115/107 480/116/108
f 148/117/109 488/118/110 491/119/111
f 140/120/112 464/121/113 467/122/114
f 474/107/99 452/123/115 455/124/116
f 141/125/117 462/126/118 464/121/113
f 153/127/119 460/128/120 488/118/110
f 473/93/85 155/129/121 456/130/122
f 481/95/87 154/131/123 457/132/124
f 494/133/125 147/134/126 492/135/127
f 522/136/128 161/137/129 521/138/130
f 160/139/131 465/140/132 466/141/133
f 470/142/134 496/143/135 503/144/136
s 12
f 235/145/137 330/146/138 307/147/139
f 245/148/140 316/149/141 317/150/142
s 13
f 186/151/143 211/152/144 187/153/145
f 186/151/143 212/154/146 210/155/147
f 189/156/148 212/154/146 188/157/149
f 189/156/148 214/158/150 213/159/151
f 191/160/152 214/158/150 190/161/153
f 192/162/154 215/163/155 191/160/152
f 192/162/154 217/164/156 216/165/157
f 193/166/158 218/167/159 217/164/156
f 195/168/160 218/167/159 194/169/161
f 195/168/160 220/170/162 219/171/163
f 197/172/164 220/170/162 196/173/165
f 197/172/164 222/174/166 221/175/167
f 199/176/168 222/174/166 198/177/169
f 199/176/168 224/178/170 223/179/171
f 200/180/172 225/181/173 224/178/170
f 202/182/174 225/181/173 201/183/175
f 202/182/174 227/184/176 226/185/177
f 204/186/178 227/184/176 203/187/179
f 204/186/178 229/188/180 228/189/181
f 205/190/182 230/191/183 229/188/180
f 206/192/184 231/193/185 230/191/183
f 208/194/186 231/193/185 207/195/187
f 209/196/188 232/197/189 208/194/186
f 209/196/188 211/152/144 233/198/190
f 186/151/143 187/153/145 234/199/48
f 187/153/145 209/196/188 234/199/48
f 209/196/188 208/194/186 234/199/48
f 208/194/186 207/195/187 234/199/48
f 207/195/187 206/192/184 234/199/48
f 206/192/184 205/190/182 234/199/48
f 205/190/182 204/186/178 234/199/48
f 204/186/178 203/187/179 234/199/48
f 203/187/179 202/182/174 234/199/48
f 202/182/174 201/183/175 234/199/48
f 201/183/175 200/180/172 234/199/48
f 200/180/172 199/176/168 234/199/48
f 199/176/168 198/177/169 234/199/48
f 198/177/169 197/172/164 234/199/48
f 197/172/164 196/173/165 234/199/48
f 196/173/165 195/168/160 234/199/48
f 195/168/160 194/169/161 234/199/48
f 194/169/161 193/166/158 234/199/48
f 193/166/158 192/162/154 234/199/48
f 192/162/154 191/160/152 234/199/48
f 191/160/152 190/161/153 234/199/48
f 190/161/153 189/156/148 234/199/48
f 189/156/148 188/157/149 234/199/48
f 188/157/149 186/151/143 234/199/48
s 14
f 183/200/191 303/201/192 182/202/193
s 12
f 258/203/194 329/204/195 330/146/138
s 14
f 173/205/196 295/206/197 294/207/198
f 164/208/199 286/209/200 285/210/201
s 12
f 243/211/202 316/149/141 244/212/203
f 257/213/204 328/214/205 329/204/195
s 14
f 177/215/206 299/216/207 298/217/208
s 12
f 242/218/209 315/219/210 243/211/202
s 14
f 168/220/211 290/221/212 289/222/213
s 12
f 256/223/214 327/224/215 328/214/205
f 241/225/216 314/226/217 242/218/209
s 14
f 181/227/218 303/201/192 302/228/219
s 12
f 254/229/220 327/224/215 255/230/221
s 14
f 173/205/196 293/231/222 172/232/223
f 163/233/224 285/210/201 284/234/225
s 12
f 241/225/216 312/235/226 313/236/227
f 254/229/220 325/237/228 326/238/220
s 14
f 162/239/229 306/240/230 185/241/231
f 176/242/232 298/217/208 297/243/233
s 12
f 240/244/234 311/245/235 312/235/226
s 14
f 168/220/211 288/246/236 167/247/237
s 12
f 252/248/238 325/237/228 253/249/228
s 11
f 250/250/239 273/251/240 249/252/241
f 242/218/242 267/253/243 266/254/244
f 258/203/245 281/255/246 257/213/247
f 235/145/248 260/256/249 259/257/250
f 250/250/239 275/258/251 274/259/252
f 244/212/253 267/253/243 243/211/254
f 235/145/248 282/260/255 258/203/245
f 236/261/256 261/262/257 260/256/249
f 251/263/258 276/264/259 275/258/251
f 244/212/253 269/265/260 268/266/261
f 238/267/262 261/262/257 237/268/263
f 253/249/264 276/264/259 252/248/265
f 246/269/266 269/265/260 245/148/267
f 238/267/262 263/270/268 262/271/269
f 253/249/264 278/272/270 277/273/271
f 247/274/272 270/275/273 246/269/266
f 240/244/274 263/270/268 239/276/275
f 255/230/276 278/272/270 254/229/277
f 247/274/272 272/277/278 271/278/279
f 241/225/280 264/279/281 240/244/274
f 256/223/282 279/280/283 255/230/276
f 248/281/284 273/251/240 272/277/278
f 241/225/280 266/254/244 265/282/285
f 256/223/282 281/255/246 280/283/286
s 15
f 286/209/287 311/245/288 310/284/289
f 292/285/290 315/219/291 291/286/292
f 297/243/293 320/287/294 296/288/295
f 301/237/296 326/238/297 325/237/296
f 306/240/298 307/147/299 330/146/300
f 284/234/301 309/289/302 308/290/301
f 290/221/303 313/236/304 289/222/305
f 294/207/306 319/291/307 318/292/306
f 300/293/308 323/294/309 299/216/309
f 304/295/310 329/204/311 328/214/310
f 287/296/312 312/235/313 311/245/288
f 293/231/314 316/149/315 292/285/290
f 297/243/293 322/297/316 321/298/293
f 302/228/297 327/224/317 326/238/297
f 285/210/302 310/284/289 309/289/302
f 291/286/292 314/226/318 290/221/303
f 284/234/301 307/147/299 283/299/299
f 296/288/295 319/291/307 295/206/307
f 301/237/296 324/300/308 300/293/308
f 305/301/311 330/146/300 329/204/311
f 288/246/319 313/236/304 312/235/313
f 294/207/306 317/150/314 293/231/314
f 299/216/309 322/297/316 298/217/316
f 303/201/317 328/214/310 327/224/317
s 14
f 169/302/320 291/286/321 290/221/212
s 12
f 246/269/322 317/150/142 318/292/323
s 14
f 179/303/324 299/216/207 178/304/325
s 12
f 247/274/326 318/292/323 319/291/327
s 14
f 166/305/328 286/209/200 165/306/329
f 174/307/330 296/288/331 295/206/197
f 184/308/332 304/295/333 183/200/191
s 12
f 247/274/326 320/287/334 248/281/335
s 14
f 170/309/336 292/285/337 291/286/321
s 12
f 248/281/335 321/298/338 249/252/339
s 14
f 179/303/324 301/237/340 300/293/341
s 12
f 235/145/137 308/290/342 236/261/343
f 249/252/339 322/297/344 250/250/345
s 14
f 167/247/237 287/296/346 166/305/328
s 12
f 236/261/343 309/289/347 237/268/348
s 14
f 175/310/349 297/243/233 296/288/331
f 185/241/231 305/301/350 184/308/332
f 163/233/224 283/299/351 162/239/229
s 12
f 250/250/345 323/294/352 251/263/353
f 237/268/348 310/284/354 238/267/355
s 14
f 172/232/223 292/285/337 171/311/356
s 12
f 252/248/238 323/294/352 324/300/238
s 14
f 181/227/218 301/237/340 180/312/340
s 12
f 239/276/357 310/284/354 311/245/235
s 16
f 332/313/358 336/314/359 333/315/360
f 333/315/360 335/316/361 331/317/362
f 332/313/358 339/318/363 338/319/364
f 333/315/360 337/320/365 339/318/363
f 341/321/366 339/318/363 342/322/367
f 339/318/363 340/323/368 342/322/367
f 341/321/366 345/324/369 344/325/370
f 342/322/367 343/326/371 345/324/369
f 347/327/372 345/324/369 348/328/373
f 348/328/373 343/326/371 346/329/374
f 347/327/372 351/330/375 350/331/376
f 351/330/375 346/329/374 349/332/377
f 353/333/378 351/330/375 354/334/379
f 354/334/379 349/332/377 352/335/380
f 353/333/378 357/336/381 356/337/382
f 357/336/381 352/335/380 355/338/383
f 356/337/382 360/339/384 359/340/385
f 357/336/381 358/341/386 360/339/384
f 359/340/385 363/342/387 362/343/388
f 363/342/387 358/341/386 361/344/389
f 362/343/388 366/345/390 365/346/391
f 366/345/390 361/344/389 364/347/392
f 368/348/393 366/345/390 369/349/394
f 366/345/390 367/350/395 369/349/394
f 371/351/396 369/349/394 372/352/397
f 372/352/397 367/350/395 370/353/398
f 374/354/399 372/352/397 375/355/400
f 375/355/400 370/353/398 373/356/401
f 374/354/399 378/357/402 377/358/403
f 378/357/402 373/356/401 376/359/404
f 377/358/403 381/360/405 380/361/406
f 378/357/402 379/362/407 381/360/405
f 383/303/408 381/360/405 384/363/409
f 384/363/409 379/362/407 382/364/410
f 386/365/411 384/363/409 387/366/412
f 387/366/412 382/364/410 385/367/413
f 386/365/411 390/368/414 389/227/415
f 390/368/414 385/367/413 388/369/416
f 389/227/415 393/370/417 392/371/418
f 390/368/414 391/372/419 393/370/417
f 392/371/418 396/373/420 395/374/421
f 396/373/420 391/372/419 394/375/422
f 398/376/423 396/373/420 399/377/424
f 399/377/424 394/375/422 397/378/425
f 401/379/426 399/377/424 402/380/427
f 399/377/424 400/381/428 402/380/427
f 334/382/429 402/380/427 336/314/359
f 402/380/427 335/316/361 336/314/359
f 334/382/429 163/233/430 162/239/431
f 163/233/430 338/319/364 164/208/432
f 401/379/426 162/239/431 185/241/433
f 164/208/432 341/321/366 165/306/434
f 341/321/366 166/305/435 165/306/434
f 344/325/370 167/247/436 166/305/435
f 347/327/372 168/220/437 167/247/436
f 168/220/437 353/333/378 169/302/438
f 169/302/438 356/337/382 170/309/439
f 170/309/439 359/340/385 171/311/440
f 359/340/385 172/232/441 171/311/440
f 362/343/388 173/205/442 172/232/441
f 173/205/442 368/348/393 174/307/443
f 174/307/443 371/351/396 175/310/444
f 175/310/444 374/354/399 176/242/445
f 176/242/445 377/358/403 177/215/446
f 177/215/446 380/361/406 178/304/447
f 380/361/406 179/303/448 178/304/447
f 179/303/448 386/365/411 180/312/449
f 386/365/411 181/227/450 180/312/449
f 181/227/450 392/371/418 182/202/451
f 392/371/418 183/200/452 182/202/451
f 395/374/421 184/308/453 183/200/452
f 398/376/423 185/241/433 184/308/453
f 403/383/454 405/384/455 406/385/456
f 406/385/456 407/386/457 408/387/458
f 410/388/459 407/386/457 409/389/460
f 410/388/459 411/390/461 412/391/462
f 414/392/463 411/390/461 413/393/464
f 414/392/463 415/394/465 416/395/466
f 418/396/467 415/394/465 417/397/468
f 420/398/469 417/397/468 419/399/470
f 422/400/471 419/399/470 421/401/472
f 422/400/471 423/402/473 424/403/474
f 426/404/475 423/402/473 425/405/476
f 428/406/477 425/405/476 427/407/478
f 428/406/477 429/408/479 430/409/480
f 430/409/480 431/410/481 432/411/482
f 432/411/482 433/412/483 434/413/484
f 434/413/484 435/414/485 436/415/486
f 436/415/486 437/416/487 438/417/488
f 438/417/488 439/418/489 440/419/490
f 440/419/490 441/420/491 442/421/492
f 442/421/492 443/422/493 444/423/494
f 446/424/495 443/422/493 445/425/496
f 448/426/497 445/425/496 447/427/498
f 450/428/499 447/427/498 449/429/500
f 450/428/499 404/430/501 403/383/454
f 406/385/456 335/316/361 403/383/454
f 449/429/500 211/430/42 404/430/501
f 404/430/501 210/384/502 405/384/455
f 403/383/454 400/381/428 450/428/499
f 408/387/458 331/317/362 406/385/456
f 405/384/455 212/386/503 407/386/457
f 408/387/458 340/323/368 337/320/365
f 407/386/457 213/389/504 409/389/460
f 410/388/459 343/326/371 340/323/368
f 409/389/460 214/390/447 411/390/461
f 414/392/463 343/326/371 412/391/462
f 411/390/461 215/393/448 413/393/464
f 416/395/466 346/329/374 414/392/463
f 413/393/464 216/394/449 415/394/465
f 416/395/466 352/335/380 349/332/377
f 415/394/465 217/397/450 417/397/468
f 420/398/469 352/335/380 418/396/467
f 417/397/468 218/399/451 419/399/470
f 422/400/471 355/338/383 420/398/469
f 419/399/470 219/401/505 421/401/472
f 424/403/474 358/341/386 422/400/471
f 421/401/472 220/402/506 423/402/473
f 424/403/474 364/347/392 361/344/389
f 423/402/473 221/405/507 425/405/476
f 426/404/475 367/350/395 364/347/392
f 425/405/476 222/407/43 427/407/478
f 428/406/477 370/353/398 367/350/395
f 427/407/478 223/408/508 429/408/479
f 430/409/480 373/356/401 370/353/398
f 429/408/479 224/410/509 431/410/481
f 434/413/484 373/356/401 432/411/482
f 431/410/481 225/412/510 433/412/483
f 436/415/486 376/359/404 434/413/484
f 433/412/483 226/414/511 435/414/485
f 436/415/486 382/364/410 379/362/407
f 435/414/485 227/416/512 437/416/487
f 440/419/490 382/364/410 438/417/488
f 437/416/487 228/418/513 439/418/489
f 440/419/490 388/369/416 385/367/413
f 439/418/489 229/420/514 441/420/491
f 444/423/494 388/369/416 442/421/492
f 441/420/491 230/422/515 443/422/493
f 444/423/494 394/375/422 391/372/419
f 443/422/493 231/425/516 445/425/496
f 446/424/495 397/378/425 394/375/422
f 445/425/496 232/427/517 447/427/498
f 450/428/499 397/378/425 448/426/497
f 447/427/498 233/429/518 449/429/500
s 11
f 484/431/519 133/77/69 483/432/520
f 489/84/76 156/433/521 458/434/522
f 152/115/107 459/435/523 480/116/108
f 145/436/524 461/437/525 465/140/132
f 453/438/526 282/260/255 259/257/250
f 458/434/522 281/255/246 282/260/255
f 156/433/521 280/283/286 281/255/246
f 156/433/521 279/280/283 280/283/286
f 455/124/116 278/272/270 279/280/283
f 452/123/115 277/273/271 278/272/270
f 452/123/115 276/264/259 277/273/271
f 462/126/118 275/258/251 276/264/259
f 157/439/527 274/259/252 275/258/251
f 157/439/527 273/251/240 274/259/252
f 460/128/120 272/277/278 273/251/240
f 454/440/528 271/278/279 272/277/278
f 454/440/528 270/275/273 271/278/279
f 457/132/124 269/265/260 270/275/273
f 154/131/123 268/266/261 269/265/260
f 154/131/123 267/253/243 268/266/261
f 461/437/525 266/254/244 267/253/243
f 451/441/529 265/282/285 266/254/244
f 451/441/529 264/279/281 265/282/285
f 456/130/122 263/270/268 264/279/281
f 155/129/121 262/271/269 263/270/268
f 155/129/121 261/262/257 262/271/269
f 459/435/523 260/256/249 261/262/257
f 453/438/526 259/257/250 260/256/249
f 453/438/526 458/434/522 282/260/255
f 458/434/522 156/433/521 281/255/246
f 156/433/521 455/124/116 279/280/283
f 455/124/116 452/123/115 278/272/270
f 452/123/115 462/126/118 276/264/259
f 462/126/118 157/439/527 275/258/251
f 157/439/527 460/128/120 273/251/240
f 460/128/120 454/440/528 272/277/278
f 454/440/528 457/132/124 270/275/273
f 457/132/124 154/131/123 269/265/260
f 154/131/123 461/437/525 267/253/243
f 461/437/525 451/441/529 266/254/244
f 451/441/529 456/130/122 264/279/281
f 456/130/122 155/129/121 263/270/268
f 155/129/121 459/435/523 261/262/257
f 459/435/523 453/438/526 260/256/249
f 479/109/101 469/442/530 484/431/519
f 466/141/133 144/443/531 134/94/86
f 133/77/69 522/136/128 518/78/70
f 467/122/114 146/106/98 159/444/532
f 496/143/135 468/100/92 501/102/94
f 147/134/126 493/81/73 492/135/127
f 497/445/533 470/142/134 503/144/136
f 490/103/95 475/446/534 494/133/125
f 135/89/81 485/110/102 478/85/77
f 137/447/535 474/107/99 142/83/75
f 160/139/131 473/93/85 145/436/524
f 161/137/129 523/88/80 521/138/130
f 145/436/524 456/130/122 451/441/529
f 465/140/132 154/131/123 144/443/531
f 149/448/536 485/110/102 475/446/534
f 479/109/101 463/79/71 147/134/126
f 484/431/519 150/112/104 463/79/71
f 136/449/537 480/116/108 143/92/84
f 475/446/534 479/109/101 147/134/126
f 477/96/88 153/127/119 148/117/109
f 135/89/81 524/87/79 517/90/82
f 516/113/105 483/432/520 525/76/68
f 139/450/538 494/133/125 470/142/134
f 492/135/127 468/100/92 158/451/539
f 470/142/134 492/135/127 158/451/539
f 491/119/111 141/125/117 140/120/112
f 519/452/540 486/80/72 526/111/103
f 149/448/536 527/104/96 515/86/78
f 151/453/541 489/84/76 152/115/107
f 493/81/73 138/454/542 468/100/92
f 488/118/110 157/439/527 141/125/117
f 153/127/119 457/132/124 454/440/528
f 480/116/108 155/129/121 143/92/84
f 152/115/107 458/434/522 453/438/526
f 142/83/75 455/124/116 156/433/521
f 464/121/113 452/123/115 146/106/98
f 499/97/89 471/105/97 137/447/535
f 506/455/543 503/144/136 509/456/544
f 495/457/545 467/122/114 159/444/532
f 505/458/546 501/102/94 508/459/547
f 503/144/136 505/458/546 509/456/544
f 471/105/97 495/457/545 159/444/532
f 501/102/94 512/460/548 508/459/547
f 511/461/549 528/99/91 530/462/550
f 519/452/540 498/463/551 529/464/552
f 467/122/114 498/463/551 140/120/112
f 499/97/89 514/465/553 504/466/554
f 510/467/555 502/468/556 495/457/545
f 504/466/554 510/467/555 495/457/545
f 529/464/552 507/469/557 531/470/558
f 513/471/559 498/463/551 502/468/556
f 500/101/93 531/470/558 512/460/548
f 138/454/542 529/464/552 500/101/93
f 530/462/550 497/445/533 506/455/543
f 515/86/78 487/82/74 151/453/541
f 140/120/112 526/111/103 491/119/111
f 148/117/109 525/76/68 477/96/88
f 517/90/82 482/114/106 136/449/537
f 521/138/130 476/91/83 160/139/131
f 134/94/86 522/136/128 466/141/133
f 466/141/133 521/138/130 160/139/131
f 491/119/111 516/113/105 148/117/109
f 527/104/96 137/447/535 487/82/74
f 528/99/91 139/450/538 497/445/533
f 523/88/80 136/449/537 476/91/83
f 524/87/79 151/453/541 482/114/106
f 477/96/88 518/78/70 134/94/86
f 538/472/48 543/473/560 544/474/561
f 552/475/562 534/476/563 545/477/564
f 538/472/48 539/478/565 537/479/566
f 544/474/561 533/480/567 555/481/568
f 549/482/569 545/477/564 535/483/570
f 506/455/543 542/484/571 532/485/572
f 546/486/573 506/455/543 532/485/572
f 511/461/549 543/473/560 514/465/553
f 533/480/567 530/462/550 546/486/573
f 512/460/548 545/477/564 534/476/563
f 541/487/574 512/460/548 534/476/563
f 539/478/565 507/469/557 513/471/559
f 531/470/558 535/483/570 545/477/564
f 536/488/575 508/459/547 541/487/574
f 509/456/544 536/488/575 542/484/571
f 514/465/553 537/479/566 510/467/555
f 537/479/566 513/471/559 510/467/555
f 532/485/572 553/489/576 546/486/573
f 546/486/573 555/481/568 533/480/567
f 534/476/563 550/490/577 541/487/574
f 540/491/578 535/483/570 539/478/565
f 541/487/574 548/492/45 536/488/575
f 542/484/571 548/492/45 547/493/579
f 532/485/572 547/493/579 554/494/580
f 948/495/581 556/496/582 906/497/583
f 909/498/584 886/499/585 916/500/586
f 910/501/587 565/502/588 560/503/589
f 938/504/590 901/505/591 947/506/592
f 946/507/593 558/508/594 895/509/595
f 899/510/596 566/511/597 559/512/598
f 904/513/599 557/514/600 900/515/601
f 943/516/602 922/517/603 951/518/604
f 923/519/605 891/520/606 924/521/607
f 943/516/602 913/522/608 950/523/609
f 894/524/610 569/525/611 582/526/612
f 902/527/613 895/509/595 908/528/614
f 949/529/615 573/530/616 909/498/584
f 905/531/617 575/532/618 574/533/619
f 911/534/620 571/535/621 914/536/622
f 887/537/623 563/538/624 890/539/625
f 897/540/626 875/541/627 569/525/611
f 885/542/628 564/543/629 887/537/623
f 883/544/630 576/545/631 911/534/620
f 896/546/632 578/547/633 566/511/597
f 904/513/599 577/548/634 567/549/635
f 917/550/636 570/551/637 898/552/638
f 945/553/639 584/554/640 892/555/641
f 888/556/642 583/557/643 889/558/644
f 919/559/645 893/560/646 926/561/647
s 17
f 658/562/137 753/563/648 681/564/649
f 668/565/650 739/566/651 667/567/652
s 18
f 610/568/145 633/569/190 609/570/188
f 609/570/188 635/571/189 611/572/186
f 635/571/189 612/573/187 611/572/186
f 636/574/185 613/575/184 612/573/187
f 613/575/184 638/576/180 614/577/182
f 638/576/180 615/578/178 614/577/182
f 615/578/178 640/579/176 616/580/179
f 640/579/176 617/581/174 616/580/179
f 617/581/174 642/582/173 618/583/175
f 618/583/175 643/584/170 619/585/172
f 643/584/170 620/586/168 619/585/172
f 644/587/171 621/588/169 620/586/168
f 645/589/166 622/590/164 621/588/169
f 622/590/164 647/591/162 623/592/165
f 623/592/165 648/593/163 624/594/160
f 648/593/163 625/595/161 624/594/160
f 625/595/161 650/596/156 626/597/158
f 650/596/156 627/598/154 626/597/158
f 627/598/154 652/599/155 628/600/152
f 652/599/155 629/601/153 628/600/152
f 629/601/153 654/602/151 630/603/148
f 654/602/151 631/604/149 630/603/148
f 655/605/146 632/606/143 631/604/149
f 632/606/143 634/607/144 610/568/145
f 609/570/188 657/608/48 610/568/145
f 610/568/145 657/608/48 632/606/143
f 632/606/143 657/608/48 631/604/149
f 631/604/149 657/608/48 630/603/148
f 630/603/148 657/608/48 629/601/153
f 629/601/153 657/608/48 628/600/152
f 628/600/152 657/608/48 627/598/154
f 627/598/154 657/608/48 626/597/158
f 626/597/158 657/608/48 625/595/161
f 625/595/161 657/608/48 624/594/160
f 624/594/160 657/608/48 623/592/165
f 623/592/165 657/608/48 622/590/164
f 622/590/164 657/608/48 621/588/169
f 621/588/169 657/608/48 620/586/168
f 620/586/168 657/608/48 619/585/172
f 619/585/172 657/608/48 618/583/175
f 618/583/175 657/608/48 617/581/174
f 617/581/174 657/608/48 616/580/179
f 616/580/179 657/608/48 615/578/178
f 615/578/178 657/608/48 614/577/182
f 614/577/182 657/608/48 613/575/184
f 613/575/184 657/608/48 612/573/187
f 612/573/187 657/608/48 611/572/186
f 611/572/186 657/608/48 609/570/188
s 19
f 726/609/653 606/610/654 605/611/655
s 17
f 681/564/649 752/612/656 680/613/657
s 19
f 596/614/658 718/615/197 597/616/659
f 587/617/660 709/618/661 588/619/662
s 17
f 739/566/651 666/620/663 667/567/652
f 680/613/657 751/621/664 679/622/665
s 19
f 600/623/666 722/624/667 601/625/668
s 17
f 738/626/669 665/627/670 666/620/663
s 19
f 591/628/671 713/629/672 592/630/673
s 17
f 679/622/665 750/631/674 678/632/675
f 737/633/676 664/634/677 665/627/670
s 19
f 604/635/678 726/609/653 605/611/655
s 17
f 750/631/674 677/636/679 678/632/675
s 19
f 716/637/680 596/614/658 595/638/681
f 586/639/682 708/640/683 587/617/660
s 17
f 664/634/677 735/641/684 663/642/685
f 677/636/679 748/643/686 676/644/686
s 19
f 729/645/687 585/646/229 608/647/688
f 599/648/689 721/649/690 600/623/666
s 17
f 663/642/685 734/650/691 662/651/692
s 19
f 711/652/693 591/628/671 590/653/694
s 17
f 748/643/686 675/654/695 676/644/686
s 11
f 696/655/696 673/656/697 672/657/698
f 665/627/699 690/658/700 666/620/701
f 704/659/702 681/564/703 680/613/704
f 658/562/705 683/660/706 659/661/707
f 673/656/697 698/662/708 674/663/709
f 690/658/700 667/567/710 666/620/701
f 705/664/711 658/562/705 681/564/703
f 659/661/707 684/665/712 660/666/713
f 674/663/709 699/667/714 675/654/715
f 667/567/710 692/668/716 668/565/717
f 684/665/712 661/669/718 660/666/713
f 699/667/714 676/644/719 675/654/715
f 692/668/716 669/670/720 668/565/717
f 661/669/718 686/671/721 662/651/722
f 676/644/719 701/672/723 677/636/724
f 693/673/725 670/674/726 669/670/720
f 686/671/721 663/642/727 662/651/722
f 701/672/723 678/632/728 677/636/724
f 670/674/726 695/675/729 671/676/730
f 687/677/731 664/634/732 663/642/727
f 702/678/733 679/622/734 678/632/728
f 671/676/730 696/655/696 672/657/698
f 664/634/732 689/679/735 665/627/699
f 679/622/734 704/659/702 680/613/704
s 20
f 709/618/736 734/650/737 710/680/738
f 738/626/739 715/681/740 714/682/741
f 719/683/742 744/684/743 720/685/743
f 724/686/744 749/687/745 725/688/745
f 729/645/746 730/689/299 706/690/299
f 707/691/747 732/692/748 708/640/748
f 736/693/749 713/629/750 712/694/751
f 717/695/752 742/696/307 718/615/307
f 746/697/753 723/698/754 722/624/753
f 727/699/755 752/612/756 728/700/756
f 710/680/738 735/641/757 711/652/758
f 739/566/759 716/637/760 715/681/740
f 744/684/743 721/649/761 720/685/743
f 749/687/745 726/609/762 725/688/745
f 708/640/748 733/701/763 709/618/736
f 737/633/764 714/682/741 713/629/750
f 730/689/299 707/691/747 706/690/299
f 742/696/307 719/683/742 718/615/307
f 747/702/754 724/686/744 723/698/754
f 728/700/756 753/563/765 729/645/746
f 711/652/758 736/693/749 712/694/751
f 740/703/760 717/695/752 716/637/760
f 745/704/761 722/624/753 721/649/761
f 726/609/762 751/621/755 727/699/755
s 19
f 592/630/673 714/682/766 593/705/767
s 17
f 669/670/768 740/703/769 668/565/650
s 19
f 722/624/667 602/706/770 601/625/668
s 17
f 670/674/326 741/707/771 669/670/768
s 19
f 709/618/661 589/708/772 588/619/662
f 597/616/659 719/683/773 598/709/774
f 727/699/775 607/710/776 606/610/654
s 17
f 743/711/777 670/674/326 671/676/778
s 19
f 593/705/767 715/681/779 594/712/780
s 17
f 744/684/781 671/676/778 672/657/782
s 19
f 602/706/770 724/686/783 603/713/783
s 17
f 731/714/784 658/562/137 659/661/785
f 745/704/786 672/657/782 673/656/787
s 19
f 710/680/788 590/653/694 589/708/772
s 17
f 732/692/789 659/661/785 660/666/790
s 19
f 598/709/774 720/685/791 599/648/689
f 728/700/792 608/647/688 607/710/776
f 706/690/351 586/639/682 585/646/229
s 17
f 746/697/793 673/656/787 674/663/794
f 733/701/795 660/666/790 661/669/796
s 19
f 715/681/779 595/638/681 594/712/780
s 17
f 675/654/695 746/697/793 674/663/794
s 19
f 724/686/783 604/635/678 603/713/783
s 17
f 662/651/692 733/701/795 661/669/796
s 21
f 755/715/797 759/716/359 757/717/429
f 756/718/427 758/719/361 759/716/359
f 762/720/424 755/715/797 761/721/798
f 762/720/424 754/722/428 756/718/427
f 764/723/799 762/720/424 761/721/798
f 763/724/422 762/720/424 765/725/420
f 768/726/417 764/723/799 767/727/800
f 768/726/417 763/724/422 765/725/420
f 770/728/801 768/726/417 767/727/800
f 769/729/416 768/726/417 771/730/414
f 774/731/412 770/728/801 773/732/802
f 774/731/412 769/729/416 771/730/414
f 777/733/409 773/732/802 776/734/803
f 775/735/410 774/731/412 777/733/409
f 780/736/405 776/734/803 779/737/804
f 778/738/407 777/733/409 780/736/405
f 783/739/402 779/737/804 782/740/805
f 781/741/404 780/736/405 783/739/402
f 786/742/400 782/740/805 785/743/806
f 784/744/401 783/739/402 786/742/400
f 789/745/397 785/743/806 788/746/807
f 787/747/398 786/742/400 789/745/397
f 791/748/393 789/745/397 788/746/807
f 792/749/394 787/747/398 789/745/397
f 794/750/808 792/749/394 791/748/393
f 795/751/390 790/752/395 792/749/394
f 798/753/387 794/750/808 797/754/809
f 796/755/389 795/751/390 798/753/387
f 801/756/384 797/754/809 800/757/810
f 801/756/384 796/755/389 798/753/387
f 803/758/811 801/756/384 800/757/810
f 804/759/381 799/760/386 801/756/384
f 806/761/812 804/759/381 803/758/811
f 807/762/379 802/763/383 804/759/381
f 810/764/375 806/761/812 809/713/813
f 808/765/377 807/762/379 810/764/375
f 812/766/814 810/764/375 809/713/813
f 813/767/373 808/765/377 810/764/375
f 816/768/369 812/766/814 815/769/815
f 814/770/371 813/767/373 816/768/369
f 819/771/367 815/769/815 818/772/816
f 817/773/368 816/768/369 819/771/367
f 821/774/817 819/771/367 818/772/816
f 820/775/365 819/771/367 822/776/363
f 825/777/360 821/774/817 824/778/818
f 825/777/360 820/775/365 822/776/363
f 757/717/429 825/777/360 824/778/818
f 758/719/361 825/777/360 759/716/359
f 586/639/819 757/717/429 585/646/431
f 586/639/819 761/721/798 755/715/797
f 585/646/431 824/778/818 608/647/820
f 587/617/821 764/723/799 761/721/798
f 589/708/822 764/723/799 588/619/823
f 590/653/824 767/727/800 589/708/822
f 591/628/825 770/728/801 590/653/824
f 591/628/825 776/734/803 773/732/802
f 592/630/826 779/737/804 776/734/803
f 593/705/827 782/740/805 779/737/804
f 595/638/828 782/740/805 594/712/829
f 596/614/830 785/743/806 595/638/828
f 596/614/830 791/748/393 788/746/807
f 597/616/443 794/750/808 791/748/393
f 598/709/831 797/754/809 794/750/808
f 599/648/832 800/757/810 797/754/809
f 600/623/833 803/758/811 800/757/810
f 602/706/514 803/758/811 601/625/515
f 602/706/514 809/713/813 806/761/812
f 604/635/512 809/713/813 603/713/513
f 604/635/512 815/769/815 812/766/814
f 606/610/834 815/769/815 605/611/511
f 607/710/835 818/772/816 606/610/834
f 608/647/820 821/774/817 607/710/835
f 828/569/500 826/779/454 829/780/499
f 830/571/498 829/780/499 831/781/497
f 832/574/496 831/781/497 833/782/495
f 835/783/494 832/574/496 833/782/495
f 837/784/492 834/785/836 835/783/494
f 838/786/489 837/784/492 839/787/837
f 841/788/838 838/786/489 839/787/837
f 842/789/485 841/788/838 843/790/486
f 844/582/483 843/790/486 845/791/484
f 847/792/482 844/582/483 845/791/484
f 849/793/480 846/584/481 847/792/482
f 851/794/477 848/587/479 849/793/480
f 852/795/476 851/794/477 853/796/475
f 854/591/473 853/796/475 855/797/474
f 857/798/471 854/591/473 855/797/474
f 858/799/470 857/798/471 859/800/469
f 860/596/468 859/800/469 861/801/839
f 862/802/465 861/801/839 863/803/840
f 865/804/841 862/802/465 863/803/840
f 866/805/461 865/804/841 867/806/462
f 869/807/459 866/805/461 867/806/462
f 871/808/458 868/602/460 869/807/459
f 873/809/456 870/605/457 871/808/458
f 826/779/454 872/810/455 873/809/456
f 758/719/361 829/780/499 826/779/454
f 634/607/42 872/810/455 827/607/501
f 633/569/518 827/607/501 828/569/500
f 823/811/362 826/779/454 873/809/456
f 754/722/428 831/781/497 829/780/499
f 635/571/517 828/569/500 830/571/498
f 760/812/425 833/782/495 831/781/497
f 636/574/516 830/571/498 832/574/496
f 833/782/495 766/813/419 835/783/494
f 637/785/515 832/574/496 834/785/836
f 835/783/494 769/729/416 837/784/492
f 638/576/514 834/785/836 836/576/842
f 769/729/416 839/787/837 837/784/492
f 639/786/513 836/576/842 838/786/489
f 839/787/837 775/735/410 841/788/838
f 640/579/512 838/786/489 840/579/487
f 775/735/410 843/790/486 841/788/838
f 641/789/511 840/579/487 842/789/485
f 778/738/407 845/791/484 843/790/486
f 642/582/510 842/789/485 844/582/483
f 845/791/484 784/744/401 847/792/482
f 643/584/509 844/582/483 846/584/481
f 847/792/482 787/747/398 849/793/480
f 644/587/508 846/584/481 848/587/479
f 849/793/480 790/752/395 851/794/477
f 645/589/43 848/587/479 850/589/478
f 851/794/477 793/814/392 853/796/475
f 646/795/507 850/589/478 852/795/476
f 853/796/475 796/755/389 855/797/474
f 647/591/506 852/795/476 854/591/473
f 796/755/389 857/798/471 855/797/474
f 648/593/505 854/591/473 856/593/843
f 799/760/386 859/800/469 857/798/471
f 649/799/451 856/593/843 858/799/470
f 859/800/469 805/815/380 861/801/839
f 650/596/450 858/799/470 860/596/468
f 805/815/380 863/803/840 861/801/839
f 651/802/449 860/596/468 862/802/465
f 863/803/840 811/816/374 865/804/841
f 652/599/448 862/802/465 864/599/464
f 811/816/374 867/806/462 865/804/841
f 653/805/447 864/599/464 866/805/461
f 867/806/462 817/773/368 869/807/459
f 654/602/504 866/805/461 868/602/460
f 869/807/459 820/775/365 871/808/458
f 655/605/503 868/602/460 870/605/457
f 820/775/365 873/809/456 871/808/458
f 656/810/502 870/605/457 872/810/455
s 11
f 907/817/844 556/496/582 892/555/641
f 912/818/845 579/819/846 565/502/588
f 882/820/847 575/532/618 903/821/848
f 884/822/849 568/823/850 888/556/642
f 876/824/851 682/825/852 705/664/711
f 881/826/853 705/664/711 704/659/702
f 579/819/846 704/659/702 703/827/854
f 579/819/846 703/827/854 702/678/733
f 878/828/855 702/678/733 701/672/723
f 875/541/627 701/672/723 700/829/856
f 875/541/627 700/829/856 699/667/714
f 885/542/628 699/667/714 698/662/708
f 580/830/857 698/662/708 697/831/858
f 580/830/857 697/831/858 696/655/696
f 883/544/630 696/655/696 695/675/729
f 877/832/859 695/675/729 694/833/860
f 877/832/859 694/833/860 693/673/725
f 880/834/861 693/673/725 692/668/716
f 577/548/634 692/668/716 691/835/862
f 577/548/634 691/835/862 690/658/700
f 884/822/849 690/658/700 689/679/735
f 874/836/863 689/679/735 688/837/864
f 874/836/863 688/837/864 687/677/731
f 879/838/865 687/677/731 686/671/721
f 578/547/633 686/671/721 685/839/866
f 578/547/633 685/839/866 684/665/712
f 882/820/847 684/665/712 683/660/706
f 876/824/851 683/660/706 682/825/852
f 876/824/851 705/664/711 881/826/853
f 881/826/853 704/659/702 579/819/846
f 579/819/846 702/678/733 878/828/855
f 878/828/855 701/672/723 875/541/627
f 875/541/627 699/667/714 885/542/628
f 885/542/628 698/662/708 580/830/857
f 580/830/857 696/655/696 883/544/630
f 883/544/630 695/675/729 877/832/859
f 877/832/859 693/673/725 880/834/861
f 880/834/861 692/668/716 577/548/634
f 577/548/634 690/658/700 884/822/849
f 884/822/849 689/679/735 874/836/863
f 874/836/863 687/677/731 879/838/865
f 879/838/865 686/671/721 578/547/633
f 578/547/633 684/665/712 882/820/847
f 882/820/847 683/660/706 876/824/851
f 902/527/613 892/555/641 584/554/640
f 567/549/635 889/558/644 557/514/600
f 945/553/639 556/496/582 941/840/867
f 569/525/611 890/539/625 582/526/612
f 919/559/645 891/520/606 581/841/868
f 916/500/586 570/551/637 915/842/869
f 920/843/870 893/560/646 562/844/871
f 913/522/608 898/552/638 572/845/872
f 908/528/614 558/508/594 901/505/591
f 560/503/589 897/540/626 894/524/610
f 583/557/643 896/546/632 899/510/596
f 946/507/593 584/554/640 944/846/873
f 568/823/850 879/838/865 896/546/632
f 577/548/634 888/556/642 567/549/635
f 572/845/872 908/528/614 901/505/591
f 886/499/585 902/527/613 570/551/637
f 573/530/616 907/817/844 886/499/585
f 559/512/598 903/821/848 905/531/617
f 898/552/638 902/527/613 908/528/614
f 576/545/631 900/515/601 571/535/621
f 947/506/592 558/508/594 940/847/874
f 939/848/875 906/497/583 573/530/616
f 562/844/871 917/550/636 913/522/608
f 891/520/606 915/842/869 581/841/868
f 893/560/646 915/842/869 917/550/636
f 564/543/629 914/536/622 563/538/624
f 942/849/876 909/498/584 561/850/877
f 950/523/609 572/845/872 938/504/590
f 574/533/619 912/818/845 910/501/587
f 561/850/877 916/500/586 891/520/606
f 580/830/857 911/534/620 564/543/629
f 576/545/631 880/834/861 904/513/599
f 578/547/633 903/821/848 566/511/597
f 575/532/618 881/826/853 912/818/845
f 565/502/588 878/828/855 897/540/626
f 875/541/627 887/537/623 569/525/611
f 894/524/610 922/517/603 560/503/589
f 929/851/878 926/561/647 920/843/870
f 890/539/625 918/852/879 582/526/612
f 928/853/880 924/521/607 919/559/645
f 928/853/880 926/561/647 932/854/881
f 894/524/610 918/852/879 927/855/882
f 935/856/883 924/521/607 931/857/884
f 951/518/604 934/858/885 953/859/886
f 942/849/876 921/860/887 563/538/624
f 890/539/625 921/860/887 925/861/888
f 922/517/603 937/862/889 934/858/885
f 925/861/888 933/863/890 918/852/879
f 927/855/882 933/863/890 937/862/889
f 952/864/891 930/865/892 921/860/887
f 921/860/887 936/866/893 925/861/888
f 923/519/605 954/867/894 952/864/891
f 561/850/877 952/864/891 942/849/876
f 920/843/870 953/859/886 929/851/878
f 910/501/587 938/504/590 574/533/619
f 563/538/624 949/529/615 942/849/876
f 571/535/621 948/495/581 939/848/875
f 905/531/617 940/847/874 559/512/598
f 899/510/596 944/846/873 583/557/643
f 557/514/600 945/553/639 941/840/867
f 889/558/644 944/846/873 945/553/639
f 914/536/622 939/848/875 949/529/615
f 560/503/589 950/523/609 910/501/587
f 562/844/871 951/518/604 920/843/870
f 559/512/598 946/507/593 899/510/596
f 574/533/619 947/506/592 905/531/617
f 900/515/601 941/840/867 948/495/581
f 964/868/895 538/472/48 544/474/561
f 552/475/562 957/869/896 551/870/897
f 538/472/48 961/871/898 540/491/578
f 544/474/561 956/872/899 964/868/895
f 549/482/569 965/873/900 552/475/562
f 963/874/901 929/851/878 955/875/902
f 929/851/878 966/876/903 955/875/902
f 934/858/885 964/868/895 956/872/899
f 953/859/886 956/872/899 966/876/903
f 935/856/883 965/873/900 954/867/894
f 962/877/904 935/856/883 931/857/884
f 930/865/892 961/871/898 936/866/893
f 954/867/894 958/878/905 930/865/892
f 959/879/906 931/857/884 928/853/880
f 959/879/906 932/854/881 963/874/901
f 937/862/889 960/880/907 964/868/895
f 936/866/893 960/880/907 933/863/890
f 553/489/576 955/875/902 966/876/903
f 555/481/568 966/876/903 956/872/899
f 550/490/577 957/869/896 962/877/904
f 958/878/905 540/491/578 961/871/898
f 548/492/45 962/877/904 959/879/906
f 963/874/901 548/492/45 959/879/906
f 955/875/902 547/493/579 963/874/901
s 22
f 974/881/42 968/882/42 970/883/42
s 23
f 970/883/449 973/881/449 974/881/449
s 24
f 971/884/513 968/882/513 972/884/513
s 25
f 967/882/43 973/881/43 969/883/43
s 26
f 973/881/45 972/884/45 974/881/45
s 27
f 1015/885/449 977/886/449 975/885/449
s 28
f 986/887/45 975/885/45 977/886/45
f 976/888/45 1007/889/45 1008/890/45
f 998/891/45 989/892/45 999/893/45
f 992/894/45 1008/890/45 1009/895/45
f 994/896/45 977/886/45 991/897/45
f 988/898/45 1024/899/45 1025/900/45
f 999/893/45 979/901/45 997/902/45
f 997/902/45 1006/903/45 1010/904/45
f 1151/905/45 1025/900/45 1026/906/45
s 29
f 1020/907/43 1008/890/43 1003/907/43
s 28
f 983/908/45 991/897/45 987/909/45
f 980/910/45 1009/895/45 1011/911/45
f 987/909/45 992/894/45 980/910/45
f 1041/912/45 1010/904/45 1048/913/45
s 30
f 1021/914/513 1003/907/513 1004/914/513
s 28
f 1043/915/45 999/893/45 1045/916/45
f 1037/917/45 1027/918/45 1054/919/45
f 1039/920/45 1005/921/45 996/922/45
f 1004/914/45 981/923/45 993/924/45
f 1003/907/45 978/925/45 981/923/45
f 1048/913/45 1005/921/45 1046/926/45
f 1011/911/45 1004/914/45 1001/927/45
f 1010/904/45 1000/928/45 1005/921/45
s 27
f 1052/929/449 975/885/449 1044/929/449
s 28
f 1008/890/45 1002/930/45 1003/907/45
s 31
f 1012/931/45 1016/932/45 1017/933/45
f 1013/934/45 1014/935/45 1016/932/45
f 1053/936/45 1018/937/45 1051/938/45
s 32
f 1023/939/45 1020/940/45 1021/941/45
s 33
f 1022/890/449 1009/895/449 1008/890/449
s 34
f 1016/888/513 990/942/513 976/888/513
f 1051/912/513 997/902/513 1041/912/513
s 27
f 1013/886/449 991/897/449 977/886/449
s 35
f 1012/897/42 992/894/42 991/897/42
s 36
f 1023/895/42 1004/914/42 1009/895/42
s 34
f 1017/894/513 976/888/513 992/894/513
s 37
f 1018/902/43 999/893/43 997/902/43
s 38
f 1034/906/42 994/896/42 1026/906/42
s 39
f 1059/943/449 1024/899/449 1055/943/449
f 1032/899/449 1025/900/449 1024/899/449
s 28
f 1152/944/45 994/896/45 983/908/45
f 1027/918/45 984/945/45 998/891/45
s 40
f 1058/946/45 1031/947/45 1057/948/45
f 1034/949/45 1028/950/45 1030/951/45
f 1033/952/45 1029/953/45 1028/954/45
s 39
f 1033/900/449 1026/906/449 1025/900/449
s 41
f 1031/891/43 1027/918/43 998/891/43
s 42
f 1057/915/513 998/891/513 1043/915/513
f 1028/887/513 982/955/513 986/887/513
f 1030/896/513 986/887/513 994/896/513
f 1029/955/513 1042/956/513 982/955/513
f 1056/956/513 1043/915/513 1042/956/513
s 40
f 1032/957/45 1056/958/45 1029/953/45
f 1059/959/45 1057/948/45 1056/958/45
s 39
f 1035/918/449 1054/919/449 1027/918/449
f 1058/919/449 1055/943/449 1054/919/449
s 34
f 1014/942/513 1040/960/513 990/942/513
f 1050/960/513 1041/912/513 1040/960/513
s 31
f 1015/961/45 1050/962/45 1014/935/45
f 1052/963/45 1051/964/45 1050/962/45
s 27
f 1019/893/449 1045/916/449 999/893/449
f 1053/916/449 1044/929/449 1045/916/449
s 28
f 1007/889/45 1047/965/45 1002/930/45
s 43
f 1063/966/42 1047/965/42 1049/966/42
s 28
f 1002/930/45 1038/967/45 978/925/45
f 1047/965/45 1039/920/45 1038/967/45
f 985/968/45 1055/943/45 1024/899/45
f 1036/969/45 1054/919/45 1055/943/45
f 982/955/45 1044/929/45 975/885/45
f 1042/956/45 1045/916/45 1044/929/45
f 1007/889/45 1040/960/45 1049/966/45
f 1040/960/45 1048/913/45 1049/966/45
s 44
f 1063/966/45 1060/926/45 1061/965/45
s 45
f 1060/926/43 1048/913/43 1046/926/43
s 46
f 1062/913/449 1049/966/449 1048/913/449
s 47
f 1061/965/513 1046/926/513 1047/965/513
s 48
f 1083/917/513 995/970/908 1037/917/513
f 1066/910/43 987/909/43 980/910/43
f 1067/923/449 993/924/909 981/923/449
f 1077/922/910 1039/920/449 996/922/910
f 1065/901/42 1006/903/42 979/901/42
f 1080/971/911 984/945/42 1148/971/911
f 1070/968/513 1036/969/513 985/968/513
f 1075/905/912 988/898/513 1151/905/912
f 1082/969/513 1037/917/513 1036/969/513
f 1084/967/449 978/925/449 1038/967/449
f 1068/908/43 1152/944/913 983/908/43
f 1085/920/449 1038/967/449 1039/920/449
f 1069/945/42 989/892/42 984/945/42
f 1078/903/42 1000/928/914 1006/903/42
f 1072/898/513 985/968/513 988/898/513
f 1146/927/915 1011/911/43 1001/927/915
f 1071/909/43 983/908/43 987/909/43
f 1064/925/449 981/923/449 978/925/449
f 1079/911/43 980/910/43 1011/911/43
f 1073/892/42 979/901/42 989/892/42
f 1142/1001/916 1077/922/910 996/922/910
f 1000/928/914 1144/1001/916 1142/1001/916
s 28
f 1005/921/45 1142/1001/45 996/922/45
s 48
f 1147/1002/917 993/924/909 1074/924/909
f 1146/927/915 1145/1002/917 1147/1002/917
s 28
f 1004/914/45 1145/1002/45 1001/927/45
s 48
f 1150/1003/918 995/970/908 1076/970/908
f 1080/971/911 1149/1003/918 1150/1003/918
s 28
f 1027/918/45 1149/1003/45 1148/971/45
s 48
f 1153/1004/919 1075/905/912 1151/905/912
f 1152/944/913 1154/1004/919 1153/1004/919
s 28
f 1153/1004/45 1026/906/45 1152/944/45
s 0
f 1596/1392/45 1591/1393/45 1595/1394/45
s 86
f 2163/2008/1804 2189/2009/1805 2188/2008/1806
f 2159/2010/1807 2185/2011/1808 2184/2010/1809
f 2156/2012/1810 2179/2013/1811 2155/2013/1812
f 2162/2014/1813 2188/2008/1806 2187/2014/1814
f 2159/2010/1807 2183/2015/1815 2158/2015/1816
f 2161/2016/1817 2187/2014/1814 2186/2016/1818
f 2155/2017/1812 2180/2018/1819 2166/2018/1820
f 2166/2018/1820 2190/2019/1821 2165/2019/1822
f 2158/2015/1816 2182/2020/1823 2157/2020/1824
f 2164/2009/1825 2190/2019/1821 2189/2009/1805
f 2160/2011/1826 2186/2016/1818 2185/2011/1808
f 2157/2020/1824 2181/2012/1827 2156/2012/1810
s 87
f 2179/2017/1828 2192/2021/1829 2180/2018/1830
f 2181/2012/1831 2191/2022/1832 2179/2013/1828
f 2182/2020/1833 2193/2023/1834 2181/2012/1831
f 2183/2015/1835 2194/2024/1836 2182/2020/1833
f 2184/2010/1837 2195/2025/1838 2183/2015/1835
f 2185/2011/1839 2196/2026/1840 2184/2010/1837
f 2198/2027/1841 2185/2011/1839 2186/2016/1842
f 2199/2028/1843 2186/2016/1842 2187/2014/1844
f 2200/2029/1845 2187/2014/1844 2188/2008/1846
f 2201/2030/1847 2188/2008/1846 2189/2009/1848
f 2202/2031/1849 2189/2009/1848 2190/2019/1850
f 2192/2021/1829 2190/2019/1850 2180/2018/1830
s 88
f 2197/2032/1851 2171/2027/1852 2172/2032/1853
f 2194/2024/1854 2176/2023/1855 2193/2023/1856
f 2200/2029/1857 2168/2030/1858 2169/2029/1859
f 2196/2026/1860 2172/2032/1853 2173/2026/1861
f 2193/2023/1856 2178/2022/1862 2191/2022/1863
f 2199/2028/1864 2169/2029/1859 2170/2028/1865
s 89
f 2203/2033/1866 2177/2021/1867 2178/2034/1868
f 2205/2035/1869 2178/2022/1868 2176/2023/1870
f 2206/2036/1871 2176/2023/1870 2175/2024/1872
f 2207/2037/1873 2175/2024/1872 2174/2025/1874
f 2208/2038/1875 2174/2025/1874 2173/2026/1876
f 2172/2032/1877 2208/2038/1875 2173/2026/1876
f 2171/2027/1878 2209/2039/1879 2172/2032/1877
f 2170/2028/1880 2210/2040/1881 2171/2027/1878
f 2169/2029/1882 2211/2041/1883 2170/2028/1880
f 2168/2030/1884 2212/2042/1885 2169/2029/1882
f 2167/2031/1886 2213/2043/1887 2168/2030/1884
f 2204/2044/1888 2167/2031/1886 2177/2021/1867
s 88
f 2201/2030/1889 2167/2031/1890 2168/2030/1858
f 2195/2025/1891 2175/2024/1892 2194/2024/1854
f 2192/2021/1893 2167/2031/1890 2202/2031/1894
f 2191/2034/1863 2177/2021/1895 2192/2021/1893
f 2198/2027/1896 2170/2028/1865 2171/2027/1852
f 2196/2026/1860 2174/2025/1897 2195/2025/1891
s 4
f 19/20/48 21/18/48 2437/2157/48
f 21/18/48 22/24/48 2437/2157/48
f 22/24/48 23/16/48 2437/2157/48
f 23/16/48 24/14/48 2437/2157/48
f 24/14/48 20/11/48 2437/2157/48
f 20/11/48 43/11/48 2437/2157/48
f 43/11/48 45/14/48 2437/2157/48
f 45/14/48 46/16/48 2437/2157/48
f 46/16/48 47/24/48 2437/2157/48
f 47/24/48 48/18/48 2437/2157/48
f 48/18/48 44/20/48 2437/2157/48
f 44/20/48 19/20/48 2437/2157/48
f 14/10/48 37/10/48 2438/53/48
f 37/10/48 39/8/48 2438/53/48
f 39/8/48 40/7/48 2438/53/48
f 40/7/48 41/5/48 2438/53/48
f 41/5/48 42/3/48 2438/53/48
f 42/3/48 38/1/48 2438/53/48
f 38/1/48 13/1/48 2438/53/48
f 13/1/48 15/3/48 2438/53/48
f 15/3/48 16/5/48 2438/53/48
f 16/5/48 17/7/48 2438/53/48
f 17/7/48 18/8/48 2438/53/48
s 5
f 101/35/45 102/36/45 2439/57/45
f 102/36/45 103/66/45 2439/57/45
f 103/66/45 104/62/45 2439/57/45
f 104/62/45 105/61/45 2439/57/45
f 105/61/45 106/40/45 2439/57/45
f 106/40/45 114/39/45 2439/57/45
f 114/39/45 113/39/45 2439/57/45
f 113/39/45 112/40/45 2439/57/45
f 112/40/45 111/61/45 2439/57/45
f 111/61/45 110/62/45 2439/57/45
f 110/62/45 109/66/45 2439/57/45
f 109/66/45 108/36/45 2439/57/45
f 108/36/45 107/35/45 2439/57/45
s 8
f 120/64/45 131/2158/45 2440/65/45
f 131/2158/45 132/2158/45 2440/65/45
f 132/2158/45 125/64/45 2440/65/45
f 125/64/45 126/63/45 2440/65/45
f 126/63/45 127/2159/45 2440/65/45
f 127/2159/45 128/2160/45 2440/65/45
f 128/2160/45 129/2161/45 2440/65/45
f 129/2161/45 130/2162/45 2440/65/45
f 130/2162/45 124/2162/45 2440/65/45
f 124/2162/45 123/2161/45 2440/65/45
f 123/2161/45 122/2160/45 2440/65/45
f 122/2160/45 121/2159/45 2440/65/45
f 121/2159/45 119/63/45 2440/65/45
s 0
f 2472/2163/45 2474/2163/45 2473/2164/45
f 2471/2165/45 2474/2163/45 2472/2163/45
f 2471/2165/45 2475/2165/45 2474/2163/45
f 2470/2166/45 2475/2165/45 2471/2165/45
f 2470/2166/45 2476/2166/45 2475/2165/45
f 2469/2167/45 2454/2168/45 2470/2166/45
f 2454/2168/1914 2453/2169/1914 2470/2166/1914
f 2453/2169/45 2476/2166/45 2470/2166/45
f 2453/2169/45 2452/2168/45 2476/2166/45
f 2452/2168/45 2477/2167/45 2476/2166/45
f 2469/2167/45 2455/2170/45 2454/2168/45
f 2451/2170/45 2477/2167/45 2452/2168/45
f 2469/2167/45 2456/2171/45 2455/2170/45
f 2450/2171/45 2477/2167/45 2451/2170/45
f 2469/2167/45 2446/2167/45 2456/2171/45
f 2449/2167/45 2477/2167/45 2450/2171/45
f 2468/2172/45 2446/2167/45 2469/2167/45
f 2468/2172/45 2447/2173/45 2446/2167/45
f 2448/2173/45 2477/2167/45 2449/2167/45
f 2448/2173/45 2478/2174/45 2477/2167/45
f 2468/2172/45 2448/2173/45 2447/2173/45
f 2468/2172/45 2479/2174/45 2448/2173/45
f 2479/2174/45 2478/2174/45 2448/2173/45
f 2468/2172/45 2480/2172/45 2479/2174/45
f 2457/2172/45 2459/2175/45 2458/2175/45
f 2457/2172/45 2460/2172/45 2459/2175/45
f 2467/2176/45 2480/2172/45 2468/2172/45
f 2467/2176/45 2481/2177/45 2480/2172/45
f 2487/2177/45 2460/2172/45 2457/2172/45
f 2487/2177/45 2461/2176/45 2460/2172/45
f 2467/2176/45 2482/2178/45 2481/2177/45
f 2486/2178/45 2461/2176/45 2487/2177/45
f 2467/2176/45 2483/2179/45 2482/2178/45
f 2485/2179/1915 2461/2176/1915 2486/2178/1915
f 2467/2176/1914 2484/2180/1914 2483/2179/1914
f 2484/2180/45 2461/2176/45 2485/2179/45
f 2467/2176/45 2461/2176/45 2484/2180/45
f 2466/2181/45 2461/2176/45 2467/2176/45
f 2466/2181/45 2462/2181/45 2461/2176/45
f 2465/2182/45 2462/2181/45 2466/2181/45
f 2465/2182/45 2463/2182/45 2462/2181/45
f 2464/2183/45 2463/2182/45 2465/2182/45
f 2501/2183/45 2503/2164/45 2502/2164/45
f 2501/2183/45 2504/2184/45 2503/2164/45
f 2507/2185/45 2509/2163/45 2508/2164/45
f 2506/2186/45 2509/2163/45 2507/2185/45
f 2506/2186/45 2510/2165/45 2509/2163/45
f 2505/2187/45 2510/2165/45 2506/2186/45
f 2504/2184/45 2510/2165/45 2505/2187/45
f 2504/2184/45 2511/2166/45 2510/2165/45
f 2501/2183/45 2498/2171/45 2504/2184/45
f 2498/2171/45 2497/2170/45 2504/2184/45
f 2497/2170/45 2496/2168/45 2504/2184/45
f 2496/2168/45 2495/2169/45 2504/2184/45
f 2495/2169/45 2511/2166/45 2504/2184/45
f 2495/2169/45 2494/2168/45 2511/2166/45
f 2494/2168/45 2488/2167/45 2511/2166/45
f 2493/2170/45 2488/2167/45 2494/2168/45
f 2492/2171/45 2488/2167/45 2493/2170/45
f 2501/2183/45 2499/2167/45 2498/2171/45
f 2491/2167/45 2488/2167/45 2492/2171/45
f 2501/2183/45 2500/2183/45 2499/2167/45
f 2490/2183/45 2488/2167/45 2491/2167/45
f 2490/2183/45 2489/2183/45 2488/2167/45
f 2534/2163/45 2536/2163/45 2535/2164/45
f 2533/2165/45 2536/2163/45 2534/2163/45
f 2533/2165/45 2537/2165/45 2536/2163/45
f 2532/2166/45 2537/2165/45 2533/2165/45
f 2532/2166/45 2538/2166/45 2537/2165/45
f 2531/2167/45 2527/2168/45 2532/2166/45
f 2527/2168/1914 2526/2169/1914 2532/2166/1914
f 2526/2169/45 2538/2166/45 2532/2166/45
f 2526/2169/45 2525/2168/45 2538/2166/45
f 2525/2168/45 2539/2167/45 2538/2166/45
f 2531/2167/1915 2528/2170/1915 2527/2168/1915
f 2524/2170/1914 2539/2167/1914 2525/2168/1914
f 2531/2167/45 2529/2171/45 2528/2170/45
f 2523/2171/1915 2539/2167/1915 2524/2170/1915
f 2531/2167/45 2512/2167/45 2529/2171/45
f 2522/2167/45 2539/2167/45 2523/2171/45
f 2530/2172/45 2512/2167/45 2531/2167/45
f 2530/2172/45 2513/2172/45 2512/2167/45
f 2521/2172/45 2539/2167/45 2522/2167/45
f 2521/2172/45 2540/2172/45 2539/2167/45
f 2547/2176/45 2513/2172/45 2530/2172/45
f 2547/2176/45 2514/2177/45 2513/2172/45
f 2520/2177/45 2540/2172/45 2521/2172/45
f 2520/2177/45 2541/2176/45 2540/2172/45
f 2547/2176/45 2515/2178/45 2514/2177/45
f 2519/2178/45 2541/2176/45 2520/2177/45
f 2547/2176/45 2516/2179/45 2515/2178/45
f 2518/2179/1915 2541/2176/1915 2519/2178/1915
f 2547/2176/45 2517/2180/45 2516/2179/45
f 2517/2180/1914 2541/2176/1914 2518/2179/1914
f 2547/2176/45 2541/2176/45 2517/2180/45
f 2546/2181/45 2541/2176/45 2547/2176/45
f 2546/2181/45 2542/2181/45 2541/2176/45
f 2545/2182/45 2542/2181/45 2546/2181/45
f 2545/2182/45 2543/2182/45 2542/2181/45
f 2544/2183/1915 2543/2182/1915 2545/2182/1915
f 2561/2183/45 2563/2188/45 2562/2188/45
f 2561/2183/45 2564/2184/45 2563/2188/45
f 2567/2185/45 2569/2163/45 2568/2164/45
f 2566/2186/45 2569/2163/45 2567/2185/45
f 2566/2186/45 2570/2165/45 2569/2163/45
f 2565/2187/45 2570/2165/45 2566/2186/45
f 2564/2184/45 2570/2165/45 2565/2187/45
f 2564/2184/45 2571/2166/45 2570/2165/45
f 2561/2183/45 2558/2171/45 2564/2184/45
f 2558/2171/45 2557/2170/45 2564/2184/45
f 2557/2170/45 2556/2168/45 2564/2184/45
f 2556/2168/45 2555/2169/45 2564/2184/45
f 2555/2169/45 2571/2166/45 2564/2184/45
f 2555/2169/45 2554/2168/45 2571/2166/45
f 2554/2168/45 2548/2167/45 2571/2166/45
f 2553/2170/45 2548/2167/45 2554/2168/45
f 2552/2171/45 2548/2167/45 2553/2170/45
f 2561/2183/45 2559/2167/45 2558/2171/45
f 2551/2167/45 2548/2167/45 2552/2171/45
f 2561/2183/45 2560/2183/45 2559/2167/45
f 2550/2183/45 2548/2167/45 2551/2167/45
f 2550/2183/45 2549/2183/45 2548/2167/45
f 2586/2183/45 2572/2189/45 2587/2188/45
f 2572/2189/45 2588/2188/45 2587/2188/45
f 2572/2189/45 2589/2190/45 2588/2188/45
f 2572/2189/45 2590/2191/45 2589/2190/45
f 2572/2189/45 2591/2192/45 2590/2191/45
f 2572/2189/1915 2583/2189/1915 2591/2192/1915
f 2583/2189/1914 2582/2193/1914 2591/2192/1914
f 2582/2193/45 2592/2164/45 2591/2192/45
f 2586/2183/45 2573/2167/45 2572/2189/45
f 2581/2194/45 2592/2164/45 2582/2193/45
f 2580/2195/45 2592/2164/45 2581/2194/45
f 2579/2164/45 2592/2164/45 2580/2195/45
f 2578/2169/45 2592/2164/45 2579/2164/45
f 2578/2169/45 2593/2169/45 2592/2164/45
f 2577/2196/45 2593/2169/45 2578/2169/45
f 2577/2196/45 2594/2197/45 2593/2169/45
f 2576/2198/45 2594/2197/45 2577/2196/45
f 2575/2199/45 2594/2197/45 2576/2198/45
f 2574/2167/1915 2594/2197/1915 2575/2199/1915
f 2586/2183/45 2584/2200/45 2573/2167/45
f 2584/2200/45 2574/2167/45 2573/2167/45
f 2584/2200/45 2594/2197/45 2574/2167/45
f 2584/2200/45 2595/2201/45 2594/2197/45
f 2584/2200/45 2596/2202/45 2595/2201/45
f 2584/2200/45 2597/2200/45 2596/2202/45
f 2586/2183/45 2585/2183/45 2584/2200/45
f 2526/2169/1916 2677/2203/1916 2525/2168/1916
f 2510/2165/1917 2661/2204/1917 2509/2163/1917
f 2543/2182/1918 2694/2205/1918 2542/2181/1918
f 2588/2188/449 2739/2206/449 2587/2188/449
f 2506/2186/1919 2657/2207/1919 2505/2187/1919
f 2545/2182/1920 2696/2208/1920 2544/2183/1920
f 2479/2174/513 2630/2209/513 2478/2174/513
f 2544/2183/1921 2695/2210/1921 2543/2182/1921
f 2539/2167/1922 2690/2211/1922 2538/2166/1922
f 2589/2190/1923 2740/2206/1923 2588/2188/1923
f 2505/2187/1924 2656/2212/1924 2504/2184/1924
f 2562/2188/43 2713/2208/43 2561/2183/43
f 2480/2172/42 2631/2209/42 2479/2174/42
f 2458/2175/43 2609/2213/43 2457/2172/43
f 2528/2170/1925 2679/2203/1925 2527/2168/1925
f 2590/2191/1926 2741/2214/1926 2589/2190/1926
f 2563/2188/449 2714/2206/449 2562/2188/449
f 2525/2168/1927 2676/2215/1927 2524/2170/1927
f 2511/2166/1928 2662/2216/1928 2510/2165/1928
f 2459/2175/449 2610/2217/449 2458/2175/449
f 2591/2192/1928 2742/2218/1928 2590/2191/1928
f 2564/2184/42 2715/2206/42 2563/2188/42
f 2572/2189/513 2735/2219/513 2583/2189/513
f 2473/2164/1929 2624/2204/1929 2472/2163/1929
f 2568/2164/1930 2719/2220/1930 2567/2185/1930
f 2460/2172/42 2611/2217/42 2459/2175/42
f 2529/2171/1931 2680/2215/1931 2528/2170/1931
f 2498/2171/1931 2649/2215/1931 2497/2170/1931
f 2468/2172/1932 2619/2221/1932 2467/2176/1932
f 2524/2170/1933 2675/2222/1933 2523/2171/1933
f 2583/2189/1934 2734/2223/1934 2582/2193/1934
f 2474/2163/1923 2625/2224/1923 2473/2164/1923
f 2569/2163/1923 2720/2224/1923 2568/2164/1923
f 2472/2163/1935 2623/2216/1935 2471/2165/1935
f 2497/2170/1925 2648/2203/1925 2496/2168/1925
f 2567/2185/1936 2718/2225/1936 2566/2186/1936
f 2481/2177/1937 2632/2213/1937 2480/2172/1937
f 2512/2167/1938 2681/2222/1938 2529/2171/1938
f 2592/2164/1922 2743/2226/1922 2591/2192/1922
f 2496/2168/1939 2647/2227/1939 2495/2169/1939
f 2457/2172/1940 2639/2228/1940 2487/2177/1940
f 2523/2171/1941 2674/2229/1941 2522/2167/1941
f 2475/2165/1917 2626/2204/1917 2474/2163/1917
f 2570/2165/1917 2721/2204/1917 2569/2163/1917
f 2573/2167/42 2724/2219/42 2572/2189/42
f 2471/2165/1942 2622/2211/1942 2470/2166/1942
f 2566/2186/1919 2717/2207/1919 2565/2187/1919
f 2531/2167/43 2682/2213/43 2530/2172/43
f 2582/2193/1927 2733/2230/1927 2581/2194/1927
f 2495/2169/1916 2646/2203/1916 2494/2168/1916
f 2461/2176/1943 2612/2213/1943 2460/2172/1943
f 2565/2187/1940 2716/2212/1940 2564/2184/1940
f 2581/2194/1933 2732/2231/1933 2580/2195/1933
f 2476/2166/1928 2627/2216/1928 2475/2165/1928
f 2482/2178/1944 2633/2228/1944 2481/2177/1944
f 2513/2172/42 2664/2229/42 2512/2167/42
f 2470/2166/1945 2621/2229/1945 2469/2167/1945
f 2488/2167/1922 2663/2211/1922 2511/2166/1922
f 2487/2177/1919 2638/2232/1919 2486/2178/1919
f 2522/2167/43 2673/2213/43 2521/2172/43
f 2580/2195/1946 2731/2224/1946 2579/2164/1946
f 2494/2168/1927 2645/2215/1927 2493/2170/1927
f 2571/2166/1928 2722/2216/1928 2570/2165/1928
f 2579/2164/43 2730/2227/43 2578/2169/43
f 2454/2168/1939 2605/2227/1939 2453/2169/1939
f 2493/2170/1933 2644/2222/1933 2492/2171/1933
f 2483/2179/1947 2634/2232/1947 2482/2178/1947
f 2540/2172/42 2691/2229/42 2539/2167/42
f 2558/2171/1931 2709/2215/1931 2557/2170/1931
f 2486/2178/1948 2637/2233/1948 2485/2179/1948
f 2530/2172/1932 2699/2221/1932 2547/2176/1932
f 2593/2169/42 2744/2224/42 2592/2164/42
f 2453/2169/1916 2604/2203/1916 2452/2168/1916
f 2499/2167/1938 2650/2222/1938 2498/2171/1938
f 2557/2170/1925 2708/2203/1925 2556/2168/1925
f 2578/2169/1940 2729/2234/1940 2577/2196/1940
f 2492/2171/1941 2643/2229/1941 2491/2167/1941
f 2484/2180/1949 2635/2233/1949 2483/2179/1949
f 2514/2177/1937 2665/2213/1937 2513/2172/1937
f 2556/2168/1939 2707/2227/1939 2555/2169/1939
f 2485/2179/1930 2636/2235/1930 2484/2180/1930
f 2521/2172/1940 2672/2228/1940 2520/2177/1940
f 2477/2167/1922 2628/2211/1922 2476/2166/1922
f 2501/2183/513 2652/2208/513 2500/2183/513
f 2594/2197/1943 2745/2227/1943 2593/2169/1943
f 2500/2183/42 2651/2229/42 2499/2167/42
f 2577/2196/1919 2728/2236/1919 2576/2198/1919
f 2455/2170/1925 2606/2203/1925 2454/2168/1925
f 2491/2167/43 2642/2208/43 2490/2183/43
f 2555/2169/1916 2706/2203/1916 2554/2168/1916
f 2467/2176/1950 2618/2205/1950 2466/2181/1950
f 2541/2176/1943 2692/2213/1943 2540/2172/1943
f 2452/2168/1927 2603/2215/1927 2451/2170/1927
f 2576/2198/1948 2727/2237/1948 2575/2199/1948
f 2490/2183/513 2641/2208/513 2489/2183/513
f 2515/2178/1944 2666/2228/1944 2514/2177/1944
f 2489/2183/42 2640/2229/42 2488/2167/42
f 2548/2167/1922 2723/2211/1922 2571/2166/1922
f 2462/2181/1951 2613/2221/1951 2461/2176/1951
f 2520/2177/1919 2671/2232/1919 2519/2178/1919
f 2575/2199/1930 2726/2229/1930 2574/2167/1930
f 2456/2171/1931 2607/2215/1931 2455/2170/1931
f 2535/2164/1929 2686/2204/1929 2534/2163/1929
f 2554/2168/1927 2705/2215/1927 2553/2170/1927
f 2466/2181/1952 2617/2210/1952 2465/2182/1952
f 2451/2170/1933 2602/2222/1933 2450/2171/1933
f 2536/2163/1923 2687/2224/1923 2535/2164/1923
f 2553/2170/1933 2704/2222/1933 2552/2171/1933
f 2516/2179/1947 2667/2232/1947 2515/2178/1947
f 2534/2163/1935 2685/2216/1935 2533/2165/1935
f 2463/2182/1918 2614/2205/1918 2462/2181/1918
f 2519/2178/1948 2670/2233/1948 2518/2179/1948
f 2446/2167/1938 2608/2222/1938 2456/2171/1938
f 2465/2182/1920 2616/2208/1920 2464/2183/1920
f 2574/2167/449 2725/2229/449 2573/2167/449
f 2450/2171/1941 2601/2229/1941 2449/2167/1941
f 2559/2167/1938 2710/2222/1938 2558/2171/1938
f 2464/2183/1921 2615/2210/1921 2463/2182/1921
f 2537/2165/1917 2688/2204/1917 2536/2163/1917
f 2552/2171/1941 2703/2229/1941 2551/2167/1941
f 2502/2164/43 2653/2208/43 2501/2183/43
f 2517/2180/1949 2668/2233/1949 2516/2179/1949
f 2469/2167/43 2620/2213/43 2468/2172/43
f 2533/2165/1942 2684/2211/1942 2532/2166/1942
f 2518/2179/1930 2669/2235/1930 2517/2180/1930
f 2595/2201/1951 2746/2238/1951 2594/2197/1951
f 2561/2183/513 2712/2208/513 2560/2183/513
f 2503/2164/449 2654/2224/449 2502/2164/449
f 2560/2183/42 2711/2229/42 2559/2167/42
f 2596/2202/1918 2747/2239/1918 2595/2201/1918
f 2447/2173/42 2598/2229/42 2446/2167/42
f 2538/2166/1928 2689/2216/1928 2537/2165/1928
f 2551/2167/43 2702/2208/43 2550/2183/43
f 2504/2184/42 2655/2224/42 2503/2164/42
f 2547/2176/1950 2698/2205/1950 2546/2181/1950
f 2584/2200/513 2749/2240/513 2597/2200/513
f 2449/2167/43 2600/2241/43 2448/2173/43
f 2532/2166/1945 2683/2229/1945 2531/2167/1945
f 2508/2164/1930 2659/2220/1930 2507/2185/1930
f 2597/2200/1953 2748/2242/1953 2596/2202/1953
f 2550/2183/513 2701/2208/513 2549/2183/513
f 2586/2183/513 2737/2208/513 2585/2183/513
f 2549/2183/42 2700/2229/42 2548/2167/42
f 2509/2163/1923 2660/2224/1923 2508/2164/1923
f 2542/2181/1951 2693/2221/1951 2541/2176/1951
f 2585/2183/42 2736/2240/42 2584/2200/42
f 2478/2174/42 2629/2229/42 2477/2167/42
f 2527/2168/1939 2678/2227/1939 2526/2169/1939
f 2587/2188/43 2738/2208/43 2586/2183/43
f 2507/2185/1936 2658/2225/1936 2506/2186/1936
f 2546/2181/1952 2697/2210/1952 2545/2182/1952
f 2448/2173/449 2599/2241/449 2447/2173/449
s 1
f 13/1/1 1/22/46 3/2/2
f 15/3/3 3/2/2 4/4/4
f 16/5/4 4/4/4 5/6/5
f 5/6/5 6/9/7 18/8/6
f 6/9/7 2/23/53 14/10/8
f 20/11/9 24/14/12 12/12/10
f 24/14/12 23/16/13 11/15/13
f 23/16/13 22/24/14 10/17/14
f 10/17/14 22/24/14 21/18/15
f 9/19/16 21/18/15 19/20/17
f 38/1/19 42/3/22 30/2/20
f 42/3/22 41/5/23 29/4/23
f 29/4/23 41/5/23 40/7/24
f 28/6/24 40/7/24 39/8/25
f 27/9/26 39/8/25 37/10/27
f 43/11/29 31/13/47 33/12/30
f 45/14/31 33/12/30 34/15/32
f 34/15/32 35/17/33 47/24/33
f 35/17/33 36/19/35 48/18/34
f 36/19/35 32/21/49 44/20/36
s 2
f 82/25/36 49/41/49 51/26/37
f 117/27/37 51/26/37 52/28/38
f 52/28/38 53/31/39 115/30/39
f 53/31/39 54/33/40 61/32/40
f 54/33/40 50/49/47 62/34/29
f 61/32/40 62/34/29 107/35/29
f 99/37/42 131/56/42 64/38/42
f 113/39/42 64/38/42 82/25/36
f 66/41/18 94/51/43 118/42/43
f 63/25/17 81/27/44 70/26/44
s 3
f 1/22/45 50/49/45 54/33/45
f 3/2/45 54/33/45 53/31/45
f 4/4/45 53/31/45 52/28/45
f 52/28/45 51/26/45 6/9/45
f 51/26/45 49/41/45 2/23/45
f 7/21/45 56/54/45 60/43/45
f 9/19/45 60/43/45 59/44/45
f 59/44/45 58/45/45 11/15/45
f 58/45/45 57/46/45 12/12/45
f 57/46/45 55/52/45 8/13/45
f 25/23/45 66/41/45 70/26/45
f 27/9/45 70/26/45 69/28/45
f 69/28/45 68/31/45 29/4/45
f 68/31/45 67/33/45 30/2/45
f 67/33/45 65/49/45 26/22/45
f 31/13/45 72/52/45 76/46/45
f 33/12/45 76/46/45 75/45/45
f 34/15/45 75/45/45 74/44/45
f 74/44/45 73/43/45 36/19/45
f 73/43/45 71/54/45 32/21/45
s 1
f 38/1/19 26/22/21 1/22/46
f 7/21/18 19/20/17 84/47/43
s 3
f 26/22/45 65/49/45 50/49/45
f 95/50/45 2/23/45 49/41/45
s 1
f 20/11/9 8/13/11 31/13/47
s 3
f 8/13/45 55/52/45 72/52/45
s 1
f 86/47/42 44/20/36 32/21/49
s 3
f 87/48/45 32/21/45 71/54/45
s 2
f 81/27/44 80/29/50 69/28/50
f 69/28/50 80/29/50 79/30/51
f 71/54/8 125/71/8 132/56/43
s 4
f 19/20/48 44/20/48 86/47/48
f 84/47/48 86/47/48 92/58/48
s 2
f 114/39/43 100/37/43 90/59/43
s 6
f 99/37/52 89/59/52 90/59/52
s 2
f 131/56/42 85/55/42 96/51/42
s 3
f 87/48/45 88/55/45 94/51/45
s 1
f 86/47/42 87/48/42 93/50/42
s 3
f 83/48/45 85/55/45 56/54/45
s 1
f 95/50/43 83/48/43 84/47/43
f 2/23/53 95/50/43 91/58/43
f 92/58/42 93/50/42 25/23/28
s 3
f 93/50/45 94/51/45 66/41/45
s 2
f 64/38/42 96/51/42 49/41/49
f 68/31/51 79/30/51 78/32/54
s 4
f 91/58/48 92/58/48 37/10/48
s 7
f 89/59/45 97/60/45 98/60/45
s 3
f 83/48/45 95/50/45 96/51/45
s 2
f 63/25/17 118/42/43 114/39/43
f 67/33/54 78/32/54 77/34/9
f 65/49/11 77/34/9 62/34/29
f 94/51/43 88/55/43 132/56/43
f 106/40/17 105/61/55 81/27/44
f 105/61/55 104/62/50 80/29/50
f 104/62/50 103/66/51 79/30/51
f 79/30/51 103/66/51 102/36/56
f 78/32/54 102/36/56 101/35/9
f 77/34/9 101/35/9 107/35/29
f 118/42/43 132/56/43 100/37/43
s 6
f 131/56/57 99/37/52 100/37/52
s 2
f 89/59/42 99/37/42 113/39/42
s 9
f 114/39/58 98/60/58 97/60/58
s 2
f 115/30/39 61/32/40 108/36/41
f 110/62/38 116/29/38 115/30/39
f 111/61/59 117/27/37 116/29/38
f 112/40/36 82/25/36 117/27/37
f 55/52/19 124/70/19 130/70/1
f 73/43/60 126/72/60 125/71/8
f 74/44/61 127/73/61 126/72/60
f 56/54/27 120/71/27 119/72/62
f 75/45/63 128/74/63 127/73/61
f 60/43/62 119/72/62 121/73/64
f 76/46/65 129/75/65 128/74/63
f 59/44/64 121/73/64 122/74/66
f 72/52/1 130/70/1 129/75/65
f 58/45/66 122/74/66 123/75/67
f 85/55/42 131/56/42 120/71/27
f 57/46/67 123/75/67 124/70/19
s 11
f 525/76/68 483/432/520 133/77/69
f 463/79/71 150/112/104 486/80/72
f 487/82/74 137/447/535 142/83/75
f 478/85/77 149/448/536 515/86/78
f 523/88/80 472/108/100 135/89/81
f 476/91/83 136/449/537 143/92/84
f 134/94/86 144/443/531 481/95/87
f 499/97/89 137/447/535 520/98/90
f 468/100/92 138/454/542 500/101/93
f 490/103/95 139/450/538 520/98/90
f 471/105/97 159/444/532 146/106/98
f 472/108/100 161/137/129 479/109/101
f 526/111/103 486/80/72 150/112/104
f 482/114/106 151/453/541 152/115/107
f 148/117/109 153/127/119 488/118/110
f 140/120/112 141/125/117 464/121/113
f 474/107/99 146/106/98 452/123/115
f 141/125/117 157/439/527 462/126/118
f 153/127/119 454/440/528 460/128/120
f 473/93/85 143/92/84 155/129/121
f 481/95/87 144/443/531 154/131/123
f 494/133/125 475/446/534 147/134/126
f 522/136/128 469/442/530 161/137/129
f 160/139/131 145/436/524 465/140/132
f 470/142/134 158/451/539 496/143/135
s 12
f 235/145/137 258/203/194 330/146/138
f 245/148/140 244/212/203 316/149/141
s 13
f 186/151/143 210/155/147 211/152/144
f 186/151/143 188/157/149 212/154/146
f 189/156/148 213/159/151 212/154/146
f 189/156/148 190/161/153 214/158/150
f 191/160/152 215/163/155 214/158/150
f 192/162/154 216/165/157 215/163/155
f 192/162/154 193/166/158 217/164/156
f 193/166/158 194/169/161 218/167/159
f 195/168/160 219/171/163 218/167/159
f 195/168/160 196/173/165 220/170/162
f 197/172/164 221/175/167 220/170/162
f 197/172/164 198/177/169 222/174/166
f 199/176/168 223/179/171 222/174/166
f 199/176/168 200/180/172 224/178/170
f 200/180/172 201/183/175 225/181/173
f 202/182/174 226/185/177 225/181/173
f 202/182/174 203/187/179 227/184/176
f 204/186/178 228/189/181 227/184/176
f 204/186/178 205/190/182 229/188/180
f 205/190/182 206/192/184 230/191/183
f 206/192/184 207/195/187 231/193/185
f 208/194/186 232/197/189 231/193/185
f 209/196/188 233/198/190 232/197/189
f 209/196/188 187/153/145 211/152/144
s 14
f 183/200/191 304/295/333 303/201/192
s 12
f 258/203/194 257/213/204 329/204/195
s 14
f 173/205/196 174/307/330 295/206/197
f 164/208/199 165/306/329 286/209/200
s 12
f 243/211/202 315/219/210 316/149/141
f 257/213/204 256/223/214 328/214/205
s 14
f 177/215/206 178/304/325 299/216/207
s 12
f 242/218/209 314/226/217 315/219/210
s 14
f 168/220/211 169/302/320 290/221/212
s 12
f 256/223/214 255/230/221 327/224/215
f 241/225/216 313/236/227 314/226/217
s 14
f 181/227/218 182/202/193 303/201/192
s 12
f 254/229/220 326/238/220 327/224/215
s 14
f 173/205/196 294/207/198 293/231/222
f 163/233/224 164/208/199 285/210/201
s 12
f 241/225/216 240/244/234 312/235/226
f 254/229/220 253/249/228 325/237/228
s 14
f 162/239/229 283/299/351 306/240/230
f 176/242/232 177/215/206 298/217/208
s 12
f 240/244/234 239/276/357 311/245/235
s 14
f 168/220/211 289/222/213 288/246/236
s 12
f 252/248/238 324/300/238 325/237/228
s 11
f 250/250/239 274/259/252 273/251/240
f 242/218/242 243/211/254 267/253/243
f 258/203/245 282/260/255 281/255/246
f 235/145/248 236/261/256 260/256/249
f 250/250/239 251/263/258 275/258/251
f 244/212/253 268/266/261 267/253/243
f 235/145/248 259/257/250 282/260/255
f 236/261/256 237/268/263 261/262/257
f 251/263/258 252/248/265 276/264/259
f 244/212/253 245/148/267 269/265/260
f 238/267/262 262/271/269 261/262/257
f 253/249/264 277/273/271 276/264/259
f 246/269/266 270/275/273 269/265/260
f 238/267/262 239/276/275 263/270/268
f 253/249/264 254/229/277 278/272/270
f 247/274/272 271/278/279 270/275/273
f 240/244/274 264/279/281 263/270/268
f 255/230/276 279/280/283 278/272/270
f 247/274/272 248/281/284 272/277/278
f 241/225/280 265/282/285 264/279/281
f 256/223/282 280/283/286 279/280/283
f 248/281/284 249/252/241 273/251/240
f 241/225/280 242/218/242 266/254/244
f 256/223/282 257/213/247 281/255/246
s 15
f 286/209/287 287/296/312 311/245/288
f 292/285/290 316/149/315 315/219/291
f 297/243/293 321/298/293 320/287/294
f 301/237/296 302/228/297 326/238/297
f 306/240/298 283/299/299 307/147/299
f 284/234/301 285/210/302 309/289/302
f 290/221/303 314/226/318 313/236/304
f 294/207/306 295/206/307 319/291/307
f 300/293/308 324/300/308 323/294/309
f 304/295/310 305/301/311 329/204/311
f 287/296/312 288/246/319 312/235/313
f 293/231/314 317/150/314 316/149/315
f 297/243/293 298/217/316 322/297/316
f 302/228/297 303/201/317 327/224/317
f 285/210/302 286/209/287 310/284/289
f 291/286/292 315/219/291 314/226/318
f 284/234/301 308/290/301 307/147/299
f 296/288/295 320/287/294 319/291/307
f 301/237/296 325/237/296 324/300/308
f 305/301/311 306/240/298 330/146/300
f 288/246/319 289/222/305 313/236/304
f 294/207/306 318/292/306 317/150/314
f 299/216/309 323/294/309 322/297/316
f 303/201/317 304/295/310 328/214/310
s 14
f 169/302/320 170/309/336 291/286/321
s 12
f 246/269/322 245/148/140 317/150/142
s 14
f 179/303/324 300/293/341 299/216/207
s 12
f 247/274/326 246/269/322 318/292/323
s 14
f 166/305/328 287/296/346 286/209/200
f 174/307/330 175/310/349 296/288/331
f 184/308/332 305/301/350 304/295/333
s 12
f 247/274/326 319/291/327 320/287/334
s 14
f 170/309/336 171/311/356 292/285/337
s 12
f 248/281/335 320/287/334 321/298/338
s 14
f 179/303/324 180/312/340 301/237/340
s 12
f 235/145/137 307/147/139 308/290/342
f 249/252/339 321/298/338 322/297/344
s 14
f 167/247/237 288/246/236 287/296/346
s 12
f 236/261/343 308/290/342 309/289/347
s 14
f 175/310/349 176/242/232 297/243/233
f 185/241/231 306/240/230 305/301/350
f 163/233/224 284/234/225 283/299/351
s 12
f 250/250/345 322/297/344 323/294/352
f 237/268/348 309/289/347 310/284/354
s 14
f 172/232/223 293/231/222 292/285/337
s 12
f 252/248/238 251/263/353 323/294/352
s 14
f 181/227/218 302/228/219 301/237/340
s 12
f 239/276/357 238/267/355 310/284/354
s 16
f 332/313/358 334/382/429 336/314/359
f 333/315/360 336/314/359 335/316/361
f 332/313/358 333/315/360 339/318/363
f 333/315/360 331/317/362 337/320/365
f 341/321/366 338/319/364 339/318/363
f 339/318/363 337/320/365 340/323/368
f 341/321/366 342/322/367 345/324/369
f 342/322/367 340/323/368 343/326/371
f 347/327/372 344/325/370 345/324/369
f 348/328/373 345/324/369 343/326/371
f 347/327/372 348/328/373 351/330/375
f 351/330/375 348/328/373 346/329/374
f 353/333/378 350/331/376 351/330/375
f 354/334/379 351/330/375 349/332/377
f 353/333/378 354/334/379 357/336/381
f 357/336/381 354/334/379 352/335/380
f 356/337/382 357/336/381 360/339/384
f 357/336/381 355/338/383 358/341/386
f 359/340/385 360/339/384 363/342/387
f 363/342/387 360/339/384 358/341/386
f 362/343/388 363/342/387 366/345/390
f 366/345/390 363/342/387 361/344/389
f 368/348/393 365/346/391 366/345/390
f 366/345/390 364/347/392 367/350/395
f 371/351/396 368/348/393 369/349/394
f 372/352/397 369/349/394 367/350/395
f 374/354/399 371/351/396 372/352/397
f 375/355/400 372/352/397 370/353/398
f 374/354/399 375/355/400 378/357/402
f 378/357/402 375/355/400 373/356/401
f 377/358/403 378/357/402 381/360/405
f 378/357/402 376/359/404 379/362/407
f 383/303/408 380/361/406 381/360/405
f 384/363/409 381/360/405 379/362/407
f 386/365/411 383/303/408 384/363/409
f 387/366/412 384/363/409 382/364/410
f 386/365/411 387/366/412 390/368/414
f 390/368/414 387/366/412 385/367/413
f 389/227/415 390/368/414 393/370/417
f 390/368/414 388/369/416 391/372/419
f 392/371/418 393/370/417 396/373/420
f 396/373/420 393/370/417 391/372/419
f 398/376/423 395/374/421 396/373/420
f 399/377/424 396/373/420 394/375/422
f 401/379/426 398/376/423 399/377/424
f 399/377/424 397/378/425 400/381/428
f 334/382/429 401/379/426 402/380/427
f 402/380/427 400/381/428 335/316/361
f 334/382/429 332/313/358 163/233/430
f 163/233/430 332/313/358 338/319/364
f 401/379/426 334/382/429 162/239/431
f 164/208/432 338/319/364 341/321/366
f 341/321/366 344/325/370 166/305/435
f 344/325/370 347/327/372 167/247/436
f 347/327/372 350/331/376 168/220/437
f 168/220/437 350/331/376 353/333/378
f 169/302/438 353/333/378 356/337/382
f 170/309/439 356/337/382 359/340/385
f 359/340/385 362/343/388 172/232/441
f 362/343/388 365/346/391 173/205/442
f 173/205/442 365/346/391 368/348/393
f 174/307/443 368/348/393 371/351/396
f 175/310/444 371/351/396 374/354/399
f 176/242/445 374/354/399 377/358/403
f 177/215/446 377/358/403 380/361/406
f 380/361/406 383/303/408 179/303/448
f 179/303/448 383/303/408 386/365/411
f 386/365/411 389/227/415 181/227/450
f 181/227/450 389/227/415 392/371/418
f 392/371/418 395/374/421 183/200/452
f 395/374/421 398/376/423 184/308/453
f 398/376/423 401/379/426 185/241/433
f 403/383/454 404/430/501 405/384/455
f 406/385/456 405/384/455 407/386/457
f 410/388/459 408/387/458 407/386/457
f 410/388/459 409/389/460 411/390/461
f 414/392/463 412/391/462 411/390/461
f 414/392/463 413/393/464 415/394/465
f 418/396/467 416/395/466 415/394/465
f 420/398/469 418/396/467 417/397/468
f 422/400/471 420/398/469 419/399/470
f 422/400/471 421/401/472 423/402/473
f 426/404/475 424/403/474 423/402/473
f 428/406/477 426/404/475 425/405/476
f 428/406/477 427/407/478 429/408/479
f 430/409/480 429/408/479 431/410/481
f 432/411/482 431/410/481 433/412/483
f 434/413/484 433/412/483 435/414/485
f 436/415/486 435/414/485 437/416/487
f 438/417/488 437/416/487 439/418/489
f 440/419/490 439/418/489 441/420/491
f 442/421/492 441/420/491 443/422/493
f 446/424/495 444/423/494 443/422/493
f 448/426/497 446/424/495 445/425/496
f 450/428/499 448/426/497 447/427/498
f 450/428/499 449/429/500 404/430/501
f 406/385/456 331/317/362 335/316/361
f 449/429/500 233/429/518 211/430/42
f 404/430/501 211/430/42 210/384/502
f 403/383/454 335/316/361 400/381/428
f 408/387/458 337/320/365 331/317/362
f 405/384/455 210/384/502 212/386/503
f 408/387/458 410/388/459 340/323/368
f 407/386/457 212/386/503 213/389/504
f 410/388/459 412/391/462 343/326/371
f 409/389/460 213/389/504 214/390/447
f 414/392/463 346/329/374 343/326/371
f 411/390/461 214/390/447 215/393/448
f 416/395/466 349/332/377 346/329/374
f 413/393/464 215/393/448 216/394/449
f 416/395/466 418/396/467 352/335/380
f 415/394/465 216/394/449 217/397/450
f 420/398/469 355/338/383 352/335/380
f 417/397/468 217/397/450 218/399/451
f 422/400/471 358/341/386 355/338/383
f 419/399/470 218/399/451 219/401/505
f 424/403/474 361/344/389 358/341/386
f 421/401/472 219/401/505 220/402/506
f 424/403/474 426/404/475 364/347/392
f 423/402/473 220/402/506 221/405/507
f 426/404/475 428/406/477 367/350/395
f 425/405/476 221/405/507 222/407/43
f 428/406/477 430/409/480 370/353/398
f 427/407/478 222/407/43 223/408/508
f 430/409/480 432/411/482 373/356/401
f 429/408/479 223/408/508 224/410/509
f 434/413/484 376/359/404 373/356/401
f 431/410/481 224/410/509 225/412/510
f 436/415/486 379/362/407 376/359/404
f 433/412/483 225/412/510 226/414/511
f 436/415/486 438/417/488 382/364/410
f 435/414/485 226/414/511 227/416/512
f 440/419/490 385/367/413 382/364/410
f 437/416/487 227/416/512 228/418/513
f 440/419/490 442/421/492 388/369/416
f 439/418/489 228/418/513 229/420/514
f 444/423/494 391/372/419 388/369/416
f 441/420/491 229/420/514 230/422/515
f 444/423/494 446/424/495 394/375/422
f 443/422/493 230/422/515 231/425/516
f 446/424/495 448/426/497 397/378/425
f 445/425/496 231/425/516 232/427/517
f 450/428/499 400/381/428 397/378/425
f 447/427/498 232/427/517 233/429/518
s 11
f 484/431/519 469/442/530 133/77/69
f 489/84/76 142/83/75 156/433/521
f 152/115/107 453/438/526 459/435/523
f 145/436/524 451/441/529 461/437/525
f 479/109/101 161/137/129 469/442/530
f 466/141/133 465/140/132 144/443/531
f 133/77/69 469/442/530 522/136/128
f 467/122/114 464/121/113 146/106/98
f 496/143/135 158/451/539 468/100/92
f 147/134/126 463/79/71 493/81/73
f 497/445/533 139/450/538 470/142/134
f 490/103/95 149/448/536 475/446/534
f 135/89/81 472/108/100 485/110/102
f 137/447/535 471/105/97 474/107/99
f 160/139/131 476/91/83 473/93/85
f 161/137/129 472/108/100 523/88/80
f 145/436/524 473/93/85 456/130/122
f 465/140/132 461/437/525 154/131/123
f 149/448/536 478/85/77 485/110/102
f 479/109/101 484/431/519 463/79/71
f 484/431/519 483/432/520 150/112/104
f 136/449/537 482/114/106 480/116/108
f 475/446/534 485/110/102 479/109/101
f 477/96/88 481/95/87 153/127/119
f 135/89/81 478/85/77 524/87/79
f 516/113/105 150/112/104 483/432/520
f 139/450/538 490/103/95 494/133/125
f 492/135/127 493/81/73 468/100/92
f 470/142/134 494/133/125 492/135/127
f 491/119/111 488/118/110 141/125/117
f 519/452/540 138/454/542 486/80/72
f 149/448/536 490/103/95 527/104/96
f 151/453/541 487/82/74 489/84/76
f 493/81/73 486/80/72 138/454/542
f 488/118/110 460/128/120 157/439/527
f 153/127/119 481/95/87 457/132/124
f 480/116/108 459/435/523 155/129/121
f 152/115/107 489/84/76 458/434/522
f 142/83/75 474/107/99 455/124/116
f 464/121/113 462/126/118 452/123/115
f 499/97/89 504/466/554 471/105/97
f 506/455/543 497/445/533 503/144/136
f 495/457/545 502/468/556 467/122/114
f 505/458/546 496/143/135 501/102/94
f 503/144/136 496/143/135 505/458/546
f 471/105/97 504/466/554 495/457/545
f 501/102/94 500/101/93 512/460/548
f 511/461/549 499/97/89 528/99/91
f 519/452/540 140/120/112 498/463/551
f 467/122/114 502/468/556 498/463/551
f 499/97/89 511/461/549 514/465/553
f 510/467/555 513/471/559 502/468/556
f 504/466/554 514/465/553 510/467/555
f 529/464/552 498/463/551 507/469/557
f 513/471/559 507/469/557 498/463/551
f 500/101/93 529/464/552 531/470/558
f 138/454/542 519/452/540 529/464/552
f 530/462/550 528/99/91 497/445/533
f 515/86/78 527/104/96 487/82/74
f 140/120/112 519/452/540 526/111/103
f 148/117/109 516/113/105 525/76/68
f 517/90/82 524/87/79 482/114/106
f 521/138/130 523/88/80 476/91/83
f 134/94/86 518/78/70 522/136/128
f 466/141/133 522/136/128 521/138/130
f 491/119/111 526/111/103 516/113/105
f 527/104/96 520/98/90 137/447/535
f 528/99/91 520/98/90 139/450/538
f 523/88/80 517/90/82 136/449/537
f 524/87/79 515/86/78 151/453/541
f 477/96/88 525/76/68 518/78/70
f 538/472/48 537/479/566 543/473/560
f 552/475/562 551/870/897 534/476/563
f 538/472/48 540/491/578 539/478/565
f 544/474/561 543/473/560 533/480/567
f 549/482/569 552/475/562 545/477/564
f 506/455/543 509/456/544 542/484/571
f 546/486/573 530/462/550 506/455/543
f 511/461/549 533/480/567 543/473/560
f 533/480/567 511/461/549 530/462/550
f 512/460/548 531/470/558 545/477/564
f 541/487/574 508/459/547 512/460/548
f 539/478/565 535/483/570 507/469/557
f 531/470/558 507/469/557 535/483/570
f 536/488/575 505/458/546 508/459/547
f 509/456/544 505/458/546 536/488/575
f 514/465/553 543/473/560 537/479/566
f 537/479/566 539/478/565 513/471/559
f 532/485/572 554/494/580 553/489/576
f 546/486/573 553/489/576 555/481/568
f 534/476/563 551/870/897 550/490/577
f 540/491/578 549/482/569 535/483/570
f 541/487/574 550/490/577 548/492/45
f 542/484/571 536/488/575 548/492/45
f 532/485/572 542/484/571 547/493/579
f 948/495/581 941/840/867 556/496/582
f 909/498/584 573/530/616 886/499/585
f 910/501/587 912/818/845 565/502/588
f 938/504/590 572/845/872 901/505/591
f 946/507/593 940/847/874 558/508/594
f 899/510/596 896/546/632 566/511/597
f 904/513/599 567/549/635 557/514/600
f 943/516/602 560/503/589 922/517/603
f 923/519/605 561/850/877 891/520/606
f 943/516/602 562/844/871 913/522/608
f 894/524/610 897/540/626 569/525/611
f 902/527/613 584/554/640 895/509/595
f 949/529/615 939/848/875 573/530/616
f 905/531/617 903/821/848 575/532/618
f 911/534/620 576/545/631 571/535/621
f 887/537/623 564/543/629 563/538/624
f 897/540/626 878/828/855 875/541/627
f 885/542/628 580/830/857 564/543/629
f 883/544/630 877/832/859 576/545/631
f 896/546/632 879/838/865 578/547/633
f 904/513/599 880/834/861 577/548/634
f 917/550/636 915/842/869 570/551/637
f 945/553/639 944/846/873 584/554/640
f 888/556/642 568/823/850 583/557/643
f 919/559/645 581/841/868 893/560/646
s 17
f 658/562/137 730/689/139 753/563/648
f 668/565/650 740/703/769 739/566/651
s 18
f 610/568/145 634/607/144 633/569/190
f 609/570/188 633/569/190 635/571/189
f 635/571/189 636/574/185 612/573/187
f 636/574/185 637/785/183 613/575/184
f 613/575/184 637/785/183 638/576/180
f 638/576/180 639/786/181 615/578/178
f 615/578/178 639/786/181 640/579/176
f 640/579/176 641/789/177 617/581/174
f 617/581/174 641/789/177 642/582/173
f 618/583/175 642/582/173 643/584/170
f 643/584/170 644/587/171 620/586/168
f 644/587/171 645/589/166 621/588/169
f 645/589/166 646/795/167 622/590/164
f 622/590/164 646/795/167 647/591/162
f 623/592/165 647/591/162 648/593/163
f 648/593/163 649/799/159 625/595/161
f 625/595/161 649/799/159 650/596/156
f 650/596/156 651/802/157 627/598/154
f 627/598/154 651/802/157 652/599/155
f 652/599/155 653/805/150 629/601/153
f 629/601/153 653/805/150 654/602/151
f 654/602/151 655/605/146 631/604/149
f 655/605/146 656/810/147 632/606/143
f 632/606/143 656/810/147 634/607/144
s 19
f 726/609/653 727/699/775 606/610/654
s 17
f 681/564/649 753/563/648 752/612/656
s 19
f 596/614/658 717/695/1954 718/615/197
f 587/617/660 708/640/683 709/618/661
s 17
f 739/566/651 738/626/669 666/620/663
f 680/613/657 752/612/656 751/621/664
s 19
f 600/623/666 721/649/690 722/624/667
s 17
f 738/626/669 737/633/676 665/627/670
s 19
f 591/628/671 712/694/1955 713/629/672
s 17
f 679/622/665 751/621/664 750/631/674
f 737/633/676 736/693/1956 664/634/677
s 19
f 604/635/678 725/688/1957 726/609/653
s 17
f 750/631/674 749/687/679 677/636/679
s 19
f 716/637/680 717/695/1954 596/614/658
f 586/639/682 707/691/1958 708/640/683
s 17
f 664/634/677 736/693/1956 735/641/684
f 677/636/679 749/687/679 748/643/686
s 19
f 729/645/687 706/690/351 585/646/229
f 599/648/689 720/685/791 721/649/690
s 17
f 663/642/685 735/641/684 734/650/691
s 19
f 711/652/693 712/694/1955 591/628/671
s 17
f 748/643/686 747/702/695 675/654/695
s 11
f 696/655/696 697/831/858 673/656/697
f 665/627/699 689/679/735 690/658/700
f 704/659/702 705/664/711 681/564/703
f 658/562/705 682/825/852 683/660/706
f 673/656/697 697/831/858 698/662/708
f 690/658/700 691/835/862 667/567/710
f 705/664/711 682/825/852 658/562/705
f 659/661/707 683/660/706 684/665/712
f 674/663/709 698/662/708 699/667/714
f 667/567/710 691/835/862 692/668/716
f 684/665/712 685/839/866 661/669/718
f 699/667/714 700/829/856 676/644/719
f 692/668/716 693/673/725 669/670/720
f 661/669/718 685/839/866 686/671/721
f 676/644/719 700/829/856 701/672/723
f 693/673/725 694/833/860 670/674/726
f 686/671/721 687/677/731 663/642/727
f 701/672/723 702/678/733 678/632/728
f 670/674/726 694/833/860 695/675/729
f 687/677/731 688/837/864 664/634/732
f 702/678/733 703/827/854 679/622/734
f 671/676/730 695/675/729 696/655/696
f 664/634/732 688/837/864 689/679/735
f 679/622/734 703/827/854 704/659/702
s 20
f 709/618/736 733/701/763 734/650/737
f 738/626/739 739/566/759 715/681/740
f 719/683/742 743/711/1959 744/684/743
f 724/686/744 748/643/744 749/687/745
f 729/645/746 753/563/765 730/689/299
f 707/691/747 731/714/747 732/692/748
f 736/693/749 737/633/764 713/629/750
f 717/695/752 741/707/752 742/696/307
f 746/697/753 747/702/754 723/698/754
f 727/699/755 751/621/755 752/612/756
f 710/680/738 734/650/737 735/641/757
f 739/566/759 740/703/760 716/637/760
f 744/684/743 745/704/761 721/649/761
f 749/687/745 750/631/762 726/609/762
f 708/640/748 732/692/748 733/701/763
f 737/633/764 738/626/739 714/682/741
f 730/689/299 731/714/747 707/691/747
f 742/696/307 743/711/1959 719/683/742
f 747/702/754 748/643/744 724/686/744
f 728/700/756 752/612/756 753/563/765
f 711/652/758 735/641/757 736/693/749
f 740/703/760 741/707/752 717/695/752
f 745/704/761 746/697/753 722/624/753
f 726/609/762 750/631/762 751/621/755
s 19
f 592/630/673 713/629/672 714/682/766
s 17
f 669/670/768 741/707/771 740/703/769
s 19
f 722/624/667 723/698/1960 602/706/770
s 17
f 670/674/326 742/696/327 741/707/771
s 19
f 709/618/661 710/680/788 589/708/772
f 597/616/659 718/615/197 719/683/773
f 727/699/775 728/700/792 607/710/776
s 17
f 743/711/777 742/696/327 670/674/326
s 19
f 593/705/767 714/682/766 715/681/779
s 17
f 744/684/781 743/711/777 671/676/778
s 19
f 602/706/770 723/698/1960 724/686/783
s 17
f 731/714/784 730/689/139 658/562/137
f 745/704/786 744/684/781 672/657/782
s 19
f 710/680/788 711/652/693 590/653/694
s 17
f 732/692/789 731/714/784 659/661/785
s 19
f 598/709/774 719/683/773 720/685/791
f 728/700/792 729/645/687 608/647/688
f 706/690/351 707/691/1958 586/639/682
s 17
f 746/697/793 745/704/786 673/656/787
f 733/701/795 732/692/789 660/666/790
s 19
f 715/681/779 716/637/680 595/638/681
s 17
f 675/654/695 747/702/695 746/697/793
s 19
f 724/686/783 725/688/1957 604/635/678
s 17
f 662/651/692 734/650/691 733/701/795
s 21
f 755/715/797 756/718/427 759/716/359
f 756/718/427 754/722/428 758/719/361
f 762/720/424 756/718/427 755/715/797
f 762/720/424 760/812/425 754/722/428
f 764/723/799 765/725/420 762/720/424
f 763/724/422 760/812/425 762/720/424
f 768/726/417 765/725/420 764/723/799
f 768/726/417 766/813/419 763/724/422
f 770/728/801 771/730/414 768/726/417
f 769/729/416 766/813/419 768/726/417
f 774/731/412 771/730/414 770/728/801
f 774/731/412 772/2243/413 769/729/416
f 777/733/409 774/731/412 773/732/802
f 775/735/410 772/2243/413 774/731/412
f 780/736/405 777/733/409 776/734/803
f 778/738/407 775/735/410 777/733/409
f 783/739/402 780/736/405 779/737/804
f 781/741/404 778/738/407 780/736/405
f 786/742/400 783/739/402 782/740/805
f 784/744/401 781/741/404 783/739/402
f 789/745/397 786/742/400 785/743/806
f 787/747/398 784/744/401 786/742/400
f 791/748/393 792/749/394 789/745/397
f 792/749/394 790/752/395 787/747/398
f 794/750/808 795/751/390 792/749/394
f 795/751/390 793/814/392 790/752/395
f 798/753/387 795/751/390 794/750/808
f 796/755/389 793/814/392 795/751/390
f 801/756/384 798/753/387 797/754/809
f 801/756/384 799/760/386 796/755/389
f 803/758/811 804/759/381 801/756/384
f 804/759/381 802/763/383 799/760/386
f 806/761/812 807/762/379 804/759/381
f 807/762/379 805/815/380 802/763/383
f 810/764/375 807/762/379 806/761/812
f 808/765/377 805/815/380 807/762/379
f 812/766/814 813/767/373 810/764/375
f 813/767/373 811/816/374 808/765/377
f 816/768/369 813/767/373 812/766/814
f 814/770/371 811/816/374 813/767/373
f 819/771/367 816/768/369 815/769/815
f 817/773/368 814/770/371 816/768/369
f 821/774/817 822/776/363 819/771/367
f 820/775/365 817/773/368 819/771/367
f 825/777/360 822/776/363 821/774/817
f 825/777/360 823/811/362 820/775/365
f 757/717/429 759/716/359 825/777/360
f 758/719/361 823/811/362 825/777/360
f 586/639/819 755/715/797 757/717/429
f 586/639/819 587/617/821 761/721/798
f 585/646/431 757/717/429 824/778/818
f 587/617/821 588/619/823 764/723/799
f 589/708/822 767/727/800 764/723/799
f 590/653/824 770/728/801 767/727/800
f 591/628/825 773/732/802 770/728/801
f 591/628/825 592/630/826 776/734/803
f 592/630/826 593/705/827 779/737/804
f 593/705/827 594/712/829 782/740/805
f 595/638/828 785/743/806 782/740/805
f 596/614/830 788/746/807 785/743/806
f 596/614/830 597/616/443 791/748/393
f 597/616/443 598/709/831 794/750/808
f 598/709/831 599/648/832 797/754/809
f 599/648/832 600/623/833 800/757/810
f 600/623/833 601/625/515 803/758/811
f 602/706/514 806/761/812 803/758/811
f 602/706/514 603/713/513 809/713/813
f 604/635/512 812/766/814 809/713/813
f 604/635/512 605/611/511 815/769/815
f 606/610/834 818/772/816 815/769/815
f 607/710/835 821/774/817 818/772/816
f 608/647/820 824/778/818 821/774/817
f 828/569/500 827/607/501 826/779/454
f 830/571/498 828/569/500 829/780/499
f 832/574/496 830/571/498 831/781/497
f 835/783/494 834/785/836 832/574/496
f 837/784/492 836/576/842 834/785/836
f 838/786/489 836/576/842 837/784/492
f 841/788/838 840/579/487 838/786/489
f 842/789/485 840/579/487 841/788/838
f 844/582/483 842/789/485 843/790/486
f 847/792/482 846/584/481 844/582/483
f 849/793/480 848/587/479 846/584/481
f 851/794/477 850/589/478 848/587/479
f 852/795/476 850/589/478 851/794/477
f 854/591/473 852/795/476 853/796/475
f 857/798/471 856/593/843 854/591/473
f 858/799/470 856/593/843 857/798/471
f 860/596/468 858/799/470 859/800/469
f 862/802/465 860/596/468 861/801/839
f 865/804/841 864/599/464 862/802/465
f 866/805/461 864/599/464 865/804/841
f 869/807/459 868/602/460 866/805/461
f 871/808/458 870/605/457 868/602/460
f 873/809/456 872/810/455 870/605/457
f 826/779/454 827/607/501 872/810/455
f 758/719/361 754/722/428 829/780/499
f 634/607/42 656/810/502 872/810/455
f 633/569/518 634/607/42 827/607/501
f 823/811/362 758/719/361 826/779/454
f 754/722/428 760/812/425 831/781/497
f 635/571/517 633/569/518 828/569/500
f 760/812/425 763/724/422 833/782/495
f 636/574/516 635/571/517 830/571/498
f 833/782/495 763/724/422 766/813/419
f 637/785/515 636/574/516 832/574/496
f 835/783/494 766/813/419 769/729/416
f 638/576/514 637/785/515 834/785/836
f 769/729/416 772/2243/413 839/787/837
f 639/786/513 638/576/514 836/576/842
f 839/787/837 772/2243/413 775/735/410
f 640/579/512 639/786/513 838/786/489
f 775/735/410 778/738/407 843/790/486
f 641/789/511 640/579/512 840/579/487
f 778/738/407 781/741/404 845/791/484
f 642/582/510 641/789/511 842/789/485
f 845/791/484 781/741/404 784/744/401
f 643/584/509 642/582/510 844/582/483
f 847/792/482 784/744/401 787/747/398
f 644/587/508 643/584/509 846/584/481
f 849/793/480 787/747/398 790/752/395
f 645/589/43 644/587/508 848/587/479
f 851/794/477 790/752/395 793/814/392
f 646/795/507 645/589/43 850/589/478
f 853/796/475 793/814/392 796/755/389
f 647/591/506 646/795/507 852/795/476
f 796/755/389 799/760/386 857/798/471
f 648/593/505 647/591/506 854/591/473
f 799/760/386 802/763/383 859/800/469
f 649/799/451 648/593/505 856/593/843
f 859/800/469 802/763/383 805/815/380
f 650/596/450 649/799/451 858/799/470
f 805/815/380 808/765/377 863/803/840
f 651/802/449 650/596/450 860/596/468
f 863/803/840 808/765/377 811/816/374
f 652/599/448 651/802/449 862/802/465
f 811/816/374 814/770/371 867/806/462
f 653/805/447 652/599/448 864/599/464
f 867/806/462 814/770/371 817/773/368
f 654/602/504 653/805/447 866/805/461
f 869/807/459 817/773/368 820/775/365
f 655/605/503 654/602/504 868/602/460
f 820/775/365 823/811/362 873/809/456
f 656/810/502 655/605/503 870/605/457
s 11
f 907/817/844 906/497/583 556/496/582
f 912/818/845 881/826/853 579/819/846
f 882/820/847 876/824/851 575/532/618
f 884/822/849 874/836/863 568/823/850
f 902/527/613 907/817/844 892/555/641
f 567/549/635 888/556/642 889/558/644
f 945/553/639 892/555/641 556/496/582
f 569/525/611 887/537/623 890/539/625
f 919/559/645 924/521/607 891/520/606
f 916/500/586 886/499/585 570/551/637
f 920/843/870 926/561/647 893/560/646
f 913/522/608 917/550/636 898/552/638
f 908/528/614 895/509/595 558/508/594
f 560/503/589 565/502/588 897/540/626
f 583/557/643 568/823/850 896/546/632
f 946/507/593 895/509/595 584/554/640
f 568/823/850 874/836/863 879/838/865
f 577/548/634 884/822/849 888/556/642
f 572/845/872 898/552/638 908/528/614
f 886/499/585 907/817/844 902/527/613
f 573/530/616 906/497/583 907/817/844
f 559/512/598 566/511/597 903/821/848
f 898/552/638 570/551/637 902/527/613
f 576/545/631 904/513/599 900/515/601
f 947/506/592 901/505/591 558/508/594
f 939/848/875 948/495/581 906/497/583
f 562/844/871 893/560/646 917/550/636
f 891/520/606 916/500/586 915/842/869
f 893/560/646 581/841/868 915/842/869
f 564/543/629 911/534/620 914/536/622
f 942/849/876 949/529/615 909/498/584
f 950/523/609 913/522/608 572/845/872
f 574/533/619 575/532/618 912/818/845
f 561/850/877 909/498/584 916/500/586
f 580/830/857 883/544/630 911/534/620
f 576/545/631 877/832/859 880/834/861
f 578/547/633 882/820/847 903/821/848
f 575/532/618 876/824/851 881/826/853
f 565/502/588 579/819/846 878/828/855
f 875/541/627 885/542/628 887/537/623
f 894/524/610 927/855/882 922/517/603
f 929/851/878 932/854/881 926/561/647
f 890/539/625 925/861/888 918/852/879
f 928/853/880 931/857/884 924/521/607
f 928/853/880 919/559/645 926/561/647
f 894/524/610 582/526/612 918/852/879
f 935/856/883 923/519/605 924/521/607
f 951/518/604 922/517/603 934/858/885
f 942/849/876 952/864/891 921/860/887
f 890/539/625 563/538/624 921/860/887
f 922/517/603 927/855/882 937/862/889
f 925/861/888 936/866/893 933/863/890
f 927/855/882 918/852/879 933/863/890
f 952/864/891 954/867/894 930/865/892
f 921/860/887 930/865/892 936/866/893
f 923/519/605 935/856/883 954/867/894
f 561/850/877 923/519/605 952/864/891
f 920/843/870 951/518/604 953/859/886
f 910/501/587 950/523/609 938/504/590
f 563/538/624 914/536/622 949/529/615
f 571/535/621 900/515/601 948/495/581
f 905/531/617 947/506/592 940/847/874
f 899/510/596 946/507/593 944/846/873
f 557/514/600 889/558/644 945/553/639
f 889/558/644 583/557/643 944/846/873
f 914/536/622 571/535/621 939/848/875
f 560/503/589 943/516/602 950/523/609
f 562/844/871 943/516/602 951/518/604
f 559/512/598 940/847/874 946/507/593
f 574/533/619 938/504/590 947/506/592
f 900/515/601 557/514/600 941/840/867
f 964/868/895 960/880/907 538/472/48
f 552/475/562 965/873/900 957/869/896
f 538/472/48 960/880/907 961/871/898
f 544/474/561 555/481/568 956/872/899
f 549/482/569 958/878/905 965/873/900
f 963/874/901 932/854/881 929/851/878
f 929/851/878 953/859/886 966/876/903
f 934/858/885 937/862/889 964/868/895
f 953/859/886 934/858/885 956/872/899
f 935/856/883 957/869/896 965/873/900
f 962/877/904 957/869/896 935/856/883
f 930/865/892 958/878/905 961/871/898
f 954/867/894 965/873/900 958/878/905
f 959/879/906 962/877/904 931/857/884
f 959/879/906 928/853/880 932/854/881
f 937/862/889 933/863/890 960/880/907
f 936/866/893 961/871/898 960/880/907
f 553/489/576 554/494/580 955/875/902
f 555/481/568 553/489/576 966/876/903
f 550/490/577 551/870/897 957/869/896
f 958/878/905 549/482/569 540/491/578
f 548/492/45 550/490/577 962/877/904
f 963/874/901 547/493/579 548/492/45
f 955/875/902 554/494/580 547/493/579
s 22
f 974/881/42 972/884/42 968/882/42
s 23
f 970/883/449 969/883/449 973/881/449
s 24
f 971/884/513 967/882/513 968/882/513
s 25
f 967/882/43 971/884/43 973/881/43
s 26
f 973/881/45 971/884/45 972/884/45
s 27
f 1015/885/449 1013/886/449 977/886/449
s 28
f 986/887/45 982/955/45 975/885/45
f 976/888/45 990/942/45 1007/889/45
f 998/891/45 984/945/45 989/892/45
f 992/894/45 976/888/45 1008/890/45
f 994/896/45 986/887/45 977/886/45
f 988/898/45 985/968/45 1024/899/45
f 999/893/45 989/892/45 979/901/45
f 997/902/45 979/901/45 1006/903/45
f 1151/905/45 988/898/45 1025/900/45
s 29
f 1020/907/43 1022/890/43 1008/890/43
s 28
f 983/908/45 994/896/45 991/897/45
f 980/910/45 992/894/45 1009/895/45
f 987/909/45 991/897/45 992/894/45
f 1041/912/45 997/902/45 1010/904/45
s 30
f 1021/914/513 1020/907/513 1003/907/513
s 28
f 1043/915/45 998/891/45 999/893/45
f 1037/917/45 995/970/45 1027/918/45
f 1039/920/45 1046/926/45 1005/921/45
f 1004/914/45 1003/907/45 981/923/45
f 1003/907/45 1002/930/45 978/925/45
f 1048/913/45 1010/904/45 1005/921/45
f 1011/911/45 1009/895/45 1004/914/45
f 1010/904/45 1006/903/45 1000/928/45
s 27
f 1052/929/449 1015/885/449 975/885/449
s 28
f 1008/890/45 1007/889/45 1002/930/45
s 31
f 1012/931/45 1013/934/45 1016/932/45
f 1013/934/45 1015/961/45 1014/935/45
f 1053/936/45 1019/2244/45 1018/937/45
s 32
f 1023/939/45 1022/2245/45 1020/940/45
s 33
f 1022/890/449 1023/895/449 1009/895/449
s 34
f 1016/888/513 1014/942/513 990/942/513
f 1051/912/513 1018/902/513 997/902/513
s 27
f 1013/886/449 1012/897/449 991/897/449
s 35
f 1012/897/42 1017/894/42 992/894/42
s 36
f 1023/895/42 1021/914/42 1004/914/42
s 34
f 1017/894/513 1016/888/513 976/888/513
s 37
f 1018/902/43 1019/893/43 999/893/43
s 38
f 1034/906/42 1030/896/42 994/896/42
s 39
f 1059/943/449 1032/899/449 1024/899/449
f 1032/899/449 1033/900/449 1025/900/449
s 28
f 1152/944/45 1026/906/45 994/896/45
f 1027/918/45 1148/971/45 984/945/45
s 40
f 1058/946/45 1035/2246/45 1031/947/45
f 1034/949/45 1033/2247/45 1028/950/45
f 1033/952/45 1032/957/45 1029/953/45
s 39
f 1033/900/449 1034/906/449 1026/906/449
s 41
f 1031/891/43 1035/918/43 1027/918/43
s 42
f 1057/915/513 1031/891/513 998/891/513
f 1028/887/513 1029/955/513 982/955/513
f 1030/896/513 1028/887/513 986/887/513
f 1029/955/513 1056/956/513 1042/956/513
f 1056/956/513 1057/915/513 1043/915/513
s 40
f 1032/957/45 1059/959/45 1056/958/45
f 1059/959/45 1058/946/45 1057/948/45
s 39
f 1035/918/449 1058/919/449 1054/919/449
f 1058/919/449 1059/943/449 1055/943/449
s 34
f 1014/942/513 1050/960/513 1040/960/513
f 1050/960/513 1051/912/513 1041/912/513
s 31
f 1015/961/45 1052/963/45 1050/962/45
f 1052/963/45 1053/2248/45 1051/964/45
s 27
f 1019/893/449 1053/916/449 1045/916/449
f 1053/916/449 1052/929/449 1044/929/449
s 28
f 1007/889/45 1049/966/45 1047/965/45
s 43
f 1063/966/42 1061/965/42 1047/965/42
s 28
f 1002/930/45 1047/965/45 1038/967/45
f 1047/965/45 1046/926/45 1039/920/45
f 985/968/45 1036/969/45 1055/943/45
f 1036/969/45 1037/917/45 1054/919/45
f 982/955/45 1042/956/45 1044/929/45
f 1042/956/45 1043/915/45 1045/916/45
f 1007/889/45 990/942/45 1040/960/45
f 1040/960/45 1041/912/45 1048/913/45
s 44
f 1063/966/45 1062/913/45 1060/926/45
s 45
f 1060/926/43 1062/913/43 1048/913/43
s 46
f 1062/913/449 1063/966/449 1049/966/449
s 47
f 1061/965/513 1060/926/513 1046/926/513
s 48
f 1083/917/513 1076/970/908 995/970/908
f 1066/910/43 1071/909/43 987/909/43
f 1067/923/449 1074/924/909 993/924/909
f 1077/922/910 1085/920/449 1039/920/449
f 1065/901/42 1078/903/42 1006/903/42
f 1080/971/911 1069/945/42 984/945/42
f 1070/968/513 1082/969/513 1036/969/513
f 1075/905/912 1072/898/513 988/898/513
f 1082/969/513 1083/917/513 1037/917/513
f 1084/967/449 1064/925/449 978/925/449
f 1068/908/43 1081/944/913 1152/944/913
f 1085/920/449 1084/967/449 1038/967/449
f 1069/945/42 1073/892/42 989/892/42
f 1078/903/42 1143/928/914 1000/928/914
f 1072/898/513 1070/968/513 985/968/513
f 1146/927/915 1079/911/43 1011/911/43
f 1071/909/43 1068/908/43 983/908/43
f 1064/925/449 1067/923/449 981/923/449
f 1079/911/43 1066/910/43 980/910/43
f 1073/892/42 1065/901/42 979/901/42
f 1142/1001/916 1144/1001/916 1077/922/910
f 1000/928/914 1143/928/914 1144/1001/916
s 28
f 1005/921/45 1000/928/45 1142/1001/45
s 48
f 1147/1002/917 1145/1002/917 993/924/909
f 1146/927/915 1001/927/915 1145/1002/917
s 28
f 1004/914/45 993/924/45 1145/1002/45
s 48
f 1150/1003/918 1149/1003/918 995/970/908
f 1080/971/911 1148/971/911 1149/1003/918
s 28
f 1027/918/45 995/970/45 1149/1003/45
s 48
f 1153/1004/919 1154/1004/919 1075/905/912
f 1152/944/913 1081/944/913 1154/1004/919
s 28
f 1153/1004/45 1151/905/45 1026/906/45
s 0
f 1596/1392/45 1592/2254/45 1591/1393/45
s 86
f 2163/2008/1804 2164/2009/1825 2189/2009/1805
f 2159/2010/1807 2160/2011/1826 2185/2011/1808
f 2156/2012/1810 2181/2012/1827 2179/2013/1811
f 2162/2014/1813 2163/2008/1804 2188/2008/1806
f 2159/2010/1807 2184/2010/1809 2183/2015/1815
f 2161/2016/1817 2162/2014/1813 2187/2014/1814
f 2155/2017/1812 2179/2017/1811 2180/2018/1819
f 2166/2018/1820 2180/2018/1819 2190/2019/1821
f 2158/2015/1816 2183/2015/1815 2182/2020/1823
f 2164/2009/1825 2165/2019/1822 2190/2019/1821
f 2160/2011/1826 2161/2016/1817 2186/2016/1818
f 2157/2020/1824 2182/2020/1823 2181/2012/1827
s 87
f 2179/2017/1828 2191/2034/1832 2192/2021/1829
f 2181/2012/1831 2193/2023/1834 2191/2022/1832
f 2182/2020/1833 2194/2024/1836 2193/2023/1834
f 2183/2015/1835 2195/2025/1838 2194/2024/1836
f 2184/2010/1837 2196/2026/1840 2195/2025/1838
f 2185/2011/1839 2197/2032/1973 2196/2026/1840
f 2198/2027/1841 2197/2032/1973 2185/2011/1839
f 2199/2028/1843 2198/2027/1841 2186/2016/1842
f 2200/2029/1845 2199/2028/1843 2187/2014/1844
f 2201/2030/1847 2200/2029/1845 2188/2008/1846
f 2202/2031/1849 2201/2030/1847 2189/2009/1848
f 2192/2021/1829 2202/2031/1849 2190/2019/1850
s 88
f 2197/2032/1851 2198/2027/1896 2171/2027/1852
f 2194/2024/1854 2175/2024/1892 2176/2023/1855
f 2200/2029/1857 2201/2030/1889 2168/2030/1858
f 2196/2026/1860 2197/2032/1851 2172/2032/1853
f 2193/2023/1856 2176/2023/1855 2178/2022/1862
f 2199/2028/1864 2200/2029/1857 2169/2029/1859
s 89
f 2203/2033/1866 2204/2044/1888 2177/2021/1867
f 2205/2035/1869 2203/2257/1866 2178/2022/1868
f 2206/2036/1871 2205/2035/1869 2176/2023/1870
f 2207/2037/1873 2206/2036/1871 2175/2024/1872
f 2208/2038/1875 2207/2037/1873 2174/2025/1874
f 2172/2032/1877 2209/2039/1879 2208/2038/1875
f 2171/2027/1878 2210/2040/1881 2209/2039/1879
f 2170/2028/1880 2211/2041/1883 2210/2040/1881
f 2169/2029/1882 2212/2042/1885 2211/2041/1883
f 2168/2030/1884 2213/2043/1887 2212/2042/1885
f 2167/2031/1886 2214/2258/1974 2213/2043/1887
f 2204/2044/1888 2214/2258/1974 2167/2031/1886
s 88
f 2201/2030/1889 2202/2031/1894 2167/2031/1890
f 2195/2025/1891 2174/2025/1897 2175/2024/1892
f 2192/2021/1893 2177/2021/1895 2167/2031/1890
f 2191/2034/1863 2178/2034/1862 2177/2021/1895
f 2198/2027/1896 2199/2028/1864 2170/2028/1865
f 2196/2026/1860 2173/2026/1861 2174/2025/1897
s 0
f 2526/2169/1934 2678/2227/1934 2677/2203/1934
f 2510/2165/1926 2662/2216/1926 2661/2204/1926
f 2543/2182/1975 2695/2210/1975 2694/2205/1975
f 2588/2188/449 2740/2206/449 2739/2206/449
f 2506/2186/1919 2658/2225/1919 2657/2207/1919
f 2545/2182/1976 2697/2210/1976 2696/2208/1976
f 2479/2174/513 2631/2209/513 2630/2209/513
f 2544/2183/1953 2696/2208/1953 2695/2210/1953
f 2539/2167/1922 2691/2229/1922 2690/2211/1922
f 2589/2190/1977 2741/2214/1977 2740/2206/1977
f 2505/2187/1940 2657/2207/1940 2656/2212/1940
f 2562/2188/43 2714/2206/43 2713/2208/43
f 2480/2172/42 2632/2213/42 2631/2209/42
f 2458/2175/43 2610/2217/43 2609/2213/43
f 2528/2170/1925 2680/2215/1925 2679/2203/1925
f 2590/2191/1917 2742/2218/1917 2741/2214/1917
f 2563/2188/449 2715/2206/449 2714/2206/449
f 2525/2168/1927 2677/2203/1927 2676/2215/1927
f 2511/2166/1928 2663/2211/1928 2662/2216/1928
f 2459/2175/449 2611/2217/449 2610/2217/449
f 2591/2192/1928 2743/2226/1928 2742/2218/1928
f 2564/2184/42 2716/2212/42 2715/2206/42
f 2572/2189/513 2724/2219/513 2735/2219/513
f 2473/2164/1929 2625/2224/1929 2624/2204/1929
f 2568/2164/1978 2720/2224/1978 2719/2220/1978
f 2460/2172/42 2612/2213/42 2611/2217/42
f 2529/2171/1931 2681/2222/1931 2680/2215/1931
f 2498/2171/1931 2650/2222/1931 2649/2215/1931
f 2468/2172/1932 2620/2213/1932 2619/2221/1932
f 2524/2170/1933 2676/2215/1933 2675/2222/1933
f 2583/2189/1916 2735/2219/1916 2734/2223/1916
f 2474/2163/1923 2626/2204/1923 2625/2224/1923
f 2569/2163/1923 2721/2204/1923 2720/2224/1923
f 2472/2163/1979 2624/2204/1979 2623/2216/1979
f 2497/2170/1925 2649/2215/1925 2648/2203/1925
f 2567/2185/1948 2719/2220/1948 2718/2225/1948
f 2481/2177/1937 2633/2228/1937 2632/2213/1937
f 2512/2167/1938 2664/2229/1938 2681/2222/1938
f 2592/2164/1922 2744/2224/1922 2743/2226/1922
f 2496/2168/1980 2648/2203/1980 2647/2227/1980
f 2457/2172/1940 2609/2213/1940 2639/2228/1940
f 2523/2171/1946 2675/2222/1946 2674/2229/1946
f 2475/2165/1926 2627/2216/1926 2626/2204/1926
f 2570/2165/1926 2722/2216/1926 2721/2204/1926
f 2573/2167/42 2725/2229/42 2724/2219/42
f 2471/2165/1942 2623/2216/1942 2622/2211/1942
f 2566/2186/1919 2718/2225/1919 2717/2207/1919
f 2531/2167/43 2683/2229/43 2682/2213/43
f 2582/2193/1927 2734/2223/1927 2733/2230/1927
f 2495/2169/1934 2647/2227/1934 2646/2203/1934
f 2461/2176/1943 2613/2221/1943 2612/2213/1943
f 2565/2187/1940 2717/2207/1940 2716/2212/1940
f 2581/2194/1933 2733/2230/1933 2732/2231/1933
f 2476/2166/1928 2628/2211/1928 2627/2216/1928
f 2482/2178/1944 2634/2232/1944 2633/2228/1944
f 2513/2172/42 2665/2213/42 2664/2229/42
f 2470/2166/1945 2622/2211/1945 2621/2229/1945
f 2488/2167/1922 2640/2229/1922 2663/2211/1922
f 2487/2177/1919 2639/2228/1919 2638/2232/1919
f 2522/2167/43 2674/2229/43 2673/2213/43
f 2580/2195/1946 2732/2231/1946 2731/2224/1946
f 2494/2168/1927 2646/2203/1927 2645/2215/1927
f 2571/2166/1928 2723/2211/1928 2722/2216/1928
f 2579/2164/43 2731/2224/43 2730/2227/43
f 2454/2168/1980 2606/2203/1980 2605/2227/1980
f 2493/2170/1933 2645/2215/1933 2644/2222/1933
f 2483/2179/1947 2635/2233/1947 2634/2232/1947
f 2540/2172/42 2692/2213/42 2691/2229/42
f 2558/2171/1931 2710/2222/1931 2709/2215/1931
f 2486/2178/1948 2638/2232/1948 2637/2233/1948
f 2530/2172/1932 2682/2213/1932 2699/2221/1932
f 2593/2169/42 2745/2227/42 2744/2224/42
f 2453/2169/1934 2605/2227/1934 2604/2203/1934
f 2499/2167/1938 2651/2229/1938 2650/2222/1938
f 2557/2170/1925 2709/2215/1925 2708/2203/1925
f 2578/2169/1940 2730/2227/1940 2729/2234/1940
f 2492/2171/1946 2644/2222/1946 2643/2229/1946
f 2484/2180/1981 2636/2235/1981 2635/2233/1981
f 2514/2177/1937 2666/2228/1937 2665/2213/1937
f 2556/2168/1980 2708/2203/1980 2707/2227/1980
f 2485/2179/1978 2637/2233/1978 2636/2235/1978
f 2521/2172/1940 2673/2213/1940 2672/2228/1940
f 2477/2167/1922 2629/2229/1922 2628/2211/1922
f 2501/2183/513 2653/2208/513 2652/2208/513
f 2594/2197/1943 2746/2238/1943 2745/2227/1943
f 2500/2183/42 2652/2208/42 2651/2229/42
f 2577/2196/1919 2729/2234/1919 2728/2236/1919
f 2455/2170/1925 2607/2215/1925 2606/2203/1925
f 2491/2167/43 2643/2229/43 2642/2208/43
f 2555/2169/1934 2707/2227/1934 2706/2203/1934
f 2467/2176/1950 2619/2221/1950 2618/2205/1950
f 2541/2176/1943 2693/2221/1943 2692/2213/1943
f 2452/2168/1927 2604/2203/1927 2603/2215/1927
f 2576/2198/1948 2728/2236/1948 2727/2237/1948
f 2490/2183/513 2642/2208/513 2641/2208/513
f 2515/2178/1944 2667/2232/1944 2666/2228/1944
f 2489/2183/42 2641/2208/42 2640/2229/42
f 2548/2167/1922 2700/2229/1922 2723/2211/1922
f 2462/2181/1951 2614/2205/1951 2613/2221/1951
f 2520/2177/1919 2672/2228/1919 2671/2232/1919
f 2575/2199/1930 2727/2237/1930 2726/2229/1930
f 2456/2171/1931 2608/2222/1931 2607/2215/1931
f 2535/2164/1929 2687/2224/1929 2686/2204/1929
f 2554/2168/1927 2706/2203/1927 2705/2215/1927
f 2466/2181/1982 2618/2205/1982 2617/2210/1982
f 2451/2170/1933 2603/2215/1933 2602/2222/1933
f 2536/2163/1923 2688/2204/1923 2687/2224/1923
f 2553/2170/1933 2705/2215/1933 2704/2222/1933
f 2516/2179/1947 2668/2233/1947 2667/2232/1947
f 2534/2163/1979 2686/2204/1979 2685/2216/1979
f 2463/2182/1975 2615/2210/1975 2614/2205/1975
f 2519/2178/1948 2671/2232/1948 2670/2233/1948
f 2446/2167/1938 2598/2229/1938 2608/2222/1938
f 2465/2182/1976 2617/2210/1976 2616/2208/1976
f 2574/2167/449 2726/2229/449 2725/2229/449
f 2450/2171/1941 2602/2222/1941 2601/2229/1941
f 2559/2167/1938 2711/2229/1938 2710/2222/1938
f 2464/2183/1953 2616/2208/1953 2615/2210/1953
f 2537/2165/1926 2689/2216/1926 2688/2204/1926
f 2552/2171/1946 2704/2222/1946 2703/2229/1946
f 2502/2164/43 2654/2224/43 2653/2208/43
f 2517/2180/1981 2669/2235/1981 2668/2233/1981
f 2469/2167/43 2621/2229/43 2620/2213/43
f 2533/2165/1942 2685/2216/1942 2684/2211/1942
f 2518/2179/1978 2670/2233/1978 2669/2235/1978
f 2595/2201/1951 2747/2239/1951 2746/2238/1951
f 2561/2183/513 2713/2208/513 2712/2208/513
f 2503/2164/449 2655/2224/449 2654/2224/449
f 2560/2183/42 2712/2208/42 2711/2229/42
f 2596/2202/1975 2748/2242/1975 2747/2239/1975
f 2447/2173/42 2599/2241/42 2598/2229/42
f 2538/2166/1928 2690/2211/1928 2689/2216/1928
f 2551/2167/43 2703/2229/43 2702/2208/43
f 2504/2184/42 2656/2212/42 2655/2224/42
f 2547/2176/1950 2699/2221/1950 2698/2205/1950
f 2584/2200/513 2736/2240/513 2749/2240/513
f 2449/2167/43 2601/2229/43 2600/2241/43
f 2532/2166/1945 2684/2211/1945 2683/2229/1945
f 2508/2164/1978 2660/2224/1978 2659/2220/1978
f 2597/2200/1953 2749/2240/1953 2748/2242/1953
f 2550/2183/513 2702/2208/513 2701/2208/513
f 2586/2183/513 2738/2208/513 2737/2208/513
f 2549/2183/42 2701/2208/42 2700/2229/42
f 2509/2163/1923 2661/2204/1923 2660/2224/1923
f 2542/2181/1951 2694/2205/1951 2693/2221/1951
f 2585/2183/42 2737/2208/42 2736/2240/42
f 2478/2174/42 2630/2209/42 2629/2229/42
f 2527/2168/1980 2679/2203/1980 2678/2227/1980
f 2587/2188/43 2739/2206/43 2738/2208/43
f 2507/2185/1948 2659/2220/1948 2658/2225/1948
f 2546/2181/1982 2698/2205/1982 2697/2210/1982
f 2448/2173/449 2600/2241/449 2599/2241/449
s 65
g payphone_wall_metal_rough
usemtl metal_rough
f 1352/1185/1041 1425/1186/513 1423/1186/1042
s 66
f 1354/1187/1043 1426/1188/449 1424/1188/1044
s 67
f 1361/1189/1045 1428/1190/1046 1427/1191/1047
f 1381/1192/1048 1369/1193/1049 1370/1192/1050
f 1429/1194/1051 1374/1195/1052 1430/1196/1053
s 68
f 1431/1197/48 1378/1198/48 1432/1199/48
f 1433/1200/48 1381/1192/48 1434/1201/48
s 67
f 1366/1202/1054 1378/1198/1055 1377/1202/1056
f 1456/1203/1057 1362/1204/1058 1442/1205/1059
f 1359/1206/1060 1430/1196/1053 1427/1191/1047
f 1443/1207/1061 1355/1208/1062 1446/1207/1062
f 1366/1202/1054 1381/1192/1048 1370/1192/1050
f 1369/1193/1049 1358/1187/1063 1354/1187/1064
f 1429/1194/1051 1349/1209/1065 1422/1210/1066
s 68
f 1431/1197/48 1379/1211/48 1434/1201/48
s 69
f 1383/1212/45 1445/1213/45 1448/1214/45
s 68
f 1432/1199/48 1446/1207/48 1455/1215/48
f 1380/1216/48 1426/1188/48 1433/1200/48
s 65
f 1435/1217/1067 1390/1218/1068 1436/1219/1069
f 1390/1218/1068 1437/1220/1070 1436/1219/1069
s 66
f 1394/1221/1071 1439/1222/1072 1438/1223/1073
f 1396/1224/1074 1440/1225/1075 1439/1222/1072
s 67
f 1400/1226/1076 1399/1227/1077 1398/1228/1078
f 1399/1227/1077 1401/1229/1079 1397/1230/1080
f 1404/1231/1081 1408/1232/1082 1405/1233/1083
f 1408/1232/1082 1403/1234/1084 1405/1233/1083
f 1410/1235/1085 1414/1236/1086 1411/1237/1087
f 1411/1237/1087 1413/1238/1088 1409/1239/1089
f 1418/1240/1090 1417/1241/1091 1416/1242/1092
f 1420/1243/1093 1415/1244/1094 1417/1241/1091
f 1400/1226/1076 1411/1237/1087 1402/1245/1095
f 1402/1245/1095 1409/1239/1089 1401/1229/1079
f 1398/1228/1078 1450/1246/1096 1449/1247/1097
f 1450/1246/1096 1397/1230/1080 1451/1248/1098
f 1404/1231/1081 1420/1243/1093 1418/1240/1090
f 1405/1233/1083 1419/1249/1099 1420/1243/1093
f 1452/1250/1100 1390/1218/1101 1453/1251/1102
f 1453/1251/1102 1388/1252/1103 1454/1253/1104
f 1392/1254/1105 1417/1241/1091 1415/1244/1094
f 1393/1255/1106 1416/1242/1092 1417/1241/1091
f 1394/1221/1107 1414/1236/1086 1396/1224/1108
f 1396/1224/1108 1412/1256/1109 1395/1257/1110
f 1451/1248/1098 1360/1258/1111 1441/1259/1112
s 65
f 1435/1217/1067 1347/1260/1113 1421/1261/1114
f 1389/1262/1115 1423/1186/1042 1437/1220/1070
s 67
f 1385/1263/1116 1443/1207/1061 1449/1247/1097
f 1452/1250/1100 1364/1264/1117 1444/1265/1118
f 1388/1252/1103 1442/1205/1059 1454/1253/1104
s 66
f 1440/1225/1075 1354/1187/1043 1424/1188/1044
f 1438/1223/1073 1350/1266/1119 1422/1210/1120
s 67
f 1391/1267/1121 1367/1216/1122 1416/1242/1092
f 1415/1244/1094 1350/1266/1123 1392/1254/1105
f 1395/1257/1110 1369/1193/1049 1354/1187/1064
f 1413/1238/1088 1349/1209/1065 1372/1268/1124
f 1398/1228/1078 1366/1202/1054 1400/1226/1076
f 1359/1206/1060 1397/1230/1080 1401/1229/1079
f 1410/1235/1085 1366/1202/1054 1370/1192/1050
f 1401/1229/1079 1371/1269/1125 1359/1206/1060
f 1406/1270/1126 1363/1271/1127 1364/1264/1117
f 1418/1240/1090 1363/1271/1127 1404/1231/1081
f 1407/1272/1128 1361/1189/1045 1403/1234/1084
f 1403/1234/1084 1374/1195/1052 1419/1249/1099
f 1370/1192/1050 1412/1256/1109 1410/1235/1085
f 1372/1268/1124 1409/1239/1089 1413/1238/1088
f 1373/1273/1129 1419/1249/1099 1374/1195/1052
f 1416/1242/1092 1368/1211/1130 1418/1240/1090
s 66
f 1438/1223/1073 1349/1209/1131 1394/1221/1071
f 1391/1267/1132 1424/1188/1044 1353/1274/1133
s 65
f 1437/1220/1070 1351/1208/1134 1385/1263/1135
f 1388/1252/1136 1421/1261/1114 1348/1275/1137
s 66
f 1439/1222/1072 1391/1267/1132 1393/1255/1138
f 1438/1223/1073 1393/1255/1138 1392/1254/1139
s 65
f 1387/1276/1140 1437/1220/1070 1385/1263/1135
f 1386/1277/1141 1436/1219/1069 1387/1276/1140
s 68
f 1433/1200/48 1358/1187/48 1382/1193/48
f 1375/1264/48 1455/1215/48 1447/1265/48
f 1377/1202/48 1434/1201/48 1381/1192/48
s 67
f 1373/1273/1129 1422/1210/1066 1350/1266/1123
f 1427/1191/1047 1374/1195/1052 1361/1189/1045
f 1441/1259/1112 1428/1190/1046 1456/1203/1057
s 68
f 1380/1216/48 1434/1201/48 1379/1211/48
f 1376/1271/48 1432/1199/48 1375/1264/48
s 67
f 1429/1194/1051 1371/1269/1125 1372/1268/1124
f 1427/1191/1047 1360/1258/1111 1359/1206/1060
s 66
f 1424/1188/1044 1357/1274/449 1353/1274/1133
s 65
f 1423/1186/1042 1355/1208/513 1351/1208/1134
s 67
f 1347/1260/1142 1456/1203/1057 1421/1261/1143
s 68
f 1447/1265/48 1425/1186/48 1356/1278/48
s 67
f 1407/1272/1128 1442/1205/1059 1362/1204/1058
f 1389/1262/1144 1444/1265/1118 1352/1185/1145
f 1449/1247/1097 1365/1198/1146 1398/1228/1078
f 1386/1277/1147 1441/1259/1112 1347/1260/1142
f 1453/1251/1102 1407/1272/1128 1408/1232/1082
f 1406/1270/1126 1453/1251/1102 1408/1232/1082
f 1387/1276/1148 1451/1248/1098 1386/1277/1147
f 1449/1247/1097 1387/1276/1148 1385/1263/1116
s 68
f 1455/1215/48 1355/1208/48 1425/1186/48
s 67
f 1443/1207/1061 1378/1198/1055 1365/1198/1146
f 1421/1261/1143 1442/1205/1059 1348/1275/1149
s 65
f 1533/1279/513 1462/1280/1041 1531/1279/1042
s 66
f 1534/1281/449 1464/1282/1043 1532/1281/1044
s 70
f 1575/1214/449 1445/1213/449 1576/1213/449
s 71
f 1573/1283/513 1383/1212/513 1574/1212/513
s 72
f 1536/1284/1150 1471/1285/1151 1535/1286/1152
f 1479/1287/1153 1491/1288/1154 1480/1288/1155
f 1537/1289/1156 1484/1290/1157 1483/1291/1158
s 68
f 1539/1292/48 1488/1293/48 1487/1294/48
f 1541/1295/48 1491/1288/48 1492/1287/48
s 72
f 1488/1293/1159 1476/1294/1160 1487/1294/1161
f 1562/1296/1162 1472/1297/1163 1536/1284/1150
f 1538/1298/1164 1469/1299/1165 1535/1286/1152
f 1551/1300/1166 1465/1301/1167 1461/1301/1168
f 1491/1288/1154 1476/1294/1160 1480/1288/1155
s 73
f 1574/1212/43 1448/1214/43 1575/1214/43
s 72
f 1468/1282/1169 1479/1287/1153 1464/1282/1170
f 1537/1289/1156 1459/1302/1171 1482/1303/1172
s 68
f 1539/1292/48 1489/1304/48 1486/1305/48
f 1553/1300/48 1540/1306/48 1561/1307/48
f 1534/1281/48 1490/1308/48 1541/1295/48
s 65
f 1543/1309/1173 1498/1310/1174 1496/1311/1175
f 1545/1312/1176 1498/1310/1174 1544/1313/1177
s 66
f 1547/1314/1072 1502/1315/1071 1546/1316/1178
f 1548/1317/1075 1504/1318/1074 1547/1314/1072
s 72
f 1507/1319/1179 1508/1320/1180 1506/1321/1181
f 1507/1319/1179 1509/1322/1182 1510/1323/1183
f 1512/1324/1184 1516/1325/1185 1514/1326/1186
f 1511/1327/1187 1516/1325/1185 1513/1328/1188
f 1518/1329/1189 1522/1330/1190 1520/1331/1191
f 1519/1332/1192 1521/1333/1193 1522/1330/1190
f 1525/1334/1194 1526/1335/1195 1524/1336/1196
f 1523/1337/1197 1528/1338/1198 1525/1334/1194
f 1508/1320/1180 1519/1332/1192 1518/1329/1189
f 1510/1323/1183 1517/1339/1199 1519/1332/1192
f 1556/1340/1200 1506/1321/1181 1555/1341/1201
f 1556/1340/1200 1505/1342/1202 1507/1319/1179
f 1528/1338/1198 1512/1324/1184 1526/1335/1195
f 1527/1343/1203 1513/1328/1188 1528/1338/1198
f 1558/1344/1204 1498/1310/1205 1497/1345/1206
f 1559/1346/1207 1496/1311/1208 1498/1310/1205
f 1525/1334/1194 1500/1347/1209 1523/1337/1197
f 1524/1336/1196 1501/1348/1210 1525/1334/1194
f 1502/1315/1211 1522/1330/1190 1521/1333/1193
f 1504/1318/1212 1520/1331/1191 1522/1330/1190
f 1557/1349/1213 1470/1350/1214 1505/1342/1202
s 65
f 1543/1309/1173 1457/1351/1215 1494/1352/1216
f 1531/1279/1042 1497/1345/1115 1545/1312/1176
s 72
f 1551/1300/1166 1493/1353/1217 1555/1341/1201
f 1558/1344/1204 1474/1354/1218 1514/1326/1186
f 1550/1355/1219 1496/1311/1208 1560/1356/1220
s 66
f 1548/1317/1075 1464/1282/1043 1503/1357/1221
f 1546/1316/1178 1460/1358/1222 1500/1347/1139
s 72
f 1477/1308/1223 1499/1359/1224 1524/1336/1196
f 1523/1337/1197 1460/1358/1225 1483/1291/1158
f 1503/1357/1226 1479/1287/1153 1520/1331/1191
f 1459/1302/1171 1521/1333/1193 1482/1303/1172
f 1506/1321/1181 1476/1294/1160 1475/1293/1227
f 1505/1342/1202 1469/1299/1165 1509/1322/1182
f 1518/1329/1189 1476/1294/1160 1508/1320/1180
f 1481/1360/1228 1509/1322/1182 1469/1299/1165
f 1473/1305/1229 1514/1326/1186 1474/1354/1218
f 1473/1305/1229 1526/1335/1195 1512/1324/1184
f 1515/1361/1230 1471/1285/1151 1472/1297/1163
f 1511/1327/1187 1484/1290/1157 1471/1285/1151
f 1520/1331/1191 1480/1288/1155 1518/1329/1189
f 1517/1339/1199 1482/1303/1172 1521/1333/1193
f 1483/1291/1158 1527/1343/1203 1523/1337/1197
f 1524/1336/1196 1478/1304/1231 1477/1308/1223
s 66
f 1459/1302/1131 1546/1316/1178 1502/1315/1071
f 1499/1359/1132 1532/1281/1044 1548/1317/1075
s 65
f 1461/1301/1134 1545/1312/1176 1493/1353/1135
f 1496/1311/1175 1529/1362/1232 1543/1309/1173
s 66
f 1499/1359/1132 1547/1314/1072 1501/1348/1138
f 1501/1348/1138 1546/1316/1178 1500/1347/1139
s 65
f 1495/1363/1233 1545/1312/1176 1544/1313/1177
f 1494/1352/1216 1544/1313/1177 1543/1309/1173
s 68
f 1468/1282/48 1541/1295/48 1492/1287/48
f 1561/1307/48 1485/1354/48 1554/1364/48
f 1487/1294/48 1542/1365/48 1539/1292/48
s 72
f 1483/1291/1158 1530/1366/1234 1537/1289/1156
f 1484/1290/1157 1535/1286/1152 1471/1285/1151
f 1549/1367/1235 1536/1284/1150 1470/1350/1214
s 68
f 1490/1308/48 1542/1365/48 1541/1295/48
f 1486/1305/48 1540/1306/48 1539/1292/48
s 72
f 1481/1360/1228 1537/1289/1156 1482/1303/1172
f 1470/1350/1214 1535/1286/1152 1469/1299/1165
s 66
f 1467/1368/449 1532/1281/1044 1463/1368/1133
s 65
f 1465/1301/513 1531/1279/1042 1461/1301/1134
s 72
f 1457/1351/1236 1562/1296/1162 1549/1367/1235
s 68
f 1533/1279/48 1554/1364/48 1466/1369/48
s 72
f 1515/1361/1230 1550/1355/1219 1560/1356/1220
f 1497/1345/1206 1552/1364/1237 1558/1344/1204
f 1475/1293/1227 1555/1341/1201 1506/1321/1181
f 1494/1352/1238 1549/1367/1235 1557/1349/1213
f 1515/1361/1230 1559/1346/1207 1516/1325/1185
f 1514/1326/1186 1559/1346/1207 1558/1344/1204
f 1495/1363/1239 1557/1349/1213 1556/1340/1200
f 1495/1363/1239 1555/1341/1201 1493/1353/1217
s 68
f 1465/1301/48 1561/1307/48 1533/1279/48
s 72
f 1488/1293/1159 1551/1300/1166 1475/1293/1227
f 1529/1362/1240 1550/1355/1219 1562/1296/1162
s 65
f 1567/1370/513 1563/1371/513 1564/1370/513
s 66
f 1569/1372/449 1565/1373/449 1566/1372/449
s 68
f 1585/1374/48 1583/1375/48 1584/1376/48
f 1581/1377/48 1579/1378/48 1580/1379/48
s 74
f 1577/1380/45 1575/1214/45 1576/1213/45
f 1573/1283/45 1571/1381/45 1572/1382/45
f 1564/1370/45 1587/1383/45 1588/1384/45
s 75
f 1576/1213/42 1384/1283/42 1573/1283/42
s 74
f 1578/1385/45 1566/1372/45 1565/1373/45
s 68
f 1584/1376/48 1582/1386/48 1581/1377/48
f 1580/1379/48 1589/1383/48 1590/1384/48
f 1570/1373/48 1586/1387/48 1585/1374/48
s 74
f 1588/1384/45 1572/1382/45 1571/1381/45
s 68
f 1590/1384/48 1568/1371/48 1567/1370/48
s 65
f 1466/1369/513 1564/1370/513 1462/1280/1041
f 1356/1278/513 1563/1371/513 1568/1371/513
s 74
f 1444/1265/45 1563/1371/45 1352/1185/45
f 1564/1370/45 1552/1364/45 1462/1280/45
s 66
f 1565/1373/449 1467/1368/449 1463/1368/1133
f 1357/1274/449 1566/1372/449 1353/1274/1133
s 74
f 1353/1274/45 1577/1380/45 1367/1216/45
f 1578/1385/45 1463/1368/45 1477/1308/45
s 68
f 1356/1278/48 1589/1383/48 1447/1265/48
f 1590/1384/48 1466/1369/48 1554/1364/48
f 1357/1274/48 1586/1387/48 1569/1372/48
f 1467/1368/48 1585/1374/48 1490/1308/48
s 74
f 1474/1354/45 1574/1212/45 1473/1305/45
f 1573/1283/45 1364/1264/45 1363/1271/45
f 1444/1265/45 1572/1382/45 1587/1383/45
f 1552/1364/45 1571/1381/45 1474/1354/45
f 1363/1271/45 1576/1213/45 1573/1283/45
f 1473/1305/45 1575/1214/45 1478/1304/45
f 1575/1214/45 1477/1308/45 1478/1304/45
f 1576/1213/45 1367/1216/45 1577/1380/45
s 68
f 1447/1265/48 1579/1378/48 1375/1264/48
f 1375/1264/48 1582/1386/48 1376/1271/48
f 1580/1379/48 1554/1364/48 1485/1354/48
f 1485/1354/48 1581/1377/48 1580/1379/48
f 1376/1271/48 1583/1375/48 1379/1211/48
f 1584/1376/48 1486/1305/48 1489/1304/48
f 1585/1374/48 1489/1304/48 1490/1308/48
f 1586/1387/48 1379/1211/48 1583/1375/48
s 85
f 1603/1399/1241 1626/1400/1242 1614/1401/1243
f 1604/1402/1244 1615/1403/1245 1603/1404/1241
f 1605/1405/1246 1616/1406/1247 1604/1402/1244
f 1606/1407/1248 1617/1408/1249 1605/1405/1246
f 1619/1409/1250 1606/1407/1248 1607/1410/1251
f 1620/1411/1252 1607/1410/1251 1608/1412/1253
f 1621/1413/1254 1608/1412/1253 1609/1414/1255
f 1622/1415/1256 1609/1414/1255 1610/1416/1257
f 1623/1417/1258 1610/1416/1257 1611/1418/1259
f 1624/1419/1260 1611/1418/1259 1612/1420/1261
f 1613/1421/1262 1624/1419/1260 1612/1420/1261
f 1614/1401/1243 1625/1422/1263 1613/1421/1262
f 1615/1423/1245 1638/1424/1264 1626/1400/1242
f 1616/1406/1247 1627/1425/1265 1615/1403/1245
f 1617/1408/1249 1628/1426/1266 1616/1406/1247
f 1618/1427/1267 1629/1428/1268 1617/1408/1249
f 1631/1429/1269 1618/1427/1267 1619/1409/1250
f 1632/1430/1270 1619/1409/1250 1620/1411/1252
f 1633/1431/1271 1620/1411/1252 1621/1413/1254
f 1634/1432/1272 1621/1413/1254 1622/1415/1256
f 1635/1433/1273 1622/1415/1256 1623/1417/1258
f 1636/1434/1274 1623/1417/1258 1624/1419/1260
f 1625/1422/1263 1636/1434/1274 1624/1419/1260
f 1626/1400/1242 1637/1435/1275 1625/1422/1263
f 1627/1436/1265 1650/1437/1276 1638/1424/1264
f 1628/1426/1266 1639/1438/1277 1627/1425/1265
f 1629/1428/1268 1640/1439/1278 1628/1426/1266
f 1630/1440/1279 1641/1441/1280 1629/1428/1268
f 1643/1442/1281 1630/1440/1279 1631/1429/1269
f 1644/1443/1282 1631/1429/1269 1632/1430/1270
f 1645/1444/1283 1632/1430/1270 1633/1431/1271
f 1646/1445/1284 1633/1431/1271 1634/1432/1272
f 1647/1446/1285 1634/1432/1272 1635/1433/1273
f 1648/1447/1286 1635/1433/1273 1636/1434/1274
f 1637/1435/1275 1648/1447/1286 1636/1434/1274
f 1638/1424/1264 1649/1448/1287 1637/1435/1275
f 1651/1449/1288 1650/1437/1276 1639/1450/1277
f 1652/1451/1289 1639/1438/1277 1640/1439/1278
f 1653/1452/1290 1640/1439/1278 1641/1441/1280
f 1654/1453/1291 1641/1441/1280 1642/1454/1292
f 1643/1442/1281 1654/1453/1291 1642/1454/1292
f 1644/1443/1282 1655/1455/1293 1643/1442/1281
f 1645/1444/1283 1656/1456/1294 1644/1443/1282
f 1646/1445/1284 1657/1457/1295 1645/1444/1283
f 1647/1446/1285 1658/1458/1296 1646/1445/1284
f 1648/1447/1286 1659/1459/1297 1647/1446/1285
f 1661/1460/1298 1648/1447/1286 1649/1448/1287
f 1662/1461/1299 1649/1448/1287 1650/1437/1276
f 1663/1462/1300 1662/1461/1299 1651/1449/1288
f 1664/1463/1301 1651/1464/1288 1652/1451/1289
f 1665/1465/1302 1652/1451/1289 1653/1452/1290
f 1666/1466/1303 1653/1452/1290 1654/1453/1291
f 1655/1455/1293 1666/1466/1303 1654/1453/1291
f 1656/1456/1294 1667/1467/1304 1655/1455/1293
f 1657/1457/1295 1668/1468/1305 1656/1456/1294
f 1658/1458/1296 1669/1469/1306 1657/1457/1295
f 1659/1459/1297 1670/1470/1307 1658/1458/1296
f 1660/1471/1308 1671/1472/1309 1659/1459/1297
f 1673/1473/1310 1660/1471/1308 1661/1460/1298
f 1674/1474/1311 1661/1460/1298 1662/1461/1299
f 1675/1475/1312 1674/1474/1311 1663/1462/1300
f 1676/1476/1313 1663/1477/1300 1664/1463/1301
f 1677/1478/1314 1664/1463/1301 1665/1465/1302
f 1678/1479/1315 1665/1465/1302 1666/1466/1303
f 1667/1467/1304 1678/1479/1315 1666/1466/1303
f 1668/1468/1305 1679/1480/1316 1667/1467/1304
f 1669/1469/1306 1680/1481/1317 1668/1468/1305
f 1670/1470/1307 1681/1482/1318 1669/1469/1306
f 1671/1472/1309 1682/1483/1319 1670/1470/1307
f 1672/1484/1320 1683/1485/1321 1671/1472/1309
f 1685/1486/1322 1672/1484/1320 1673/1473/1310
f 1686/1487/1323 1673/1473/1310 1674/1474/1311
f 1687/1488/1324 1686/1487/1323 1675/1475/1312
f 1688/1489/1325 1675/1490/1312 1676/1476/1313
f 1689/1491/1326 1676/1476/1313 1677/1478/1314
f 1690/1492/1327 1677/1478/1314 1678/1479/1315
f 1679/1480/1316 1690/1492/1327 1678/1479/1315
f 1680/1481/1317 1691/1493/1328 1679/1480/1316
f 1681/1482/1318 1692/1494/1329 1680/1481/1317
f 1682/1483/1319 1693/1495/1330 1681/1482/1318
f 1683/1485/1321 1694/1496/1331 1682/1483/1319
f 1684/1497/1332 1695/1498/1333 1683/1485/1321
f 1697/1499/1334 1684/1497/1332 1685/1486/1322
f 1698/1500/1335 1685/1486/1322 1686/1487/1323
f 1699/1501/1336 1698/1500/1335 1687/1488/1324
f 1700/1502/1337 1687/1503/1324 1688/1489/1325
f 1701/1504/1338 1688/1489/1325 1689/1491/1326
f 1702/1505/1339 1689/1491/1326 1690/1492/1327
f 1691/1493/1328 1702/1505/1339 1690/1492/1327
f 1692/1494/1329 1703/1506/1340 1691/1493/1328
f 1693/1495/1330 1704/1507/1341 1692/1494/1329
f 1694/1496/1331 1705/1508/1342 1693/1495/1330
f 1695/1498/1333 1706/1509/1343 1694/1496/1331
f 1696/1510/1344 1707/1511/1345 1695/1498/1333
f 1709/1512/1346 1696/1510/1344 1697/1499/1334
f 1710/1513/1347 1697/1499/1334 1698/1500/1335
f 1711/1514/1348 1710/1513/1347 1699/1501/1336
f 1712/1515/1349 1699/1516/1336 1700/1502/1337
f 1713/1517/1350 1700/1502/1337 1701/1504/1338
f 1714/1518/1351 1701/1504/1338 1702/1505/1339
f 1703/1506/1340 1714/1518/1351 1702/1505/1339
f 1704/1507/1341 1715/1519/1352 1703/1506/1340
f 1705/1508/1342 1716/1520/1353 1704/1507/1341
f 1706/1509/1343 1717/1521/1354 1705/1508/1342
f 1707/1511/1345 1718/1522/1355 1706/1509/1343
f 1708/1523/1356 1719/1524/1357 1707/1511/1345
f 1721/1525/1358 1708/1523/1356 1709/1512/1346
f 1722/1526/1359 1709/1512/1346 1710/1513/1347
f 1723/1527/1360 1722/1526/1359 1711/1514/1348
f 1724/1528/1361 1711/1529/1348 1712/1515/1349
f 1725/1530/1362 1712/1515/1349 1713/1517/1350
f 1726/1531/1363 1713/1517/1350 1714/1518/1351
f 1715/1519/1352 1726/1531/1363 1714/1518/1351
f 1716/1520/1353 1727/1532/1364 1715/1519/1352
f 1717/1521/1354 1728/1533/1365 1716/1520/1353
f 1718/1522/1355 1729/1534/1366 1717/1521/1354
f 1719/1524/1357 1730/1535/1367 1718/1522/1355
f 1720/1536/1368 1731/1537/1369 1719/1524/1357
f 1733/1538/1370 1720/1536/1368 1721/1525/1358
f 1734/1539/1371 1721/1525/1358 1722/1526/1359
f 1735/1540/1372 1734/1539/1371 1723/1527/1360
f 1736/1541/1373 1723/1542/1360 1724/1528/1361
f 1737/1543/1374 1724/1528/1361 1725/1530/1362
f 1738/1544/1375 1725/1530/1362 1726/1531/1363
f 1739/1545/1376 1726/1531/1363 1727/1532/1364
f 1728/1533/1365 1739/1545/1376 1727/1532/1364
f 1729/1534/1366 1740/1546/1377 1728/1533/1365
f 1730/1535/1367 1741/1547/1378 1729/1534/1366
f 1731/1537/1369 1742/1548/1379 1730/1535/1367
f 1732/1549/1380 1743/1550/1381 1731/1537/1369
f 1733/1538/1370 1744/1551/1382 1732/1549/1380
f 1746/1552/1383 1733/1538/1370 1734/1539/1371
f 1747/1553/1384 1746/1552/1383 1735/1540/1372
f 1748/1554/1385 1735/1555/1372 1736/1541/1373
f 1749/1556/1386 1736/1541/1373 1737/1543/1374
f 1750/1557/1387 1737/1543/1374 1738/1544/1375
f 1751/1558/1388 1738/1544/1375 1739/1545/1376
f 1740/1546/1377 1751/1558/1388 1739/1545/1376
f 1741/1547/1378 1752/1559/1389 1740/1546/1377
f 1742/1548/1379 1753/1560/1390 1741/1547/1378
f 1743/1550/1381 1754/1561/1391 1742/1548/1379
f 1744/1551/1382 1755/1562/1392 1743/1550/1381
f 1745/1563/1393 1756/1564/1394 1744/1551/1382
f 1758/1565/1395 1745/1563/1393 1746/1552/1383
f 1759/1566/1396 1758/1565/1395 1747/1553/1384
f 1760/1567/1397 1747/1568/1384 1748/1554/1385
f 1761/1569/1398 1748/1554/1385 1749/1556/1386
f 1762/1570/1399 1749/1556/1386 1750/1557/1387
f 1763/1571/1400 1750/1557/1387 1751/1558/1388
f 1752/1559/1389 1763/1571/1400 1751/1558/1388
f 1753/1560/1390 1764/1572/1401 1752/1559/1389
f 1754/1561/1391 1765/1573/1402 1753/1560/1390
f 1755/1562/1392 1766/1574/1403 1754/1561/1391
f 1756/1564/1394 1767/1575/1404 1755/1562/1392
f 1757/1576/1405 1768/1577/1406 1756/1564/1394
f 1770/1578/1407 1757/1576/1405 1758/1565/1395
f 1771/1579/1408 1770/1578/1407 1759/1566/1396
f 1772/1580/1409 1759/1581/1396 1760/1567/1397
f 1773/1582/1410 1760/1567/1397 1761/1569/1398
f 1774/1583/1411 1761/1569/1398 1762/1570/1399
f 1775/1584/1412 1762/1570/1399 1763/1571/1400
f 1764/1572/1401 1775/1584/1412 1763/1571/1400
f 1765/1573/1402 1776/1585/1413 1764/1572/1401
f 1766/1574/1403 1777/1586/1414 1765/1573/1402
f 1767/1575/1404 1778/1587/1415 1766/1574/1403
f 1768/1577/1406 1779/1588/1416 1767/1575/1404
f 1769/1589/1417 1780/1590/1418 1768/1577/1406
f 1782/1591/1419 1769/1589/1417 1770/1578/1407
f 1783/1592/1420 1782/1591/1419 1771/1579/1408
f 1784/1593/1421 1771/1594/1408 1772/1580/1409
f 1785/1595/1422 1772/1580/1409 1773/1582/1410
f 1786/1596/1423 1773/1582/1410 1774/1583/1411
f 1787/1597/1424 1774/1583/1411 1775/1584/1412
f 1776/1585/1413 1787/1597/1424 1775/1584/1412
f 1777/1586/1414 1788/1598/1425 1776/1585/1413
f 1778/1587/1415 1789/1599/1426 1777/1586/1414
f 1779/1588/1416 1790/1600/1427 1778/1587/1415
f 1780/1590/1418 1791/1601/1428 1779/1588/1416
f 1781/1602/1429 1792/1603/1430 1780/1590/1418
f 1794/1604/1431 1781/1602/1429 1782/1591/1419
f 1795/1605/1432 1794/1604/1431 1783/1592/1420
f 1796/1606/1433 1783/1607/1420 1784/1593/1421
f 1797/1608/1434 1784/1593/1421 1785/1595/1422
f 1798/1609/1435 1785/1595/1422 1786/1596/1423
f 1799/1610/1436 1786/1596/1423 1787/1597/1424
f 1788/1598/1425 1799/1610/1436 1787/1597/1424
f 1789/1599/1426 1800/1611/1437 1788/1598/1425
f 1790/1600/1427 1801/1612/1438 1789/1599/1426
f 1791/1601/1428 1802/1613/1439 1790/1600/1427
f 1792/1603/1430 1803/1614/1440 1791/1601/1428
f 1793/1615/1441 1804/1616/1442 1792/1603/1430
f 1806/1617/1443 1793/1615/1441 1794/1604/1431
f 1807/1618/1444 1806/1617/1443 1795/1605/1432
f 1808/1619/1445 1795/1620/1432 1796/1606/1433
f 1809/1621/1446 1796/1606/1433 1797/1608/1434
f 1810/1622/1447 1797/1608/1434 1798/1609/1435
f 1811/1623/1448 1798/1609/1435 1799/1610/1436
f 1800/1611/1437 1811/1623/1448 1799/1610/1436
f 1801/1612/1438 1812/1624/1449 1800/1611/1437
f 1802/1613/1439 1813/1625/1450 1801/1612/1438
f 1803/1614/1440 1814/1626/1451 1802/1613/1439
f 1804/1616/1442 1815/1627/1452 1803/1614/1440
f 1805/1628/1453 1816/1629/1454 1804/1616/1442
f 1818/1630/1455 1805/1628/1453 1806/1617/1443
f 1819/1631/1456 1818/1630/1455 1807/1618/1444
f 1820/1632/1457 1807/1633/1444 1808/1619/1445
f 1821/1634/1458 1808/1619/1445 1809/1621/1446
f 1822/1635/1459 1809/1621/1446 1810/1622/1447
f 1823/1636/1460 1810/1622/1447 1811/1623/1448
f 1812/1624/1449 1823/1636/1460 1811/1623/1448
f 1813/1625/1450 1824/1637/1461 1812/1624/1449
f 1814/1626/1451 1825/1638/1462 1813/1625/1450
f 1815/1627/1452 1826/1639/1463 1814/1626/1451
f 1816/1629/1454 1827/1640/1464 1815/1627/1452
f 1817/1641/1465 1828/1642/1466 1816/1629/1454
f 1830/1643/1467 1817/1641/1465 1818/1630/1455
f 1831/1644/1468 1830/1643/1467 1819/1631/1456
f 1832/1645/1469 1819/1646/1456 1820/1632/1457
f 1833/1647/1470 1820/1632/1457 1821/1634/1458
f 1834/1648/1471 1821/1634/1458 1822/1635/1459
f 1835/1649/1472 1822/1635/1459 1823/1636/1460
f 1824/1637/1461 1835/1649/1472 1823/1636/1460
f 1825/1638/1462 1836/1650/1473 1824/1637/1461
f 1826/1639/1463 1837/1651/1474 1825/1638/1462
f 1827/1640/1464 1838/1652/1475 1826/1639/1463
f 1828/1642/1466 1839/1653/1476 1827/1640/1464
f 1829/1654/1477 1840/1655/1478 1828/1642/1466
f 1842/1656/1479 1829/1654/1477 1830/1643/1467
f 1843/1657/1480 1842/1656/1479 1831/1644/1468
f 1844/1658/1481 1831/1659/1468 1832/1645/1469
f 1845/1660/1482 1832/1645/1469 1833/1647/1470
f 1846/1661/1483 1833/1647/1470 1834/1648/1471
f 1847/1662/1484 1834/1648/1471 1835/1649/1472
f 1836/1650/1473 1847/1662/1484 1835/1649/1472
f 1837/1651/1474 1848/1663/1485 1836/1650/1473
f 1838/1652/1475 1849/1664/1486 1837/1651/1474
f 1839/1653/1476 1850/1665/1487 1838/1652/1475
f 1840/1655/1478 1851/1666/1488 1839/1653/1476
f 1841/1667/1489 1852/1668/1490 1840/1655/1478
f 1854/1669/1491 1841/1667/1489 1842/1656/1479
f 1855/1670/1492 1854/1669/1491 1843/1657/1480
f 1856/1671/1493 1843/1672/1480 1844/1658/1481
f 1857/1673/1494 1844/1658/1481 1845/1660/1482
f 1858/1674/1495 1845/1660/1482 1846/1661/1483
f 1859/1675/1496 1846/1661/1483 1847/1662/1484
f 1848/1663/1485 1859/1675/1496 1847/1662/1484
f 1849/1664/1486 1860/1676/1497 1848/1663/1485
f 1850/1665/1487 1861/1677/1498 1849/1664/1486
f 1851/1666/1488 1862/1678/1499 1850/1665/1487
f 1852/1668/1490 1863/1679/1500 1851/1666/1488
f 1853/1680/1501 1864/1681/1502 1852/1668/1490
f 1866/1682/1503 1853/1680/1501 1854/1669/1491
f 1867/1683/1504 1866/1682/1503 1855/1670/1492
f 1868/1684/1505 1855/1685/1492 1856/1671/1493
f 1869/1686/1506 1856/1671/1493 1857/1673/1494
f 1870/1687/1507 1857/1673/1494 1858/1674/1495
f 1871/1688/1508 1858/1674/1495 1859/1675/1496
f 1860/1676/1497 1871/1688/1508 1859/1675/1496
f 1861/1677/1498 1872/1689/1509 1860/1676/1497
f 1862/1678/1499 1873/1690/1510 1861/1677/1498
f 1863/1679/1500 1874/1691/1511 1862/1678/1499
f 1864/1681/1502 1875/1692/1512 1863/1679/1500
f 1865/1693/1513 1876/1694/1514 1864/1681/1502
f 1878/1695/1515 1865/1693/1513 1866/1682/1503
f 1879/1696/1516 1878/1695/1515 1867/1683/1504
f 1880/1697/1517 1867/1698/1504 1868/1684/1505
f 1881/1699/1518 1868/1684/1505 1869/1686/1506
f 1882/1700/1519 1869/1686/1506 1870/1687/1507
f 1883/1701/1520 1870/1687/1507 1871/1688/1508
f 1872/1689/1509 1883/1701/1520 1871/1688/1508
f 1873/1690/1510 1884/1702/1521 1872/1689/1509
f 1874/1691/1511 1885/1703/1522 1873/1690/1510
f 1875/1692/1512 1886/1704/1523 1874/1691/1511
f 1876/1694/1514 1887/1705/1524 1875/1692/1512
f 1877/1706/1525 1888/1707/1526 1876/1694/1514
f 1890/1708/1527 1877/1706/1525 1878/1695/1515
f 1879/1696/1516 1902/1709/1528 1890/1708/1527
f 1880/1697/1517 1891/1710/1529 1879/1711/1516
f 1881/1699/1518 1892/1712/1530 1880/1697/1517
f 1882/1700/1519 1893/1713/1531 1881/1699/1518
f 1883/1701/1520 1894/1714/1532 1882/1700/1519
f 1896/1715/1533 1883/1701/1520 1884/1702/1521
f 1897/1716/1534 1884/1702/1521 1885/1703/1522
f 1898/1717/1535 1885/1703/1522 1886/1704/1523
f 1899/1718/1536 1886/1704/1523 1887/1705/1524
f 1900/1719/1537 1887/1705/1524 1888/1707/1526
f 1901/1720/1538 1888/1707/1526 1889/1721/1539
f 1890/1708/1527 1901/1720/1538 1889/1721/1539
f 1891/1722/1529 1914/1723/1540 1902/1709/1528
f 1892/1712/1530 1903/1724/1541 1891/1710/1529
f 1893/1713/1531 1904/1725/1542 1892/1712/1530
f 1894/1714/1532 1905/1726/1543 1893/1713/1531
f 1895/1727/1544 1906/1728/1545 1894/1714/1532
f 1908/1729/1546 1895/1727/1544 1896/1715/1533
f 1909/1730/1547 1896/1715/1533 1897/1716/1534
f 1910/1731/1548 1897/1716/1534 1898/1717/1535
f 1911/1732/1549 1898/1717/1535 1899/1718/1536
f 1912/1733/1550 1899/1718/1536 1900/1719/1537
f 1913/1734/1551 1900/1719/1537 1901/1720/1538
f 1902/1709/1528 1913/1734/1551 1901/1720/1538
f 1903/1735/1541 1926/1736/1552 1914/1723/1540
f 1916/1737/1553 1903/1724/1541 1904/1725/1542
f 1917/1738/1554 1904/1725/1542 1905/1726/1543
f 1918/1739/1555 1905/1726/1543 1906/1728/1545
f 1919/1740/1556 1906/1728/1545 1907/1741/1557
f 1920/1742/1558 1907/1741/1557 1908/1729/1546
f 1921/1743/1559 1908/1729/1546 1909/1730/1547
f 1910/1731/1548 1921/1743/1559 1909/1730/1547
f 1911/1732/1549 1922/1744/1560 1910/1731/1548
f 1912/1733/1550 1923/1745/1561 1911/1732/1549
f 1913/1734/1551 1924/1746/1562 1912/1733/1550
f 1914/1723/1540 1925/1747/1563 1913/1734/1551
f 1927/1748/1564 1926/1736/1552 1915/1749/1565
f 1928/1750/1566 1915/1751/1565 1916/1737/1553
f 1929/1752/1567 1916/1737/1553 1917/1738/1554
f 1930/1753/1568 1917/1738/1554 1918/1739/1555
f 1931/1754/1569 1918/1739/1555 1919/1740/1556
f 1932/1755/1570 1919/1740/1556 1920/1742/1558
f 1921/1743/1559 1932/1755/1570 1920/1742/1558
f 1922/1744/1560 1933/1756/1571 1921/1743/1559
f 1923/1745/1561 1934/1757/1572 1922/1744/1560
f 1924/1746/1562 1935/1758/1573 1923/1745/1561
f 1925/1747/1563 1936/1759/1574 1924/1746/1562
f 1926/1736/1552 1937/1760/1575 1925/1747/1563
f 1939/1761/1576 1938/1762/1577 1927/1748/1564
f 1940/1763/1578 1927/1764/1564 1928/1750/1566
f 1941/1765/1579 1928/1750/1566 1929/1752/1567
f 1942/1766/1580 1929/1752/1567 1930/1753/1568
f 1943/1767/1581 1930/1753/1568 1931/1754/1569
f 1944/1768/1582 1931/1754/1569 1932/1755/1570
f 1933/1756/1571 1944/1768/1582 1932/1755/1570
f 1934/1757/1572 1945/1769/1583 1933/1756/1571
f 1935/1758/1573 1946/1770/1584 1934/1757/1572
f 1936/1759/1574 1947/1771/1585 1935/1758/1573
f 1937/1760/1575 1948/1772/1586 1936/1759/1574
f 1938/1762/1577 1949/1773/1587 1937/1760/1575
f 1939/1761/1576 1962/1774/1588 1950/1775/1589
f 1952/1776/1590 1939/1777/1576 1940/1763/1578
f 1953/1778/1591 1940/1763/1578 1941/1765/1579
f 1954/1779/1592 1941/1765/1579 1942/1766/1580
f 1955/1780/1593 1942/1766/1580 1943/1767/1581
f 1956/1781/1594 1943/1767/1581 1944/1768/1582
f 1957/1782/1595 1944/1768/1582 1945/1769/1583
f 1946/1770/1584 1957/1782/1595 1945/1769/1583
f 1947/1771/1585 1958/1783/1596 1946/1770/1584
f 1948/1772/1586 1959/1784/1597 1947/1771/1585
f 1949/1773/1587 1960/1785/1598 1948/1772/1586
f 1950/1775/1589 1961/1786/1599 1949/1773/1587
f 1951/1787/1600 1974/1788/1601 1962/1774/1588
f 1952/1776/1590 1963/1789/1602 1951/1790/1600
f 1953/1778/1591 1964/1791/1603 1952/1776/1590
f 1954/1779/1592 1965/1792/1604 1953/1778/1591
f 1955/1780/1593 1966/1793/1605 1954/1779/1592
f 1968/1794/1606 1955/1780/1593 1956/1781/1594
f 1969/1795/1607 1956/1781/1594 1957/1782/1595
f 1970/1796/1608 1957/1782/1595 1958/1783/1596
f 1971/1797/1609 1958/1783/1596 1959/1784/1597
f 1972/1798/1610 1959/1784/1597 1960/1785/1598
f 1973/1799/1611 1960/1785/1598 1961/1786/1599
f 1962/1774/1588 1973/1799/1611 1961/1786/1599
f 1963/1800/1602 1986/1801/1612 1974/1788/1601
f 1964/1791/1603 1975/1802/1613 1963/1789/1602
f 1965/1792/1604 1976/1803/1614 1964/1791/1603
f 1966/1793/1605 1977/1804/1615 1965/1792/1604
f 1967/1805/1616 1978/1806/1617 1966/1793/1605
f 1980/1807/1618 1967/1805/1616 1968/1794/1606
f 1981/1808/1619 1968/1794/1606 1969/1795/1607
f 1982/1809/1620 1969/1795/1607 1970/1796/1608
f 1983/1810/1621 1970/1796/1608 1971/1797/1609
f 1984/1811/1622 1971/1797/1609 1972/1798/1610
f 1985/1812/1623 1972/1798/1610 1973/1799/1611
f 1974/1788/1601 1985/1812/1623 1973/1799/1611
f 1975/1813/1613 1998/1814/1624 1986/1801/1612
f 1976/1803/1614 1987/1815/1625 1975/1802/1613
f 1977/1804/1615 1988/1816/1626 1976/1803/1614
f 1978/1806/1617 1989/1817/1627 1977/1804/1615
f 1979/1818/1628 1990/1819/1629 1978/1806/1617
f 1992/1820/1630 1979/1818/1628 1980/1807/1618
f 1993/1821/1631 1980/1807/1618 1981/1808/1619
f 1994/1822/1632 1981/1808/1619 1982/1809/1620
f 1995/1823/1633 1982/1809/1620 1983/1810/1621
f 1996/1824/1634 1983/1810/1621 1984/1811/1622
f 1997/1825/1635 1984/1811/1622 1985/1812/1623
f 1986/1801/1612 1997/1825/1635 1985/1812/1623
f 1987/1826/1625 2010/1827/1636 1998/1814/1624
f 1988/1816/1626 1999/1828/1637 1987/1815/1625
f 1989/1817/1627 2000/1829/1638 1988/1816/1626
f 1990/1819/1629 2001/1830/1639 1989/1817/1627
f 1991/1831/1640 2002/1832/1641 1990/1819/1629
f 2004/1833/1642 1991/1831/1640 1992/1820/1630
f 2005/1834/1643 1992/1820/1630 1993/1821/1631
f 2006/1835/1644 1993/1821/1631 1994/1822/1632
f 2007/1836/1645 1994/1822/1632 1995/1823/1633
f 2008/1837/1646 1995/1823/1633 1996/1824/1634
f 2009/1838/1647 1996/1824/1634 1997/1825/1635
f 1998/1814/1624 2009/1838/1647 1997/1825/1635
f 1999/1839/1637 2022/1840/1648 2010/1827/1636
f 2000/1829/1638 2011/1841/1649 1999/1828/1637
f 2001/1830/1639 2012/1842/1650 2000/1829/1638
f 2002/1832/1641 2013/1843/1651 2001/1830/1639
f 2003/1844/1652 2014/1845/1653 2002/1832/1641
f 2016/1846/1654 2003/1844/1652 2004/1833/1642
f 2017/1847/1655 2004/1833/1642 2005/1834/1643
f 2018/1848/1656 2005/1834/1643 2006/1835/1644
f 2019/1849/1657 2006/1835/1644 2007/1836/1645
f 2020/1850/1658 2007/1836/1645 2008/1837/1646
f 2021/1851/1659 2008/1837/1646 2009/1838/1647
f 2010/1827/1636 2021/1851/1659 2009/1838/1647
f 2011/1852/1649 2034/1853/1660 2022/1840/1648
f 2012/1842/1650 2023/1854/1661 2011/1841/1649
f 2013/1843/1651 2024/1855/1662 2012/1842/1650
f 2014/1845/1653 2025/1856/1663 2013/1843/1651
f 2015/1857/1664 2026/1858/1665 2014/1845/1653
f 2028/1859/1666 2015/1857/1664 2016/1846/1654
f 2029/1860/1667 2016/1846/1654 2017/1847/1655
f 2030/1861/1668 2017/1847/1655 2018/1848/1656
f 2031/1862/1669 2018/1848/1656 2019/1849/1657
f 2032/1863/1670 2019/1849/1657 2020/1850/1658
f 2033/1864/1671 2020/1850/1658 2021/1851/1659
f 2022/1840/1648 2033/1864/1671 2021/1851/1659
f 2023/1865/1661 2046/1866/1672 2034/1853/1660
f 2024/1855/1662 2035/1867/1673 2023/1854/1661
f 2025/1856/1663 2036/1868/1674 2024/1855/1662
f 2026/1858/1665 2037/1869/1675 2025/1856/1663
f 2027/1870/1676 2038/1871/1677 2026/1858/1665
f 2028/1859/1666 2039/1872/1678 2027/1870/1676
f 2041/1873/1679 2028/1859/1666 2029/1860/1667
f 2042/1874/1680 2029/1860/1667 2030/1861/1668
f 2043/1875/1681 2030/1861/1668 2031/1862/1669
f 2044/1876/1682 2031/1862/1669 2032/1863/1670
f 2045/1877/1683 2032/1863/1670 2033/1864/1671
f 2046/1866/1672 2033/1864/1671 2034/1853/1660
f 2047/1878/1684 2046/1866/1672 2035/1879/1673
f 2036/1868/1674 2047/1880/1684 2035/1867/1673
f 2037/1869/1675 2048/1881/1685 2036/1868/1674
f 2038/1871/1677 2049/1882/1686 2037/1869/1675
f 2039/1872/1678 2050/1883/1687 2038/1871/1677
f 2040/1884/1688 2051/1885/1689 2039/1872/1678
f 2041/1873/1679 2052/1886/1690 2040/1884/1688
f 2054/1887/1691 2041/1873/1679 2042/1874/1680
f 2055/1888/1692 2042/1874/1680 2043/1875/1681
f 2056/1889/1693 2043/1875/1681 2044/1876/1682
f 2057/1890/1694 2044/1876/1682 2045/1877/1683
f 2058/1891/1695 2045/1877/1683 2046/1866/1672
f 2047/1878/1684 2070/1892/1696 2058/1891/1695
f 2048/1881/1685 2059/1893/1697 2047/1880/1684
f 2049/1882/1686 2060/1894/1698 2048/1881/1685
f 2050/1883/1687 2061/1895/1699 2049/1882/1686
f 2051/1885/1689 2062/1896/1700 2050/1883/1687
f 2052/1886/1690 2063/1897/1701 2051/1885/1689
f 2065/1898/1702 2052/1886/1690 2053/1899/1703
f 2066/1900/1704 2053/1899/1703 2054/1887/1691
f 2067/1901/1705 2054/1887/1691 2055/1888/1692
f 2068/1902/1706 2055/1888/1692 2056/1889/1693
f 2069/1903/1707 2056/1889/1693 2057/1890/1694
f 2070/1892/1696 2057/1890/1694 2058/1891/1695
f 2059/1904/1697 2082/1905/1708 2070/1892/1696
f 2060/1894/1698 2071/1906/1709 2059/1893/1697
f 2061/1895/1699 2072/1907/1710 2060/1894/1698
f 2062/1896/1700 2073/1908/1711 2061/1895/1699
f 2063/1897/1701 2074/1909/1712 2062/1896/1700
f 2076/1910/1713 2063/1897/1701 2064/1911/1714
f 2077/1912/1715 2064/1911/1714 2065/1898/1702
f 2078/1913/1716 2065/1898/1702 2066/1900/1704
f 2079/1914/1717 2066/1900/1704 2067/1901/1705
f 2080/1915/1718 2067/1901/1705 2068/1902/1706
f 2081/1916/1719 2068/1902/1706 2069/1903/1707
f 2070/1892/1696 2081/1916/1719 2069/1903/1707
f 2071/1917/1709 2094/1918/1720 2082/1905/1708
f 2072/1907/1710 2083/1919/1721 2071/1906/1709
f 2073/1908/1711 2084/1920/1722 2072/1907/1710
f 2074/1909/1712 2085/1921/1723 2073/1908/1711
f 2075/1922/1724 2086/1923/1725 2074/1909/1712
f 2088/1924/1726 2075/1922/1724 2076/1910/1713
f 2089/1925/1727 2076/1910/1713 2077/1912/1715
f 2090/1926/1728 2077/1912/1715 2078/1913/1716
f 2091/1927/1729 2078/1913/1716 2079/1914/1717
f 2092/1928/1730 2079/1914/1717 2080/1915/1718
f 2093/1929/1731 2080/1915/1718 2081/1916/1719
f 2082/1905/1708 2093/1929/1731 2081/1916/1719
f 2083/1930/1721 2106/1931/1732 2094/1918/1720
f 2084/1920/1722 2095/1932/1733 2083/1919/1721
f 2085/1921/1723 2096/1933/1734 2084/1920/1722
f 2086/1923/1725 2097/1934/1735 2085/1921/1723
f 2087/1935/1736 2098/1936/1737 2086/1923/1725
f 2100/1937/1738 2087/1935/1736 2088/1924/1726
f 2101/1938/1739 2088/1924/1726 2089/1925/1727
f 2102/1939/1740 2089/1925/1727 2090/1926/1728
f 2103/1940/1741 2090/1926/1728 2091/1927/1729
f 2104/1941/1742 2091/1927/1729 2092/1928/1730
f 2105/1942/1743 2092/1928/1730 2093/1929/1731
f 2094/1918/1720 2105/1942/1743 2093/1929/1731
f 2095/1943/1733 2118/1944/1744 2106/1931/1732
f 2096/1933/1734 2107/1945/1745 2095/1932/1733
f 2097/1934/1735 2108/1946/1746 2096/1933/1734
f 2098/1936/1737 2109/1947/1747 2097/1934/1735
f 2099/1948/1748 2110/1949/1749 2098/1936/1737
f 2112/1950/1750 2099/1948/1748 2100/1937/1738
f 2113/1951/1751 2100/1937/1738 2101/1938/1739
f 2114/1952/1752 2101/1938/1739 2102/1939/1740
f 2115/1953/1753 2102/1939/1740 2103/1940/1741
f 2116/1954/1754 2103/1940/1741 2104/1941/1742
f 2117/1955/1755 2104/1941/1742 2105/1942/1743
f 2106/1931/1732 2117/1955/1755 2105/1942/1743
f 2107/1956/1745 2130/1957/1756 2118/1944/1744
f 2108/1946/1746 2119/1958/1757 2107/1945/1745
f 2109/1947/1747 2120/1959/1758 2108/1946/1746
f 2110/1949/1749 2121/1960/1759 2109/1947/1747
f 2111/1961/1760 2122/1962/1761 2110/1949/1749
f 2124/1963/1762 2111/1961/1760 2112/1950/1750
f 2125/1964/1763 2112/1950/1750 2113/1951/1751
f 2126/1965/1764 2113/1951/1751 2114/1952/1752
f 2127/1966/1765 2114/1952/1752 2115/1953/1753
f 2128/1967/1766 2115/1953/1753 2116/1954/1754
f 2129/1968/1767 2116/1954/1754 2117/1955/1755
f 2118/1944/1744 2129/1968/1767 2117/1955/1755
f 2119/1969/1757 2142/1970/1768 2130/1957/1756
f 2120/1959/1758 2131/1971/1769 2119/1958/1757
f 2121/1960/1759 2132/1972/1770 2120/1959/1758
f 2122/1962/1761 2133/1973/1771 2121/1960/1759
f 2123/1974/1772 2134/1975/1773 2122/1962/1761
f 2136/1976/1774 2123/1974/1772 2124/1963/1762
f 2137/1977/1775 2124/1963/1762 2125/1964/1763
f 2138/1978/1776 2125/1964/1763 2126/1965/1764
f 2139/1979/1777 2126/1965/1764 2127/1966/1765
f 2140/1980/1778 2127/1966/1765 2128/1967/1766
f 2141/1981/1779 2128/1967/1766 2129/1968/1767
f 2130/1957/1756 2141/1981/1779 2129/1968/1767
f 2131/1982/1769 2154/1983/1780 2142/1970/1768
f 2132/1972/1770 2143/1984/1781 2131/1971/1769
f 2133/1973/1771 2144/1985/1782 2132/1972/1770
f 2134/1975/1773 2145/1986/1783 2133/1973/1771
f 2147/1987/1784 2134/1975/1773 2135/1988/1785
f 2148/1989/1786 2135/1988/1785 2136/1976/1774
f 2149/1990/1787 2136/1976/1774 2137/1977/1775
f 2150/1991/1788 2137/1977/1775 2138/1978/1776
f 2151/1992/1789 2138/1978/1776 2139/1979/1777
f 2152/1993/1790 2139/1979/1777 2140/1980/1778
f 2141/1981/1779 2152/1993/1790 2140/1980/1778
f 2142/1970/1768 2153/1994/1791 2141/1981/1779
f 2143/1995/1781 2166/1996/1792 2154/1983/1780
f 2156/1997/1793 2143/1984/1781 2144/1985/1782
f 2157/1998/1794 2144/1985/1782 2145/1986/1783
f 2158/1999/1795 2145/1986/1783 2146/2000/1796
f 2159/2001/1797 2146/2000/1796 2147/1987/1784
f 2160/2002/1798 2147/1987/1784 2148/1989/1786
f 2161/2003/1799 2148/1989/1786 2149/1990/1787
f 2150/1991/1788 2161/2003/1799 2149/1990/1787
f 2151/1992/1789 2162/2004/1800 2150/1991/1788
f 2152/1993/1790 2163/2005/1801 2151/1992/1789
f 2153/1994/1791 2164/2006/1802 2152/1993/1790
f 2154/1983/1780 2165/2007/1803 2153/1994/1791
s 90
f 2216/2045/48 2217/2046/1898 2215/2045/48
f 2218/2046/1898 2219/2047/1899 2217/2046/1898
f 2220/2047/1899 2221/2048/449 2219/2047/1899
f 2222/2048/449 2223/2049/1900 2221/2048/449
f 2224/2049/1900 2225/2050/1901 2223/2049/1900
f 2226/2050/1901 2227/2051/45 2225/2050/1901
f 2228/2051/45 2229/2052/1902 2227/2051/45
f 2230/2052/1902 2231/2053/1903 2229/2052/1902
f 2232/2053/1903 2233/2054/513 2231/2053/1903
f 2234/2054/513 2235/2055/1904 2233/2054/513
f 2236/2055/1904 2237/2056/1905 2235/2055/1904
f 2238/2056/1905 2215/2045/48 2237/2056/1905
s 91
f 2218/2046/43 2216/2045/43 2239/2057/43
f 2216/2045/43 2238/2056/43 2239/2057/43
f 2238/2056/43 2236/2055/43 2239/2057/43
f 2236/2055/43 2234/2054/43 2239/2057/43
f 2234/2054/43 2232/2053/43 2239/2057/43
f 2232/2053/43 2230/2052/43 2239/2057/43
f 2230/2052/43 2228/2051/43 2239/2057/43
f 2228/2051/43 2226/2050/43 2239/2057/43
f 2226/2050/43 2224/2049/43 2239/2057/43
f 2224/2049/43 2222/2048/43 2239/2057/43
f 2222/2048/43 2220/2047/43 2239/2057/43
f 2220/2047/43 2218/2046/43 2239/2057/43
s 0
f 2342/2109/43 2343/2110/43 2341/2110/43
f 2348/2111/42 2345/2112/42 2347/2112/42
f 2346/2111/45 2341/2110/45 2345/2112/45
f 2347/2112/513 2341/2110/513 2343/2110/513
f 2344/2109/449 2346/2111/449 2348/2111/449
f 2350/2113/43 2351/2114/43 2349/2114/43
f 2356/2115/42 2353/2116/42 2355/2116/42
f 2354/2115/45 2349/2114/45 2353/2116/45
f 2355/2116/513 2349/2114/513 2351/2114/513
f 2352/2113/449 2354/2115/449 2356/2115/449
f 2358/2117/43 2359/2118/43 2357/2118/43
f 2364/2119/42 2361/2120/42 2363/2120/42
f 2362/2119/45 2357/2118/45 2361/2120/45
f 2363/2120/513 2357/2118/513 2359/2118/513
f 2360/2117/449 2362/2119/449 2364/2119/449
f 2366/2121/43 2367/2122/43 2365/2122/43
f 2372/2123/42 2369/2124/42 2371/2124/42
f 2370/2123/45 2365/2122/45 2369/2124/45
f 2371/2124/513 2365/2122/513 2367/2122/513
f 2368/2121/449 2370/2123/449 2372/2123/449
f 2374/2125/43 2375/2126/43 2373/2126/43
f 2380/2127/42 2377/2128/42 2379/2128/42
f 2378/2127/45 2373/2126/45 2377/2128/45
f 2379/2128/513 2373/2126/513 2375/2126/513
f 2376/2125/449 2378/2127/449 2380/2127/449
f 2382/2129/43 2383/2130/43 2381/2130/43
f 2388/2131/42 2385/2132/42 2387/2132/42
f 2386/2131/45 2381/2130/45 2385/2132/45
f 2387/2132/513 2381/2130/513 2383/2130/513
f 2384/2129/449 2386/2131/449 2388/2131/449
f 2390/2133/43 2391/2134/43 2389/2134/43
f 2396/2135/42 2393/2136/42 2395/2136/42
f 2394/2135/45 2389/2134/45 2393/2136/45
f 2395/2136/513 2389/2134/513 2391/2134/513
f 2392/2133/449 2394/2135/449 2396/2135/449
f 2398/2137/43 2399/2138/43 2397/2138/43
f 2404/2139/42 2401/2140/42 2403/2140/42
f 2402/2139/45 2397/2138/45 2401/2140/45
f 2403/2140/513 2397/2138/513 2399/2138/513
f 2400/2137/449 2402/2139/449 2404/2139/449
f 2406/2141/43 2407/2142/43 2405/2142/43
f 2412/2143/42 2409/2144/42 2411/2144/42
f 2410/2143/45 2405/2142/45 2409/2144/45
f 2411/2144/513 2405/2142/513 2407/2142/513
f 2408/2141/449 2410/2143/449 2412/2143/449
f 2414/2145/43 2415/2146/43 2413/2146/43
f 2420/2147/42 2417/2148/42 2419/2148/42
f 2418/2147/45 2413/2146/45 2417/2148/45
f 2419/2148/513 2413/2146/513 2415/2146/513
f 2416/2145/449 2418/2147/449 2420/2147/449
f 2422/2149/43 2423/2150/43 2421/2150/43
f 2428/2151/42 2425/2152/42 2427/2152/42
f 2426/2151/45 2421/2150/45 2425/2152/45
f 2427/2152/513 2421/2150/513 2423/2150/513
f 2424/2149/449 2426/2151/449 2428/2151/449
f 2430/2153/43 2431/2154/43 2429/2154/43
f 2436/2155/42 2433/2156/42 2435/2156/42
f 2434/2155/45 2429/2154/45 2433/2156/45
f 2435/2156/513 2429/2154/513 2431/2154/513
f 2432/2153/449 2434/2155/449 2436/2155/449
s 65
f 1352/1185/1041 1356/1278/513 1425/1186/513
s 66
f 1354/1187/1043 1358/1187/449 1426/1188/449
s 67
f 1361/1189/1045 1362/1204/1058 1428/1190/1046
f 1381/1192/1048 1382/1193/1963 1369/1193/1049
f 1429/1194/1051 1373/1273/1129 1374/1195/1052
s 68
f 1431/1197/48 1377/1202/48 1378/1198/48
f 1433/1200/48 1382/1193/48 1381/1192/48
s 67
f 1366/1202/1054 1365/1198/1146 1378/1198/1055
f 1456/1203/1057 1428/1190/1046 1362/1204/1058
f 1359/1206/1060 1371/1269/1125 1430/1196/1053
f 1443/1207/1061 1351/1208/1964 1355/1208/1062
f 1366/1202/1054 1377/1202/1056 1381/1192/1048
f 1369/1193/1049 1382/1193/1963 1358/1187/1063
f 1429/1194/1051 1372/1268/1124 1349/1209/1065
s 68
f 1431/1197/48 1376/1271/48 1379/1211/48
s 69
f 1383/1212/45 1384/1283/45 1445/1213/45
s 68
f 1432/1199/48 1378/1198/48 1446/1207/48
f 1380/1216/48 1357/1274/48 1426/1188/48
s 65
f 1435/1217/1067 1388/1252/1136 1390/1218/1068
f 1390/1218/1068 1389/1262/1115 1437/1220/1070
s 66
f 1394/1221/1071 1396/1224/1074 1439/1222/1072
f 1396/1224/1074 1395/1257/1221 1440/1225/1075
s 67
f 1400/1226/1076 1402/1245/1095 1399/1227/1077
f 1399/1227/1077 1402/1245/1095 1401/1229/1079
f 1404/1231/1081 1406/1270/1126 1408/1232/1082
f 1408/1232/1082 1407/1272/1128 1403/1234/1084
f 1410/1235/1085 1412/1256/1109 1414/1236/1086
f 1411/1237/1087 1414/1236/1086 1413/1238/1088
f 1418/1240/1090 1420/1243/1093 1417/1241/1091
f 1420/1243/1093 1419/1249/1099 1415/1244/1094
f 1400/1226/1076 1410/1235/1085 1411/1237/1087
f 1402/1245/1095 1411/1237/1087 1409/1239/1089
f 1398/1228/1078 1399/1227/1077 1450/1246/1096
f 1450/1246/1096 1399/1227/1077 1397/1230/1080
f 1404/1231/1081 1405/1233/1083 1420/1243/1093
f 1405/1233/1083 1403/1234/1084 1419/1249/1099
f 1452/1250/1100 1389/1262/1144 1390/1218/1101
f 1453/1251/1102 1390/1218/1101 1388/1252/1103
f 1392/1254/1105 1393/1255/1106 1417/1241/1091
f 1393/1255/1106 1391/1267/1121 1416/1242/1092
f 1394/1221/1107 1413/1238/1088 1414/1236/1086
f 1396/1224/1108 1414/1236/1086 1412/1256/1109
f 1451/1248/1098 1397/1230/1080 1360/1258/1111
s 65
f 1435/1217/1067 1386/1277/1141 1347/1260/1113
f 1389/1262/1115 1352/1185/1041 1423/1186/1042
s 67
f 1385/1263/1116 1351/1208/1964 1443/1207/1061
f 1452/1250/1100 1406/1270/1126 1364/1264/1117
f 1388/1252/1103 1348/1275/1149 1442/1205/1059
s 66
f 1440/1225/1075 1395/1257/1221 1354/1187/1043
f 1438/1223/1073 1392/1254/1139 1350/1266/1119
s 67
f 1391/1267/1121 1353/1274/1965 1367/1216/1122
f 1415/1244/1094 1373/1273/1129 1350/1266/1123
f 1395/1257/1110 1412/1256/1109 1369/1193/1049
f 1413/1238/1088 1394/1221/1107 1349/1209/1065
f 1398/1228/1078 1365/1198/1146 1366/1202/1054
f 1359/1206/1060 1360/1258/1111 1397/1230/1080
f 1410/1235/1085 1400/1226/1076 1366/1202/1054
f 1401/1229/1079 1409/1239/1089 1371/1269/1125
f 1406/1270/1126 1404/1231/1081 1363/1271/1127
f 1418/1240/1090 1368/1211/1130 1363/1271/1127
f 1407/1272/1128 1362/1204/1058 1361/1189/1045
f 1403/1234/1084 1361/1189/1045 1374/1195/1052
f 1370/1192/1050 1369/1193/1049 1412/1256/1109
f 1372/1268/1124 1371/1269/1125 1409/1239/1089
f 1373/1273/1129 1415/1244/1094 1419/1249/1099
f 1416/1242/1092 1367/1216/1122 1368/1211/1130
s 66
f 1438/1223/1073 1422/1210/1120 1349/1209/1131
f 1391/1267/1132 1440/1225/1075 1424/1188/1044
s 65
f 1437/1220/1070 1423/1186/1042 1351/1208/1134
f 1388/1252/1136 1435/1217/1067 1421/1261/1114
s 66
f 1439/1222/1072 1440/1225/1075 1391/1267/1132
f 1438/1223/1073 1439/1222/1072 1393/1255/1138
s 65
f 1387/1276/1140 1436/1219/1069 1437/1220/1070
f 1386/1277/1141 1435/1217/1067 1436/1219/1069
s 68
f 1433/1200/48 1426/1188/48 1358/1187/48
f 1375/1264/48 1432/1199/48 1455/1215/48
f 1377/1202/48 1431/1197/48 1434/1201/48
s 67
f 1373/1273/1129 1429/1194/1051 1422/1210/1066
f 1427/1191/1047 1430/1196/1053 1374/1195/1052
f 1441/1259/1112 1360/1258/1111 1428/1190/1046
s 68
f 1380/1216/48 1433/1200/48 1434/1201/48
f 1376/1271/48 1431/1197/48 1432/1199/48
s 67
f 1429/1194/1051 1430/1196/1053 1371/1269/1125
f 1427/1191/1047 1428/1190/1046 1360/1258/1111
s 66
f 1424/1188/1044 1426/1188/449 1357/1274/449
s 65
f 1423/1186/1042 1425/1186/513 1355/1208/513
s 67
f 1347/1260/1142 1441/1259/1112 1456/1203/1057
s 68
f 1447/1265/48 1455/1215/48 1425/1186/48
s 67
f 1407/1272/1128 1454/1253/1104 1442/1205/1059
f 1389/1262/1144 1452/1250/1100 1444/1265/1118
f 1449/1247/1097 1443/1207/1061 1365/1198/1146
f 1386/1277/1147 1451/1248/1098 1441/1259/1112
f 1453/1251/1102 1454/1253/1104 1407/1272/1128
f 1406/1270/1126 1452/1250/1100 1453/1251/1102
f 1387/1276/1148 1450/1246/1096 1451/1248/1098
f 1449/1247/1097 1450/1246/1096 1387/1276/1148
s 68
f 1455/1215/48 1446/1207/48 1355/1208/48
s 67
f 1443/1207/1061 1446/1207/1062 1378/1198/1055
f 1421/1261/1143 1456/1203/1057 1442/1205/1059
s 65
f 1533/1279/513 1466/1369/513 1462/1280/1041
s 66
f 1534/1281/449 1468/1282/449 1464/1282/1043
s 70
f 1575/1214/449 1448/1214/449 1445/1213/449
s 71
f 1573/1283/513 1384/1283/513 1383/1212/513
s 72
f 1536/1284/1150 1472/1297/1163 1471/1285/1151
f 1479/1287/1153 1492/1287/1966 1491/1288/1154
f 1537/1289/1156 1538/1298/1164 1484/1290/1157
s 68
f 1539/1292/48 1540/1306/48 1488/1293/48
f 1541/1295/48 1542/1365/48 1491/1288/48
s 72
f 1488/1293/1159 1475/1293/1227 1476/1294/1160
f 1562/1296/1162 1550/1355/1219 1472/1297/1163
f 1538/1298/1164 1481/1360/1228 1469/1299/1165
f 1551/1300/1166 1553/1300/1167 1465/1301/1167
f 1491/1288/1154 1487/1294/1161 1476/1294/1160
s 73
f 1574/1212/43 1383/1212/43 1448/1214/43
s 72
f 1468/1282/1169 1492/1287/1966 1479/1287/1153
f 1537/1289/1156 1530/1366/1234 1459/1302/1171
s 68
f 1539/1292/48 1542/1365/48 1489/1304/48
f 1553/1300/48 1488/1293/48 1540/1306/48
f 1534/1281/48 1467/1368/48 1490/1308/48
s 65
f 1543/1309/1173 1544/1313/1177 1498/1310/1174
f 1545/1312/1176 1497/1345/1115 1498/1310/1174
s 66
f 1547/1314/1072 1504/1318/1074 1502/1315/1071
f 1548/1317/1075 1503/1357/1221 1504/1318/1074
s 72
f 1507/1319/1179 1510/1323/1183 1508/1320/1180
f 1507/1319/1179 1505/1342/1202 1509/1322/1182
f 1512/1324/1184 1513/1328/1188 1516/1325/1185
f 1511/1327/1187 1515/1361/1230 1516/1325/1185
f 1518/1329/1189 1519/1332/1192 1522/1330/1190
f 1519/1332/1192 1517/1339/1199 1521/1333/1193
f 1525/1334/1194 1528/1338/1198 1526/1335/1195
f 1523/1337/1197 1527/1343/1203 1528/1338/1198
f 1508/1320/1180 1510/1323/1183 1519/1332/1192
f 1510/1323/1183 1509/1322/1182 1517/1339/1199
f 1556/1340/1200 1507/1319/1179 1506/1321/1181
f 1556/1340/1200 1557/1349/1213 1505/1342/1202
f 1528/1338/1198 1513/1328/1188 1512/1324/1184
f 1527/1343/1203 1511/1327/1187 1513/1328/1188
f 1558/1344/1204 1559/1346/1207 1498/1310/1205
f 1559/1346/1207 1560/1356/1220 1496/1311/1208
f 1525/1334/1194 1501/1348/1210 1500/1347/1209
f 1524/1336/1196 1499/1359/1224 1501/1348/1210
f 1502/1315/1211 1504/1318/1212 1522/1330/1190
f 1504/1318/1212 1503/1357/1226 1520/1331/1191
f 1557/1349/1213 1549/1367/1235 1470/1350/1214
s 65
f 1543/1309/1173 1529/1362/1232 1457/1351/1215
f 1531/1279/1042 1462/1280/1041 1497/1345/1115
s 72
f 1551/1300/1166 1461/1301/1168 1493/1353/1217
f 1558/1344/1204 1552/1364/1237 1474/1354/1218
f 1550/1355/1219 1458/2253/1967 1496/1311/1208
s 66
f 1548/1317/1075 1532/1281/1044 1464/1282/1043
f 1546/1316/1178 1530/1366/1968 1460/1358/1222
s 72
f 1477/1308/1223 1463/1368/1969 1499/1359/1224
f 1523/1337/1197 1500/1347/1209 1460/1358/1225
f 1503/1357/1226 1464/1282/1170 1479/1287/1153
f 1459/1302/1171 1502/1315/1211 1521/1333/1193
f 1506/1321/1181 1508/1320/1180 1476/1294/1160
f 1505/1342/1202 1470/1350/1214 1469/1299/1165
f 1518/1329/1189 1480/1288/1155 1476/1294/1160
f 1481/1360/1228 1517/1339/1199 1509/1322/1182
f 1473/1305/1229 1512/1324/1184 1514/1326/1186
f 1473/1305/1229 1478/1304/1231 1526/1335/1195
f 1515/1361/1230 1511/1327/1187 1471/1285/1151
f 1511/1327/1187 1527/1343/1203 1484/1290/1157
f 1520/1331/1191 1479/1287/1153 1480/1288/1155
f 1517/1339/1199 1481/1360/1228 1482/1303/1172
f 1483/1291/1158 1484/1290/1157 1527/1343/1203
f 1524/1336/1196 1526/1335/1195 1478/1304/1231
s 66
f 1459/1302/1131 1530/1366/1968 1546/1316/1178
f 1499/1359/1132 1463/1368/1133 1532/1281/1044
s 65
f 1461/1301/1134 1531/1279/1042 1545/1312/1176
f 1496/1311/1175 1458/2253/1970 1529/1362/1232
s 66
f 1499/1359/1132 1548/1317/1075 1547/1314/1072
f 1501/1348/1138 1547/1314/1072 1546/1316/1178
s 65
f 1495/1363/1233 1493/1353/1135 1545/1312/1176
f 1494/1352/1216 1495/1363/1233 1544/1313/1177
s 68
f 1468/1282/48 1534/1281/48 1541/1295/48
f 1561/1307/48 1540/1306/48 1485/1354/48
f 1487/1294/48 1491/1288/48 1542/1365/48
s 72
f 1483/1291/1158 1460/1358/1225 1530/1366/1234
f 1484/1290/1157 1538/1298/1164 1535/1286/1152
f 1549/1367/1235 1562/1296/1162 1536/1284/1150
s 68
f 1490/1308/48 1489/1304/48 1542/1365/48
f 1486/1305/48 1485/1354/48 1540/1306/48
s 72
f 1481/1360/1228 1538/1298/1164 1537/1289/1156
f 1470/1350/1214 1536/1284/1150 1535/1286/1152
s 66
f 1467/1368/449 1534/1281/449 1532/1281/1044
s 65
f 1465/1301/513 1533/1279/513 1531/1279/1042
s 72
f 1457/1351/1236 1529/1362/1240 1562/1296/1162
s 68
f 1533/1279/48 1561/1307/48 1554/1364/48
s 72
f 1515/1361/1230 1472/1297/1163 1550/1355/1219
f 1497/1345/1206 1462/1280/1971 1552/1364/1237
f 1475/1293/1227 1551/1300/1166 1555/1341/1201
f 1494/1352/1238 1457/1351/1236 1549/1367/1235
f 1515/1361/1230 1560/1356/1220 1559/1346/1207
f 1514/1326/1186 1516/1325/1185 1559/1346/1207
f 1495/1363/1239 1494/1352/1238 1557/1349/1213
f 1495/1363/1239 1556/1340/1200 1555/1341/1201
s 68
f 1465/1301/48 1553/1300/48 1561/1307/48
s 72
f 1488/1293/1159 1553/1300/1167 1551/1300/1166
f 1529/1362/1240 1458/2253/1967 1550/1355/1219
s 65
f 1567/1370/513 1568/1371/513 1563/1371/513
s 66
f 1569/1372/449 1570/1373/449 1565/1373/449
s 68
f 1585/1374/48 1586/1387/48 1583/1375/48
f 1581/1377/48 1582/1386/48 1579/1378/48
s 74
f 1577/1380/45 1578/1385/45 1575/1214/45
f 1573/1283/45 1574/1212/45 1571/1381/45
f 1564/1370/45 1563/1371/45 1587/1383/45
s 75
f 1576/1213/42 1445/1213/42 1384/1283/42
s 74
f 1578/1385/45 1577/1380/45 1566/1372/45
s 68
f 1584/1376/48 1583/1375/48 1582/1386/48
f 1580/1379/48 1579/1378/48 1589/1383/48
f 1570/1373/48 1569/1372/48 1586/1387/48
s 74
f 1588/1384/45 1587/1383/45 1572/1382/45
s 68
f 1590/1384/48 1589/1383/48 1568/1371/48
s 65
f 1466/1369/513 1567/1370/513 1564/1370/513
f 1356/1278/513 1352/1185/1041 1563/1371/513
s 74
f 1444/1265/45 1587/1383/45 1563/1371/45
f 1564/1370/45 1588/1384/45 1552/1364/45
s 66
f 1565/1373/449 1570/1373/449 1467/1368/449
f 1357/1274/449 1569/1372/449 1566/1372/449
s 74
f 1353/1274/45 1566/1372/45 1577/1380/45
f 1578/1385/45 1565/1373/45 1463/1368/45
s 68
f 1356/1278/48 1568/1371/48 1589/1383/48
f 1590/1384/48 1567/1370/48 1466/1369/48
f 1357/1274/48 1380/1216/48 1586/1387/48
f 1467/1368/48 1570/1373/48 1585/1374/48
s 74
f 1474/1354/45 1571/1381/45 1574/1212/45
f 1573/1283/45 1572/1382/45 1364/1264/45
f 1444/1265/45 1364/1264/45 1572/1382/45
f 1552/1364/45 1588/1384/45 1571/1381/45
f 1363/1271/45 1368/1211/45 1576/1213/45
f 1473/1305/45 1574/1212/45 1575/1214/45
f 1575/1214/45 1578/1385/45 1477/1308/45
f 1576/1213/45 1368/1211/45 1367/1216/45
s 68
f 1447/1265/48 1589/1383/48 1579/1378/48
f 1375/1264/48 1579/1378/48 1582/1386/48
f 1580/1379/48 1590/1384/48 1554/1364/48
f 1485/1354/48 1486/1305/48 1581/1377/48
f 1376/1271/48 1582/1386/48 1583/1375/48
f 1584/1376/48 1581/1377/48 1486/1305/48
f 1585/1374/48 1584/1376/48 1489/1304/48
f 1586/1387/48 1380/1216/48 1379/1211/48
s 85
f 1603/1399/1241 1615/1423/1245 1626/1400/1242
f 1604/1402/1244 1616/1406/1247 1615/1403/1245
f 1605/1405/1246 1617/1408/1249 1616/1406/1247
f 1606/1407/1248 1618/1427/1267 1617/1408/1249
f 1619/1409/1250 1618/1427/1267 1606/1407/1248
f 1620/1411/1252 1619/1409/1250 1607/1410/1251
f 1621/1413/1254 1620/1411/1252 1608/1412/1253
f 1622/1415/1256 1621/1413/1254 1609/1414/1255
f 1623/1417/1258 1622/1415/1256 1610/1416/1257
f 1624/1419/1260 1623/1417/1258 1611/1418/1259
f 1613/1421/1262 1625/1422/1263 1624/1419/1260
f 1614/1401/1243 1626/1400/1242 1625/1422/1263
f 1615/1423/1245 1627/1436/1265 1638/1424/1264
f 1616/1406/1247 1628/1426/1266 1627/1425/1265
f 1617/1408/1249 1629/1428/1268 1628/1426/1266
f 1618/1427/1267 1630/1440/1279 1629/1428/1268
f 1631/1429/1269 1630/1440/1279 1618/1427/1267
f 1632/1430/1270 1631/1429/1269 1619/1409/1250
f 1633/1431/1271 1632/1430/1270 1620/1411/1252
f 1634/1432/1272 1633/1431/1271 1621/1413/1254
f 1635/1433/1273 1634/1432/1272 1622/1415/1256
f 1636/1434/1274 1635/1433/1273 1623/1417/1258
f 1625/1422/1263 1637/1435/1275 1636/1434/1274
f 1626/1400/1242 1638/1424/1264 1637/1435/1275
f 1627/1436/1265 1639/1450/1277 1650/1437/1276
f 1628/1426/1266 1640/1439/1278 1639/1438/1277
f 1629/1428/1268 1641/1441/1280 1640/1439/1278
f 1630/1440/1279 1642/1454/1292 1641/1441/1280
f 1643/1442/1281 1642/1454/1292 1630/1440/1279
f 1644/1443/1282 1643/1442/1281 1631/1429/1269
f 1645/1444/1283 1644/1443/1282 1632/1430/1270
f 1646/1445/1284 1645/1444/1283 1633/1431/1271
f 1647/1446/1285 1646/1445/1284 1634/1432/1272
f 1648/1447/1286 1647/1446/1285 1635/1433/1273
f 1637/1435/1275 1649/1448/1287 1648/1447/1286
f 1638/1424/1264 1650/1437/1276 1649/1448/1287
f 1651/1449/1288 1662/1461/1299 1650/1437/1276
f 1652/1451/1289 1651/1464/1288 1639/1438/1277
f 1653/1452/1290 1652/1451/1289 1640/1439/1278
f 1654/1453/1291 1653/1452/1290 1641/1441/1280
f 1643/1442/1281 1655/1455/1293 1654/1453/1291
f 1644/1443/1282 1656/1456/1294 1655/1455/1293
f 1645/1444/1283 1657/1457/1295 1656/1456/1294
f 1646/1445/1284 1658/1458/1296 1657/1457/1295
f 1647/1446/1285 1659/1459/1297 1658/1458/1296
f 1648/1447/1286 1660/1471/1308 1659/1459/1297
f 1661/1460/1298 1660/1471/1308 1648/1447/1286
f 1662/1461/1299 1661/1460/1298 1649/1448/1287
f 1663/1462/1300 1674/1474/1311 1662/1461/1299
f 1664/1463/1301 1663/1477/1300 1651/1464/1288
f 1665/1465/1302 1664/1463/1301 1652/1451/1289
f 1666/1466/1303 1665/1465/1302 1653/1452/1290
f 1655/1455/1293 1667/1467/1304 1666/1466/1303
f 1656/1456/1294 1668/1468/1305 1667/1467/1304
f 1657/1457/1295 1669/1469/1306 1668/1468/1305
f 1658/1458/1296 1670/1470/1307 1669/1469/1306
f 1659/1459/1297 1671/1472/1309 1670/1470/1307
f 1660/1471/1308 1672/1484/1320 1671/1472/1309
f 1673/1473/1310 1672/1484/1320 1660/1471/1308
f 1674/1474/1311 1673/1473/1310 1661/1460/1298
f 1675/1475/1312 1686/1487/1323 1674/1474/1311
f 1676/1476/1313 1675/1490/1312 1663/1477/1300
f 1677/1478/1314 1676/1476/1313 1664/1463/1301
f 1678/1479/1315 1677/1478/1314 1665/1465/1302
f 1667/1467/1304 1679/1480/1316 1678/1479/1315
f 1668/1468/1305 1680/1481/1317 1679/1480/1316
f 1669/1469/1306 1681/1482/1318 1680/1481/1317
f 1670/1470/1307 1682/1483/1319 1681/1482/1318
f 1671/1472/1309 1683/1485/1321 1682/1483/1319
f 1672/1484/1320 1684/1497/1332 1683/1485/1321
f 1685/1486/1322 1684/1497/1332 1672/1484/1320
f 1686/1487/1323 1685/1486/1322 1673/1473/1310
f 1687/1488/1324 1698/1500/1335 1686/1487/1323
f 1688/1489/1325 1687/1503/1324 1675/1490/1312
f 1689/1491/1326 1688/1489/1325 1676/1476/1313
f 1690/1492/1327 1689/1491/1326 1677/1478/1314
f 1679/1480/1316 1691/1493/1328 1690/1492/1327
f 1680/1481/1317 1692/1494/1329 1691/1493/1328
f 1681/1482/1318 1693/1495/1330 1692/1494/1329
f 1682/1483/1319 1694/1496/1331 1693/1495/1330
f 1683/1485/1321 1695/1498/1333 1694/1496/1331
f 1684/1497/1332 1696/1510/1344 1695/1498/1333
f 1697/1499/1334 1696/1510/1344 1684/1497/1332
f 1698/1500/1335 1697/1499/1334 1685/1486/1322
f 1699/1501/1336 1710/1513/1347 1698/1500/1335
f 1700/1502/1337 1699/1516/1336 1687/1503/1324
f 1701/1504/1338 1700/1502/1337 1688/1489/1325
f 1702/1505/1339 1701/1504/1338 1689/1491/1326
f 1691/1493/1328 1703/1506/1340 1702/1505/1339
f 1692/1494/1329 1704/1507/1341 1703/1506/1340
f 1693/1495/1330 1705/1508/1342 1704/1507/1341
f 1694/1496/1331 1706/1509/1343 1705/1508/1342
f 1695/1498/1333 1707/1511/1345 1706/1509/1343
f 1696/1510/1344 1708/1523/1356 1707/1511/1345
f 1709/1512/1346 1708/1523/1356 1696/1510/1344
f 1710/1513/1347 1709/1512/1346 1697/1499/1334
f 1711/1514/1348 1722/1526/1359 1710/1513/1347
f 1712/1515/1349 1711/1529/1348 1699/1516/1336
f 1713/1517/1350 1712/1515/1349 1700/1502/1337
f 1714/1518/1351 1713/1517/1350 1701/1504/1338
f 1703/1506/1340 1715/1519/1352 1714/1518/1351
f 1704/1507/1341 1716/1520/1353 1715/1519/1352
f 1705/1508/1342 1717/1521/1354 1716/1520/1353
f 1706/1509/1343 1718/1522/1355 1717/1521/1354
f 1707/1511/1345 1719/1524/1357 1718/1522/1355
f 1708/1523/1356 1720/1536/1368 1719/1524/1357
f 1721/1525/1358 1720/1536/1368 1708/1523/1356
f 1722/1526/1359 1721/1525/1358 1709/1512/1346
f 1723/1527/1360 1734/1539/1371 1722/1526/1359
f 1724/1528/1361 1723/1542/1360 1711/1529/1348
f 1725/1530/1362 1724/1528/1361 1712/1515/1349
f 1726/1531/1363 1725/1530/1362 1713/1517/1350
f 1715/1519/1352 1727/1532/1364 1726/1531/1363
f 1716/1520/1353 1728/1533/1365 1727/1532/1364
f 1717/1521/1354 1729/1534/1366 1728/1533/1365
f 1718/1522/1355 1730/1535/1367 1729/1534/1366
f 1719/1524/1357 1731/1537/1369 1730/1535/1367
f 1720/1536/1368 1732/1549/1380 1731/1537/1369
f 1733/1538/1370 1732/1549/1380 1720/1536/1368
f 1734/1539/1371 1733/1538/1370 1721/1525/1358
f 1735/1540/1372 1746/1552/1383 1734/1539/1371
f 1736/1541/1373 1735/1555/1372 1723/1542/1360
f 1737/1543/1374 1736/1541/1373 1724/1528/1361
f 1738/1544/1375 1737/1543/1374 1725/1530/1362
f 1739/1545/1376 1738/1544/1375 1726/1531/1363
f 1728/1533/1365 1740/1546/1377 1739/1545/1376
f 1729/1534/1366 1741/1547/1378 1740/1546/1377
f 1730/1535/1367 1742/1548/1379 1741/1547/1378
f 1731/1537/1369 1743/1550/1381 1742/1548/1379
f 1732/1549/1380 1744/1551/1382 1743/1550/1381
f 1733/1538/1370 1745/1563/1393 1744/1551/1382
f 1746/1552/1383 1745/1563/1393 1733/1538/1370
f 1747/1553/1384 1758/1565/1395 1746/1552/1383
f 1748/1554/1385 1747/1568/1384 1735/1555/1372
f 1749/1556/1386 1748/1554/1385 1736/1541/1373
f 1750/1557/1387 1749/1556/1386 1737/1543/1374
f 1751/1558/1388 1750/1557/1387 1738/1544/1375
f 1740/1546/1377 1752/1559/1389 1751/1558/1388
f 1741/1547/1378 1753/1560/1390 1752/1559/1389
f 1742/1548/1379 1754/1561/1391 1753/1560/1390
f 1743/1550/1381 1755/1562/1392 1754/1561/1391
f 1744/1551/1382 1756/1564/1394 1755/1562/1392
f 1745/1563/1393 1757/1576/1405 1756/1564/1394
f 1758/1565/1395 1757/1576/1405 1745/1563/1393
f 1759/1566/1396 1770/1578/1407 1758/1565/1395
f 1760/1567/1397 1759/1581/1396 1747/1568/1384
f 1761/1569/1398 1760/1567/1397 1748/1554/1385
f 1762/1570/1399 1761/1569/1398 1749/1556/1386
f 1763/1571/1400 1762/1570/1399 1750/1557/1387
f 1752/1559/1389 1764/1572/1401 1763/1571/1400
f 1753/1560/1390 1765/1573/1402 1764/1572/1401
f 1754/1561/1391 1766/1574/1403 1765/1573/1402
f 1755/1562/1392 1767/1575/1404 1766/1574/1403
f 1756/1564/1394 1768/1577/1406 1767/1575/1404
f 1757/1576/1405 1769/1589/1417 1768/1577/1406
f 1770/1578/1407 1769/1589/1417 1757/1576/1405
f 1771/1579/1408 1782/1591/1419 1770/1578/1407
f 1772/1580/1409 1771/1594/1408 1759/1581/1396
f 1773/1582/1410 1772/1580/1409 1760/1567/1397
f 1774/1583/1411 1773/1582/1410 1761/1569/1398
f 1775/1584/1412 1774/1583/1411 1762/1570/1399
f 1764/1572/1401 1776/1585/1413 1775/1584/1412
f 1765/1573/1402 1777/1586/1414 1776/1585/1413
f 1766/1574/1403 1778/1587/1415 1777/1586/1414
f 1767/1575/1404 1779/1588/1416 1778/1587/1415
f 1768/1577/1406 1780/1590/1418 1779/1588/1416
f 1769/1589/1417 1781/1602/1429 1780/1590/1418
f 1782/1591/1419 1781/1602/1429 1769/1589/1417
f 1783/1592/1420 1794/1604/1431 1782/1591/1419
f 1784/1593/1421 1783/1607/1420 1771/1594/1408
f 1785/1595/1422 1784/1593/1421 1772/1580/1409
f 1786/1596/1423 1785/1595/1422 1773/1582/1410
f 1787/1597/1424 1786/1596/1423 1774/1583/1411
f 1776/1585/1413 1788/1598/1425 1787/1597/1424
f 1777/1586/1414 1789/1599/1426 1788/1598/1425
f 1778/1587/1415 1790/1600/1427 1789/1599/1426
f 1779/1588/1416 1791/1601/1428 1790/1600/1427
f 1780/1590/1418 1792/1603/1430 1791/1601/1428
f 1781/1602/1429 1793/1615/1441 1792/1603/1430
f 1794/1604/1431 1793/1615/1441 1781/1602/1429
f 1795/1605/1432 1806/1617/1443 1794/1604/1431
f 1796/1606/1433 1795/1620/1432 1783/1607/1420
f 1797/1608/1434 1796/1606/1433 1784/1593/1421
f 1798/1609/1435 1797/1608/1434 1785/1595/1422
f 1799/1610/1436 1798/1609/1435 1786/1596/1423
f 1788/1598/1425 1800/1611/1437 1799/1610/1436
f 1789/1599/1426 1801/1612/1438 1800/1611/1437
f 1790/1600/1427 1802/1613/1439 1801/1612/1438
f 1791/1601/1428 1803/1614/1440 1802/1613/1439
f 1792/1603/1430 1804/1616/1442 1803/1614/1440
f 1793/1615/1441 1805/1628/1453 1804/1616/1442
f 1806/1617/1443 1805/1628/1453 1793/1615/1441
f 1807/1618/1444 1818/1630/1455 1806/1617/1443
f 1808/1619/1445 1807/1633/1444 1795/1620/1432
f 1809/1621/1446 1808/1619/1445 1796/1606/1433
f 1810/1622/1447 1809/1621/1446 1797/1608/1434
f 1811/1623/1448 1810/1622/1447 1798/1609/1435
f 1800/1611/1437 1812/1624/1449 1811/1623/1448
f 1801/1612/1438 1813/1625/1450 1812/1624/1449
f 1802/1613/1439 1814/1626/1451 1813/1625/1450
f 1803/1614/1440 1815/1627/1452 1814/1626/1451
f 1804/1616/1442 1816/1629/1454 1815/1627/1452
f 1805/1628/1453 1817/1641/1465 1816/1629/1454
f 1818/1630/1455 1817/1641/1465 1805/1628/1453
f 1819/1631/1456 1830/1643/1467 1818/1630/1455
f 1820/1632/1457 1819/1646/1456 1807/1633/1444
f 1821/1634/1458 1820/1632/1457 1808/1619/1445
f 1822/1635/1459 1821/1634/1458 1809/1621/1446
f 1823/1636/1460 1822/1635/1459 1810/1622/1447
f 1812/1624/1449 1824/1637/1461 1823/1636/1460
f 1813/1625/1450 1825/1638/1462 1824/1637/1461
f 1814/1626/1451 1826/1639/1463 1825/1638/1462
f 1815/1627/1452 1827/1640/1464 1826/1639/1463
f 1816/1629/1454 1828/1642/1466 1827/1640/1464
f 1817/1641/1465 1829/1654/1477 1828/1642/1466
f 1830/1643/1467 1829/1654/1477 1817/1641/1465
f 1831/1644/1468 1842/1656/1479 1830/1643/1467
f 1832/1645/1469 1831/1659/1468 1819/1646/1456
f 1833/1647/1470 1832/1645/1469 1820/1632/1457
f 1834/1648/1471 1833/1647/1470 1821/1634/1458
f 1835/1649/1472 1834/1648/1471 1822/1635/1459
f 1824/1637/1461 1836/1650/1473 1835/1649/1472
f 1825/1638/1462 1837/1651/1474 1836/1650/1473
f 1826/1639/1463 1838/1652/1475 1837/1651/1474
f 1827/1640/1464 1839/1653/1476 1838/1652/1475
f 1828/1642/1466 1840/1655/1478 1839/1653/1476
f 1829/1654/1477 1841/1667/1489 1840/1655/1478
f 1842/1656/1479 1841/1667/1489 1829/1654/1477
f 1843/1657/1480 1854/1669/1491 1842/1656/1479
f 1844/1658/1481 1843/1672/1480 1831/1659/1468
f 1845/1660/1482 1844/1658/1481 1832/1645/1469
f 1846/1661/1483 1845/1660/1482 1833/1647/1470
f 1847/1662/1484 1846/1661/1483 1834/1648/1471
f 1836/1650/1473 1848/1663/1485 1847/1662/1484
f 1837/1651/1474 1849/1664/1486 1848/1663/1485
f 1838/1652/1475 1850/1665/1487 1849/1664/1486
f 1839/1653/1476 1851/1666/1488 1850/1665/1487
f 1840/1655/1478 1852/1668/1490 1851/1666/1488
f 1841/1667/1489 1853/1680/1501 1852/1668/1490
f 1854/1669/1491 1853/1680/1501 1841/1667/1489
f 1855/1670/1492 1866/1682/1503 1854/1669/1491
f 1856/1671/1493 1855/1685/1492 1843/1672/1480
f 1857/1673/1494 1856/1671/1493 1844/1658/1481
f 1858/1674/1495 1857/1673/1494 1845/1660/1482
f 1859/1675/1496 1858/1674/1495 1846/1661/1483
f 1848/1663/1485 1860/1676/1497 1859/1675/1496
f 1849/1664/1486 1861/1677/1498 1860/1676/1497
f 1850/1665/1487 1862/1678/1499 1861/1677/1498
f 1851/1666/1488 1863/1679/1500 1862/1678/1499
f 1852/1668/1490 1864/1681/1502 1863/1679/1500
f 1853/1680/1501 1865/1693/1513 1864/1681/1502
f 1866/1682/1503 1865/1693/1513 1853/1680/1501
f 1867/1683/1504 1878/1695/1515 1866/1682/1503
f 1868/1684/1505 1867/1698/1504 1855/1685/1492
f 1869/1686/1506 1868/1684/1505 1856/1671/1493
f 1870/1687/1507 1869/1686/1506 1857/1673/1494
f 1871/1688/1508 1870/1687/1507 1858/1674/1495
f 1860/1676/1497 1872/1689/1509 1871/1688/1508
f 1861/1677/1498 1873/1690/1510 1872/1689/1509
f 1862/1678/1499 1874/1691/1511 1873/1690/1510
f 1863/1679/1500 1875/1692/1512 1874/1691/1511
f 1864/1681/1502 1876/1694/1514 1875/1692/1512
f 1865/1693/1513 1877/1706/1525 1876/1694/1514
f 1878/1695/1515 1877/1706/1525 1865/1693/1513
f 1879/1696/1516 1890/1708/1527 1878/1695/1515
f 1880/1697/1517 1879/1711/1516 1867/1698/1504
f 1881/1699/1518 1880/1697/1517 1868/1684/1505
f 1882/1700/1519 1881/1699/1518 1869/1686/1506
f 1883/1701/1520 1882/1700/1519 1870/1687/1507
f 1872/1689/1509 1884/1702/1521 1883/1701/1520
f 1873/1690/1510 1885/1703/1522 1884/1702/1521
f 1874/1691/1511 1886/1704/1523 1885/1703/1522
f 1875/1692/1512 1887/1705/1524 1886/1704/1523
f 1876/1694/1514 1888/1707/1526 1887/1705/1524
f 1877/1706/1525 1889/1721/1539 1888/1707/1526
f 1890/1708/1527 1889/1721/1539 1877/1706/1525
f 1879/1696/1516 1891/1722/1529 1902/1709/1528
f 1880/1697/1517 1892/1712/1530 1891/1710/1529
f 1881/1699/1518 1893/1713/1531 1892/1712/1530
f 1882/1700/1519 1894/1714/1532 1893/1713/1531
f 1883/1701/1520 1895/1727/1544 1894/1714/1532
f 1896/1715/1533 1895/1727/1544 1883/1701/1520
f 1897/1716/1534 1896/1715/1533 1884/1702/1521
f 1898/1717/1535 1897/1716/1534 1885/1703/1522
f 1899/1718/1536 1898/1717/1535 1886/1704/1523
f 1900/1719/1537 1899/1718/1536 1887/1705/1524
f 1901/1720/1538 1900/1719/1537 1888/1707/1526
f 1890/1708/1527 1902/1709/1528 1901/1720/1538
f 1891/1722/1529 1903/1735/1541 1914/1723/1540
f 1892/1712/1530 1904/1725/1542 1903/1724/1541
f 1893/1713/1531 1905/1726/1543 1904/1725/1542
f 1894/1714/1532 1906/1728/1545 1905/1726/1543
f 1895/1727/1544 1907/1741/1557 1906/1728/1545
f 1908/1729/1546 1907/1741/1557 1895/1727/1544
f 1909/1730/1547 1908/1729/1546 1896/1715/1533
f 1910/1731/1548 1909/1730/1547 1897/1716/1534
f 1911/1732/1549 1910/1731/1548 1898/1717/1535
f 1912/1733/1550 1911/1732/1549 1899/1718/1536
f 1913/1734/1551 1912/1733/1550 1900/1719/1537
f 1902/1709/1528 1914/1723/1540 1913/1734/1551
f 1903/1735/1541 1915/1749/1565 1926/1736/1552
f 1916/1737/1553 1915/1751/1565 1903/1724/1541
f 1917/1738/1554 1916/1737/1553 1904/1725/1542
f 1918/1739/1555 1917/1738/1554 1905/1726/1543
f 1919/1740/1556 1918/1739/1555 1906/1728/1545
f 1920/1742/1558 1919/1740/1556 1907/1741/1557
f 1921/1743/1559 1920/1742/1558 1908/1729/1546
f 1910/1731/1548 1922/1744/1560 1921/1743/1559
f 1911/1732/1549 1923/1745/1561 1922/1744/1560
f 1912/1733/1550 1924/1746/1562 1923/1745/1561
f 1913/1734/1551 1925/1747/1563 1924/1746/1562
f 1914/1723/1540 1926/1736/1552 1925/1747/1563
f 1927/1748/1564 1938/1762/1577 1926/1736/1552
f 1928/1750/1566 1927/1764/1564 1915/1751/1565
f 1929/1752/1567 1928/1750/1566 1916/1737/1553
f 1930/1753/1568 1929/1752/1567 1917/1738/1554
f 1931/1754/1569 1930/1753/1568 1918/1739/1555
f 1932/1755/1570 1931/1754/1569 1919/1740/1556
f 1921/1743/1559 1933/1756/1571 1932/1755/1570
f 1922/1744/1560 1934/1757/1572 1933/1756/1571
f 1923/1745/1561 1935/1758/1573 1934/1757/1572
f 1924/1746/1562 1936/1759/1574 1935/1758/1573
f 1925/1747/1563 1937/1760/1575 1936/1759/1574
f 1926/1736/1552 1938/1762/1577 1937/1760/1575
f 1939/1761/1576 1950/1775/1589 1938/1762/1577
f 1940/1763/1578 1939/1777/1576 1927/1764/1564
f 1941/1765/1579 1940/1763/1578 1928/1750/1566
f 1942/1766/1580 1941/1765/1579 1929/1752/1567
f 1943/1767/1581 1942/1766/1580 1930/1753/1568
f 1944/1768/1582 1943/1767/1581 1931/1754/1569
f 1933/1756/1571 1945/1769/1583 1944/1768/1582
f 1934/1757/1572 1946/1770/1584 1945/1769/1583
f 1935/1758/1573 1947/1771/1585 1946/1770/1584
f 1936/1759/1574 1948/1772/1586 1947/1771/1585
f 1937/1760/1575 1949/1773/1587 1948/1772/1586
f 1938/1762/1577 1950/1775/1589 1949/1773/1587
f 1939/1761/1576 1951/1787/1600 1962/1774/1588
f 1952/1776/1590 1951/1790/1600 1939/1777/1576
f 1953/1778/1591 1952/1776/1590 1940/1763/1578
f 1954/1779/1592 1953/1778/1591 1941/1765/1579
f 1955/1780/1593 1954/1779/1592 1942/1766/1580
f 1956/1781/1594 1955/1780/1593 1943/1767/1581
f 1957/1782/1595 1956/1781/1594 1944/1768/1582
f 1946/1770/1584 1958/1783/1596 1957/1782/1595
f 1947/1771/1585 1959/1784/1597 1958/1783/1596
f 1948/1772/1586 1960/1785/1598 1959/1784/1597
f 1949/1773/1587 1961/1786/1599 1960/1785/1598
f 1950/1775/1589 1962/1774/1588 1961/1786/1599
f 1951/1787/1600 1963/1800/1602 1974/1788/1601
f 1952/1776/1590 1964/1791/1603 1963/1789/1602
f 1953/1778/1591 1965/1792/1604 1964/1791/1603
f 1954/1779/1592 1966/1793/1605 1965/1792/1604
f 1955/1780/1593 1967/1805/1616 1966/1793/1605
f 1968/1794/1606 1967/1805/1616 1955/1780/1593
f 1969/1795/1607 1968/1794/1606 1956/1781/1594
f 1970/1796/1608 1969/1795/1607 1957/1782/1595
f 1971/1797/1609 1970/1796/1608 1958/1783/1596
f 1972/1798/1610 1971/1797/1609 1959/1784/1597
f 1973/1799/1611 1972/1798/1610 1960/1785/1598
f 1962/1774/1588 1974/1788/1601 1973/1799/1611
f 1963/1800/1602 1975/1813/1613 1986/1801/1612
f 1964/1791/1603 1976/1803/1614 1975/1802/1613
f 1965/1792/1604 1977/1804/1615 1976/1803/1614
f 1966/1793/1605 1978/1806/1617 1977/1804/1615
f 1967/1805/1616 1979/1818/1628 1978/1806/1617
f 1980/1807/1618 1979/1818/1628 1967/1805/1616
f 1981/1808/1619 1980/1807/1618 1968/1794/1606
f 1982/1809/1620 1981/1808/1619 1969/1795/1607
f 1983/1810/1621 1982/1809/1620 1970/1796/1608
f 1984/1811/1622 1983/1810/1621 1971/1797/1609
f 1985/1812/1623 1984/1811/1622 1972/1798/1610
f 1974/1788/1601 1986/1801/1612 1985/1812/1623
f 1975/1813/1613 1987/1826/1625 1998/1814/1624
f 1976/1803/1614 1988/1816/1626 1987/1815/1625
f 1977/1804/1615 1989/1817/1627 1988/1816/1626
f 1978/1806/1617 1990/1819/1629 1989/1817/1627
f 1979/1818/1628 1991/1831/1640 1990/1819/1629
f 1992/1820/1630 1991/1831/1640 1979/1818/1628
f 1993/1821/1631 1992/1820/1630 1980/1807/1618
f 1994/1822/1632 1993/1821/1631 1981/1808/1619
f 1995/1823/1633 1994/1822/1632 1982/1809/1620
f 1996/1824/1634 1995/1823/1633 1983/1810/1621
f 1997/1825/1635 1996/1824/1634 1984/1811/1622
f 1986/1801/1612 1998/1814/1624 1997/1825/1635
f 1987/1826/1625 1999/1839/1637 2010/1827/1636
f 1988/1816/1626 2000/1829/1638 1999/1828/1637
f 1989/1817/1627 2001/1830/1639 2000/1829/1638
f 1990/1819/1629 2002/1832/1641 2001/1830/1639
f 1991/1831/1640 2003/1844/1652 2002/1832/1641
f 2004/1833/1642 2003/1844/1652 1991/1831/1640
f 2005/1834/1643 2004/1833/1642 1992/1820/1630
f 2006/1835/1644 2005/1834/1643 1993/1821/1631
f 2007/1836/1645 2006/1835/1644 1994/1822/1632
f 2008/1837/1646 2007/1836/1645 1995/1823/1633
f 2009/1838/1647 2008/1837/1646 1996/1824/1634
f 1998/1814/1624 2010/1827/1636 2009/1838/1647
f 1999/1839/1637 2011/1852/1649 2022/1840/1648
f 2000/1829/1638 2012/1842/1650 2011/1841/1649
f 2001/1830/1639 2013/1843/1651 2012/1842/1650
f 2002/1832/1641 2014/1845/1653 2013/1843/1651
f 2003/1844/1652 2015/1857/1664 2014/1845/1653
f 2016/1846/1654 2015/1857/1664 2003/1844/1652
f 2017/1847/1655 2016/1846/1654 2004/1833/1642
f 2018/1848/1656 2017/1847/1655 2005/1834/1643
f 2019/1849/1657 2018/1848/1656 2006/1835/1644
f 2020/1850/1658 2019/1849/1657 2007/1836/1645
f 2021/1851/1659 2020/1850/1658 2008/1837/1646
f 2010/1827/1636 2022/1840/1648 2021/1851/1659
f 2011/1852/1649 2023/1865/1661 2034/1853/1660
f 2012/1842/1650 2024/1855/1662 2023/1854/1661
f 2013/1843/1651 2025/1856/1663 2024/1855/1662
f 2014/1845/1653 2026/1858/1665 2025/1856/1663
f 2015/1857/1664 2027/1870/1676 2026/1858/1665
f 2028/1859/1666 2027/1870/1676 2015/1857/1664
f 2029/1860/1667 2028/1859/1666 2016/1846/1654
f 2030/1861/1668 2029/1860/1667 2017/1847/1655
f 2031/1862/1669 2030/1861/1668 2018/1848/1656
f 2032/1863/1670 2031/1862/1669 2019/1849/1657
f 2033/1864/1671 2032/1863/1670 2020/1850/1658
f 2022/1840/1648 2034/1853/1660 2033/1864/1671
f 2023/1865/1661 2035/1879/1673 2046/1866/1672
f 2024/1855/1662 2036/1868/1674 2035/1867/1673
f 2025/1856/1663 2037/1869/1675 2036/1868/1674
f 2026/1858/1665 2038/1871/1677 2037/1869/1675
f 2027/1870/1676 2039/1872/1678 2038/1871/1677
f 2028/1859/1666 2040/1884/1688 2039/1872/1678
f 2041/1873/1679 2040/1884/1688 2028/1859/1666
f 2042/1874/1680 2041/1873/1679 2029/1860/1667
f 2043/1875/1681 2042/1874/1680 2030/1861/1668
f 2044/1876/1682 2043/1875/1681 2031/1862/1669
f 2045/1877/1683 2044/1876/1682 2032/1863/1670
f 2046/1866/1672 2045/1877/1683 2033/1864/1671
f 2047/1878/1684 2058/1891/1695 2046/1866/1672
f 2036/1868/1674 2048/1881/1685 2047/1880/1684
f 2037/1869/1675 2049/1882/1686 2048/1881/1685
f 2038/1871/1677 2050/1883/1687 2049/1882/1686
f 2039/1872/1678 2051/1885/1689 2050/1883/1687
f 2040/1884/1688 2052/1886/1690 2051/1885/1689
f 2041/1873/1679 2053/1899/1703 2052/1886/1690
f 2054/1887/1691 2053/1899/1703 2041/1873/1679
f 2055/1888/1692 2054/1887/1691 2042/1874/1680
f 2056/1889/1693 2055/1888/1692 2043/1875/1681
f 2057/1890/1694 2056/1889/1693 2044/1876/1682
f 2058/1891/1695 2057/1890/1694 2045/1877/1683
f 2047/1878/1684 2059/1904/1697 2070/1892/1696
f 2048/1881/1685 2060/1894/1698 2059/1893/1697
f 2049/1882/1686 2061/1895/1699 2060/1894/1698
f 2050/1883/1687 2062/1896/1700 2061/1895/1699
f 2051/1885/1689 2063/1897/1701 2062/1896/1700
f 2052/1886/1690 2064/1911/1714 2063/1897/1701
f 2065/1898/1702 2064/1911/1714 2052/1886/1690
f 2066/1900/1704 2065/1898/1702 2053/1899/1703
f 2067/1901/1705 2066/1900/1704 2054/1887/1691
f 2068/1902/1706 2067/1901/1705 2055/1888/1692
f 2069/1903/1707 2068/1902/1706 2056/1889/1693
f 2070/1892/1696 2069/1903/1707 2057/1890/1694
f 2059/1904/1697 2071/1917/1709 2082/1905/1708
f 2060/1894/1698 2072/1907/1710 2071/1906/1709
f 2061/1895/1699 2073/1908/1711 2072/1907/1710
f 2062/1896/1700 2074/1909/1712 2073/1908/1711
f 2063/1897/1701 2075/1922/1724 2074/1909/1712
f 2076/1910/1713 2075/1922/1724 2063/1897/1701
f 2077/1912/1715 2076/1910/1713 2064/1911/1714
f 2078/1913/1716 2077/1912/1715 2065/1898/1702
f 2079/1914/1717 2078/1913/1716 2066/1900/1704
f 2080/1915/1718 2079/1914/1717 2067/1901/1705
f 2081/1916/1719 2080/1915/1718 2068/1902/1706
f 2070/1892/1696 2082/1905/1708 2081/1916/1719
f 2071/1917/1709 2083/1930/1721 2094/1918/1720
f 2072/1907/1710 2084/1920/1722 2083/1919/1721
f 2073/1908/1711 2085/1921/1723 2084/1920/1722
f 2074/1909/1712 2086/1923/1725 2085/1921/1723
f 2075/1922/1724 2087/1935/1736 2086/1923/1725
f 2088/1924/1726 2087/1935/1736 2075/1922/1724
f 2089/1925/1727 2088/1924/1726 2076/1910/1713
f 2090/1926/1728 2089/1925/1727 2077/1912/1715
f 2091/1927/1729 2090/1926/1728 2078/1913/1716
f 2092/1928/1730 2091/1927/1729 2079/1914/1717
f 2093/1929/1731 2092/1928/1730 2080/1915/1718
f 2082/1905/1708 2094/1918/1720 2093/1929/1731
f 2083/1930/1721 2095/1943/1733 2106/1931/1732
f 2084/1920/1722 2096/1933/1734 2095/1932/1733
f 2085/1921/1723 2097/1934/1735 2096/1933/1734
f 2086/1923/1725 2098/1936/1737 2097/1934/1735
f 2087/1935/1736 2099/1948/1748 2098/1936/1737
f 2100/1937/1738 2099/1948/1748 2087/1935/1736
f 2101/1938/1739 2100/1937/1738 2088/1924/1726
f 2102/1939/1740 2101/1938/1739 2089/1925/1727
f 2103/1940/1741 2102/1939/1740 2090/1926/1728
f 2104/1941/1742 2103/1940/1741 2091/1927/1729
f 2105/1942/1743 2104/1941/1742 2092/1928/1730
f 2094/1918/1720 2106/1931/1732 2105/1942/1743
f 2095/1943/1733 2107/1956/1745 2118/1944/1744
f 2096/1933/1734 2108/1946/1746 2107/1945/1745
f 2097/1934/1735 2109/1947/1747 2108/1946/1746
f 2098/1936/1737 2110/1949/1749 2109/1947/1747
f 2099/1948/1748 2111/1961/1760 2110/1949/1749
f 2112/1950/1750 2111/1961/1760 2099/1948/1748
f 2113/1951/1751 2112/1950/1750 2100/1937/1738
f 2114/1952/1752 2113/1951/1751 2101/1938/1739
f 2115/1953/1753 2114/1952/1752 2102/1939/1740
f 2116/1954/1754 2115/1953/1753 2103/1940/1741
f 2117/1955/1755 2116/1954/1754 2104/1941/1742
f 2106/1931/1732 2118/1944/1744 2117/1955/1755
f 2107/1956/1745 2119/1969/1757 2130/1957/1756
f 2108/1946/1746 2120/1959/1758 2119/1958/1757
f 2109/1947/1747 2121/1960/1759 2120/1959/1758
f 2110/1949/1749 2122/1962/1761 2121/1960/1759
f 2111/1961/1760 2123/1974/1772 2122/1962/1761
f 2124/1963/1762 2123/1974/1772 2111/1961/1760
f 2125/1964/1763 2124/1963/1762 2112/1950/1750
f 2126/1965/1764 2125/1964/1763 2113/1951/1751
f 2127/1966/1765 2126/1965/1764 2114/1952/1752
f 2128/1967/1766 2127/1966/1765 2115/1953/1753
f 2129/1968/1767 2128/1967/1766 2116/1954/1754
f 2118/1944/1744 2130/1957/1756 2129/1968/1767
f 2119/1969/1757 2131/1982/1769 2142/1970/1768
f 2120/1959/1758 2132/1972/1770 2131/1971/1769
f 2121/1960/1759 2133/1973/1771 2132/1972/1770
f 2122/1962/1761 2134/1975/1773 2133/1973/1771
f 2123/1974/1772 2135/1988/1785 2134/1975/1773
f 2136/1976/1774 2135/1988/1785 2123/1974/1772
f 2137/1977/1775 2136/1976/1774 2124/1963/1762
f 2138/1978/1776 2137/1977/1775 2125/1964/1763
f 2139/1979/1777 2138/1978/1776 2126/1965/1764
f 2140/1980/1778 2139/1979/1777 2127/1966/1765
f 2141/1981/1779 2140/1980/1778 2128/1967/1766
f 2130/1957/1756 2142/1970/1768 2141/1981/1779
f 2131/1982/1769 2143/1995/1781 2154/1983/1780
f 2132/1972/1770 2144/1985/1782 2143/1984/1781
f 2133/1973/1771 2145/1986/1783 2144/1985/1782
f 2134/1975/1773 2146/2000/1796 2145/1986/1783
f 2147/1987/1784 2146/2000/1796 2134/1975/1773
f 2148/1989/1786 2147/1987/1784 2135/1988/1785
f 2149/1990/1787 2148/1989/1786 2136/1976/1774
f 2150/1991/1788 2149/1990/1787 2137/1977/1775
f 2151/1992/1789 2150/1991/1788 2138/1978/1776
f 2152/1993/1790 2151/1992/1789 2139/1979/1777
f 2141/1981/1779 2153/1994/1791 2152/1993/1790
f 2142/1970/1768 2154/1983/1780 2153/1994/1791
f 2143/1995/1781 2155/2255/1972 2166/1996/1792
f 2156/1997/1793 2155/2256/1972 2143/1984/1781
f 2157/1998/1794 2156/1997/1793 2144/1985/1782
f 2158/1999/1795 2157/1998/1794 2145/1986/1783
f 2159/2001/1797 2158/1999/1795 2146/2000/1796
f 2160/2002/1798 2159/2001/1797 2147/1987/1784
f 2161/2003/1799 2160/2002/1798 2148/1989/1786
f 2150/1991/1788 2162/2004/1800 2161/2003/1799
f 2151/1992/1789 2163/2005/1801 2162/2004/1800
f 2152/1993/1790 2164/2006/1802 2163/2005/1801
f 2153/1994/1791 2165/2007/1803 2164/2006/1802
f 2154/1983/1780 2166/1996/1792 2165/2007/1803
s 90
f 2216/2045/48 2218/2046/1898 2217/2046/1898
f 2218/2046/1898 2220/2047/1899 2219/2047/1899
f 2220/2047/1899 2222/2048/449 2221/2048/449
f 2222/2048/449 2224/2049/1900 2223/2049/1900
f 2224/2049/1900 2226/2050/1901 2225/2050/1901
f 2226/2050/1901 2228/2051/45 2227/2051/45
f 2228/2051/45 2230/2052/1902 2229/2052/1902
f 2230/2052/1902 2232/2053/1903 2231/2053/1903
f 2232/2053/1903 2234/2054/513 2233/2054/513
f 2234/2054/513 2236/2055/1904 2235/2055/1904
f 2236/2055/1904 2238/2056/1905 2237/2056/1905
f 2238/2056/1905 2216/2045/48 2215/2045/48
s 0
f 2342/2109/43 2344/2109/43 2343/2110/43
f 2348/2111/42 2346/2111/42 2345/2112/42
f 2346/2111/45 2342/2109/45 2341/2110/45
f 2347/2112/513 2345/2112/513 2341/2110/513
f 2344/2109/449 2342/2109/449 2346/2111/449
f 2350/2113/43 2352/2113/43 2351/2114/43
f 2356/2115/42 2354/2115/42 2353/2116/42
f 2354/2115/45 2350/2113/45 2349/2114/45
f 2355/2116/513 2353/2116/513 2349/2114/513
f 2352/2113/449 2350/2113/449 2354/2115/449
f 2358/2117/43 2360/2117/43 2359/2118/43
f 2364/2119/42 2362/2119/42 2361/2120/42
f 2362/2119/45 2358/2117/45 2357/2118/45
f 2363/2120/513 2361/2120/513 2357/2118/513
f 2360/2117/449 2358/2117/449 2362/2119/449
f 2366/2121/43 2368/2121/43 2367/2122/43
f 2372/2123/42 2370/2123/42 2369/2124/42
f 2370/2123/45 2366/2121/45 2365/2122/45
f 2371/2124/513 2369/2124/513 2365/2122/513
f 2368/2121/449 2366/2121/449 2370/2123/449
f 2374/2125/43 2376/2125/43 2375/2126/43
f 2380/2127/42 2378/2127/42 2377/2128/42
f 2378/2127/45 2374/2125/45 2373/2126/45
f 2379/2128/513 2377/2128/513 2373/2126/513
f 2376/2125/449 2374/2125/449 2378/2127/449
f 2382/2129/43 2384/2129/43 2383/2130/43
f 2388/2131/42 2386/2131/42 2385/2132/42
f 2386/2131/45 2382/2129/45 2381/2130/45
f 2387/2132/513 2385/2132/513 2381/2130/513
f 2384/2129/449 2382/2129/449 2386/2131/449
f 2390/2133/43 2392/2133/43 2391/2134/43
f 2396/2135/42 2394/2135/42 2393/2136/42
f 2394/2135/45 2390/2133/45 2389/2134/45
f 2395/2136/513 2393/2136/513 2389/2134/513
f 2392/2133/449 2390/2133/449 2394/2135/449
f 2398/2137/43 2400/2137/43 2399/2138/43
f 2404/2139/42 2402/2139/42 2401/2140/42
f 2402/2139/45 2398/2137/45 2397/2138/45
f 2403/2140/513 2401/2140/513 2397/2138/513
f 2400/2137/449 2398/2137/449 2402/2139/449
f 2406/2141/43 2408/2141/43 2407/2142/43
f 2412/2143/42 2410/2143/42 2409/2144/42
f 2410/2143/45 2406/2141/45 2405/2142/45
f 2411/2144/513 2409/2144/513 2405/2142/513
f 2408/2141/449 2406/2141/449 2410/2143/449
f 2414/2145/43 2416/2145/43 2415/2146/43
f 2420/2147/42 2418/2147/42 2417/2148/42
f 2418/2147/45 2414/2145/45 2413/2146/45
f 2419/2148/513 2417/2148/513 2413/2146/513
f 2416/2145/449 2414/2145/449 2418/2147/449
f 2422/2149/43 2424/2149/43 2423/2150/43
f 2428/2151/42 2426/2151/42 2425/2152/42
f 2426/2151/45 2422/2149/45 2421/2150/45
f 2427/2152/513 2425/2152/513 2421/2150/513
f 2424/2149/449 2422/2149/449 2426/2151/449
f 2430/2153/43 2432/2153/43 2431/2154/43
f 2436/2155/42 2434/2155/42 2433/2156/42
f 2434/2155/45 2430/2153/45 2429/2154/45
f 2435/2156/513 2433/2156/513 2429/2154/513
f 2432/2153/449 2430/2153/449 2434/2155/449
s 10
g payphone_wall_metal_shiny
usemtl metal_shiny
f 1110/67/45 1097/68/45 2441/69/45
s 49
f 1088/972/43 1112/973/43 1111/972/43
s 50
f 1089/67/513 1111/972/513 1110/67/513
s 51
f 1086/974/42 1110/67/42 1113/974/42
s 52
f 1089/67/45 1087/973/45 1088/972/45
s 53
f 1087/973/449 1113/974/449 1112/973/449
s 54
f 1114/975/449 1093/976/449 1115/977/449
f 1116/978/513 1091/979/513 1117/980/513
s 10
f 1111/972/45 1097/68/45 1110/67/45
f 1094/981/45 1112/973/45 1113/974/45
f 1098/982/45 1110/67/45 1099/983/45
f 1112/973/45 1120/984/45 1111/972/45
s 54
f 1121/985/42 1105/986/42 1100/987/42
f 1119/988/43 1103/989/43 1118/989/43
s 55
f 1129/990/43 1124/991/43 1125/990/43
s 56
f 1136/983/43 1098/982/43 1099/983/43
s 57
f 1114/975/45 1108/992/45 1109/993/45
f 1116/978/45 1106/994/45 1107/995/45
f 1119/988/45 1123/996/45 1122/997/45
f 1121/985/45 1125/990/45 1124/991/45
s 56
f 1134/981/513 1095/998/513 1094/981/513
f 1132/999/449 1097/68/449 1096/999/449
s 58
f 1126/991/45 1130/984/45 1137/1000/45
f 1128/997/45 1131/982/45 1136/983/45
f 1141/995/45 1135/998/45 1134/981/45
f 1140/993/45 1133/68/45 1132/999/45
s 56
f 1137/1000/42 1120/984/42 1101/1000/42
s 55
f 1127/996/42 1122/997/42 1123/996/42
f 1138/994/449 1107/995/449 1106/994/449
f 1139/992/513 1109/993/513 1108/992/513
s 54
f 1173/1005/920 1195/1006/921 1171/1007/921
f 1174/1008/922 1197/1009/920 1173/1005/920
f 1172/1010/923 1198/1011/922 1174/1008/922
f 1185/1012/924 1187/1013/925 1183/1014/925
f 1186/1015/926 1189/1016/924 1185/1012/924
f 1184/1017/927 1190/1018/926 1186/1015/926
f 1194/1019/928 1176/1020/929 1192/1020/929
f 1193/1021/930 1178/1022/928 1194/1019/928
f 1191/1023/931 1177/1024/930 1193/1021/930
f 1202/1025/932 1180/1026/933 1200/1026/933
f 1201/1027/934 1182/1028/932 1202/1025/932
f 1199/1029/935 1181/1030/934 1201/1027/934
s 57
f 1199/1029/45 1217/1031/45 1215/1032/45
f 1201/1027/45 1218/1033/45 1217/1031/45
f 1200/1026/45 1218/1033/45 1202/1025/45
f 1191/1023/45 1209/1034/45 1207/1035/45
f 1193/1021/45 1210/1036/45 1209/1034/45
f 1192/1020/45 1210/1036/45 1194/1019/45
s 55
f 1206/1037/936 1219/1038/937 1204/1038/937
f 1205/1039/938 1221/1040/936 1206/1037/936
f 1203/1041/939 1222/1042/938 1205/1039/938
f 1209/1034/940 1223/1043/941 1207/1035/941
f 1210/1036/942 1225/1044/940 1209/1034/940
f 1208/1045/943 1226/1046/942 1210/1036/942
s 56
f 1242/1047/944 1168/1048/945 1240/1049/945
f 1241/1050/946 1170/1051/947 1242/1047/944
f 1239/1052/948 1169/1053/946 1241/1050/946
s 57
f 1205/1039/45 1188/1054/45 1203/1041/45
f 1206/1037/45 1190/1018/45 1205/1039/45
f 1206/1037/45 1187/1013/45 1189/1016/45
s 55
f 1230/1055/949 1211/1056/950 1228/1057/950
f 1229/1058/951 1213/1059/949 1230/1055/949
f 1227/1060/952 1214/1061/951 1229/1058/951
s 57
f 1213/1059/45 1196/1010/45 1211/1056/45
f 1214/1061/45 1198/1011/45 1213/1059/45
f 1214/1061/45 1195/1006/45 1197/1009/45
s 58
f 1238/1062/45 1228/1057/45 1236/1063/45
f 1237/1064/45 1230/1055/45 1238/1062/45
f 1237/1064/45 1227/1060/45 1229/1058/45
f 1241/1050/45 1220/1065/45 1239/1052/45
f 1242/1047/45 1222/1042/45 1241/1050/45
f 1242/1047/45 1219/1038/45 1221/1040/45
f 1223/1043/45 1245/1066/45 1243/1067/45
f 1225/1044/45 1246/1068/45 1245/1066/45
f 1224/1069/45 1246/1068/45 1226/1046/45
f 1232/1032/45 1249/1070/45 1247/1071/45
f 1234/1072/45 1250/1073/45 1249/1070/45
f 1231/1074/45 1250/1073/45 1233/1075/45
s 56
f 1161/1076/953 1244/1077/954 1159/1078/954
f 1162/1079/955 1246/1068/956 1161/1076/953
f 1160/1080/957 1245/1066/955 1162/1079/955
f 1235/1081/958 1158/1082/959 1156/1081/958
f 1238/1062/960 1158/1082/959 1237/1064/959
f 1236/1063/961 1157/1083/960 1238/1062/960
f 1165/1084/962 1248/1085/963 1163/1086/963
f 1166/1087/964 1250/1073/965 1165/1084/962
f 1164/1088/966 1249/1070/964 1166/1087/964
s 55
f 1233/1075/967 1216/1089/968 1231/1074/968
f 1234/1072/969 1218/1033/967 1233/1075/967
f 1232/1032/970 1217/1031/969 1234/1072/969
s 56
f 1133/68/449 1156/1081/958 1097/68/449
s 10
f 1094/981/45 1113/974/45 2442/1090/45
s 56
f 1236/1063/961 1099/983/43 1155/1091/961
f 1244/1077/954 1094/981/513 1159/1078/954
s 10
f 1120/984/45 1164/1088/45 2443/1092/45
s 56
f 1131/982/43 1160/1080/957 1098/982/43
f 1248/1085/963 1096/999/449 1163/1086/963
s 10
f 1167/1052/45 1101/1000/45 2444/1093/45
s 56
f 1130/984/42 1164/1088/966 1120/984/42
f 1135/998/513 1168/1048/945 1095/998/513
s 59
f 1267/1094/45 1272/1095/45 2445/1096/45
s 56
f 1239/1052/948 1101/1000/42 1167/1052/948
s 54
f 1172/1010/923 1119/988/43 1196/1010/923
f 1093/976/449 1195/1006/921 1115/977/449
f 1103/989/43 1191/1023/931 1118/989/43
f 1176/1020/929 1116/978/513 1192/1020/929
f 1105/986/42 1199/1029/935 1100/987/42
f 1180/1026/933 1114/975/449 1200/1026/933
f 1188/1054/927 1104/985/42 1121/985/42
f 1091/979/513 1187/1013/925 1117/980/513
s 57
f 1203/1041/45 1121/985/45 1124/991/45
f 1117/980/45 1204/1038/45 1106/994/45
f 1208/1045/45 1116/978/45 1107/995/45
f 1118/989/45 1207/1035/45 1123/996/45
f 1211/1056/45 1119/988/45 1122/997/45
f 1115/977/45 1212/1060/45 1108/992/45
f 1216/1089/45 1114/975/45 1109/993/45
f 1100/987/45 1215/1032/45 1125/990/45
s 55
f 1126/991/43 1203/1041/939 1124/991/43
f 1219/1038/937 1106/994/449 1204/1038/937
f 1141/995/449 1208/1045/943 1107/995/449
f 1223/1043/941 1123/996/42 1207/1035/941
f 1128/997/42 1211/1056/950 1122/997/42
f 1227/1060/952 1108/992/513 1212/1060/952
f 1232/1032/970 1125/990/43 1215/1032/970
f 1140/993/513 1216/1089/968 1109/993/513
s 58
f 1239/1052/45 1126/991/45 1137/1000/45
f 1138/994/45 1240/1049/45 1135/998/45
f 1127/996/45 1243/1067/45 1131/982/45
f 1244/1077/45 1141/995/45 1134/981/45
f 1236/1063/45 1128/997/45 1136/983/45
f 1139/992/45 1235/1081/45 1133/68/45
f 1129/990/45 1247/1071/45 1130/984/45
f 1248/1085/45 1140/993/45 1132/999/45
s 60
f 1260/1097/45 1285/1098/45 1283/1099/45
f 1261/1100/45 1285/1098/45 1262/1101/45
f 1259/1102/45 1286/1103/45 1261/1100/45
f 1290/1104/45 1255/1105/45 1288/1106/45
f 1289/1107/45 1257/1108/45 1290/1104/45
f 1289/1107/45 1256/1109/45 1258/1110/45
f 1252/1111/45 1293/1112/45 1291/1113/45
f 1254/1114/45 1294/1115/45 1293/1112/45
f 1251/1116/45 1294/1115/45 1253/1117/45
f 1298/1118/45 1263/1119/45 1296/1120/45
f 1297/1121/45 1265/1122/45 1298/1118/45
f 1297/1121/45 1264/1123/45 1266/1124/45
s 61
f 1287/1125/971 1305/1126/515 1303/1125/971
f 1289/1107/515 1306/1127/517 1305/1126/515
f 1288/1106/972 1306/1127/517 1290/1104/517
s 62
f 1267/1094/973 1317/1128/974 1315/1129/975
f 1270/1130/976 1317/1128/974 1269/1131/977
f 1268/1132/978 1318/1133/979 1270/1130/976
f 1330/1134/980 1280/1135/981 1328/1136/982
f 1330/1134/980 1281/1137/983 1282/1138/984
f 1329/1139/985 1279/1140/986 1281/1137/983
f 1275/1141/987 1325/1142/988 1323/1143/989
f 1278/1144/990 1325/1142/988 1277/1145/991
f 1276/1146/992 1326/1147/993 1278/1144/990
s 63
f 1300/1099/45 1318/1133/45 1316/1148/45
f 1302/1149/45 1317/1128/45 1318/1133/45
f 1299/1150/45 1317/1128/45 1301/1151/45
f 1322/1152/45 1304/1106/45 1320/1153/45
f 1321/1154/45 1306/1127/45 1322/1152/45
f 1321/1154/45 1303/1125/45 1305/1126/45
f 1308/1155/45 1326/1147/45 1324/1156/45
f 1310/1157/45 1325/1142/45 1326/1147/45
f 1307/1158/45 1325/1142/45 1309/1159/45
f 1329/1139/45 1311/1120/45 1327/1160/45
f 1330/1134/45 1313/1161/45 1329/1139/45
f 1330/1134/45 1312/1162/45 1314/1163/45
s 61
f 1313/1161/447 1296/1120/994 1311/1120/994
f 1314/1163/503 1298/1118/447 1313/1161/447
f 1312/1162/995 1297/1121/503 1314/1163/503
f 1285/1098/509 1300/1099/996 1283/1099/996
f 1286/1103/511 1302/1149/509 1285/1098/509
f 1284/1150/997 1301/1151/511 1286/1103/511
s 62
f 1321/1154/998 1272/1095/999 1319/1164/1000
f 1321/1154/998 1273/1165/1001 1274/1166/1002
f 1322/1152/1003 1271/1167/1004 1273/1165/1001
s 61
f 1309/1159/506 1292/1158/1005 1307/1158/1005
f 1310/1157/451 1294/1115/506 1309/1159/506
f 1308/1155/1006 1293/1112/451 1310/1157/451
s 64
f 1339/1168/1007 1262/1101/1008 1260/1097/1009
f 1341/1169/1010 1261/1100/1011 1262/1101/1008
f 1340/1170/1012 1261/1100/1011 1342/1171/1013
f 1257/1108/1014 1336/1172/1015 1255/1105/1016
f 1258/1110/1017 1338/1173/1018 1257/1108/1014
f 1258/1110/1017 1335/1174/1019 1337/1175/1020
f 1331/1176/1021 1254/1114/1022 1252/1111/1023
f 1334/1177/1024 1254/1114/1022 1333/1178/1025
f 1332/1179/1026 1253/1117/1027 1334/1177/1024
f 1265/1122/1028 1344/1180/1029 1263/1119/1030
f 1266/1124/1031 1346/1181/1032 1265/1122/1028
f 1266/1124/1031 1343/1182/1033 1345/1183/1034
f 1332/1179/1026 1260/1097/1009 1251/1116/1035
s 60
f 1263/1119/45 1291/1113/45 1296/1120/45
f 1251/1116/45 1283/1099/45 1292/1158/45
s 64
f 1344/1180/1029 1252/1111/1023 1263/1119/1030
f 1340/1170/1012 1256/1109/1036 1259/1102/1037
s 60
f 1284/1150/45 1256/1109/45 1287/1125/45
s 64
f 1336/1172/1015 1264/1123/1038 1255/1105/1016
s 60
f 1255/1105/45 1295/1184/45 1288/1106/45
s 62
f 1315/1129/975 1272/1095/999 1267/1094/973
f 1323/1143/989 1268/1132/978 1275/1141/987
f 1320/1153/1039 1280/1135/981 1271/1167/1004
f 1327/1160/1040 1276/1146/992 1279/1140/986
s 61
f 1303/1125/971 1284/1150/997 1287/1125/971
f 1300/1099/996 1292/1158/1005 1283/1099/996
f 1312/1162/995 1288/1106/972 1295/1184/995
f 1308/1155/1006 1296/1120/994 1291/1113/1006
s 63
f 1299/1150/45 1319/1164/45 1315/1129/45
f 1307/1158/45 1316/1148/45 1323/1143/45
f 1304/1106/45 1328/1136/45 1320/1153/45
f 1327/1160/45 1308/1155/45 1324/1156/45
s 0
f 1600/1388/43 1593/1389/43 1599/1389/43
f 1598/1390/42 1602/1391/42 1597/1391/42
f 1597/1391/513 1599/1389/513 1593/1389/513
f 1594/1388/449 1601/1390/449 1598/1390/449
f 1592/1395/45 1599/1389/45 1591/1396/45
f 1595/1397/45 1601/1390/45 1596/1398/45
f 1591/1396/45 1602/1391/45 1595/1397/45
f 1596/1398/45 1600/1388/45 1592/1395/45
s 92
f 2281/2058/449 2265/2059/447 2264/2058/449
f 2280/2059/447 2266/2060/1906 2265/2059/447
f 2282/2060/503 2267/2061/1907 2266/2060/1906
f 2283/2061/42 2268/2062/517 2267/2061/1907
f 2284/2062/517 2269/2063/515 2268/2062/517
f 2285/2063/515 2270/2064/513 2269/2063/515
f 2286/2064/513 2271/2065/511 2270/2064/513
f 2287/2065/511 2272/2066/509 2271/2065/511
f 2288/2066/509 2273/2067/43 2272/2066/509
f 2289/2067/43 2274/2068/506 2273/2067/43
s 93
f 2257/2069/503 2313/2070/42 2259/2070/42
s 92
f 2290/2068/506 2275/2071/451 2274/2068/506
f 2291/2071/451 2264/2058/449 2275/2071/451
f 2275/2071/451 2240/2058/449 2262/2071/451
f 2274/2068/506 2262/2071/451 2260/2068/506
f 2273/2067/43 2260/2068/506 2258/2067/43
f 2272/2066/509 2258/2067/43 2256/2066/509
f 2271/2065/511 2256/2066/509 2254/2065/511
f 2270/2064/513 2254/2065/511 2252/2064/513
f 2269/2063/515 2252/2064/513 2250/2063/515
f 2268/2062/517 2250/2063/515 2248/2062/517
f 2267/2061/1907 2248/2062/517 2246/2061/518
s 94
f 2266/2060/1908 2277/2072/1909 2244/2060/1910
s 92
f 2265/2059/447 2244/2060/504 2242/2059/447
f 2264/2058/449 2242/2059/447 2240/2058/449
s 95
f 2276/2072/502 2278/2073/502 2277/2072/502
s 96
f 2267/2061/1911 2276/2072/1911 2266/2060/1911
s 97
f 2246/2061/1912 2279/2073/1912 2267/2061/1912
s 94
f 2246/2061/1913 2277/2072/1909 2278/2073/1913
s 98
f 2243/2074/45 2281/2058/45 2241/2075/45
f 2243/2074/45 2282/2060/45 2280/2059/45
f 2245/2076/45 2283/2061/45 2282/2060/45
f 2249/2077/45 2283/2061/45 2247/2078/45
f 2251/2079/45 2284/2062/45 2249/2077/45
f 2251/2079/45 2286/2064/45 2285/2063/45
f 2255/2080/45 2286/2064/45 2253/2081/45
f 2255/2080/45 2288/2066/45 2287/2065/45
f 2257/2069/45 2289/2067/45 2288/2066/45
f 2261/2082/45 2289/2067/45 2259/2070/45
f 2263/2083/45 2290/2068/45 2261/2082/45
f 2263/2083/45 2281/2058/45 2291/2071/45
s 99
f 2296/2084/517 2333/2085/515 2297/2085/515
s 93
f 2251/2079/451 2310/2081/449 2253/2081/449
f 2245/2076/509 2307/2078/43 2247/2078/43
f 2259/2070/42 2314/2082/517 2261/2082/517
f 2253/2081/449 2311/2080/447 2255/2080/447
f 2247/2078/43 2308/2077/506 2249/2077/506
f 2261/2082/517 2315/2083/515 2263/2083/515
f 2241/2075/513 2304/2074/511 2243/2074/511
f 2255/2080/447 2312/2069/503 2257/2069/503
f 2249/2077/506 2309/2079/451 2251/2079/451
f 2263/2083/515 2305/2075/513 2241/2075/513
f 2243/2074/511 2306/2076/509 2245/2076/509
s 100
f 2292/2086/45 2305/2075/45 2293/2087/45
f 2292/2086/45 2306/2076/45 2304/2074/45
f 2295/2088/45 2306/2076/45 2294/2089/45
f 2295/2088/45 2308/2077/45 2307/2078/45
f 2297/2085/45 2308/2077/45 2296/2084/45
f 2298/2090/45 2309/2079/45 2297/2085/45
f 2299/2091/45 2310/2081/45 2298/2090/45
f 2299/2091/45 2312/2069/45 2311/2080/45
f 2301/2092/45 2312/2069/45 2300/2093/45
f 2301/2092/45 2314/2082/45 2313/2070/45
f 2303/2094/45 2314/2082/45 2302/2095/45
f 2303/2094/45 2305/2075/45 2315/2083/45
s 99
f 2303/2094/451 2329/2087/449 2293/2087/449
f 2292/2086/447 2330/2089/503 2294/2089/503
f 2300/2093/509 2337/2092/43 2301/2092/43
f 2297/2085/515 2334/2090/513 2298/2090/513
f 2294/2089/503 2331/2088/42 2295/2088/42
f 2301/2092/43 2338/2095/506 2302/2095/506
f 2298/2090/513 2335/2091/511 2299/2091/511
f 2295/2088/42 2332/2084/517 2296/2084/517
f 2302/2095/506 2339/2094/451 2303/2094/451
f 2293/2087/449 2328/2086/447 2292/2086/447
f 2299/2091/511 2336/2093/509 2300/2093/509
s 101
f 2316/2096/45 2329/2087/45 2317/2097/45
f 2318/2098/45 2328/2086/45 2316/2096/45
f 2319/2099/45 2330/2089/45 2318/2098/45
f 2319/2099/45 2332/2084/45 2331/2088/45
f 2320/2100/45 2333/2085/45 2332/2084/45
f 2321/2101/45 2334/2090/45 2333/2085/45
f 2323/2102/45 2334/2090/45 2322/2103/45
f 2324/2104/45 2335/2091/45 2323/2102/45
f 2325/2105/45 2336/2093/45 2324/2104/45
f 2325/2105/45 2338/2095/45 2337/2092/45
f 2326/2106/45 2339/2094/45 2338/2095/45
f 2327/2107/45 2329/2087/45 2339/2094/45
f 2316/2096/45 2317/2097/45 2340/2108/45
f 2317/2097/45 2327/2107/45 2340/2108/45
f 2327/2107/45 2326/2106/45 2340/2108/45
f 2326/2106/45 2325/2105/45 2340/2108/45
f 2325/2105/45 2324/2104/45 2340/2108/45
f 2324/2104/45 2323/2102/45 2340/2108/45
f 2323/2102/45 2322/2103/45 2340/2108/45
f 2322/2103/45 2321/2101/45 2340/2108/45
f 2321/2101/45 2320/2100/45 2340/2108/45
f 2320/2100/45 2319/2099/45 2340/2108/45
f 2319/2099/45 2318/2098/45 2340/2108/45
f 2318/2098/45 2316/2096/45 2340/2108/45
s 10
f 1097/68/45 1156/1081/45 2441/69/45
f 1156/1081/45 1158/1082/45 2441/69/45
f 1158/1082/45 1157/1083/45 2441/69/45
f 1157/1083/45 1155/1091/45 2441/69/45
f 1155/1091/45 1099/983/45 2441/69/45
f 1099/983/45 1110/67/45 2441/69/45
f 1113/974/45 1098/982/45 2442/1090/45
f 1098/982/45 1160/1080/45 2442/1090/45
f 1160/1080/45 1162/1079/45 2442/1090/45
f 1162/1079/45 1161/1076/45 2442/1090/45
f 1161/1076/45 1159/1078/45 2442/1090/45
f 1159/1078/45 1094/981/45 2442/1090/45
f 1164/1088/45 1166/1087/45 2443/1092/45
f 1166/1087/45 1165/1084/45 2443/1092/45
f 1165/1084/45 1163/1086/45 2443/1092/45
f 1163/1086/45 1096/999/45 2443/1092/45
f 1096/999/45 1111/972/45 2443/1092/45
f 1111/972/45 1120/984/45 2443/1092/45
f 1101/1000/45 1112/973/45 2444/1093/45
f 1112/973/45 1095/998/45 2444/1093/45
f 1095/998/45 1168/1048/45 2444/1093/45
f 1168/1048/45 1170/1051/45 2444/1093/45
f 1170/1051/45 1169/1053/45 2444/1093/45
f 1169/1053/45 1167/1052/45 2444/1093/45
s 59
f 1272/1095/45 1274/1166/45 2445/1096/45
f 1274/1166/45 1273/1165/45 2445/1096/45
f 1273/1165/45 1271/1167/45 2445/1096/45
f 1271/1167/45 1280/1135/45 2445/1096/45
f 1280/1135/45 1282/1138/45 2445/1096/45
f 1282/1138/45 1281/1137/45 2445/1096/45
f 1281/1137/45 1279/1140/45 2445/1096/45
f 1279/1140/45 1276/1146/45 2445/1096/45
f 1276/1146/45 1278/1144/45 2445/1096/45
f 1278/1144/45 1277/1145/45 2445/1096/45
f 1277/1145/45 1275/1141/45 2445/1096/45
f 1275/1141/45 1268/1132/45 2445/1096/45
f 1268/1132/45 1270/1130/45 2445/1096/45
f 1270/1130/45 1269/1131/45 2445/1096/45
f 1269/1131/45 1267/1094/45 2445/1096/45
s 49
f 1088/972/43 1087/973/43 1112/973/43
s 50
f 1089/67/513 1088/972/513 1111/972/513
s 51
f 1086/974/42 1089/67/42 1110/67/42
s 52
f 1089/67/45 1086/974/45 1087/973/45
s 53
f 1087/973/449 1086/974/449 1113/974/449
s 54
f 1114/975/449 1092/2249/449 1093/976/449
f 1116/978/513 1090/2250/513 1091/979/513
s 10
f 1111/972/45 1096/999/45 1097/68/45
f 1094/981/45 1095/998/45 1112/973/45
f 1098/982/45 1113/974/45 1110/67/45
f 1112/973/45 1101/1000/45 1120/984/45
s 54
f 1121/985/42 1104/985/42 1105/986/42
f 1119/988/43 1102/2251/43 1103/989/43
s 55
f 1129/990/43 1126/991/43 1124/991/43
s 56
f 1136/983/43 1131/982/43 1098/982/43
s 57
f 1114/975/45 1115/977/45 1108/992/45
f 1116/978/45 1117/980/45 1106/994/45
f 1119/988/45 1118/989/45 1123/996/45
f 1121/985/45 1100/987/45 1125/990/45
s 56
f 1134/981/513 1135/998/513 1095/998/513
f 1132/999/449 1133/68/449 1097/68/449
s 58
f 1126/991/45 1129/990/45 1130/984/45
f 1128/997/45 1127/996/45 1131/982/45
f 1141/995/45 1138/994/45 1135/998/45
f 1140/993/45 1139/992/45 1133/68/45
s 56
f 1137/1000/42 1130/984/42 1120/984/42
s 55
f 1127/996/42 1128/997/42 1122/997/42
f 1138/994/449 1141/995/449 1107/995/449
f 1139/992/513 1140/993/513 1109/993/513
s 54
f 1173/1005/920 1197/1009/920 1195/1006/921
f 1174/1008/922 1198/1011/922 1197/1009/920
f 1172/1010/923 1196/1010/923 1198/1011/922
f 1185/1012/924 1189/1016/924 1187/1013/925
f 1186/1015/926 1190/1018/926 1189/1016/924
f 1184/1017/927 1188/1054/927 1190/1018/926
f 1194/1019/928 1178/1022/928 1176/1020/929
f 1193/1021/930 1177/1024/930 1178/1022/928
f 1191/1023/931 1175/1023/931 1177/1024/930
f 1202/1025/932 1182/1028/932 1180/1026/933
f 1201/1027/934 1181/1030/934 1182/1028/932
f 1199/1029/935 1179/2252/935 1181/1030/934
s 57
f 1199/1029/45 1201/1027/45 1217/1031/45
f 1201/1027/45 1202/1025/45 1218/1033/45
f 1200/1026/45 1216/1089/45 1218/1033/45
f 1191/1023/45 1193/1021/45 1209/1034/45
f 1193/1021/45 1194/1019/45 1210/1036/45
f 1192/1020/45 1208/1045/45 1210/1036/45
s 55
f 1206/1037/936 1221/1040/936 1219/1038/937
f 1205/1039/938 1222/1042/938 1221/1040/936
f 1203/1041/939 1220/1065/939 1222/1042/938
f 1209/1034/940 1225/1044/940 1223/1043/941
f 1210/1036/942 1226/1046/942 1225/1044/940
f 1208/1045/943 1224/1069/943 1226/1046/942
s 56
f 1242/1047/944 1170/1051/947 1168/1048/945
f 1241/1050/946 1169/1053/946 1170/1051/947
f 1239/1052/948 1167/1052/948 1169/1053/946
s 57
f 1205/1039/45 1190/1018/45 1188/1054/45
f 1206/1037/45 1189/1016/45 1190/1018/45
f 1206/1037/45 1204/1038/45 1187/1013/45
s 55
f 1230/1055/949 1213/1059/949 1211/1056/950
f 1229/1058/951 1214/1061/951 1213/1059/949
f 1227/1060/952 1212/1060/952 1214/1061/951
s 57
f 1213/1059/45 1198/1011/45 1196/1010/45
f 1214/1061/45 1197/1009/45 1198/1011/45
f 1214/1061/45 1212/1060/45 1195/1006/45
s 58
f 1238/1062/45 1230/1055/45 1228/1057/45
f 1237/1064/45 1229/1058/45 1230/1055/45
f 1237/1064/45 1235/1081/45 1227/1060/45
f 1241/1050/45 1222/1042/45 1220/1065/45
f 1242/1047/45 1221/1040/45 1222/1042/45
f 1242/1047/45 1240/1049/45 1219/1038/45
f 1223/1043/45 1225/1044/45 1245/1066/45
f 1225/1044/45 1226/1046/45 1246/1068/45
f 1224/1069/45 1244/1077/45 1246/1068/45
f 1232/1032/45 1234/1072/45 1249/1070/45
f 1234/1072/45 1233/1075/45 1250/1073/45
f 1231/1074/45 1248/1085/45 1250/1073/45
s 56
f 1161/1076/953 1246/1068/956 1244/1077/954
f 1162/1079/955 1245/1066/955 1246/1068/956
f 1160/1080/957 1243/1067/957 1245/1066/955
f 1235/1081/958 1237/1064/959 1158/1082/959
f 1238/1062/960 1157/1083/960 1158/1082/959
f 1236/1063/961 1155/1091/961 1157/1083/960
f 1165/1084/962 1250/1073/965 1248/1085/963
f 1166/1087/964 1249/1070/964 1250/1073/965
f 1164/1088/966 1247/1071/966 1249/1070/964
s 55
f 1233/1075/967 1218/1033/967 1216/1089/968
f 1234/1072/969 1217/1031/969 1218/1033/967
f 1232/1032/970 1215/1032/970 1217/1031/969
s 56
f 1133/68/449 1235/1081/958 1156/1081/958
f 1236/1063/961 1136/983/43 1099/983/43
f 1244/1077/954 1134/981/513 1094/981/513
f 1131/982/43 1243/1067/957 1160/1080/957
f 1248/1085/963 1132/999/449 1096/999/449
f 1130/984/42 1247/1071/966 1164/1088/966
f 1135/998/513 1240/1049/945 1168/1048/945
f 1239/1052/948 1137/1000/42 1101/1000/42
s 54
f 1172/1010/923 1102/2251/43 1119/988/43
f 1093/976/449 1171/1007/921 1195/1006/921
f 1103/989/43 1175/1023/931 1191/1023/931
f 1176/1020/929 1090/2250/513 1116/978/513
f 1105/986/42 1179/2252/935 1199/1029/935
f 1180/1026/933 1092/2249/449 1114/975/449
f 1188/1054/927 1184/1017/927 1104/985/42
f 1091/979/513 1183/1014/925 1187/1013/925
s 57
f 1203/1041/45 1188/1054/45 1121/985/45
f 1117/980/45 1187/1013/45 1204/1038/45
f 1208/1045/45 1192/1020/45 1116/978/45
f 1118/989/45 1191/1023/45 1207/1035/45
f 1211/1056/45 1196/1010/45 1119/988/45
f 1115/977/45 1195/1006/45 1212/1060/45
f 1216/1089/45 1200/1026/45 1114/975/45
f 1100/987/45 1199/1029/45 1215/1032/45
s 55
f 1126/991/43 1220/1065/939 1203/1041/939
f 1219/1038/937 1138/994/449 1106/994/449
f 1141/995/449 1224/1069/943 1208/1045/943
f 1223/1043/941 1127/996/42 1123/996/42
f 1128/997/42 1228/1057/950 1211/1056/950
f 1227/1060/952 1139/992/513 1108/992/513
f 1232/1032/970 1129/990/43 1125/990/43
f 1140/993/513 1231/1074/968 1216/1089/968
s 58
f 1239/1052/45 1220/1065/45 1126/991/45
f 1138/994/45 1219/1038/45 1240/1049/45
f 1127/996/45 1223/1043/45 1243/1067/45
f 1244/1077/45 1224/1069/45 1141/995/45
f 1236/1063/45 1228/1057/45 1128/997/45
f 1139/992/45 1227/1060/45 1235/1081/45
f 1129/990/45 1232/1032/45 1247/1071/45
f 1248/1085/45 1231/1074/45 1140/993/45
s 60
f 1260/1097/45 1262/1101/45 1285/1098/45
f 1261/1100/45 1286/1103/45 1285/1098/45
f 1259/1102/45 1284/1150/45 1286/1103/45
f 1290/1104/45 1257/1108/45 1255/1105/45
f 1289/1107/45 1258/1110/45 1257/1108/45
f 1289/1107/45 1287/1125/45 1256/1109/45
f 1252/1111/45 1254/1114/45 1293/1112/45
f 1254/1114/45 1253/1117/45 1294/1115/45
f 1251/1116/45 1292/1158/45 1294/1115/45
f 1298/1118/45 1265/1122/45 1263/1119/45
f 1297/1121/45 1266/1124/45 1265/1122/45
f 1297/1121/45 1295/1184/45 1264/1123/45
s 61
f 1287/1125/971 1289/1107/515 1305/1126/515
f 1289/1107/515 1290/1104/517 1306/1127/517
f 1288/1106/972 1304/1106/972 1306/1127/517
s 62
f 1267/1094/973 1269/1131/977 1317/1128/974
f 1270/1130/976 1318/1133/979 1317/1128/974
f 1268/1132/978 1316/1148/1961 1318/1133/979
f 1330/1134/980 1282/1138/984 1280/1135/981
f 1330/1134/980 1329/1139/985 1281/1137/983
f 1329/1139/985 1327/1160/1040 1279/1140/986
f 1275/1141/987 1277/1145/991 1325/1142/988
f 1278/1144/990 1326/1147/993 1325/1142/988
f 1276/1146/992 1324/1156/1962 1326/1147/993
s 63
f 1300/1099/45 1302/1149/45 1318/1133/45
f 1302/1149/45 1301/1151/45 1317/1128/45
f 1299/1150/45 1315/1129/45 1317/1128/45
f 1322/1152/45 1306/1127/45 1304/1106/45
f 1321/1154/45 1305/1126/45 1306/1127/45
f 1321/1154/45 1319/1164/45 1303/1125/45
f 1308/1155/45 1310/1157/45 1326/1147/45
f 1310/1157/45 1309/1159/45 1325/1142/45
f 1307/1158/45 1323/1143/45 1325/1142/45
f 1329/1139/45 1313/1161/45 1311/1120/45
f 1330/1134/45 1314/1163/45 1313/1161/45
f 1330/1134/45 1328/1136/45 1312/1162/45
s 61
f 1313/1161/447 1298/1118/447 1296/1120/994
f 1314/1163/503 1297/1121/503 1298/1118/447
f 1312/1162/995 1295/1184/995 1297/1121/503
f 1285/1098/509 1302/1149/509 1300/1099/996
f 1286/1103/511 1301/1151/511 1302/1149/509
f 1284/1150/997 1299/1150/997 1301/1151/511
s 62
f 1321/1154/998 1274/1166/1002 1272/1095/999
f 1321/1154/998 1322/1152/1003 1273/1165/1001
f 1322/1152/1003 1320/1153/1039 1271/1167/1004
s 61
f 1309/1159/506 1294/1115/506 1292/1158/1005
f 1310/1157/451 1293/1112/451 1294/1115/506
f 1308/1155/1006 1291/1113/1006 1293/1112/451
s 64
f 1339/1168/1007 1341/1169/1010 1262/1101/1008
f 1341/1169/1010 1342/1171/1013 1261/1100/1011
f 1340/1170/1012 1259/1102/1037 1261/1100/1011
f 1257/1108/1014 1338/1173/1018 1336/1172/1015
f 1258/1110/1017 1337/1175/1020 1338/1173/1018
f 1258/1110/1017 1256/1109/1036 1335/1174/1019
f 1331/1176/1021 1333/1178/1025 1254/1114/1022
f 1334/1177/1024 1253/1117/1027 1254/1114/1022
f 1332/1179/1026 1251/1116/1035 1253/1117/1027
f 1265/1122/1028 1346/1181/1032 1344/1180/1029
f 1266/1124/1031 1345/1183/1034 1346/1181/1032
f 1266/1124/1031 1264/1123/1038 1343/1182/1033
f 1332/1179/1026 1339/1168/1007 1260/1097/1009
s 60
f 1263/1119/45 1252/1111/45 1291/1113/45
f 1251/1116/45 1260/1097/45 1283/1099/45
s 64
f 1344/1180/1029 1331/1176/1021 1252/1111/1023
f 1340/1170/1012 1335/1174/1019 1256/1109/1036
s 60
f 1284/1150/45 1259/1102/45 1256/1109/45
s 64
f 1336/1172/1015 1343/1182/1033 1264/1123/1038
s 60
f 1255/1105/45 1264/1123/45 1295/1184/45
s 62
f 1315/1129/975 1319/1164/1000 1272/1095/999
f 1323/1143/989 1316/1148/1961 1268/1132/978
f 1320/1153/1039 1328/1136/982 1280/1135/981
f 1327/1160/1040 1324/1156/1962 1276/1146/992
s 61
f 1303/1125/971 1299/1150/997 1284/1150/997
f 1300/1099/996 1307/1158/1005 1292/1158/1005
f 1312/1162/995 1304/1106/972 1288/1106/972
f 1308/1155/1006 1311/1120/994 1296/1120/994
s 63
f 1299/1150/45 1303/1125/45 1319/1164/45
f 1307/1158/45 1300/1099/45 1316/1148/45
f 1304/1106/45 1312/1162/45 1328/1136/45
f 1327/1160/45 1311/1120/45 1308/1155/45
s 0
f 1600/1388/43 1594/1388/43 1593/1389/43
f 1598/1390/42 1601/1390/42 1602/1391/42
f 1597/1391/513 1602/1391/513 1599/1389/513
f 1594/1388/449 1600/1388/449 1601/1390/449
f 1592/1395/45 1600/1388/45 1599/1389/45
f 1595/1397/45 1602/1391/45 1601/1390/45
f 1591/1396/45 1599/1389/45 1602/1391/45
f 1596/1398/45 1601/1390/45 1600/1388/45
s 92
f 2281/2058/449 2280/2059/447 2265/2059/447
f 2280/2059/447 2282/2060/503 2266/2060/1906
f 2282/2060/503 2283/2061/42 2267/2061/1907
f 2283/2061/42 2284/2062/517 2268/2062/517
f 2284/2062/517 2285/2063/515 2269/2063/515
f 2285/2063/515 2286/2064/513 2270/2064/513
f 2286/2064/513 2287/2065/511 2271/2065/511
f 2287/2065/511 2288/2066/509 2272/2066/509
f 2288/2066/509 2289/2067/43 2273/2067/43
f 2289/2067/43 2290/2068/506 2274/2068/506
s 93
f 2257/2069/503 2312/2069/503 2313/2070/42
s 92
f 2290/2068/506 2291/2071/451 2275/2071/451
f 2291/2071/451 2281/2058/449 2264/2058/449
f 2275/2071/451 2264/2058/449 2240/2058/449
f 2274/2068/506 2275/2071/451 2262/2071/451
f 2273/2067/43 2274/2068/506 2260/2068/506
f 2272/2066/509 2273/2067/43 2258/2067/43
f 2271/2065/511 2272/2066/509 2256/2066/509
f 2270/2064/513 2271/2065/511 2254/2065/511
f 2269/2063/515 2270/2064/513 2252/2064/513
f 2268/2062/517 2269/2063/515 2250/2063/515
f 2267/2061/1907 2268/2062/517 2248/2062/517
s 94
f 2266/2060/1908 2276/2072/1908 2277/2072/1909
s 92
f 2265/2059/447 2266/2060/1906 2244/2060/504
f 2264/2058/449 2265/2059/447 2242/2059/447
s 95
f 2276/2072/502 2279/2073/502 2278/2073/502
s 96
f 2267/2061/1911 2279/2073/1911 2276/2072/1911
s 97
f 2246/2061/1912 2278/2073/1912 2279/2073/1912
s 94
f 2246/2061/1913 2244/2060/1910 2277/2072/1909
s 98
f 2243/2074/45 2280/2059/45 2281/2058/45
f 2243/2074/45 2245/2076/45 2282/2060/45
f 2245/2076/45 2247/2078/45 2283/2061/45
f 2249/2077/45 2284/2062/45 2283/2061/45
f 2251/2079/45 2285/2063/45 2284/2062/45
f 2251/2079/45 2253/2081/45 2286/2064/45
f 2255/2080/45 2287/2065/45 2286/2064/45
f 2255/2080/45 2257/2069/45 2288/2066/45
f 2257/2069/45 2259/2070/45 2289/2067/45
f 2261/2082/45 2290/2068/45 2289/2067/45
f 2263/2083/45 2291/2071/45 2290/2068/45
f 2263/2083/45 2241/2075/45 2281/2058/45
s 99
f 2296/2084/517 2332/2084/517 2333/2085/515
s 93
f 2251/2079/451 2309/2079/451 2310/2081/449
f 2245/2076/509 2306/2076/509 2307/2078/43
f 2259/2070/42 2313/2070/42 2314/2082/517
f 2253/2081/449 2310/2081/449 2311/2080/447
f 2247/2078/43 2307/2078/43 2308/2077/506
f 2261/2082/517 2314/2082/517 2315/2083/515
f 2241/2075/513 2305/2075/513 2304/2074/511
f 2255/2080/447 2311/2080/447 2312/2069/503
f 2249/2077/506 2308/2077/506 2309/2079/451
f 2263/2083/515 2315/2083/515 2305/2075/513
f 2243/2074/511 2304/2074/511 2306/2076/509
s 100
f 2292/2086/45 2304/2074/45 2305/2075/45
f 2292/2086/45 2294/2089/45 2306/2076/45
f 2295/2088/45 2307/2078/45 2306/2076/45
f 2295/2088/45 2296/2084/45 2308/2077/45
f 2297/2085/45 2309/2079/45 2308/2077/45
f 2298/2090/45 2310/2081/45 2309/2079/45
f 2299/2091/45 2311/2080/45 2310/2081/45
f 2299/2091/45 2300/2093/45 2312/2069/45
f 2301/2092/45 2313/2070/45 2312/2069/45
f 2301/2092/45 2302/2095/45 2314/2082/45
f 2303/2094/45 2315/2083/45 2314/2082/45
f 2303/2094/45 2293/2087/45 2305/2075/45
s 99
f 2303/2094/451 2339/2094/451 2329/2087/449
f 2292/2086/447 2328/2086/447 2330/2089/503
f 2300/2093/509 2336/2093/509 2337/2092/43
f 2297/2085/515 2333/2085/515 2334/2090/513
f 2294/2089/503 2330/2089/503 2331/2088/42
f 2301/2092/43 2337/2092/43 2338/2095/506
f 2298/2090/513 2334/2090/513 2335/2091/511
f 2295/2088/42 2331/2088/42 2332/2084/517
f 2302/2095/506 2338/2095/506 2339/2094/451
f 2293/2087/449 2329/2087/449 2328/2086/447
f 2299/2091/511 2335/2091/511 2336/2093/509
s 101
f 2316/2096/45 2328/2086/45 2329/2087/45
f 2318/2098/45 2330/2089/45 2328/2086/45
f 2319/2099/45 2331/2088/45 2330/2089/45
f 2319/2099/45 2320/2100/45 2332/2084/45
f 2320/2100/45 2321/2101/45 2333/2085/45
f 2321/2101/45 2322/2103/45 2334/2090/45
f 2323/2102/45 2335/2091/45 2334/2090/45
f 2324/2104/45 2336/2093/45 2335/2091/45
f 2325/2105/45 2337/2092/45 2336/2093/45
f 2325/2105/45 2326/2106/45 2338/2095/45
f 2326/2106/45 2327/2107/45 2339/2094/45
f 2327/2107/45 2317/2097/45 2329/2087/45
