# Blender 4.5.2 LTS
# www.blender.org
mtllib payphone_stand.mtl
g payphone_stand_Mesh
v 0.225000 0.000000 0.150000
v 0.225000 0.040000 0.150000
v 0.168750 0.037842 0.080767
v 0.168750 0.044673 0.080767
v 0.175993 0.037842 0.084948
v 0.175993 0.044673 0.084948
v 0.175993 0.037842 0.093312
v 0.175993 0.044673 0.093312
v 0.168750 0.037842 0.097493
v 0.168750 0.044673 0.097493
v 0.161507 0.037842 0.093312
v 0.161507 0.044673 0.093312
v 0.161507 0.037842 0.084948
v 0.161507 0.044673 0.084948
v 0.168750 0.047557 0.085987
v 0.168750 0.045564 0.084837
v 0.169325 0.048707 0.088134
v 0.169861 0.048263 0.087206
v 0.170321 0.047557 0.086408
v 0.170675 0.046636 0.085797
v 0.170897 0.045564 0.085412
v 0.170972 0.044414 0.085281
v 0.169746 0.048707 0.088555
v 0.170675 0.048263 0.088019
v 0.171472 0.047557 0.087559
v 0.172084 0.046636 0.087206
v 0.172468 0.045564 0.086984
v 0.172599 0.044414 0.086908
v 0.169900 0.048707 0.089130
v 0.170972 0.048263 0.089130
v 0.171893 0.047557 0.089130
v 0.172599 0.046636 0.089130
v 0.173043 0.045564 0.089130
v 0.173195 0.044414 0.089130
v 0.169746 0.048707 0.089705
v 0.170675 0.048263 0.090241
v 0.171472 0.047557 0.090702
v 0.172084 0.046636 0.091055
v 0.172468 0.045564 0.091277
v 0.172599 0.044414 0.091353
v 0.169325 0.048707 0.090126
v 0.169861 0.048263 0.091055
v 0.170321 0.047557 0.091852
v 0.170675 0.046636 0.092464
v 0.170897 0.045564 0.092848
v 0.170972 0.044414 0.092979
v 0.168750 0.048707 0.090281
v 0.168750 0.048263 0.091353
v 0.168750 0.047557 0.092273
v 0.168750 0.046636 0.092979
v 0.168750 0.045564 0.093423
v 0.168750 0.044414 0.093575
v 0.168175 0.048707 0.090126
v 0.167639 0.048263 0.091055
v 0.167179 0.047557 0.091852
v 0.166825 0.046636 0.092464
v 0.166603 0.045564 0.092848
v 0.166528 0.044414 0.092979
v 0.167754 0.048707 0.089705
v 0.166825 0.048263 0.090241
v 0.166028 0.047557 0.090702
v 0.165416 0.046636 0.091055
v 0.165032 0.045564 0.091277
v 0.164901 0.044414 0.091353
v 0.168750 0.048859 0.089130
v 0.167600 0.048707 0.089130
v 0.166528 0.048263 0.089130
v 0.165607 0.047557 0.089130
v 0.164901 0.046636 0.089130
v 0.164457 0.045564 0.089130
v 0.164305 0.044414 0.089130
v 0.167754 0.048707 0.088555
v 0.166825 0.048263 0.088019
v 0.166028 0.047557 0.087559
v 0.165416 0.046636 0.087206
v 0.165032 0.045564 0.086984
v 0.164901 0.044414 0.086908
v 0.168175 0.048707 0.088134
v 0.167639 0.048263 0.087206
v 0.167179 0.047557 0.086408
v 0.166825 0.046636 0.085797
v 0.166603 0.045564 0.085412
v 0.166528 0.044414 0.085281
v 0.168750 0.048707 0.087980
v 0.168750 0.048263 0.086908
v 0.168750 0.046636 0.085281
v 0.168750 0.044414 0.084685
v -0.225000 0.000000 0.150000
v -0.225000 0.040000 0.150000
v -0.168750 0.037842 0.080767
v -0.168750 0.044673 0.080767
v -0.175993 0.037842 0.084948
v -0.175993 0.044673 0.084948
v -0.175993 0.037842 0.093312
v -0.175993 0.044673 0.093312
v -0.168750 0.037842 0.097493
v -0.168750 0.044673 0.097493
v -0.161507 0.037842 0.093312
v -0.161507 0.044673 0.093312
v -0.161507 0.037842 0.084948
v -0.161507 0.044673 0.084948
v -0.168750 0.047557 0.085987
v -0.168750 0.045564 0.084837
v -0.169325 0.048707 0.088134
v -0.169861 0.048263 0.087206
v -0.170321 0.047557 0.086408
v -0.170675 0.046636 0.085797
v -0.170897 0.045564 0.085412
v -0.170972 0.044414 0.085281
v -0.169746 0.048707 0.088555
v -0.170675 0.048263 0.088019
v -0.171472 0.047557 0.087559
v -0.172084 0.046636 0.087206
v -0.172468 0.045564 0.086984
v -0.172599 0.044414 0.086908
v -0.169900 0.048707 0.089130
v -0.170972 0.048263 0.089130
v -0.171893 0.047557 0.089130
v -0.172599 0.046636 0.089130
v -0.173043 0.045564 0.089130
v -0.173195 0.044414 0.089130
v -0.169746 0.048707 0.089705
v -0.170675 0.048263 0.090241
v -0.171472 0.047557 0.090702
v -0.172084 0.046636 0.091055
v -0.172468 0.045564 0.091277
v -0.172599 0.044414 0.091353
v -0.169325 0.048707 0.090126
v -0.169861 0.048263 0.091055
v -0.170321 0.047557 0.091852
v -0.170675 0.046636 0.092464
v -0.170897 0.045564 0.092848
v -0.170972 0.044414 0.092979
v -0.168750 0.048707 0.090281
v -0.168750 0.048263 0.091353
v -0.168750 0.047557 0.092273
v -0.168750 0.046636 0.092979
v -0.168750 0.045564 0.093423
v -0.168750 0.044414 0.093575
v -0.168175 0.048707 0.090126
v -0.167639 0.048263 0.091055
v -0.167179 0.047557 0.091852
v -0.166825 0.046636 0.092464
v -0.166603 0.045564 0.092848
v -0.166528 0.044414 0.092979
v -0.167754 0.048707 0.089705
v -0.166825 0.048263 0.090241
v -0.166028 0.047557 0.090702
v -0.165416 0.046636 0.091055
v -0.165032 0.045564 0.091277
v -0.164901 0.044414 0.091353
v -0.168750 0.048859 0.089130
v -0.167600 0.048707 0.089130
v -0.166528 0.048263 0.089130
v -0.165607 0.047557 0.089130
v -0.164901 0.046636 0.089130
v -0.164457 0.045564 0.089130
v -0.164305 0.044414 0.089130
v -0.167754 0.048707 0.088555
v -0.166825 0.048263 0.088019
v -0.166028 0.047557 0.087559
v -0.165416 0.046636 0.087206
v -0.165032 0.045564 0.086984
v -0.164901 0.044414 0.086908
v -0.168175 0.048707 0.088134
v -0.167639 0.048263 0.087206
v -0.167179 0.047557 0.086408
v -0.166825 0.046636 0.085797
v -0.166603 0.045564 0.085412
v -0.166528 0.044414 0.085281
v -0.168750 0.048707 0.087980
v -0.168750 0.048263 0.086908
v -0.168750 0.046636 0.085281
v -0.168750 0.044414 0.084685
v 0.225000 0.000000 -0.150000
v 0.225000 0.040000 -0.150000
v 0.168750 0.037842 -0.080767
v 0.168750 0.044673 -0.080767
v 0.175993 0.037842 -0.084948
v 0.175993 0.044673 -0.084948
v 0.175993 0.037842 -0.093312
v 0.175993 0.044673 -0.093312
v 0.168750 0.037842 -0.097493
v 0.168750 0.044673 -0.097493
v 0.161507 0.037842 -0.093312
v 0.161507 0.044673 -0.093312
v 0.161507 0.037842 -0.084948
v 0.161507 0.044673 -0.084948
v 0.168750 0.047557 -0.085987
v 0.168750 0.045564 -0.084837
v 0.169325 0.048707 -0.088134
v 0.169861 0.048263 -0.087206
v 0.170321 0.047557 -0.086408
v 0.170675 0.046636 -0.085797
v 0.170897 0.045564 -0.085412
v 0.170972 0.044414 -0.085281
v 0.169746 0.048707 -0.088555
v 0.170675 0.048263 -0.088019
v 0.171472 0.047557 -0.087559
v 0.172084 0.046636 -0.087206
v 0.172468 0.045564 -0.086984
v 0.172599 0.044414 -0.086908
v 0.169900 0.048707 -0.089130
v 0.170972 0.048263 -0.089130
v 0.171893 0.047557 -0.089130
v 0.172599 0.046636 -0.089130
v 0.173043 0.045564 -0.089130
v 0.173195 0.044414 -0.089130
v 0.169746 0.048707 -0.089705
v 0.170675 0.048263 -0.090241
v 0.171472 0.047557 -0.090702
v 0.172084 0.046636 -0.091055
v 0.172468 0.045564 -0.091277
v 0.172599 0.044414 -0.091353
v 0.169325 0.048707 -0.090126
v 0.169861 0.048263 -0.091055
v 0.170321 0.047557 -0.091852
v 0.170675 0.046636 -0.092464
v 0.170897 0.045564 -0.092848
v 0.170972 0.044414 -0.092979
v 0.168750 0.048707 -0.090281
v 0.168750 0.048263 -0.091353
v 0.168750 0.047557 -0.092273
v 0.168750 0.046636 -0.092979
v 0.168750 0.045564 -0.093423
v 0.168750 0.044414 -0.093575
v 0.168175 0.048707 -0.090126
v 0.167639 0.048263 -0.091055
v 0.167179 0.047557 -0.091852
v 0.166825 0.046636 -0.092464
v 0.166603 0.045564 -0.092848
v 0.166528 0.044414 -0.092979
v 0.167754 0.048707 -0.089705
v 0.166825 0.048263 -0.090241
v 0.166028 0.047557 -0.090702
v 0.165416 0.046636 -0.091055
v 0.165032 0.045564 -0.091277
v 0.164901 0.044414 -0.091353
v 0.168750 0.048859 -0.089130
v 0.167600 0.048707 -0.089130
v 0.166528 0.048263 -0.089130
v 0.165607 0.047557 -0.089130
v 0.164901 0.046636 -0.089130
v 0.164457 0.045564 -0.089130
v 0.164305 0.044414 -0.089130
v 0.167754 0.048707 -0.088555
v 0.166825 0.048263 -0.088019
v 0.166028 0.047557 -0.087559
v 0.165416 0.046636 -0.087206
v 0.165032 0.045564 -0.086984
v 0.164901 0.044414 -0.086908
v 0.168175 0.048707 -0.088134
v 0.167639 0.048263 -0.087206
v 0.167179 0.047557 -0.086408
v 0.166825 0.046636 -0.085797
v 0.166603 0.045564 -0.085412
v 0.166528 0.044414 -0.085281
v 0.168750 0.048707 -0.087980
v 0.168750 0.048263 -0.086908
v 0.168750 0.046636 -0.085281
v 0.168750 0.044414 -0.084685
v -0.225000 0.000000 -0.150000
v -0.225000 0.040000 -0.150000
v -0.168750 0.037842 -0.080767
v -0.168750 0.044673 -0.080767
v -0.175993 0.037842 -0.084948
v -0.175993 0.044673 -0.084948
v -0.175993 0.037842 -0.093312
v -0.175993 0.044673 -0.093312
v -0.168750 0.037842 -0.097493
v -0.168750 0.044673 -0.097493
v -0.161507 0.037842 -0.093312
v -0.161507 0.044673 -0.093312
v -0.161507 0.037842 -0.084948
v -0.161507 0.044673 -0.084948
v -0.168750 0.047557 -0.085987
v -0.168750 0.045564 -0.084837
v -0.169325 0.048707 -0.088134
v -0.169861 0.048263 -0.087206
v -0.170321 0.047557 -0.086408
v -0.170675 0.046636 -0.085797
v -0.170897 0.045564 -0.085412
v -0.170972 0.044414 -0.085281
v -0.169746 0.048707 -0.088555
v -0.170675 0.048263 -0.088019
v -0.171472 0.047557 -0.087559
v -0.172084 0.046636 -0.087206
v -0.172468 0.045564 -0.086984
v -0.172599 0.044414 -0.086908
v -0.169900 0.048707 -0.089130
v -0.170972 0.048263 -0.089130
v -0.171893 0.047557 -0.089130
v -0.172599 0.046636 -0.089130
v -0.173043 0.045564 -0.089130
v -0.173195 0.044414 -0.089130
v -0.169746 0.048707 -0.089705
v -0.170675 0.048263 -0.090241
v -0.171472 0.047557 -0.090702
v -0.172084 0.046636 -0.091055
v -0.172468 0.045564 -0.091277
v -0.172599 0.044414 -0.091353
v -0.169325 0.048707 -0.090126
v -0.169861 0.048263 -0.091055
v -0.170321 0.047557 -0.091852
v -0.170675 0.046636 -0.092464
v -0.170897 0.045564 -0.092848
v -0.170972 0.044414 -0.092979
v -0.168750 0.048707 -0.090281
v -0.168750 0.048263 -0.091353
v -0.168750 0.047557 -0.092273
v -0.168750 0.046636 -0.092979
v -0.168750 0.045564 -0.093423
v -0.168750 0.044414 -0.093575
v -0.168175 0.048707 -0.090126
v -0.167639 0.048263 -0.091055
v -0.167179 0.047557 -0.091852
v -0.166825 0.046636 -0.092464
v -0.166603 0.045564 -0.092848
v -0.166528 0.044414 -0.092979
v -0.167754 0.048707 -0.089705
v -0.166825 0.048263 -0.090241
v -0.166028 0.047557 -0.090702
v -0.165416 0.046636 -0.091055
v -0.165032 0.045564 -0.091277
v -0.164901 0.044414 -0.091353
v -0.168750 0.048859 -0.089130
v -0.167600 0.048707 -0.089130
v -0.166528 0.048263 -0.089130
v -0.165607 0.047557 -0.089130
v -0.164901 0.046636 -0.089130
v -0.164457 0.045564 -0.089130
v -0.164305 0.044414 -0.089130
v -0.167754 0.048707 -0.088555
v -0.166825 0.048263 -0.088019
v -0.166028 0.047557 -0.087559
v -0.165416 0.046636 -0.087206
v -0.165032 0.045564 -0.086984
v -0.164901 0.044414 -0.086908
v -0.168175 0.048707 -0.088134
v -0.167639 0.048263 -0.087206
v -0.167179 0.047557 -0.086408
v -0.166825 0.046636 -0.085797
v -0.166603 0.045564 -0.085412
v -0.166528 0.044414 -0.085281
v -0.168750 0.048707 -0.087980
v -0.168750 0.048263 -0.086908
v -0.168750 0.046636 -0.085281
v -0.168750 0.044414 -0.084685
v -0.128503 0.039083 0.050000
v -0.128503 1.467668 0.050000
v -0.128503 0.039083 -0.050000
v -0.128503 1.467668 -0.050000
v 0.128503 0.039083 0.050000
v 0.128503 1.467668 0.050000
v 0.128503 0.039083 -0.050000
v 0.128503 1.467668 -0.050000
v -0.145188 0.805688 0.246257
v -0.185420 0.845920 0.246257
v -0.157620 0.807657 0.246257
v -0.168836 0.813372 0.246257
v -0.177736 0.822272 0.246257
v -0.183451 0.833488 0.246257
v -0.185420 1.513232 0.246257
v -0.145188 1.553464 0.246257
v -0.183451 1.525664 0.246257
v -0.177736 1.536880 0.246257
v -0.168836 1.545780 0.246257
v -0.157620 1.551495 0.246257
v -0.145308 0.805688 0.002417
v -0.185420 0.845800 0.002417
v -0.157703 0.807651 0.002417
v -0.168885 0.813349 0.002417
v -0.177759 0.822223 0.002417
v -0.183457 0.833405 0.002417
v -0.185420 1.513352 0.002417
v -0.145308 1.553464 0.002417
v -0.183457 1.525747 0.002417
v -0.177759 1.536929 0.002417
v -0.168885 1.545803 0.002417
v -0.157703 1.551501 0.002417
v 0.185420 0.845920 0.246257
v 0.145188 0.805688 0.246257
v 0.183451 0.833488 0.246257
v 0.177736 0.822272 0.246257
v 0.168836 0.813372 0.246257
v 0.157620 0.807657 0.246257
v 0.145188 1.553464 0.246257
v 0.185420 1.513232 0.246257
v 0.157620 1.551495 0.246257
v 0.168836 1.545780 0.246257
v 0.177736 1.536880 0.246257
v 0.183451 1.525664 0.246257
v 0.185420 0.845800 0.002417
v 0.145308 0.805688 0.002417
v 0.183457 0.833405 0.002417
v 0.177759 0.822223 0.002417
v 0.168885 0.813349 0.002417
v 0.157703 0.807651 0.002417
v 0.145308 1.553464 0.002417
v 0.185420 1.513352 0.002417
v 0.157703 1.551501 0.002417
v 0.168885 1.545803 0.002417
v 0.177759 1.536929 0.002417
v 0.183457 1.525747 0.002417
v -0.175420 0.855920 0.246257
v -0.135188 0.815688 0.246257
v -0.173451 0.843488 0.246257
v -0.167736 0.832272 0.246257
v -0.158836 0.823372 0.246257
v -0.147620 0.817657 0.246257
v -0.135188 1.543464 0.246257
v -0.175420 1.503232 0.246257
v -0.147620 1.541495 0.246257
v -0.158836 1.535780 0.246257
v -0.167736 1.526880 0.246257
v -0.173451 1.515664 0.246257
v -0.147624 0.817657 0.235818
v -0.135193 0.815688 0.235818
v 0.175420 0.855915 0.235818
v -0.175420 0.876134 0.235818
v 0.135188 0.815688 0.246257
v 0.175420 0.855920 0.246257
v 0.147620 0.817657 0.246257
v 0.158836 0.823372 0.246257
v 0.167736 0.832272 0.246257
v 0.173451 0.843488 0.246257
v 0.175420 1.503232 0.246257
v 0.135188 1.543464 0.246257
v 0.173451 1.515664 0.246257
v 0.167736 1.526880 0.246257
v 0.158836 1.535780 0.246257
v 0.147620 1.541495 0.246257
v 0.135193 0.815688 0.235818
v 0.147624 0.817657 0.235818
v 0.158838 0.823371 0.235818
v 0.167737 0.832270 0.235818
v 0.173451 0.843484 0.235818
v -0.175420 0.855915 0.235818
v -0.185420 1.476086 0.246257
v -0.185420 1.476187 0.002417
v -0.175420 1.467668 0.246257
v 0.185420 1.476187 0.002417
v 0.185420 1.476086 0.246257
v 0.175420 1.467668 0.246257
v -0.175420 1.467769 0.012417
v 0.175420 1.467769 0.012417
v -0.185420 0.866865 0.002417
v 0.185420 0.866865 0.002417
v 0.185420 0.866975 0.246257
v 0.175420 0.876139 0.246257
v -0.185420 0.866975 0.246257
v -0.175420 0.876139 0.246257
v -0.175420 0.876029 0.012417
v 0.175420 0.876029 0.012417
v -0.175420 1.467744 0.069539
v 0.175420 1.467744 0.069539
v 0.135278 0.815688 0.069539
v 0.147683 0.817653 0.069539
v 0.158873 0.823354 0.069539
v 0.167754 0.832235 0.069539
v 0.173455 0.843425 0.069539
v 0.175420 0.855830 0.069539
v -0.135278 0.815688 0.069539
v -0.147683 0.817653 0.069539
v -0.158873 0.823354 0.069539
v -0.167754 0.832235 0.069539
v -0.173455 0.843425 0.069539
v -0.175420 0.855830 0.069539
v -0.175420 0.876055 0.069539
v 0.175420 0.876055 0.069539
v -0.158838 0.823371 0.235818
v -0.167737 0.832270 0.235818
v -0.173451 0.843484 0.235818
v 0.175420 0.876134 0.235818
v -0.173451 1.515664 0.235818
v -0.175420 1.503232 0.235818
v -0.167736 1.526880 0.235818
v -0.158836 1.535780 0.235818
v -0.147620 1.541495 0.235818
v -0.135188 1.543464 0.235818
v 0.175420 1.503232 0.235818
v 0.173451 1.515664 0.235818
v 0.167736 1.526880 0.235818
v 0.158836 1.535780 0.235818
v 0.147620 1.541495 0.235818
v 0.135188 1.543464 0.235818
v -0.175420 1.467668 0.235818
v 0.175420 1.467668 0.235818
v 0.011646 1.135818 0.158706
v 0.014529 1.130607 0.150674
v -0.011644 1.135821 0.158709
v -0.014523 1.130616 0.150678
v -0.016121 1.165148 0.151782
v 0.015121 1.165179 0.165609
v -0.015121 1.165179 0.165609
v 0.016121 1.165148 0.151782
v 0.016679 1.162811 0.145876
v -0.016679 1.162811 0.145876
v -0.016443 1.127752 0.145755
v 0.016453 1.127737 0.145751
v 0.000001 1.122639 0.145412
v -0.000000 1.167312 0.145630
v 0.000001 1.149028 0.168110
v 0.019098 1.145725 0.150701
v -0.014267 1.148112 0.162511
v 0.014268 1.148111 0.162509
v -0.019097 1.145727 0.150702
v -0.021144 1.144993 0.145677
v 0.021145 1.144992 0.145676
v 0.018314 1.126303 0.140521
v -0.018313 1.126304 0.140521
v -0.018269 1.162870 0.140381
v 0.018269 1.162870 0.140381
v 0.000001 1.165291 0.170767
v -0.000000 1.168601 0.149538
v 0.000001 1.125202 0.150102
v 0.000001 1.134230 0.160330
v -0.027495 1.144649 0.133138
v -0.026558 1.137533 0.133137
v -0.023811 1.130902 0.133138
v -0.019443 1.125207 0.133141
v -0.013746 1.120840 0.133132
v -0.007115 1.118097 0.133125
v 0.000000 1.117161 0.133123
v 0.007115 1.118097 0.133125
v 0.013746 1.120840 0.133132
v 0.019443 1.125207 0.133141
v 0.023811 1.130902 0.133138
v 0.026558 1.137533 0.133137
v 0.027495 1.144649 0.133138
v 0.026559 1.151766 0.133140
v 0.023813 1.158398 0.133144
v 0.019445 1.164094 0.133148
v 0.013750 1.168465 0.133149
v 0.007117 1.171212 0.133149
v 0.000000 1.172149 0.133149
v -0.007117 1.171212 0.133149
v -0.013750 1.168465 0.133149
v -0.019445 1.164094 0.133148
v -0.023813 1.158398 0.133144
v -0.026559 1.151766 0.133140
v -0.014778 1.140689 0.119984
v -0.015300 1.144649 0.119984
v -0.013250 1.136999 0.119984
v -0.010818 1.133831 0.119984
v -0.007650 1.131399 0.119984
v -0.003960 1.129871 0.119984
v 0.000000 1.129350 0.119984
v 0.003960 1.129871 0.119984
v 0.007650 1.131399 0.119984
v 0.010818 1.133831 0.119984
v 0.013250 1.136999 0.119984
v 0.014778 1.140689 0.119984
v 0.015300 1.144649 0.119984
v 0.014778 1.148609 0.119984
v 0.013250 1.152299 0.119984
v 0.010818 1.155468 0.119984
v 0.007650 1.157899 0.119984
v 0.003960 1.159428 0.119984
v 0.000000 1.159949 0.119984
v -0.003960 1.159428 0.119984
v -0.007650 1.157899 0.119984
v -0.010818 1.155468 0.119984
v -0.013250 1.152299 0.119984
v -0.014778 1.148609 0.119984
v -0.020441 1.139172 0.121108
v -0.021162 1.144649 0.121108
v -0.018327 1.134068 0.121108
v -0.014964 1.129685 0.121108
v -0.010581 1.126322 0.121108
v -0.005477 1.124208 0.121108
v 0.000000 1.123487 0.121108
v 0.005477 1.124208 0.121108
v 0.010581 1.126322 0.121108
v 0.014964 1.129685 0.121108
v 0.018327 1.134068 0.121108
v 0.020441 1.139172 0.121108
v 0.021162 1.144649 0.121108
v 0.020441 1.150126 0.121108
v 0.018327 1.155230 0.121108
v 0.014964 1.159613 0.121108
v 0.010581 1.162976 0.121108
v 0.005477 1.165090 0.121108
v 0.000000 1.165812 0.121108
v -0.005477 1.165090 0.121108
v -0.010581 1.162976 0.121108
v -0.014964 1.159613 0.121108
v -0.018327 1.155230 0.121108
v -0.020441 1.150126 0.121108
v 0.000000 1.144649 0.119984
v -0.027492 1.144649 0.133802
v -0.026556 1.137534 0.133802
v -0.023810 1.130903 0.133801
v -0.019441 1.125208 0.133800
v -0.013743 1.120846 0.133807
v -0.007112 1.118106 0.133812
v 0.000000 1.117173 0.133814
v 0.007112 1.118106 0.133812
v 0.013743 1.120846 0.133807
v 0.019441 1.125208 0.133800
v 0.023810 1.130903 0.133801
v 0.026556 1.137534 0.133802
v 0.027492 1.144649 0.133802
v 0.026557 1.151765 0.133800
v 0.023813 1.158397 0.133798
v 0.019445 1.164094 0.133797
v 0.013750 1.168465 0.133796
v 0.007117 1.171212 0.133796
v 0.000000 1.172149 0.133796
v -0.007117 1.171212 0.133796
v -0.013750 1.168465 0.133796
v -0.019445 1.164094 0.133797
v -0.023813 1.158397 0.133798
v -0.026557 1.151765 0.133800
v -0.027433 1.144648 0.135784
v -0.026519 1.137568 0.135796
v -0.023784 1.130900 0.135772
v -0.019429 1.125221 0.135758
v -0.013748 1.120933 0.135857
v -0.007021 1.118197 0.135910
v 0.000000 1.117261 0.135836
v 0.007021 1.118197 0.135910
v 0.013748 1.120933 0.135857
v 0.019429 1.125221 0.135758
v 0.023784 1.130900 0.135772
v 0.026519 1.137568 0.135796
v 0.027433 1.144648 0.135784
v 0.026507 1.151720 0.135809
v 0.023777 1.158397 0.135777
v 0.019436 1.164084 0.135748
v 0.013750 1.168448 0.135756
v 0.007110 1.171203 0.135750
v 0.000000 1.172144 0.135741
v -0.007110 1.171203 0.135750
v -0.013750 1.168448 0.135756
v -0.019436 1.164084 0.135748
v -0.023777 1.158397 0.135777
v -0.026507 1.151720 0.135809
v -0.026855 1.144649 0.133151
v -0.025940 1.137699 0.133151
v -0.023257 1.131222 0.133151
v -0.018990 1.125659 0.133151
v -0.013427 1.121393 0.133152
v -0.006950 1.118713 0.133153
v 0.000000 1.117799 0.133153
v 0.006950 1.118713 0.133153
v 0.013427 1.121393 0.133152
v 0.018990 1.125659 0.133151
v 0.023257 1.131222 0.133151
v 0.025940 1.137699 0.133151
v 0.026855 1.144649 0.133151
v 0.025941 1.151600 0.133151
v 0.023259 1.158078 0.133150
v 0.018991 1.163640 0.133150
v 0.013429 1.167909 0.133150
v 0.006951 1.170592 0.133150
v 0.000000 1.171507 0.133150
v -0.006951 1.170592 0.133150
v -0.013429 1.167909 0.133150
v -0.018991 1.163640 0.133150
v -0.023259 1.158078 0.133150
v -0.025941 1.151600 0.133151
v -0.026854 1.144649 0.133793
v -0.025939 1.137699 0.133794
v -0.023257 1.131222 0.133794
v -0.018989 1.125660 0.133794
v -0.013425 1.121396 0.133791
v -0.006948 1.118717 0.133790
v 0.000000 1.117805 0.133789
v 0.006948 1.118717 0.133790
v 0.013425 1.121396 0.133791
v 0.018989 1.125660 0.133794
v 0.023257 1.131222 0.133794
v 0.025939 1.137699 0.133794
v 0.026854 1.144649 0.133793
v 0.025940 1.151600 0.133794
v 0.023258 1.158077 0.133795
v 0.018991 1.163640 0.133795
v 0.013429 1.167909 0.133796
v 0.006951 1.170592 0.133796
v 0.000000 1.171507 0.133796
v -0.006951 1.170592 0.133796
v -0.013429 1.167909 0.133796
v -0.018991 1.163640 0.133795
v -0.023258 1.158077 0.133795
v -0.025940 1.151600 0.133794
v -0.022814 1.138536 0.119984
v -0.026563 1.137532 0.123831
v -0.025465 1.137826 0.121111
v -0.027500 1.144649 0.123832
v -0.023619 1.144649 0.119984
v -0.026363 1.144649 0.121111
v -0.020455 1.132840 0.119984
v -0.023816 1.130899 0.123831
v -0.022831 1.131468 0.121111
v -0.016701 1.127948 0.119984
v -0.019445 1.125204 0.123831
v -0.018642 1.126008 0.121111
v -0.011809 1.124195 0.119984
v -0.013750 1.120834 0.123831
v -0.013182 1.121818 0.121111
v -0.006113 1.121835 0.119984
v -0.007118 1.118086 0.123831
v -0.006823 1.119184 0.121111
v 0.000000 1.121030 0.119984
v 0.000000 1.117149 0.123831
v 0.000000 1.118286 0.121111
v 0.006113 1.121835 0.119984
v 0.007118 1.118086 0.123831
v 0.006823 1.119184 0.121111
v 0.011809 1.124195 0.119984
v 0.013750 1.120834 0.123831
v 0.013182 1.121818 0.121111
v 0.016701 1.127948 0.119984
v 0.019445 1.125204 0.123831
v 0.018642 1.126008 0.121111
v 0.020455 1.132840 0.119984
v 0.023816 1.130899 0.123831
v 0.022831 1.131468 0.121111
v 0.022814 1.138536 0.119984
v 0.026563 1.137532 0.123831
v 0.025465 1.137826 0.121111
v 0.023619 1.144649 0.119984
v 0.027500 1.144649 0.123831
v 0.026363 1.144649 0.121111
v 0.022814 1.150762 0.119984
v 0.026563 1.151767 0.123831
v 0.025465 1.151473 0.121111
v 0.020455 1.156459 0.119984
v 0.023816 1.158399 0.123831
v 0.022831 1.157831 0.121111
v 0.016701 1.161350 0.119984
v 0.019445 1.164095 0.123831
v 0.018642 1.163291 0.121111
v 0.011809 1.165104 0.119984
v 0.013750 1.168465 0.123831
v 0.013182 1.167480 0.121111
v 0.006113 1.167463 0.119984
v 0.007118 1.171212 0.123831
v 0.006823 1.170114 0.121111
v 0.000000 1.168268 0.119984
v 0.000000 1.172149 0.123831
v 0.000000 1.171012 0.121111
v -0.006113 1.167463 0.119984
v -0.007118 1.171212 0.123831
v -0.006823 1.170114 0.121111
v -0.011809 1.165104 0.119984
v -0.013750 1.168465 0.123831
v -0.013182 1.167480 0.121111
v -0.016701 1.161350 0.119984
v -0.019445 1.164095 0.123831
v -0.018642 1.163291 0.121111
v -0.020455 1.156459 0.119984
v -0.023816 1.158399 0.123831
v -0.022831 1.157831 0.121111
v -0.022814 1.150762 0.119984
v -0.026563 1.151767 0.123831
v -0.025465 1.151473 0.121111
v -0.021633 1.144649 0.119984
v -0.021162 1.144649 0.120450
v -0.020441 1.139172 0.120450
v -0.020896 1.139050 0.119984
v -0.018327 1.134068 0.120450
v -0.018734 1.133833 0.119984
v -0.014964 1.129685 0.120450
v -0.015297 1.129353 0.119984
v -0.010581 1.126322 0.120450
v -0.010816 1.125915 0.119984
v -0.005477 1.124208 0.120450
v -0.005599 1.123754 0.119984
v 0.000000 1.123487 0.120450
v 0.000000 1.123017 0.119984
v 0.005477 1.124208 0.120450
v 0.005599 1.123754 0.119984
v 0.010581 1.126322 0.120450
v 0.010816 1.125915 0.119984
v 0.014964 1.129685 0.120450
v 0.015297 1.129353 0.119984
v 0.018327 1.134068 0.120450
v 0.018734 1.133833 0.119984
v 0.020441 1.139172 0.120450
v 0.020896 1.139050 0.119984
v 0.021162 1.144649 0.120450
v 0.021633 1.144649 0.119984
v 0.020441 1.150126 0.120450
v 0.020896 1.150248 0.119984
v 0.018327 1.155230 0.120450
v 0.018734 1.155465 0.119984
v 0.014964 1.159613 0.120450
v 0.015297 1.159946 0.119984
v 0.010581 1.162976 0.120450
v 0.010816 1.163384 0.119984
v 0.005477 1.165090 0.120450
v 0.005599 1.165545 0.119984
v 0.000000 1.165812 0.120450
v 0.000000 1.166282 0.119984
v -0.005477 1.165090 0.120450
v -0.005599 1.165545 0.119984
v -0.010581 1.162976 0.120450
v -0.010816 1.163384 0.119984
v -0.014964 1.159613 0.120450
v -0.015297 1.159946 0.119984
v -0.018327 1.155230 0.120450
v -0.018734 1.155465 0.119984
v -0.020441 1.150126 0.120450
v -0.020896 1.150248 0.119984
v 0.000000 1.119128 0.140368
v -0.000000 1.170285 0.140964
v -0.025351 1.144624 0.140073
v 0.025351 1.144623 0.140073
v -0.009900 1.168236 0.140802
v -0.009897 1.120994 0.140730
v 0.023639 1.134739 0.140799
v -0.023489 1.154462 0.140553
v -0.023639 1.134740 0.140799
v 0.023489 1.154462 0.140553
v 0.009898 1.120994 0.140729
v 0.009900 1.168236 0.140802
v 0.008307 1.148837 0.166820
v 0.009343 1.166655 0.145616
v 0.009364 1.123636 0.145562
v 0.008469 1.126595 0.150461
v 0.008932 1.168412 0.149820
v 0.008771 1.165349 0.169650
v 0.007169 1.134765 0.159828
v -0.008770 1.165349 0.169650
v -0.008932 1.168413 0.149819
v -0.007167 1.134766 0.159831
v -0.009361 1.123640 0.145564
v -0.009343 1.166655 0.145616
v -0.008306 1.148838 0.166821
v -0.008465 1.126600 0.150463
v 0.017799 1.137232 0.150691
v -0.013019 1.140745 0.160601
v 0.000001 1.141143 0.165118
v -0.019931 1.135566 0.145802
v 0.019934 1.135561 0.145800
v -0.017796 1.137237 0.150694
v 0.013020 1.140743 0.160598
v 0.007651 1.141127 0.163964
v -0.007650 1.141128 0.163967
v 0.014944 1.156539 0.164190
v -0.018790 1.155228 0.151120
v 0.020155 1.154557 0.145818
v -0.020155 1.154558 0.145818
v -0.014944 1.156539 0.164190
v 0.018790 1.155227 0.151120
v 0.000001 1.157244 0.169752
v 0.008679 1.157086 0.168539
v -0.008678 1.157086 0.168539
v -0.000000 1.174436 0.151870
v 0.000001 1.173406 0.171676
v -0.015164 1.174781 0.166862
v 0.015175 1.174874 0.154734
v -0.015175 1.174874 0.154734
v 0.015164 1.174781 0.166862
v 0.008775 1.174440 0.170667
v 0.008633 1.175102 0.152421
v -0.008775 1.174438 0.170667
v -0.008633 1.175103 0.152421
v 0.000001 1.187173 0.173243
v -0.015134 1.188540 0.168175
v 0.015053 1.188436 0.156738
v 0.008793 1.188192 0.172089
v -0.008792 1.188190 0.172089
v -0.000000 1.187710 0.154223
v -0.015053 1.188436 0.156738
v 0.015134 1.188540 0.168175
v 0.008697 1.188268 0.154670
v -0.008697 1.188268 0.154670
v -0.017413 1.146877 0.156373
v 0.017414 1.146876 0.156372
v -0.013039 1.133281 0.154941
v 0.013043 1.133276 0.154938
v 0.017453 1.164953 0.158668
v -0.017453 1.164953 0.158668
v 0.000001 1.128617 0.154530
v 0.007698 1.129912 0.154754
v -0.007696 1.129914 0.154756
v -0.015898 1.139112 0.155620
v 0.015900 1.139108 0.155617
v 0.017851 1.155789 0.157440
v -0.017851 1.155789 0.157440
v -0.017388 1.174644 0.160172
v 0.017388 1.174644 0.160172
v -0.017372 1.188388 0.161630
v 0.017372 1.188388 0.161630
v -0.015171 1.203500 0.169141
v -0.015454 1.202615 0.157482
v 0.015171 1.203500 0.169141
v 0.015454 1.202615 0.157482
v 0.000000 1.201875 0.174424
v 0.000000 1.201435 0.155011
v 0.000000 1.219649 0.155673
v 0.008959 1.202042 0.155424
v 0.009014 1.219649 0.155986
v 0.008816 1.203079 0.173206
v -0.008816 1.203078 0.173207
v -0.008959 1.202042 0.155424
v -0.009014 1.219649 0.155986
v 0.017454 1.202979 0.162441
v -0.017453 1.202979 0.162441
v -0.008912 1.219649 0.173771
v 0.000000 1.219649 0.174888
v 0.015869 1.219649 0.157722
v 0.008912 1.219649 0.173771
v 0.015601 1.219649 0.169982
v 0.017692 1.219649 0.162618
v -0.017692 1.219649 0.162618
v -0.015601 1.219649 0.169982
v -0.015869 1.219649 0.157722
v 0.011646 1.303480 0.158706
v 0.014529 1.308692 0.150674
v -0.011644 1.303477 0.158709
v -0.014523 1.308682 0.150678
v -0.016121 1.274150 0.151782
v 0.015121 1.274119 0.165609
v -0.015121 1.274119 0.165609
v 0.016121 1.274150 0.151782
v 0.016679 1.276488 0.145876
v -0.016679 1.276488 0.145876
v -0.016443 1.311546 0.145755
v 0.016453 1.311561 0.145751
v 0.000001 1.316659 0.145412
v -0.000000 1.271986 0.145630
v 0.000001 1.290270 0.168110
v 0.019098 1.293574 0.150701
v -0.014267 1.291186 0.162511
v 0.014268 1.291188 0.162509
v -0.019097 1.293572 0.150702
v -0.021144 1.294305 0.145677
v 0.021145 1.294307 0.145676
v 0.018314 1.312995 0.140521
v -0.018313 1.312994 0.140521
v -0.018269 1.276428 0.140381
v 0.018269 1.276428 0.140381
v 0.000001 1.274007 0.170767
v -0.000000 1.270697 0.149538
v 0.000001 1.314096 0.150102
v 0.000001 1.305068 0.160330
v -0.027495 1.294649 0.133138
v -0.026558 1.301765 0.133137
v -0.023811 1.308397 0.133138
v -0.019443 1.314092 0.133141
v -0.013746 1.318458 0.133132
v -0.007115 1.321201 0.133125
v -0.000000 1.322137 0.133123
v 0.007115 1.321201 0.133125
v 0.013746 1.318458 0.133132
v 0.019443 1.314092 0.133141
v 0.023811 1.308397 0.133138
v 0.026558 1.301765 0.133137
v 0.027495 1.294649 0.133138
v 0.026559 1.287533 0.133140
v 0.023813 1.280900 0.133144
v 0.019445 1.275204 0.133148
v 0.013750 1.270834 0.133149
v 0.007117 1.268086 0.133149
v -0.000000 1.267149 0.133149
v -0.007117 1.268086 0.133149
v -0.013750 1.270834 0.133149
v -0.019445 1.275204 0.133148
v -0.023813 1.280900 0.133144
v -0.026559 1.287533 0.133140
v -0.014778 1.298609 0.119984
v -0.015300 1.294649 0.119984
v -0.013250 1.302299 0.119984
v -0.010818 1.305468 0.119984
v -0.007650 1.307899 0.119984
v -0.003960 1.309427 0.119984
v -0.000000 1.309949 0.119984
v 0.003960 1.309427 0.119984
v 0.007650 1.307899 0.119984
v 0.010818 1.305468 0.119984
v 0.013250 1.302299 0.119984
v 0.014778 1.298609 0.119984
v 0.015300 1.294649 0.119984
v 0.014778 1.290689 0.119984
v 0.013250 1.286999 0.119984
v 0.010818 1.283831 0.119984
v 0.007650 1.281399 0.119984
v 0.003960 1.279871 0.119984
v -0.000000 1.279350 0.119984
v -0.003960 1.279871 0.119984
v -0.007650 1.281399 0.119984
v -0.010818 1.283831 0.119984
v -0.013250 1.286999 0.119984
v -0.014778 1.290689 0.119984
v -0.020441 1.300126 0.121108
v -0.021162 1.294649 0.121108
v -0.018327 1.305230 0.121108
v -0.014964 1.309613 0.121108
v -0.010581 1.312976 0.121108
v -0.005477 1.315090 0.121108
v -0.000000 1.315812 0.121108
v 0.005477 1.315090 0.121108
v 0.010581 1.312976 0.121108
v 0.014964 1.309613 0.121108
v 0.018327 1.305230 0.121108
v 0.020441 1.300126 0.121108
v 0.021162 1.294649 0.121108
v 0.020441 1.289172 0.121108
v 0.018327 1.284068 0.121108
v 0.014964 1.279685 0.121108
v 0.010581 1.276322 0.121108
v 0.005477 1.274208 0.121108
v -0.000000 1.273487 0.121108
v -0.005477 1.274208 0.121108
v -0.010581 1.276322 0.121108
v -0.014964 1.279685 0.121108
v -0.018327 1.284068 0.121108
v -0.020441 1.289172 0.121108
v -0.000000 1.294649 0.119984
v -0.027492 1.294649 0.133802
v -0.026556 1.301765 0.133802
v -0.023810 1.308396 0.133801
v -0.019441 1.314090 0.133800
v -0.013743 1.318452 0.133807
v -0.007112 1.321193 0.133812
v -0.000000 1.322125 0.133814
v 0.007112 1.321192 0.133812
v 0.013743 1.318452 0.133807
v 0.019441 1.314090 0.133800
v 0.023810 1.308396 0.133801
v 0.026556 1.301765 0.133802
v 0.027492 1.294649 0.133802
v 0.026557 1.287533 0.133800
v 0.023813 1.280901 0.133798
v 0.019445 1.275205 0.133797
v 0.013750 1.270834 0.133796
v 0.007117 1.268087 0.133796
v -0.000000 1.267150 0.133796
v -0.007117 1.268087 0.133796
v -0.013750 1.270834 0.133796
v -0.019445 1.275205 0.133797
v -0.023813 1.280901 0.133798
v -0.026557 1.287533 0.133800
v -0.027433 1.294650 0.135784
v -0.026519 1.301731 0.135796
v -0.023784 1.308398 0.135772
v -0.019429 1.314078 0.135758
v -0.013748 1.318365 0.135857
v -0.007021 1.321102 0.135910
v 0.000000 1.322038 0.135836
v 0.007021 1.321101 0.135910
v 0.013748 1.318365 0.135857
v 0.019429 1.314078 0.135758
v 0.023784 1.308398 0.135772
v 0.026519 1.301731 0.135796
v 0.027433 1.294650 0.135784
v 0.026507 1.287578 0.135809
v 0.023777 1.280901 0.135777
v 0.019436 1.275214 0.135748
v 0.013750 1.270850 0.135756
v 0.007110 1.268095 0.135750
v -0.000000 1.267155 0.135741
v -0.007110 1.268095 0.135750
v -0.013750 1.270850 0.135756
v -0.019436 1.275214 0.135748
v -0.023777 1.280901 0.135777
v -0.026507 1.287578 0.135809
v -0.026855 1.294649 0.133151
v -0.025940 1.301600 0.133151
v -0.023257 1.308077 0.133151
v -0.018990 1.313639 0.133151
v -0.013427 1.317905 0.133152
v -0.006950 1.320586 0.133153
v -0.000000 1.321500 0.133153
v 0.006950 1.320586 0.133153
v 0.013427 1.317905 0.133152
v 0.018990 1.313639 0.133151
v 0.023257 1.308077 0.133151
v 0.025940 1.301600 0.133151
v 0.026855 1.294649 0.133151
v 0.025941 1.287698 0.133151
v 0.023259 1.281221 0.133150
v 0.018991 1.275658 0.133150
v 0.013429 1.271389 0.133150
v 0.006951 1.268706 0.133150
v -0.000000 1.267791 0.133150
v -0.006951 1.268706 0.133150
v -0.013429 1.271389 0.133150
v -0.018991 1.275658 0.133150
v -0.023259 1.281221 0.133150
v -0.025941 1.287698 0.133151
v -0.026854 1.294649 0.133793
v -0.025939 1.301600 0.133794
v -0.023257 1.308076 0.133794
v -0.018989 1.313639 0.133794
v -0.013425 1.317902 0.133791
v -0.006948 1.320581 0.133790
v -0.000000 1.321494 0.133789
v 0.006948 1.320581 0.133790
v 0.013425 1.317902 0.133791
v 0.018989 1.313639 0.133794
v 0.023257 1.308076 0.133794
v 0.025939 1.301600 0.133794
v 0.026854 1.294649 0.133793
v 0.025940 1.287699 0.133794
v 0.023258 1.281221 0.133795
v 0.018991 1.275658 0.133795
v 0.013429 1.271390 0.133796
v 0.006951 1.268707 0.133796
v -0.000000 1.267791 0.133796
v -0.006951 1.268707 0.133796
v -0.013429 1.271390 0.133796
v -0.018991 1.275658 0.133795
v -0.023258 1.281221 0.133795
v -0.025940 1.287699 0.133794
v -0.022814 1.300762 0.119984
v -0.026563 1.301767 0.123831
v -0.025465 1.301473 0.121111
v -0.027500 1.294649 0.123832
v -0.023619 1.294649 0.119984
v -0.026363 1.294649 0.121111
v -0.020455 1.306459 0.119984
v -0.023816 1.308399 0.123831
v -0.022831 1.307831 0.121111
v -0.016701 1.311350 0.119984
v -0.019445 1.314095 0.123831
v -0.018642 1.313291 0.121111
v -0.011809 1.315104 0.119984
v -0.013750 1.318465 0.123831
v -0.013182 1.317481 0.121111
v -0.006113 1.317463 0.119984
v -0.007118 1.321212 0.123831
v -0.006823 1.320114 0.121111
v -0.000000 1.318268 0.119984
v -0.000000 1.322149 0.123831
v -0.000000 1.321012 0.121111
v 0.006113 1.317463 0.119984
v 0.007118 1.321212 0.123831
v 0.006823 1.320114 0.121111
v 0.011809 1.315104 0.119984
v 0.013750 1.318465 0.123831
v 0.013182 1.317481 0.121111
v 0.016701 1.311350 0.119984
v 0.019445 1.314095 0.123831
v 0.018642 1.313291 0.121111
v 0.020455 1.306459 0.119984
v 0.023816 1.308399 0.123831
v 0.022831 1.307831 0.121111
v 0.022814 1.300762 0.119984
v 0.026563 1.301767 0.123831
v 0.025465 1.301473 0.121111
v 0.023619 1.294649 0.119984
v 0.027500 1.294649 0.123831
v 0.026363 1.294649 0.121111
v 0.022814 1.288536 0.119984
v 0.026563 1.287532 0.123831
v 0.025465 1.287826 0.121111
v 0.020455 1.282840 0.119984
v 0.023816 1.280899 0.123831
v 0.022831 1.281468 0.121111
v 0.016701 1.277948 0.119984
v 0.019445 1.275204 0.123831
v 0.018642 1.276008 0.121111
v 0.011809 1.274195 0.119984
v 0.013750 1.270833 0.123831
v 0.013182 1.271818 0.121111
v 0.006113 1.271835 0.119984
v 0.007118 1.268086 0.123831
v 0.006823 1.269184 0.121111
v -0.000000 1.271030 0.119984
v -0.000000 1.267149 0.123831
v -0.000000 1.268286 0.121111
v -0.006113 1.271835 0.119984
v -0.007118 1.268086 0.123831
v -0.006823 1.269184 0.121111
v -0.011809 1.274195 0.119984
v -0.013750 1.270833 0.123831
v -0.013182 1.271818 0.121111
v -0.016701 1.277948 0.119984
v -0.019445 1.275204 0.123831
v -0.018642 1.276008 0.121111
v -0.020455 1.282840 0.119984
v -0.023816 1.280899 0.123831
v -0.022831 1.281468 0.121111
v -0.022814 1.288536 0.119984
v -0.026563 1.287532 0.123831
v -0.025465 1.287826 0.121111
v -0.021633 1.294649 0.119984
v -0.021162 1.294649 0.120450
v -0.020441 1.300126 0.120450
v -0.020896 1.300248 0.119984
v -0.018327 1.305230 0.120450
v -0.018734 1.305466 0.119984
v -0.014964 1.309613 0.120450
v -0.015297 1.309946 0.119984
v -0.010581 1.312976 0.120450
v -0.010816 1.313384 0.119984
v -0.005477 1.315090 0.120450
v -0.005599 1.315545 0.119984
v -0.000000 1.315812 0.120450
v -0.000000 1.316282 0.119984
v 0.005477 1.315090 0.120450
v 0.005599 1.315545 0.119984
v 0.010581 1.312976 0.120450
v 0.010816 1.313384 0.119984
v 0.014964 1.309613 0.120450
v 0.015297 1.309946 0.119984
v 0.018327 1.305230 0.120450
v 0.018734 1.305466 0.119984
v 0.020441 1.300126 0.120450
v 0.020896 1.300248 0.119984
v 0.021162 1.294649 0.120450
v 0.021633 1.294649 0.119984
v 0.020441 1.289172 0.120450
v 0.020896 1.289050 0.119984
v 0.018327 1.284068 0.120450
v 0.018734 1.283833 0.119984
v 0.014964 1.279685 0.120450
v 0.015297 1.279353 0.119984
v 0.010581 1.276322 0.120450
v 0.010816 1.275915 0.119984
v 0.005477 1.274208 0.120450
v 0.005599 1.273754 0.119984
v -0.000000 1.273487 0.120450
v -0.000000 1.273017 0.119984
v -0.005477 1.274208 0.120450
v -0.005599 1.273754 0.119984
v -0.010581 1.276322 0.120450
v -0.010816 1.275915 0.119984
v -0.014964 1.279685 0.120450
v -0.015297 1.279353 0.119984
v -0.018327 1.284068 0.120450
v -0.018734 1.283833 0.119984
v -0.020441 1.289172 0.120450
v -0.020896 1.289050 0.119984
v 0.000000 1.320170 0.140368
v -0.000000 1.269013 0.140964
v -0.025351 1.294675 0.140073
v 0.025351 1.294675 0.140073
v -0.009900 1.271062 0.140802
v -0.009897 1.318304 0.140730
v 0.023639 1.304559 0.140799
v -0.023489 1.284836 0.140553
v -0.023639 1.304559 0.140799
v 0.023489 1.284836 0.140553
v 0.009898 1.318304 0.140729
v 0.009900 1.271062 0.140802
v 0.008307 1.290461 0.166820
v 0.009343 1.272643 0.145616
v 0.009364 1.315663 0.145562
v 0.008469 1.312704 0.150461
v 0.008932 1.270886 0.149820
v 0.008771 1.273949 0.169650
v 0.007169 1.304534 0.159828
v -0.008770 1.273949 0.169650
v -0.008932 1.270886 0.149819
v -0.007167 1.304532 0.159831
v -0.009361 1.315658 0.145564
v -0.009343 1.272643 0.145616
v -0.008306 1.290461 0.166821
v -0.008465 1.312699 0.150463
v 0.017799 1.302067 0.150691
v -0.013019 1.298553 0.160601
v 0.000001 1.298156 0.165118
v -0.019931 1.303732 0.145802
v 0.019934 1.303738 0.145800
v -0.017796 1.302061 0.150694
v 0.013020 1.298555 0.160598
v 0.007651 1.298171 0.163964
v -0.007650 1.298170 0.163967
v 0.014944 1.282760 0.164190
v -0.018790 1.284071 0.151120
v 0.020155 1.284741 0.145818
v -0.020155 1.284741 0.145818
v -0.014944 1.282760 0.164190
v 0.018790 1.284071 0.151120
v 0.000001 1.282054 0.169752
v 0.008679 1.282213 0.168539
v -0.008678 1.282212 0.168539
v -0.000000 1.264862 0.151870
v 0.000001 1.265893 0.171676
v -0.015164 1.264517 0.166862
v 0.015175 1.264424 0.154734
v -0.015175 1.264424 0.154734
v 0.015164 1.264517 0.166862
v 0.008775 1.264858 0.170667
v 0.008633 1.264196 0.152421
v -0.008775 1.264860 0.170667
v -0.008633 1.264196 0.152421
v 0.000001 1.252125 0.173243
v -0.015134 1.250759 0.168175
v 0.015053 1.250862 0.156738
v 0.008793 1.251107 0.172089
v -0.008792 1.251108 0.172089
v -0.000000 1.251588 0.154223
v -0.015053 1.250862 0.156738
v 0.015134 1.250759 0.168175
v 0.008697 1.251031 0.154670
v -0.008697 1.251031 0.154670
v -0.017413 1.292421 0.156373
v 0.017414 1.292423 0.156372
v -0.013039 1.306018 0.154941
v 0.013043 1.306022 0.154938
v 0.017453 1.274345 0.158668
v -0.017453 1.274345 0.158668
v 0.000001 1.310681 0.154530
v 0.007698 1.309386 0.154754
v -0.007696 1.309384 0.154756
v -0.015898 1.300187 0.155620
v 0.015900 1.300190 0.155617
v 0.017851 1.283509 0.157440
v -0.017851 1.283509 0.157440
v -0.017388 1.264654 0.160172
v 0.017388 1.264654 0.160172
v -0.017372 1.250911 0.161630
v 0.017372 1.250911 0.161630
v -0.015171 1.235798 0.169141
v -0.015454 1.236684 0.157482
v 0.015171 1.235798 0.169141
v 0.015454 1.236684 0.157482
v 0.000000 1.237423 0.174424
v 0.000000 1.237863 0.155011
v 0.008959 1.237257 0.155424
v 0.008816 1.236220 0.173206
v -0.008816 1.236220 0.173207
v -0.008959 1.237257 0.155424
v 0.017454 1.236319 0.162441
v -0.017454 1.236319 0.162441
v -0.128502 0.876029 0.010699
v 0.128502 0.876029 0.010699
v -0.128502 1.467769 0.010699
v 0.128502 1.467769 0.010699
v -0.128502 0.876029 0.046893
v 0.128502 0.876029 0.046893
v -0.128502 1.467769 0.046893
v 0.128502 1.467769 0.046893
v 0.043376 1.317761 0.117060
v -0.043376 1.374590 0.117060
v -0.043376 1.317761 0.117060
v 0.043376 1.427367 0.117060
v 0.094620 1.374590 0.117060
v -0.094620 1.374590 0.117060
v -0.043376 1.427367 0.117060
v 0.043376 1.151911 0.117060
v -0.094620 1.151911 0.117060
v 0.094620 1.151911 0.117060
v 0.043376 1.072294 0.117060
v -0.043376 1.151911 0.117060
v -0.094620 1.317761 0.117060
v -0.043376 1.072294 0.117060
v 0.094620 1.317761 0.117060
v 0.043376 1.374590 0.117060
v -0.088609 1.317761 0.117060
v -0.088609 1.374590 0.117060
v -0.088609 1.427367 0.117060
v -0.088609 1.151911 0.117060
v 0.088609 1.072294 0.117060
v 0.088609 1.427367 0.117060
v 0.088609 1.374590 0.117060
v 0.088609 1.151911 0.117060
v 0.088609 1.317761 0.117060
v 0.094620 1.421981 0.117060
v -0.094620 1.421981 0.117060
v 0.043376 1.421981 0.117060
v -0.043376 1.421981 0.117060
v -0.088609 1.421981 0.117060
v 0.088609 1.421981 0.117060
v 0.094620 1.379975 0.117060
v 0.043376 1.379975 0.117060
v -0.043376 1.379975 0.117060
v -0.088609 1.379975 0.117060
v 0.088609 1.379975 0.117060
v -0.094620 1.379975 0.117060
v -0.088609 1.317761 0.112232
v -0.043376 1.317761 0.112232
v 0.043376 1.374590 0.112232
v 0.043376 1.317761 0.112232
v -0.043376 1.374590 0.112232
v -0.088609 1.374590 0.112232
v 0.088609 1.374590 0.112232
v 0.088609 1.317761 0.112232
v -0.043376 1.421981 0.112232
v -0.088609 1.421981 0.112232
v -0.043376 1.379975 0.112232
v -0.088609 1.379975 0.112232
v 0.043376 1.079539 0.117060
v -0.043376 1.079539 0.117060
v -0.088609 1.079539 0.117060
v 0.088609 1.079539 0.117060
v -0.043376 1.151911 0.112232
v 0.043376 1.151911 0.112232
v -0.088609 1.151911 0.112232
v 0.088609 1.151911 0.112232
v 0.043376 1.079539 0.112232
v -0.043376 1.079539 0.112232
v -0.088609 1.079539 0.112232
v 0.088609 1.079539 0.112232
v 0.051075 1.072294 0.117060
v 0.054634 1.072294 0.117060
v 0.051075 1.427367 0.117060
v 0.054634 1.427367 0.117060
v 0.051075 1.374590 0.117060
v 0.054634 1.374590 0.117060
v 0.051075 1.151911 0.117060
v 0.054634 1.151911 0.117060
v 0.051075 1.317761 0.117060
v 0.054634 1.317761 0.117060
v 0.054634 1.419046 0.117060
v 0.051075 1.419046 0.117060
v 0.054634 1.382910 0.117060
v 0.051075 1.382910 0.117060
v 0.051075 1.374590 0.112232
v 0.054634 1.374590 0.112232
v 0.051075 1.317761 0.112232
v 0.054634 1.317761 0.112232
v 0.054634 1.079539 0.117060
v 0.051075 1.079539 0.117060
v 0.051075 1.151911 0.112232
v 0.054634 1.151911 0.112232
v 0.054634 1.079539 0.112232
v 0.051075 1.079539 0.112232
v 0.054634 1.419046 0.086933
v 0.051075 1.419046 0.086933
v 0.054634 1.382910 0.086933
v 0.051075 1.382910 0.086933
v 0.043376 1.427367 0.034218
v 0.094620 1.374590 0.034218
v -0.094620 1.374590 0.034218
v -0.043376 1.427367 0.034218
v -0.094620 1.151911 0.034218
v 0.094620 1.151911 0.034218
v 0.043376 1.072294 0.034218
v -0.094620 1.317761 0.034218
v -0.043376 1.072294 0.034218
v 0.094620 1.317761 0.034218
v -0.088609 1.427367 0.034218
v -0.088609 1.072294 0.034218
v 0.088609 1.072294 0.034218
v 0.088609 1.427367 0.034218
v 0.094620 1.379975 0.034218
v -0.094620 1.379975 0.034218
v 0.094620 1.079539 0.034218
v -0.094620 1.079539 0.034218
v 0.051075 1.072294 0.034218
v 0.054634 1.072294 0.034218
v 0.051075 1.427367 0.034218
v 0.054634 1.427367 0.034218
v -0.028170 0.953926 0.101660
v -0.024455 0.953926 0.101660
v -0.024455 0.963720 0.101660
v -0.028170 0.963720 0.101660
v -0.028170 0.884913 0.042797
v -0.024455 0.884913 0.042797
v -0.024455 1.032734 0.042797
v -0.028170 1.032734 0.042797
v -0.028170 0.892019 0.111564
v -0.024455 0.892019 0.111564
v -0.024455 1.025627 0.111564
v -0.028170 1.025627 0.111564
v -0.087514 0.953926 0.111564
v -0.087514 0.963720 0.111564
v 0.041995 0.963720 0.111564
v 0.034889 0.953926 0.111564
v -0.094620 0.963720 0.042797
v -0.094620 0.953926 0.042797
v 0.041995 0.953926 0.042797
v 0.041995 0.963720 0.042797
v -0.024455 0.890239 0.111564
v -0.028170 0.890239 0.111564
v -0.028170 1.027408 0.111564
v -0.024455 1.027408 0.111564
v -0.028170 0.963720 0.111564
v -0.024455 0.963720 0.111564
v -0.024455 0.953926 0.111564
v -0.028170 0.953926 0.111564
v -0.024455 1.032734 0.111564
v -0.028170 1.032734 0.111564
v -0.028170 0.884913 0.111564
v -0.024455 0.884913 0.111564
v -0.094620 0.953926 0.111564
v -0.094620 0.963720 0.111564
v 0.034889 0.963720 0.111564
v 0.041995 0.953926 0.111564
v -0.089295 0.963720 0.111564
v -0.089295 0.953926 0.111564
v 0.036669 0.953926 0.111564
v 0.036669 0.963720 0.111564
v 0.036669 0.953926 0.108170
v -0.089295 0.953926 0.108170
v -0.089295 0.963720 0.108170
v 0.036669 0.963720 0.108170
v 0.034889 0.963720 0.108170
v -0.087514 0.953926 0.108170
v -0.024455 1.025627 0.108170
v -0.028170 1.025627 0.108170
v -0.028170 0.892019 0.108170
v -0.024455 0.892019 0.108170
v -0.087514 0.963720 0.108170
v 0.034889 0.953926 0.108170
v -0.024455 0.890239 0.108170
v -0.028170 1.027408 0.108170
v -0.024455 1.027408 0.108170
v -0.028170 0.890239 0.108170
v 0.092860 1.425789 0.117060
v 0.094620 1.421981 0.034218
v 0.092860 1.425789 0.034218
v -0.092860 1.425789 0.117060
v -0.094620 1.421981 0.034218
v -0.092860 1.425789 0.034218
v 0.094620 1.079539 0.117060
v 0.092860 1.074416 0.117060
v 0.092860 1.074416 0.034218
v -0.088609 1.072294 0.117060
v -0.094620 1.079539 0.117060
v -0.092860 1.074416 0.117060
v -0.092860 1.074416 0.034218
v -0.087514 1.012633 0.111564
v -0.075058 1.025627 0.111564
v -0.085845 1.019130 0.111564
v -0.081286 1.023886 0.111564
v -0.075058 0.892019 0.111564
v -0.087514 0.905013 0.111564
v -0.081286 0.893760 0.111564
v -0.085845 0.898516 0.111564
v 0.022433 1.025627 0.111564
v 0.034889 1.012633 0.111564
v 0.028661 1.023886 0.111564
v 0.033220 1.019130 0.111564
v 0.034889 0.905013 0.111564
v 0.022433 0.892019 0.111564
v 0.033220 0.898516 0.111564
v 0.028661 0.893760 0.111564
v -0.080673 1.032734 0.042797
v -0.094620 1.018248 0.042797
v -0.087647 1.030793 0.042797
v -0.092752 1.025491 0.042797
v -0.094620 0.899398 0.042797
v -0.080673 0.884913 0.042797
v -0.092752 0.892155 0.042797
v -0.087647 0.886853 0.042797
v 0.041995 1.018248 0.042797
v 0.028048 1.032734 0.042797
v 0.040127 1.025491 0.042797
v 0.035021 1.030793 0.042797
v 0.028048 0.884913 0.042797
v 0.041995 0.899398 0.042797
v 0.035021 0.886853 0.042797
v 0.040127 0.892155 0.042797
v 0.028048 0.884913 0.111564
v 0.041995 0.899398 0.111564
v 0.035021 0.886853 0.111564
v 0.040127 0.892155 0.111564
v -0.094620 0.899398 0.111564
v -0.080673 0.884913 0.111564
v -0.092752 0.892155 0.111564
v -0.087647 0.886853 0.111564
v -0.080673 1.032734 0.111564
v -0.094620 1.018248 0.111564
v -0.087647 1.030793 0.111564
v -0.092752 1.025491 0.111564
v 0.041995 1.018248 0.111564
v 0.028048 1.032734 0.111564
v 0.040127 1.025491 0.111564
v 0.035021 1.030793 0.111564
v 0.036669 0.903606 0.111564
v 0.023840 0.890239 0.111564
v 0.034951 0.896922 0.111564
v 0.030255 0.892029 0.111564
v -0.089295 0.903606 0.111564
v -0.076465 0.890239 0.111564
v -0.087576 0.896922 0.111564
v -0.082880 0.892029 0.111564
v -0.089295 1.014040 0.111564
v -0.076465 1.027408 0.111564
v -0.087576 1.020724 0.111564
v -0.082880 1.025617 0.111564
v 0.036669 1.014040 0.111564
v 0.023840 1.027408 0.111564
v 0.034951 1.020724 0.111564
v 0.030255 1.025617 0.111564
v 0.023840 0.890239 0.108170
v 0.036669 0.903606 0.108170
v 0.030255 0.892029 0.108170
v 0.034951 0.896922 0.108170
v -0.089295 0.903606 0.108170
v -0.076465 0.890239 0.108170
v -0.087576 0.896922 0.108170
v -0.082880 0.892029 0.108170
v -0.076465 1.027408 0.108170
v -0.089295 1.014040 0.108170
v -0.082880 1.025617 0.108170
v -0.087576 1.020724 0.108170
v 0.023840 1.027408 0.108170
v 0.036669 1.014040 0.108170
v 0.030255 1.025617 0.108170
v 0.034951 1.020724 0.108170
v -0.075058 1.025627 0.108170
v -0.087514 1.012633 0.108170
v -0.081286 1.023886 0.108170
v -0.085845 1.019130 0.108170
v 0.034889 0.905013 0.108170
v 0.022433 0.892019 0.108170
v 0.033220 0.898516 0.108170
v 0.028661 0.893760 0.108170
v -0.087514 0.905013 0.108170
v -0.075058 0.892019 0.108170
v -0.085845 0.898516 0.108170
v -0.081286 0.893760 0.108170
v 0.034889 1.012633 0.108170
v 0.022433 1.025627 0.108170
v 0.033220 1.019130 0.108170
v 0.028661 1.023886 0.108170
v 0.094620 0.889325 0.057908
v 0.090208 0.884913 0.057908
v 0.094029 0.887119 0.057908
v 0.092414 0.885504 0.057908
v 0.056107 0.989846 0.057908
v 0.060520 0.994259 0.057908
v 0.056699 0.992052 0.057908
v 0.058314 0.993668 0.057908
v 0.090208 0.994259 0.057908
v 0.094620 0.989846 0.057908
v 0.092414 0.993668 0.057908
v 0.094029 0.992052 0.057908
v 0.060520 0.884913 0.057908
v 0.056107 0.889325 0.057908
v 0.058314 0.885504 0.057908
v 0.056699 0.887119 0.057908
v 0.084534 0.988569 0.057908
v 0.088930 0.984172 0.057908
v 0.086732 0.987980 0.057908
v 0.088341 0.986370 0.057908
v 0.061798 0.984172 0.057908
v 0.066194 0.988569 0.057908
v 0.062387 0.986370 0.057908
v 0.063996 0.987980 0.057908
v 0.088930 0.895000 0.057908
v 0.084534 0.890603 0.057908
v 0.088341 0.892801 0.057908
v 0.086732 0.891192 0.057908
v 0.066194 0.890603 0.057908
v 0.061798 0.895000 0.057908
v 0.063996 0.891192 0.057908
v 0.062387 0.892801 0.057908
v 0.090425 0.985635 0.057908
v 0.085997 0.990063 0.057908
v 0.089831 0.987849 0.057908
v 0.088211 0.989470 0.057908
v 0.064731 0.990063 0.057908
v 0.060303 0.985635 0.057908
v 0.062517 0.989470 0.057908
v 0.060897 0.987849 0.057908
v 0.085997 0.889109 0.057908
v 0.090425 0.893536 0.057908
v 0.088211 0.889702 0.057908
v 0.089831 0.891322 0.057908
v 0.060303 0.893536 0.057908
v 0.064731 0.889109 0.057908
v 0.060897 0.891322 0.057908
v 0.062517 0.889702 0.057908
v 0.085997 0.990063 0.054339
v 0.090425 0.985635 0.054339
v 0.088211 0.989470 0.054339
v 0.089831 0.987849 0.054339
v 0.064731 0.990063 0.054339
v 0.060303 0.985635 0.054339
v 0.062517 0.989470 0.054339
v 0.060897 0.987849 0.054339
v 0.090425 0.893536 0.054339
v 0.085997 0.889109 0.054339
v 0.089831 0.891322 0.054339
v 0.088211 0.889702 0.054339
v 0.064731 0.889109 0.054339
v 0.060303 0.893536 0.054339
v 0.062517 0.889702 0.054339
v 0.060897 0.891322 0.054339
v 0.084518 0.988569 0.054339
v 0.088930 0.984156 0.054339
v 0.086724 0.987977 0.054339
v 0.088339 0.986362 0.054339
v 0.066210 0.988569 0.054339
v 0.061798 0.984156 0.054339
v 0.064004 0.987977 0.054339
v 0.062389 0.986362 0.054339
v 0.088930 0.895015 0.054339
v 0.084518 0.890603 0.054339
v 0.088339 0.892809 0.054339
v 0.086724 0.891194 0.054339
v 0.066210 0.890603 0.054339
v 0.061798 0.895015 0.054339
v 0.064004 0.891194 0.054339
v 0.062389 0.892809 0.054339
v 0.090224 0.884913 0.045620
v 0.094620 0.889309 0.045620
v 0.092422 0.885502 0.045620
v 0.094031 0.887111 0.045620
v 0.060504 0.994259 0.045620
v 0.056107 0.989862 0.045620
v 0.058306 0.993670 0.045620
v 0.056696 0.992060 0.045620
v 0.094620 0.989862 0.045620
v 0.090224 0.994259 0.045620
v 0.094031 0.992060 0.045620
v 0.092422 0.993670 0.045620
v 0.056107 0.889309 0.045620
v 0.060504 0.884913 0.045620
v 0.056696 0.887111 0.045620
v 0.058306 0.885502 0.045620
v 0.027003 1.270778 0.142906
v 0.018252 1.270898 0.142756
v 0.030103 1.300369 0.143380
v 0.023961 1.300881 0.142391
v 0.031669 1.269294 0.119020
v 0.018969 1.269294 0.119020
v 0.026890 1.308693 0.119020
v 0.036593 1.308693 0.119020
v 0.031669 1.269294 0.114704
v 0.014726 1.269294 0.114704
v 0.026890 1.308693 0.114704
v 0.036593 1.308693 0.114704
v 0.031720 1.283783 0.143334
v 0.030034 1.278030 0.143171
v 0.024161 1.283796 0.142386
v 0.021229 1.278114 0.142344
v 0.025115 1.284409 0.119020
v 0.021214 1.277080 0.119020
v 0.033792 1.277080 0.119020
v 0.035586 1.284409 0.119020
v 0.027771 1.298618 0.119020
v 0.026894 1.290350 0.119020
v 0.037474 1.298618 0.119020
v 0.036912 1.290350 0.119020
v 0.032272 1.287836 0.143374
v 0.031886 1.293456 0.143380
v 0.025606 1.293730 0.142391
v 0.025397 1.287968 0.142391
v 0.021214 1.277080 0.114704
v 0.025115 1.284409 0.114704
v 0.035586 1.284409 0.114704
v 0.033792 1.277080 0.114704
v 0.026894 1.290350 0.114704
v 0.027771 1.298618 0.114704
v 0.036912 1.290350 0.114704
v 0.037474 1.298618 0.114704
v -0.007691 1.276307 0.127087
v 0.007691 1.276307 0.127087
v 0.032259 1.269567 0.126377
v 0.029046 1.270467 0.139838
v 0.031555 1.270020 0.134598
v 0.018969 1.270602 0.139737
v 0.019559 1.269567 0.126377
v 0.019708 1.270130 0.134507
v 0.026999 1.307125 0.126377
v 0.024836 1.301956 0.140113
v 0.026336 1.304270 0.134683
v 0.032599 1.301956 0.140113
v 0.036702 1.307125 0.126377
v 0.035376 1.304270 0.134683
v 0.032315 1.277967 0.139953
v 0.034524 1.277353 0.126377
v 0.034264 1.277728 0.134650
v 0.036230 1.284342 0.126377
v 0.033793 1.283953 0.140084
v 0.035847 1.284169 0.134681
v 0.024643 1.283916 0.139995
v 0.025616 1.284342 0.126377
v 0.025635 1.284160 0.134666
v 0.021804 1.277353 0.126377
v 0.021255 1.278068 0.139735
v 0.021959 1.277802 0.134553
v 0.034397 1.288237 0.140110
v 0.037344 1.289795 0.126377
v 0.036638 1.288876 0.134683
v 0.037707 1.297527 0.126377
v 0.034167 1.294328 0.140113
v 0.036660 1.295676 0.134683
v 0.026356 1.294328 0.140113
v 0.028004 1.297527 0.126377
v 0.027603 1.295676 0.134683
v 0.027268 1.289795 0.126377
v 0.026043 1.288246 0.140095
v 0.027110 1.288876 0.134683
v 0.021391 1.270707 0.143571
v 0.026031 1.299747 0.144662
v 0.023197 1.269294 0.119020
v 0.031742 1.308693 0.119020
v 0.023197 1.269294 0.114704
v 0.031742 1.308693 0.114704
v 0.027172 1.283705 0.144540
v 0.024908 1.278077 0.144245
v 0.027854 1.293115 0.144662
v 0.028019 1.287682 0.144643
v 0.030350 1.284409 0.114704
v 0.027503 1.277080 0.114704
v 0.032623 1.298618 0.114704
v 0.031903 1.290350 0.114704
v 0.022661 1.270135 0.139869
v 0.023791 1.269913 0.134526
v 0.023787 1.269567 0.126377
v 0.028717 1.301956 0.140113
v 0.030856 1.304270 0.134683
v 0.031851 1.307125 0.126377
v 0.028437 1.274006 0.143058
v 0.018719 1.274041 0.142399
v 0.032730 1.273187 0.119020
v 0.017970 1.273187 0.119020
v 0.007691 1.300664 0.127087
v 0.032730 1.273187 0.114704
v 0.017970 1.273187 0.114704
v -0.007691 1.300664 0.127087
v 0.033392 1.273460 0.126377
v 0.032994 1.273804 0.134611
v 0.030943 1.273946 0.139869
v 0.018559 1.273460 0.126377
v 0.018930 1.273805 0.134497
v 0.018558 1.273976 0.139645
v 0.025350 1.273187 0.114704
v 0.022776 1.274024 0.144063
v -0.027003 1.270778 0.142906
v -0.018252 1.270898 0.142756
v -0.030103 1.300369 0.143380
v -0.023961 1.300881 0.142391
v -0.031669 1.269294 0.119020
v -0.018969 1.269294 0.119020
v -0.026890 1.308693 0.119020
v -0.036593 1.308693 0.119020
v -0.031669 1.269294 0.114704
v -0.014726 1.269294 0.114704
v -0.026890 1.308693 0.114704
v -0.036593 1.308693 0.114704
v -0.031720 1.283783 0.143334
v -0.030034 1.278030 0.143171
v -0.024161 1.283796 0.142386
v -0.021229 1.278114 0.142344
v -0.025115 1.284409 0.119020
v -0.021214 1.277080 0.119020
v -0.033792 1.277080 0.119020
v -0.035586 1.284409 0.119020
v -0.027771 1.298618 0.119020
v -0.026894 1.290350 0.119020
v -0.037474 1.298618 0.119020
v -0.036912 1.290350 0.119020
v -0.032272 1.287836 0.143374
v -0.031886 1.293456 0.143380
v -0.025606 1.293730 0.142391
v -0.025397 1.287968 0.142391
v -0.021214 1.277080 0.114704
v -0.025115 1.284409 0.114704
v -0.035586 1.284409 0.114704
v -0.033792 1.277080 0.114704
v -0.026894 1.290350 0.114704
v -0.027771 1.298618 0.114704
v -0.036912 1.290350 0.114704
v -0.037474 1.298618 0.114704
v -0.032259 1.269567 0.126377
v -0.029046 1.270467 0.139838
v -0.031555 1.270020 0.134598
v -0.018969 1.270602 0.139737
v -0.019559 1.269567 0.126377
v -0.019708 1.270130 0.134507
v -0.026999 1.307125 0.126377
v -0.024836 1.301956 0.140113
v -0.026336 1.304270 0.134683
v -0.032599 1.301956 0.140113
v -0.036702 1.307125 0.126377
v -0.035376 1.304270 0.134683
v -0.032315 1.277967 0.139953
v -0.034524 1.277353 0.126377
v -0.034264 1.277728 0.134650
v -0.036230 1.284342 0.126377
v -0.033793 1.283953 0.140084
v -0.035847 1.284169 0.134681
v -0.024643 1.283916 0.139995
v -0.025616 1.284342 0.126377
v -0.025635 1.284160 0.134666
v -0.021804 1.277353 0.126377
v -0.021255 1.278068 0.139735
v -0.021959 1.277802 0.134553
v -0.034397 1.288237 0.140110
v -0.037344 1.289795 0.126377
v -0.036638 1.288876 0.134683
v -0.037707 1.297527 0.126377
v -0.034167 1.294328 0.140113
v -0.036660 1.295676 0.134683
v -0.026356 1.294328 0.140113
v -0.028004 1.297527 0.126377
v -0.027603 1.295676 0.134683
v -0.027268 1.289795 0.126377
v -0.026043 1.288246 0.140095
v -0.027110 1.288876 0.134683
v -0.021391 1.270707 0.143571
v -0.026031 1.299747 0.144662
v -0.023197 1.269294 0.119020
v -0.031742 1.308693 0.119020
v -0.023197 1.269294 0.114704
v -0.031742 1.308693 0.114704
v -0.027172 1.283705 0.144540
v -0.024908 1.278077 0.144245
v -0.027854 1.293115 0.144662
v -0.028019 1.287682 0.144643
v -0.030350 1.284409 0.114704
v -0.027503 1.277080 0.114704
v -0.032623 1.298618 0.114704
v -0.031903 1.290350 0.114704
v -0.022661 1.270135 0.139869
v -0.023791 1.269913 0.134526
v -0.023787 1.269567 0.126377
v -0.028717 1.301956 0.140113
v -0.030856 1.304270 0.134683
v -0.031851 1.307125 0.126377
v -0.028437 1.274006 0.143058
v -0.018719 1.274041 0.142399
v -0.032730 1.273187 0.119020
v -0.017970 1.273187 0.119020
v -0.032730 1.273187 0.114704
v -0.017970 1.273187 0.114704
v -0.033392 1.273460 0.126377
v -0.032994 1.273804 0.134611
v -0.030943 1.273946 0.139869
v -0.018559 1.273460 0.126377
v -0.018930 1.273805 0.134497
v -0.018558 1.273976 0.139645
v -0.025350 1.273187 0.114704
v -0.022776 1.274024 0.144063
v 0.007691 1.269294 0.119020
v -0.007691 1.269294 0.119020
v -0.007691 1.308693 0.119020
v 0.007691 1.308693 0.119020
v -0.007691 1.269294 0.114704
v 0.007691 1.269294 0.114704
v 0.007691 1.308693 0.114704
v -0.007691 1.308693 0.114704
v -0.007691 1.274392 0.119020
v 0.007691 1.274392 0.119020
v 0.007691 1.276307 0.119020
v -0.007691 1.276307 0.119020
v -0.007691 1.300664 0.119020
v 0.007691 1.300664 0.119020
v 0.007691 1.304412 0.119020
v -0.007691 1.304412 0.119020
v 0.007691 1.277080 0.114704
v -0.007691 1.277080 0.114704
v -0.007691 1.284409 0.114704
v 0.007691 1.284409 0.114704
v 0.007691 1.290350 0.114704
v -0.007691 1.290350 0.114704
v -0.007691 1.298618 0.114704
v 0.007691 1.298618 0.114704
v 0.007691 1.273187 0.119020
v -0.007691 1.273187 0.119020
v 0.007691 1.273187 0.114704
v -0.007691 1.273187 0.114704
v -0.032439 1.250473 0.121468
v -0.032439 1.259351 0.121468
v -0.034000 1.248912 0.115177
v -0.034000 1.260912 0.115177
v 0.032439 1.250473 0.121468
v 0.032439 1.259351 0.121468
v 0.034000 1.248912 0.115177
v 0.034000 1.260912 0.115177
v -0.034000 1.248912 0.121468
v -0.034000 1.260912 0.121468
v 0.034000 1.260912 0.121468
v 0.034000 1.248912 0.121468
v -0.089319 1.120696 0.085196
v -0.089433 1.122154 0.083730
v -0.089460 1.122688 0.081730
v -0.089393 1.122154 0.079731
v -0.089250 1.120696 0.078268
v -0.089070 1.118703 0.077734
v -0.088899 1.116711 0.078271
v -0.088785 1.115253 0.079737
v -0.088758 1.114719 0.081737
v -0.088825 1.115253 0.083736
v -0.088968 1.116711 0.085199
v -0.089149 1.118703 0.085733
v -0.103179 1.118336 0.085776
v -0.103724 1.119716 0.084332
v -0.104074 1.120191 0.082347
v -0.104137 1.119634 0.080354
v -0.103895 1.118193 0.078887
v -0.103414 1.116255 0.078338
v -0.102821 1.114340 0.078855
v -0.102277 1.112960 0.080299
v -0.101926 1.112485 0.082284
v -0.101863 1.113042 0.084277
v -0.102105 1.114483 0.085745
v -0.102587 1.116421 0.086293
v -0.113680 1.114165 0.087695
v -0.114736 1.115332 0.086350
v -0.115469 1.115648 0.084439
v -0.115681 1.115028 0.082475
v -0.115317 1.113638 0.080984
v -0.114474 1.111852 0.080365
v -0.113377 1.110146 0.080785
v -0.112321 1.108979 0.082130
v -0.111588 1.108663 0.084041
v -0.111376 1.109283 0.086005
v -0.111740 1.110672 0.087496
v -0.112584 1.112459 0.088115
v -0.120990 1.108415 0.090757
v -0.122546 1.109180 0.089625
v -0.123649 1.109198 0.087873
v -0.124003 1.108465 0.085969
v -0.123513 1.107177 0.084424
v -0.122310 1.105679 0.083652
v -0.120717 1.104372 0.083859
v -0.119161 1.103607 0.084990
v -0.118058 1.103589 0.086742
v -0.117704 1.104323 0.088646
v -0.118195 1.105611 0.090191
v -0.119397 1.107109 0.090964
v -0.125269 1.101316 0.094767
v -0.127152 1.101547 0.093937
v -0.128494 1.101173 0.092405
v -0.128936 1.100295 0.090583
v -0.128360 1.099148 0.088958
v -0.126919 1.098039 0.087966
v -0.125001 1.097266 0.087873
v -0.123118 1.097036 0.088704
v -0.121776 1.097410 0.090236
v -0.121334 1.098288 0.092058
v -0.121910 1.099435 0.093683
v -0.123350 1.100543 0.094674
v -0.126668 1.093100 0.099533
v -0.128648 1.092813 0.099001
v -0.130061 1.092064 0.097686
v -0.130529 1.091053 0.095941
v -0.129925 1.090051 0.094233
v -0.128412 1.089326 0.093019
v -0.126395 1.089073 0.092626
v -0.124414 1.089359 0.093157
v -0.123001 1.090109 0.094472
v -0.122534 1.091120 0.096218
v -0.123137 1.092122 0.097926
v -0.124651 1.092847 0.099139
v -0.125335 1.084007 0.104853
v -0.127264 1.083312 0.104559
v -0.128640 1.082271 0.103415
v -0.129094 1.081161 0.101727
v -0.128506 1.080281 0.099948
v -0.127033 1.079866 0.098554
v -0.125069 1.080027 0.097918
v -0.123140 1.080722 0.098212
v -0.121764 1.081763 0.099356
v -0.121310 1.082873 0.101044
v -0.121898 1.083753 0.102824
v -0.123371 1.084168 0.104218
v -0.121428 1.074280 0.110527
v -0.123241 1.073287 0.110407
v -0.124535 1.072035 0.109385
v -0.124965 1.070859 0.107736
v -0.124414 1.070076 0.105900
v -0.123031 1.069894 0.104370
v -0.121185 1.070362 0.103556
v -0.119372 1.071356 0.103676
v -0.118078 1.072608 0.104698
v -0.117649 1.073783 0.106348
v -0.118199 1.074566 0.108183
v -0.119583 1.074748 0.109713
v -0.115104 1.064161 0.116354
v -0.116782 1.062947 0.116360
v -0.117983 1.061543 0.115426
v -0.118386 1.060325 0.113801
v -0.117883 1.059619 0.111921
v -0.116608 1.059615 0.110289
v -0.114904 1.060313 0.109342
v -0.113227 1.061527 0.109336
v -0.112026 1.062932 0.110270
v -0.111623 1.064150 0.111895
v -0.112126 1.064855 0.113775
v -0.113400 1.064860 0.115407
v -0.106524 1.053890 0.122133
v -0.108060 1.052506 0.122235
v -0.109167 1.050988 0.121365
v -0.109546 1.049741 0.119756
v -0.109097 1.049101 0.117839
v -0.107940 1.049238 0.116127
v -0.106385 1.050117 0.115080
v -0.104848 1.051501 0.114978
v -0.103742 1.053019 0.115848
v -0.103362 1.054266 0.117457
v -0.103811 1.054906 0.119374
v -0.104968 1.054769 0.121086
v -0.095845 1.043706 0.127666
v -0.097238 1.042185 0.127843
v -0.098251 1.040576 0.127021
v -0.098611 1.039311 0.125422
v -0.098222 1.038728 0.123474
v -0.097189 1.038984 0.121698
v -0.095787 1.040010 0.120571
v -0.094394 1.041531 0.120394
v -0.093381 1.043140 0.121215
v -0.093021 1.044405 0.122814
v -0.093410 1.044988 0.124763
v -0.094443 1.044732 0.126538
v -0.083227 1.033847 0.132753
v -0.084473 1.032211 0.132989
v -0.085391 1.030528 0.132206
v -0.085736 1.029251 0.130613
v -0.085413 1.028720 0.128638
v -0.084511 1.029079 0.126809
v -0.083271 1.030231 0.125617
v -0.082024 1.031867 0.125381
v -0.081106 1.033550 0.126164
v -0.080761 1.034827 0.127757
v -0.081084 1.035358 0.129732
v -0.081986 1.034999 0.131561
v -0.068781 1.024519 0.137211
v -0.069956 1.022834 0.137469
v -0.070851 1.021136 0.136693
v -0.071227 1.019879 0.135091
v -0.070982 1.019402 0.133091
v -0.070182 1.019830 0.131230
v -0.069042 1.021051 0.130006
v -0.067867 1.022736 0.129747
v -0.066971 1.024434 0.130523
v -0.066596 1.025690 0.132126
v -0.066841 1.026168 0.134126
v -0.067640 1.025739 0.135987
v -0.050813 1.012581 0.141691
v -0.052084 1.010964 0.141925
v -0.053107 1.009355 0.141117
v -0.053608 1.008187 0.139482
v -0.053453 1.007773 0.137460
v -0.052683 1.008222 0.135591
v -0.051505 1.009416 0.134377
v -0.050234 1.011034 0.134142
v -0.049211 1.012642 0.134951
v -0.048710 1.013810 0.136585
v -0.048865 1.014225 0.138608
v -0.049635 1.013775 0.140477
v -0.035729 0.999794 0.144873
v -0.037175 0.998325 0.145070
v -0.038395 0.996885 0.144220
v -0.039063 0.995859 0.142550
v -0.039000 0.995522 0.140508
v -0.038222 0.995966 0.138641
v -0.036939 0.997070 0.137449
v -0.035493 0.998539 0.137252
v -0.034273 0.999979 0.138102
v -0.033605 1.001005 0.139772
v -0.033668 1.001342 0.141814
v -0.034445 1.000898 0.143681
v -0.023444 0.986494 0.146890
v -0.025055 0.985204 0.147060
v -0.026461 0.983965 0.146180
v -0.027284 0.983108 0.144484
v -0.027305 0.982863 0.142428
v -0.026518 0.983295 0.140563
v -0.025134 0.984290 0.139388
v -0.023523 0.985580 0.139217
v -0.022118 0.986819 0.140098
v -0.021294 0.987676 0.141793
v -0.021273 0.987921 0.143849
v -0.022060 0.987488 0.145715
v -0.013823 0.972990 0.147889
v -0.015582 0.971910 0.148044
v -0.017153 0.970904 0.147146
v -0.018115 0.970241 0.145437
v -0.018209 0.970099 0.143373
v -0.017411 0.970516 0.141509
v -0.015935 0.971381 0.140343
v -0.014175 0.972461 0.140188
v -0.012604 0.973467 0.141086
v -0.011642 0.974130 0.142796
v -0.011548 0.974272 0.144859
v -0.012346 0.973855 0.146724
v -0.006726 0.959595 0.148019
v -0.008612 0.958755 0.148171
v -0.010323 0.958012 0.147271
v -0.011399 0.957567 0.145559
v -0.011553 0.957537 0.143494
v -0.010743 0.957932 0.141630
v -0.009186 0.958645 0.140466
v -0.007300 0.959485 0.140314
v -0.005589 0.960228 0.141214
v -0.004513 0.960673 0.142926
v -0.004359 0.960702 0.144990
v -0.005169 0.960308 0.146855
v -0.002015 0.946617 0.147426
v -0.004000 0.946049 0.147591
v -0.005817 0.945602 0.146704
v -0.006979 0.945397 0.145003
v -0.007176 0.945487 0.142944
v -0.006355 0.945850 0.141078
v -0.004735 0.946388 0.139906
v -0.002751 0.946956 0.139741
v -0.000934 0.947403 0.140628
v 0.000229 0.947608 0.142329
v 0.000426 0.947517 0.144388
v -0.000396 0.947155 0.146254
v 0.000447 0.934364 0.146260
v -0.001598 0.934105 0.146454
v -0.003480 0.933989 0.145598
v -0.004695 0.934047 0.143923
v -0.004917 0.934265 0.141876
v -0.004086 0.934583 0.140006
v -0.002426 0.934916 0.138814
v -0.000381 0.935176 0.138620
v 0.001501 0.935292 0.139475
v 0.002715 0.935233 0.141151
v 0.002937 0.935015 0.143198
v 0.002107 0.934697 0.145068
v 0.000794 0.923138 0.144665
v -0.001260 0.923234 0.144910
v -0.003151 0.923492 0.144108
v -0.004373 0.923844 0.142474
v -0.004598 0.924195 0.140446
v -0.003767 0.924451 0.138567
v -0.002100 0.924543 0.137341
v -0.000047 0.924447 0.137096
v 0.001845 0.924188 0.137898
v 0.003067 0.923837 0.139532
v 0.003292 0.923486 0.141561
v 0.002460 0.923230 0.143439
v -0.000855 0.913240 0.142787
v -0.002836 0.913749 0.143111
v -0.004652 0.914435 0.142390
v -0.005816 0.915115 0.140818
v -0.006016 0.915605 0.138817
v -0.005200 0.915776 0.136922
v -0.003584 0.915581 0.135641
v -0.001604 0.915072 0.135318
v 0.000212 0.914385 0.136038
v 0.001376 0.913706 0.137610
v 0.001577 0.913215 0.139612
v 0.000760 0.913044 0.141507
v -0.004402 0.904985 0.140769
v -0.006173 0.905963 0.141208
v -0.007776 0.907127 0.140604
v -0.008780 0.908165 0.139120
v -0.008917 0.908799 0.137154
v -0.008150 0.908858 0.135232
v -0.006684 0.908328 0.133869
v -0.004912 0.907350 0.133430
v -0.003310 0.906186 0.134034
v -0.002306 0.905148 0.135518
v -0.002169 0.904515 0.137484
v -0.002936 0.904455 0.139406
v -0.009756 0.898739 0.138763
v -0.011111 0.900189 0.139354
v -0.012296 0.901826 0.138903
v -0.012994 0.903211 0.137531
v -0.013017 0.903974 0.135606
v -0.012359 0.903909 0.133644
v -0.011197 0.903035 0.132170
v -0.009841 0.901586 0.131580
v -0.008656 0.899949 0.132031
v -0.007959 0.898564 0.133402
v -0.007936 0.897801 0.135327
v -0.008593 0.897865 0.137290
v -0.016683 0.894961 0.136964
v -0.017492 0.896720 0.137698
v -0.018136 0.898663 0.137389
v -0.018442 0.900271 0.136120
v -0.018327 0.901111 0.134231
v -0.017823 0.900960 0.132228
v -0.017065 0.899857 0.130649
v -0.016255 0.898098 0.129915
v -0.015611 0.896155 0.130224
v -0.015306 0.894547 0.131493
v -0.015420 0.893707 0.133382
v -0.015924 0.893858 0.135384
v -0.021561 0.893928 0.136022
v -0.021914 0.895794 0.136847
v -0.022103 0.897844 0.136629
v -0.022076 0.899530 0.135427
v -0.021842 0.900398 0.133562
v -0.021462 0.900218 0.131534
v -0.021039 0.899036 0.129888
v -0.020686 0.897170 0.129063
v -0.020498 0.895119 0.129281
v -0.020524 0.893434 0.130483
v -0.020759 0.892565 0.132348
v -0.021138 0.892746 0.134376
v -0.026826 0.893851 0.135164
v -0.026804 0.895722 0.136052
v -0.026605 0.897777 0.135898
v -0.026283 0.899466 0.134744
v -0.025924 0.900337 0.132900
v -0.025625 0.900155 0.130859
v -0.025465 0.898970 0.129169
v -0.025488 0.897099 0.128282
v -0.025687 0.895044 0.128436
v -0.026009 0.893355 0.129589
v -0.026368 0.892485 0.131433
v -0.026667 0.892666 0.133474
v -0.032333 0.894882 0.134361
v -0.031926 0.896679 0.135305
v -0.031318 0.898656 0.135212
v -0.030671 0.900283 0.134107
v -0.030160 0.901124 0.132285
v -0.029921 0.900954 0.130235
v -0.030018 0.899818 0.128507
v -0.030425 0.898021 0.127563
v -0.031033 0.896044 0.127656
v -0.031679 0.894417 0.128761
v -0.032190 0.893576 0.130583
v -0.032430 0.893746 0.132633
v -0.037820 0.897203 0.133605
v -0.037032 0.898837 0.134603
v -0.036009 0.900637 0.134568
v -0.035024 0.902120 0.133509
v -0.034343 0.902888 0.131711
v -0.034146 0.902736 0.129656
v -0.034488 0.901705 0.127893
v -0.035276 0.900070 0.126896
v -0.036299 0.898270 0.126931
v -0.037284 0.896788 0.127989
v -0.037965 0.896020 0.129787
v -0.038162 0.896172 0.131843
v -0.042999 0.900980 0.132894
v -0.041866 0.902362 0.133939
v -0.040460 0.903882 0.133957
v -0.039157 0.905132 0.132943
v -0.038308 0.905778 0.131169
v -0.038139 0.905646 0.129109
v -0.038696 0.904772 0.127317
v -0.039829 0.903390 0.126271
v -0.041235 0.901870 0.126253
v -0.042538 0.900620 0.127267
v -0.043387 0.899975 0.129042
v -0.043556 0.900106 0.131101
v -0.047570 0.906339 0.132223
v -0.046164 0.907404 0.133309
v -0.044453 0.908567 0.133372
v -0.042893 0.909517 0.132396
v -0.041904 0.910000 0.130643
v -0.041750 0.909885 0.128581
v -0.042472 0.909205 0.126764
v -0.043878 0.908140 0.125678
v -0.045589 0.906976 0.125615
v -0.047149 0.906026 0.126591
v -0.048138 0.905544 0.128344
v -0.048292 0.905658 0.130406
v -0.051258 0.913368 0.131591
v -0.049673 0.914096 0.132707
v -0.047758 0.914876 0.132806
v -0.046026 0.915501 0.131859
v -0.044940 0.915803 0.130122
v -0.044792 0.915700 0.128060
v -0.045622 0.915221 0.126224
v -0.047206 0.914493 0.125107
v -0.049121 0.913712 0.125009
v -0.050854 0.913087 0.125955
v -0.051940 0.912786 0.127692
v -0.052088 0.912889 0.129755
v -0.053833 0.922157 0.130988
v -0.052154 0.922569 0.132127
v -0.050130 0.922989 0.132250
v -0.048304 0.923304 0.131326
v -0.047166 0.923430 0.129601
v -0.047020 0.923333 0.127538
v -0.047905 0.923039 0.125689
v -0.049585 0.922627 0.124551
v -0.051609 0.922208 0.124427
v -0.053434 0.921893 0.125352
v -0.054573 0.921767 0.127076
v -0.054719 0.921864 0.129140
v -0.055092 0.932823 0.130406
v -0.053379 0.932963 0.131560
v -0.051316 0.933070 0.131701
v -0.049456 0.933114 0.130791
v -0.048298 0.933085 0.129075
v -0.048152 0.932989 0.127012
v -0.049057 0.932853 0.125154
v -0.050771 0.932713 0.124001
v -0.052834 0.932606 0.123860
v -0.054693 0.932561 0.124769
v -0.055851 0.932591 0.126485
v -0.055997 0.932687 0.128549
v -0.054834 0.945508 0.129834
v -0.053123 0.945425 0.130997
v -0.051064 0.945273 0.131150
v -0.049208 0.945093 0.130251
v -0.048052 0.944933 0.128541
v -0.047906 0.944835 0.126478
v -0.048809 0.944827 0.124615
v -0.050519 0.944910 0.123451
v -0.052579 0.945061 0.123298
v -0.054435 0.945242 0.124197
v -0.055591 0.945402 0.125907
v -0.055737 0.945499 0.127970
v -0.052850 0.960372 0.129261
v -0.051162 0.960110 0.130432
v -0.049130 0.959748 0.130593
v -0.047297 0.959385 0.129701
v -0.046155 0.959117 0.127995
v -0.046009 0.959016 0.125932
v -0.046899 0.959109 0.124065
v -0.048587 0.959372 0.122894
v -0.050619 0.959733 0.122733
v -0.052452 0.960096 0.123625
v -0.053594 0.960364 0.125331
v -0.053740 0.960465 0.127394
v -0.048926 0.977560 0.128680
v -0.047271 0.977151 0.129856
v -0.045276 0.976625 0.130022
v -0.043474 0.976122 0.129135
v -0.042349 0.975778 0.127431
v -0.042202 0.975684 0.125368
v -0.043072 0.975865 0.123498
v -0.044727 0.976273 0.122322
v -0.046723 0.976799 0.122156
v -0.048525 0.977302 0.123044
v -0.049650 0.977647 0.124747
v -0.049797 0.977741 0.126811
v -0.044489 0.992154 0.128395
v -0.042874 0.991615 0.129573
v -0.040918 0.990955 0.129741
v -0.039147 0.990350 0.128855
v -0.038035 0.989963 0.127153
v -0.037879 0.989898 0.125089
v -0.038722 0.990171 0.123217
v -0.040338 0.990710 0.122040
v -0.042293 0.991370 0.121871
v -0.044064 0.991974 0.122757
v -0.045176 0.992361 0.124460
v -0.045332 0.992427 0.126524
v -0.039696 1.005006 0.128488
v -0.038125 1.004348 0.129665
v -0.036212 1.003573 0.129833
v -0.034470 1.002889 0.128946
v -0.033366 1.002480 0.127243
v -0.033196 1.002454 0.125180
v -0.034005 1.002819 0.123309
v -0.035576 1.003477 0.122132
v -0.037489 1.004252 0.121964
v -0.039231 1.004936 0.122851
v -0.040335 1.005345 0.124554
v -0.040505 1.005371 0.126617
v -0.034692 1.016533 0.128888
v -0.033161 1.015781 0.130061
v -0.031286 1.014918 0.130226
v -0.029569 1.014178 0.129338
v -0.028469 1.013757 0.127634
v -0.028283 1.013769 0.125572
v -0.029059 1.014211 0.123704
v -0.030589 1.014963 0.122530
v -0.032465 1.015826 0.122366
v -0.034182 1.016567 0.123254
v -0.035281 1.016987 0.124957
v -0.035468 1.016975 0.127020
v -0.029628 1.027134 0.129521
v -0.028125 1.026323 0.130692
v -0.026273 1.025412 0.130853
v -0.024568 1.024645 0.129963
v -0.023466 1.024229 0.128260
v -0.023264 1.024274 0.126200
v -0.024016 1.024768 0.124335
v -0.025519 1.025579 0.123165
v -0.027371 1.026490 0.123003
v -0.029077 1.027256 0.123893
v -0.030178 1.027673 0.125596
v -0.030380 1.027628 0.127656
v -0.024654 1.037209 0.130316
v -0.023157 1.036385 0.131486
v -0.021305 1.035473 0.131647
v -0.019595 1.034719 0.130758
v -0.018484 1.034322 0.129057
v -0.018270 1.034391 0.126998
v -0.019011 1.034907 0.125135
v -0.020508 1.035731 0.123966
v -0.022360 1.036643 0.123804
v -0.024070 1.037398 0.124693
v -0.025181 1.037794 0.126395
v -0.025395 1.037725 0.128453
v -0.019911 1.047167 0.131202
v -0.018397 1.046380 0.132374
v -0.016522 1.045519 0.132540
v -0.014787 1.044814 0.131656
v -0.013659 1.044455 0.129957
v -0.013438 1.044538 0.127900
v -0.014185 1.045040 0.126035
v -0.015700 1.045828 0.124863
v -0.017575 1.046689 0.124697
v -0.019310 1.047393 0.125581
v -0.020438 1.047752 0.127280
v -0.020658 1.047669 0.129337
v -0.015532 1.057422 0.132108
v -0.013983 1.056720 0.133288
v -0.012065 1.055957 0.133462
v -0.010294 1.055340 0.132585
v -0.009144 1.055032 0.130891
v -0.008923 1.055117 0.128834
v -0.009690 1.055572 0.126965
v -0.011240 1.056275 0.125786
v -0.013157 1.057037 0.125611
v -0.014928 1.057655 0.126488
v -0.016078 1.057962 0.128182
v -0.016299 1.057877 0.130239
v -0.011646 1.068397 0.132968
v -0.010053 1.067819 0.134157
v -0.008087 1.067194 0.134343
v -0.006276 1.066691 0.133474
v -0.005105 1.066445 0.131785
v -0.004887 1.066521 0.129727
v -0.005680 1.066899 0.127853
v -0.007274 1.067477 0.126663
v -0.009239 1.068102 0.126478
v -0.011050 1.068605 0.127347
v -0.012222 1.068851 0.129036
v -0.012440 1.068775 0.131094
v -0.008380 1.080520 0.133716
v -0.006748 1.080090 0.134914
v -0.004739 1.079626 0.135109
v -0.002893 1.079254 0.134248
v -0.001704 1.079072 0.132563
v -0.001491 1.079130 0.130504
v -0.002311 1.079411 0.128624
v -0.003944 1.079842 0.127425
v -0.005952 1.080305 0.127230
v -0.007798 1.080678 0.128091
v -0.008987 1.080860 0.129776
v -0.009200 1.080802 0.131835
v -0.005871 1.094220 0.134282
v -0.004209 1.093946 0.135487
v -0.002170 1.093649 0.135689
v -0.000300 1.093409 0.134834
v 0.000900 1.093289 0.133151
v 0.001109 1.093323 0.131091
v 0.000270 1.093500 0.129206
v -0.001391 1.093774 0.128002
v -0.003431 1.094071 0.127800
v -0.005301 1.094312 0.128655
v -0.006501 1.094432 0.130338
v -0.006710 1.094398 0.132398
v -0.006881 1.113861 0.129716
v -0.004867 1.113877 0.126917
v -0.001723 1.113877 0.125503
v 0.001701 1.113862 0.125853
v 0.004488 1.113836 0.127865
v 0.005896 1.113806 0.130997
v 0.005555 1.113780 0.134411
v 0.003555 1.113765 0.137200
v 0.000428 1.113765 0.138621
v -0.002995 1.113780 0.138289
v -0.007221 1.113835 0.133148
v -0.005797 1.113806 0.136287
v -0.006882 1.094307 0.135123
v -0.008003 1.094527 0.132615
v -0.004666 1.093968 0.136722
v -0.001952 1.093601 0.136987
v 0.000533 1.093302 0.135848
v 0.002126 1.093154 0.133614
v 0.002403 1.093194 0.130881
v 0.001290 1.093412 0.128377
v -0.000919 1.093750 0.126772
v -0.003633 1.094118 0.126499
v -0.006126 1.094417 0.127634
v -0.007726 1.094567 0.129873
v -0.004773 1.113831 0.135439
v -0.005910 1.113868 0.132929
v -0.002534 1.113791 0.137042
v 0.000204 1.113759 0.137311
v 0.002709 1.113744 0.136175
v 0.004311 1.113749 0.133942
v 0.004584 1.113773 0.131207
v 0.003454 1.113810 0.128701
v 0.001222 1.113850 0.127093
v -0.001517 1.113882 0.126817
v -0.004029 1.113898 0.127949
v -0.005638 1.113892 0.130187
v -0.006248 1.131901 0.136281
v -0.007668 1.131820 0.133143
v -0.003451 1.132035 0.138284
v -0.000031 1.132186 0.138618
v 0.003095 1.132315 0.137198
v 0.005094 1.132386 0.134408
v 0.005437 1.132381 0.130992
v 0.004029 1.132301 0.127860
v 0.001244 1.132167 0.125848
v -0.002177 1.132015 0.125500
v -0.005316 1.131886 0.126914
v -0.007327 1.131815 0.129713
v -0.093899 1.117039 0.074147
v -0.098031 1.117039 0.074147
v -0.093899 1.121044 0.075220
v -0.098031 1.121044 0.075220
v -0.093899 1.123976 0.078152
v -0.098031 1.123976 0.078152
v -0.093899 1.125049 0.082157
v -0.098031 1.125049 0.082157
v -0.093899 1.123976 0.086162
v -0.098031 1.123976 0.086162
v -0.093899 1.121044 0.089094
v -0.098031 1.121044 0.089094
v -0.093899 1.117039 0.090167
v -0.098031 1.117039 0.090167
v -0.093899 1.113034 0.089094
v -0.098031 1.113034 0.089094
v -0.093899 1.110102 0.086162
v -0.098031 1.110102 0.086162
v -0.093899 1.109029 0.082157
v -0.098031 1.109029 0.082157
v -0.093899 1.110102 0.078152
v -0.098031 1.110102 0.078152
v -0.093899 1.113034 0.075220
v -0.098031 1.113034 0.075220
v -0.098031 1.117039 0.082157
v -0.017557 1.411994 0.120842
v -0.017557 1.409598 0.132519
v -0.011079 1.410259 0.120842
v -0.012277 1.408184 0.132519
v -0.006337 1.405516 0.120842
v -0.008412 1.404318 0.132519
v -0.004601 1.399038 0.120842
v -0.006997 1.399038 0.132519
v -0.006337 1.392560 0.120842
v -0.008412 1.393758 0.132519
v -0.011079 1.387817 0.120842
v -0.012277 1.389892 0.132519
v -0.017557 1.386081 0.120842
v -0.017557 1.388477 0.132519
v -0.024036 1.387817 0.120842
v -0.022837 1.389892 0.132519
v -0.028778 1.392560 0.120842
v -0.026703 1.393758 0.132519
v -0.030514 1.399038 0.120842
v -0.028118 1.399038 0.132519
v -0.028778 1.405516 0.120842
v -0.026703 1.404318 0.132519
v -0.024036 1.410259 0.120842
v -0.022837 1.408184 0.132519
v -0.017557 1.411994 0.130019
v -0.011079 1.410259 0.130019
v -0.006337 1.405516 0.130019
v -0.004601 1.399038 0.130019
v -0.006337 1.392560 0.130019
v -0.011079 1.387817 0.130019
v -0.017557 1.386081 0.130019
v -0.024036 1.387817 0.130019
v -0.028778 1.392560 0.130019
v -0.030514 1.399038 0.130019
v -0.028778 1.405516 0.130019
v -0.024036 1.410259 0.130019
v 0.025316 1.412539 0.128092
v 0.025316 1.412539 0.122769
v 0.026323 1.408782 0.122769
v 0.026323 1.408782 0.128092
v -0.011079 1.410259 0.132519
v -0.017557 1.411994 0.132519
v -0.006337 1.405516 0.132519
v -0.004601 1.399038 0.132519
v -0.006337 1.392560 0.132519
v -0.011079 1.387817 0.132519
v -0.017557 1.386081 0.132519
v -0.024036 1.387817 0.132519
v -0.028778 1.392560 0.132519
v -0.030514 1.399038 0.132519
v -0.028778 1.405516 0.132519
v -0.024036 1.410259 0.132519
v -0.012917 1.407075 0.130930
v -0.017557 1.408318 0.130930
v -0.009521 1.403678 0.130930
v -0.008277 1.399038 0.130930
v -0.009521 1.394398 0.130930
v -0.012917 1.391001 0.130930
v -0.017557 1.389758 0.130930
v -0.022197 1.391001 0.130930
v -0.025594 1.394398 0.130930
v -0.026837 1.399038 0.130930
v -0.025594 1.403678 0.130930
v -0.022197 1.407075 0.130930
v -0.012277 1.408184 0.130930
v -0.017557 1.409598 0.130930
v -0.008412 1.404318 0.130930
v -0.006997 1.399038 0.130930
v -0.008412 1.393758 0.130930
v -0.012277 1.389892 0.130930
v -0.017557 1.388477 0.130930
v -0.022837 1.389892 0.130930
v -0.026703 1.393758 0.130930
v -0.028118 1.399038 0.130930
v -0.026703 1.404318 0.130930
v -0.022837 1.408184 0.130930
v -0.013371 1.406289 0.132519
v -0.017557 1.407411 0.132519
v -0.010306 1.403224 0.132519
v -0.009184 1.399038 0.132519
v -0.010306 1.394851 0.132519
v -0.013371 1.391787 0.132519
v -0.017557 1.390665 0.132519
v -0.021744 1.391787 0.132519
v -0.024808 1.394851 0.132519
v -0.025930 1.399038 0.132519
v -0.024808 1.403224 0.132519
v -0.021744 1.406289 0.132519
v -0.012917 1.407075 0.132519
v -0.017557 1.408318 0.132519
v -0.009521 1.403678 0.132519
v -0.008277 1.399038 0.132519
v -0.009521 1.394398 0.132519
v -0.012917 1.391001 0.132519
v -0.017557 1.389758 0.132519
v -0.022197 1.391001 0.132519
v -0.025594 1.394398 0.132519
v -0.026837 1.399038 0.132519
v -0.025594 1.403678 0.132519
v -0.022197 1.407075 0.132519
v -0.017557 1.399038 0.132519
v -0.034000 1.179807 0.121468
v -0.034000 1.191807 0.121468
v -0.034000 1.179807 0.115177
v -0.034000 1.191807 0.115177
v -0.014000 1.179807 0.121468
v -0.014000 1.191807 0.121468
v -0.014000 1.179807 0.115177
v -0.014000 1.191807 0.115177
v -0.010000 1.179807 0.121468
v -0.010000 1.191807 0.121468
v -0.010000 1.179807 0.115177
v -0.010000 1.191807 0.115177
v 0.010000 1.179807 0.121468
v 0.010000 1.191807 0.121468
v 0.010000 1.179807 0.115177
v 0.010000 1.191807 0.115177
v 0.014000 1.179807 0.121468
v 0.014000 1.191807 0.121468
v 0.014000 1.179807 0.115177
v 0.014000 1.191807 0.115177
v 0.034000 1.179807 0.121468
v 0.034000 1.191807 0.121468
v 0.034000 1.179807 0.115177
v 0.034000 1.191807 0.115177
v -0.034000 1.195407 0.121468
v -0.034000 1.207407 0.121468
v -0.034000 1.195407 0.115177
v -0.034000 1.207407 0.115177
v -0.014000 1.195407 0.121468
v -0.014000 1.207407 0.121468
v -0.014000 1.195407 0.115177
v -0.014000 1.207407 0.115177
v -0.010000 1.195407 0.121468
v -0.010000 1.207407 0.121468
v -0.010000 1.195407 0.115177
v -0.010000 1.207407 0.115177
v 0.010000 1.195407 0.121468
v 0.010000 1.207407 0.121468
v 0.010000 1.195407 0.115177
v 0.010000 1.207407 0.115177
v 0.014000 1.195407 0.121468
v 0.014000 1.207407 0.121468
v 0.014000 1.195407 0.115177
v 0.014000 1.207407 0.115177
v 0.034000 1.195407 0.121468
v 0.034000 1.207407 0.121468
v 0.034000 1.195407 0.115177
v 0.034000 1.207407 0.115177
v -0.034000 1.211007 0.121468
v -0.034000 1.223007 0.121468
v -0.034000 1.211007 0.115177
v -0.034000 1.223007 0.115177
v -0.014000 1.211007 0.121468
v -0.014000 1.223007 0.121468
v -0.014000 1.211007 0.115177
v -0.014000 1.223007 0.115177
v -0.010000 1.211007 0.121468
v -0.010000 1.223007 0.121468
v -0.010000 1.211007 0.115177
v -0.010000 1.223007 0.115177
v 0.010000 1.211007 0.121468
v 0.010000 1.223007 0.121468
v 0.010000 1.211007 0.115177
v 0.010000 1.223007 0.115177
v 0.014000 1.211007 0.121468
v 0.014000 1.223007 0.121468
v 0.014000 1.211007 0.115177
v 0.014000 1.223007 0.115177
v 0.034000 1.211007 0.121468
v 0.034000 1.223007 0.121468
v 0.034000 1.211007 0.115177
v 0.034000 1.223007 0.115177
v -0.034000 1.226607 0.121468
v -0.034000 1.238607 0.121468
v -0.034000 1.226607 0.115177
v -0.034000 1.238607 0.115177
v -0.014000 1.226607 0.121468
v -0.014000 1.238607 0.121468
v -0.014000 1.226607 0.115177
v -0.014000 1.238607 0.115177
v -0.010000 1.226607 0.121468
v -0.010000 1.238607 0.121468
v -0.010000 1.226607 0.115177
v -0.010000 1.238607 0.115177
v 0.010000 1.226607 0.121468
v 0.010000 1.238607 0.121468
v 0.010000 1.226607 0.115177
v 0.010000 1.238607 0.115177
v 0.014000 1.226607 0.121468
v 0.014000 1.238607 0.121468
v 0.014000 1.226607 0.115177
v 0.014000 1.238607 0.115177
v 0.034000 1.226607 0.121468
v 0.034000 1.238607 0.121468
v 0.034000 1.226607 0.115177
v 0.034000 1.238607 0.115177
v 0.000000 1.532204 0.002417
v -0.000000 0.826948 0.002417
v 0.000000 0.847526 0.069539
v 0.000000 1.503639 0.235818
v -0.057068 0.993872 0.111564
v -0.057068 0.923774 0.111565
v 0.004443 0.993872 0.111565
v 0.004443 0.923774 0.111564
v 0.075364 0.939586 0.057908
v 0.064564 1.510471 0.236369
v 0.064564 1.505087 0.236369
v 0.071742 1.505087 0.236369
v 0.071742 1.510471 0.236369
v 0.071518 1.512041 0.236369
v 0.070845 1.513162 0.236369
v 0.069724 1.513835 0.236369
v 0.068153 1.514060 0.236369
v 0.066583 1.513835 0.236369
v 0.065462 1.513162 0.236369
v 0.064789 1.512041 0.236369
v 0.071742 1.492525 0.236369
v 0.071742 1.494320 0.236369
v 0.080715 1.494320 0.236369
v 0.080715 1.492525 0.236369
v 0.079930 1.487814 0.236369
v 0.077575 1.484450 0.236369
v 0.073649 1.482431 0.236369
v 0.068153 1.481758 0.236369
v 0.062658 1.482431 0.236369
v 0.058732 1.484450 0.236369
v 0.056377 1.487814 0.236369
v 0.055592 1.492525 0.236369
v 0.055592 1.510471 0.236369
v 0.056377 1.515181 0.236369
v 0.058732 1.518546 0.236369
v 0.062658 1.520565 0.236369
v 0.068153 1.521238 0.236369
v 0.073649 1.520565 0.236369
v 0.077575 1.518546 0.236369
v 0.079930 1.515181 0.236369
v 0.080715 1.510471 0.236369
v 0.080715 1.497909 0.236369
v 0.064564 1.497909 0.236369
v 0.064564 1.492525 0.236369
v 0.064789 1.490955 0.236369
v 0.065462 1.489833 0.236369
v 0.066583 1.489160 0.236369
v 0.068153 1.488936 0.236369
v 0.069724 1.489160 0.236369
v 0.070845 1.489833 0.236369
v 0.071518 1.490955 0.236369
v 0.046639 1.510471 0.236369
v 0.046639 1.481758 0.236369
v 0.037666 1.481758 0.236369
v 0.037666 1.510471 0.236369
v 0.037441 1.512041 0.236369
v 0.036769 1.513162 0.236369
v 0.035647 1.513835 0.236369
v 0.034077 1.514060 0.236369
v 0.032506 1.513835 0.236369
v 0.031385 1.513162 0.236369
v 0.030712 1.512041 0.236369
v 0.030488 1.510471 0.236369
v 0.030488 1.481758 0.236369
v 0.021515 1.481758 0.236369
v 0.021515 1.521238 0.236369
v 0.030488 1.521238 0.236369
v 0.030488 1.517649 0.236369
v 0.030712 1.519219 0.236369
v 0.031385 1.520341 0.236369
v 0.032506 1.521014 0.236369
v 0.034077 1.521238 0.236369
v 0.039573 1.520565 0.236369
v 0.043498 1.518546 0.236369
v 0.045853 1.515181 0.236369
v -0.003589 1.510471 0.236369
v -0.003589 1.492525 0.236369
v -0.003365 1.490955 0.236369
v -0.002692 1.489833 0.236369
v -0.001570 1.489160 0.236369
v 0.000000 1.488936 0.236369
v 0.001570 1.489160 0.236369
v 0.002692 1.489833 0.236369
v 0.003365 1.490955 0.236369
v 0.003589 1.492525 0.236369
v 0.003589 1.510471 0.236369
v 0.003365 1.512041 0.236369
v 0.002692 1.513162 0.236369
v 0.001570 1.513835 0.236369
v 0.000000 1.514060 0.236369
v -0.001570 1.513835 0.236369
v -0.002692 1.513162 0.236369
v -0.003365 1.512041 0.236369
v -0.012562 1.492525 0.236369
v -0.012562 1.510471 0.236369
v -0.011777 1.515181 0.236369
v -0.009421 1.518546 0.236369
v -0.005496 1.520565 0.236369
v 0.000000 1.521238 0.236369
v 0.005496 1.520565 0.236369
v 0.009421 1.518546 0.236369
v 0.011777 1.515181 0.236369
v 0.012562 1.510471 0.236369
v 0.012562 1.492525 0.236369
v 0.011777 1.487814 0.236369
v 0.009421 1.484450 0.236369
v 0.005496 1.482431 0.236369
v 0.000000 1.481758 0.236369
v -0.005496 1.482431 0.236369
v -0.009421 1.484450 0.236369
v -0.011777 1.487814 0.236369
v -0.021515 1.510471 0.236369
v -0.021515 1.481758 0.236369
v -0.030488 1.481758 0.236369
v -0.030488 1.510471 0.236369
v -0.030712 1.512041 0.236369
v -0.031385 1.513162 0.236369
v -0.032506 1.513835 0.236369
v -0.034077 1.514060 0.236369
v -0.035647 1.513835 0.236369
v -0.036768 1.513162 0.236369
v -0.037441 1.512041 0.236369
v -0.037666 1.510471 0.236369
v -0.037666 1.481758 0.236369
v -0.046639 1.481758 0.236369
v -0.046639 1.532005 0.236369
v -0.037666 1.532005 0.236369
v -0.037666 1.517649 0.236369
v -0.037441 1.519219 0.236369
v -0.036768 1.520341 0.236369
v -0.035647 1.521014 0.236369
v -0.034077 1.521238 0.236369
v -0.028581 1.520565 0.236369
v -0.024655 1.518546 0.236369
v -0.022300 1.515181 0.236369
v -0.071742 1.524827 0.236369
v -0.071742 1.510471 0.236369
v -0.068153 1.510471 0.236369
v -0.066583 1.510695 0.236369
v -0.065462 1.511368 0.236369
v -0.064789 1.512489 0.236369
v -0.064564 1.514060 0.236369
v -0.064564 1.521238 0.236369
v -0.064789 1.522808 0.236369
v -0.065462 1.523930 0.236369
v -0.066583 1.524603 0.236369
v -0.068153 1.524827 0.236369
v -0.071742 1.503292 0.236369
v -0.071742 1.481758 0.236369
v -0.080715 1.481758 0.236369
v -0.080715 1.532005 0.236369
v -0.068153 1.532005 0.236369
v -0.062658 1.531332 0.236369
v -0.058732 1.529313 0.236369
v -0.056377 1.525949 0.236369
v -0.055592 1.521238 0.236369
v -0.055592 1.514060 0.236369
v -0.056377 1.509349 0.236369
v -0.058732 1.505984 0.236369
v -0.062658 1.503965 0.236369
v -0.068153 1.503292 0.236369
v 0.064564 1.510471 0.234140
v 0.064564 1.505087 0.234140
v 0.071742 1.505087 0.234140
v 0.071742 1.510471 0.234140
v 0.071518 1.512041 0.234140
v 0.070845 1.513162 0.234140
v 0.069724 1.513835 0.234140
v 0.068153 1.514060 0.234140
v 0.066583 1.513835 0.234140
v 0.065462 1.513162 0.234140
v 0.064789 1.512041 0.234140
v 0.071742 1.492525 0.234140
v 0.071742 1.494320 0.234140
v 0.080715 1.494320 0.234140
v 0.080715 1.492525 0.234140
v 0.079930 1.487814 0.234140
v 0.077575 1.484450 0.234140
v 0.073649 1.482431 0.234140
v 0.068153 1.481758 0.234140
v 0.062658 1.482431 0.234140
v 0.058732 1.484450 0.234140
v 0.056377 1.487814 0.234140
v 0.055592 1.492525 0.234140
v 0.055592 1.510471 0.234140
v 0.056377 1.515181 0.234140
v 0.058732 1.518546 0.234140
v 0.062658 1.520565 0.234140
v 0.068153 1.521238 0.234140
v 0.073649 1.520565 0.234140
v 0.077575 1.518546 0.234140
v 0.079930 1.515181 0.234140
v 0.080715 1.510471 0.234140
v 0.080715 1.497909 0.234140
v 0.064564 1.497909 0.234140
v 0.064564 1.492525 0.234140
v 0.064789 1.490955 0.234140
v 0.065462 1.489833 0.234140
v 0.066583 1.489160 0.234140
v 0.068153 1.488936 0.234140
v 0.069724 1.489160 0.234140
v 0.070845 1.489833 0.234140
v 0.071518 1.490955 0.234140
v 0.046639 1.510471 0.234140
v 0.046639 1.481758 0.234140
v 0.037666 1.481758 0.234140
v 0.037666 1.510471 0.234140
v 0.037441 1.512041 0.234140
v 0.036769 1.513162 0.234140
v 0.035647 1.513835 0.234140
v 0.034077 1.514060 0.234140
v 0.032506 1.513835 0.234140
v 0.031385 1.513162 0.234140
v 0.030712 1.512041 0.234140
v 0.030488 1.510471 0.234140
v 0.030488 1.481758 0.234140
v 0.021515 1.481758 0.234140
v 0.021515 1.521238 0.234140
v 0.030488 1.521238 0.234140
v 0.030488 1.517649 0.234140
v 0.030712 1.519219 0.234140
v 0.031385 1.520341 0.234140
v 0.032506 1.521014 0.234140
v 0.034077 1.521238 0.234140
v 0.039573 1.520565 0.234140
v 0.043498 1.518546 0.234140
v 0.045853 1.515181 0.234140
v -0.003589 1.510471 0.234140
v -0.003589 1.492525 0.234140
v -0.003365 1.490955 0.234140
v -0.002692 1.489833 0.234140
v -0.001570 1.489160 0.234140
v 0.000000 1.488936 0.234140
v 0.001570 1.489160 0.234140
v 0.002692 1.489833 0.234140
v 0.003365 1.490955 0.234140
v 0.003589 1.492525 0.234140
v 0.003589 1.510471 0.234140
v 0.003365 1.512041 0.234140
v 0.002692 1.513162 0.234140
v 0.001570 1.513835 0.234140
v 0.000000 1.514060 0.234140
v -0.001570 1.513835 0.234140
v -0.002692 1.513162 0.234140
v -0.003365 1.512041 0.234140
v -0.012562 1.492525 0.234140
v -0.012562 1.510471 0.234140
v -0.011777 1.515181 0.234140
v -0.009421 1.518546 0.234140
v -0.005496 1.520565 0.234140
v 0.000000 1.521238 0.234140
v 0.005496 1.520565 0.234140
v 0.009421 1.518546 0.234140
v 0.011777 1.515181 0.234140
v 0.012562 1.510471 0.234140
v 0.012562 1.492525 0.234140
v 0.011777 1.487814 0.234140
v 0.009421 1.484450 0.234140
v 0.005496 1.482431 0.234140
v 0.000000 1.481758 0.234140
v -0.005496 1.482431 0.234140
v -0.009421 1.484450 0.234140
v -0.011777 1.487814 0.234140
v -0.021515 1.510471 0.234140
v -0.021515 1.481758 0.234140
v -0.030488 1.481758 0.234140
v -0.030488 1.510471 0.234140
v -0.030712 1.512041 0.234140
v -0.031385 1.513162 0.234140
v -0.032506 1.513835 0.234140
v -0.034077 1.514060 0.234140
v -0.035647 1.513835 0.234140
v -0.036768 1.513162 0.234140
v -0.037441 1.512041 0.234140
v -0.037666 1.510471 0.234140
v -0.037666 1.481758 0.234140
v -0.046639 1.481758 0.234140
v -0.046639 1.532005 0.234140
v -0.037666 1.532005 0.234140
v -0.037666 1.517649 0.234140
v -0.037441 1.519219 0.234140
v -0.036768 1.520341 0.234140
v -0.035647 1.521014 0.234140
v -0.034077 1.521238 0.234140
v -0.028581 1.520565 0.234140
v -0.024655 1.518546 0.234140
v -0.022300 1.515181 0.234140
v -0.071742 1.524827 0.234140
v -0.071742 1.510471 0.234140
v -0.068153 1.510471 0.234140
v -0.066583 1.510695 0.234140
v -0.065462 1.511368 0.234140
v -0.064789 1.512489 0.234140
v -0.064564 1.514060 0.234140
v -0.064564 1.521238 0.234140
v -0.064789 1.522808 0.234140
v -0.065462 1.523930 0.234140
v -0.066583 1.524603 0.234140
v -0.068153 1.524827 0.234140
v -0.071742 1.503292 0.234140
v -0.071742 1.481758 0.234140
v -0.080715 1.481758 0.234140
v -0.080715 1.532005 0.234140
v -0.068153 1.532005 0.234140
v -0.062658 1.531332 0.234140
v -0.058732 1.529313 0.234140
v -0.056377 1.525949 0.234140
v -0.055592 1.521238 0.234140
v -0.055592 1.514060 0.234140
v -0.056377 1.509349 0.234140
v -0.058732 1.505984 0.234140
v -0.062658 1.503965 0.234140
v -0.068153 1.503292 0.234140
v 0.168750 0.044673 0.089130
v 0.168750 0.037842 0.089130
v -0.168750 0.044673 0.089130
v -0.168750 0.037842 0.089130
v 0.168750 0.044673 -0.089130
v 0.168750 0.037842 -0.089130
v -0.168750 0.044673 -0.089130
v -0.168750 0.037842 -0.089130
vn -0.0000 -0.0000 -1.0000
vn 0.5000 -0.0000 -0.8660
vn 1.0000 -0.0000 -0.0000
vn 0.5000 -0.0000 0.8660
vn -0.5000 -0.0000 0.8660
vn -0.0000 -1.0000 -0.0000
vn -1.0000 -0.0000 -0.0000
vn -0.5000 -0.0000 -0.8660
vn -0.0000 1.0000 -0.0000
vn -0.0000 0.8566 -0.5159
vn 0.3588 0.6965 -0.6215
vn -0.0000 0.6965 -0.7176
vn 0.4356 0.4909 -0.7545
vn -0.0000 0.4909 -0.8712
vn -0.0000 0.9603 -0.2789
vn 0.1394 0.9603 -0.2415
vn 0.4837 0.2536 -0.8377
vn -0.0000 0.2536 -0.9673
vn 0.2580 0.8566 -0.4468
vn 0.4957 0.1305 -0.8586
vn -0.0000 0.1305 -0.9914
vn 0.2415 0.9603 -0.1394
vn 0.8377 0.2536 -0.4837
vn 0.4468 0.8566 -0.2580
vn 0.8586 0.1305 -0.4957
vn 0.6215 0.6965 -0.3588
vn 0.7545 0.4909 -0.4356
vn 0.8712 0.4909 -0.0000
vn 0.2789 0.9603 -0.0000
vn 0.9673 0.2536 -0.0000
vn 0.5159 0.8566 -0.0000
vn 0.9914 0.1305 -0.0000
vn 0.7176 0.6965 -0.0000
vn 0.2415 0.9603 0.1394
vn 0.4468 0.8566 0.2580
vn 0.8586 0.1305 0.4957
vn 0.6215 0.6965 0.3588
vn 0.7545 0.4909 0.4356
vn 0.8377 0.2536 0.4837
vn 0.1394 0.9603 0.2415
vn 0.4356 0.4909 0.7545
vn 0.4837 0.2536 0.8377
vn 0.2580 0.8566 0.4468
vn 0.4957 0.1305 0.8586
vn 0.3588 0.6965 0.6215
vn -0.0000 0.6965 0.7176
vn -0.0000 0.4909 0.8712
vn -0.0000 0.9603 0.2789
vn -0.0000 0.2536 0.9673
vn -0.0000 0.8566 0.5159
vn -0.0000 0.1305 0.9914
vn -0.2580 0.8566 0.4468
vn -0.4837 0.2536 0.8377
vn -0.4957 0.1305 0.8586
vn -0.3588 0.6965 0.6215
vn -0.4356 0.4909 0.7545
vn -0.1394 0.9603 0.2415
vn -0.7545 0.4909 0.4356
vn -0.2415 0.9603 0.1394
vn -0.8377 0.2536 0.4837
vn -0.4468 0.8566 0.2580
vn -0.8586 0.1305 0.4957
vn -0.6215 0.6965 0.3588
vn -0.7176 0.6965 -0.0000
vn -0.8712 0.4909 -0.0000
vn -0.2789 0.9603 -0.0000
vn -0.9673 0.2536 -0.0000
vn -0.5159 0.8566 -0.0000
vn -0.9914 0.1305 -0.0000
vn -0.7545 0.4909 -0.4356
vn -0.8377 0.2536 -0.4837
vn -0.4468 0.8566 -0.2580
vn -0.8586 0.1305 -0.4957
vn -0.6215 0.6965 -0.3588
vn -0.2415 0.9603 -0.1394
vn -0.3588 0.6965 -0.6215
vn -0.4356 0.4909 -0.7545
vn -0.1394 0.9603 -0.2415
vn -0.4837 0.2536 -0.8377
vn -0.2580 0.8566 -0.4468
vn -0.4957 0.1305 -0.8586
vn -0.0000 -0.0000 1.0000
vn -0.0785 -0.9969 -0.0000
vn -0.3090 -0.9511 0.0001
vn -0.3090 -0.9510 0.0001
vn -0.5878 -0.8090 0.0002
vn -0.8090 -0.5878 0.0002
vn -0.9510 -0.3090 0.0001
vn -0.9511 -0.3090 0.0001
vn -0.9969 -0.0785 -0.0000
vn -0.0785 0.9969 -0.0000
vn -0.3090 0.9511 0.0001
vn -0.0784 0.9969 -0.0000
vn -0.3091 0.9510 0.0001
vn -0.5878 0.8090 0.0002
vn -0.8090 0.5878 0.0002
vn -0.9510 0.3090 0.0001
vn -0.9511 0.3090 0.0001
vn -0.9969 0.0785 -0.0000
vn -0.9969 0.0784 -0.0000
vn 0.0785 -0.9969 -0.0000
vn 0.3090 -0.9511 0.0001
vn 0.0784 -0.9969 -0.0000
vn 0.3090 -0.9510 0.0001
vn 0.5878 -0.8090 0.0002
vn 0.8090 -0.5878 0.0002
vn 0.9510 -0.3090 0.0001
vn 0.9511 -0.3090 0.0001
vn 0.9969 -0.0785 -0.0000
vn 0.9969 -0.0784 -0.0000
vn 0.0785 0.9969 -0.0000
vn 0.3090 0.9511 0.0001
vn 0.3091 0.9510 0.0001
vn 0.5878 0.8090 0.0002
vn 0.8090 0.5878 0.0002
vn 0.9510 0.3090 0.0001
vn 0.9511 0.3090 0.0001
vn 0.9969 0.0785 -0.0000
vn 0.9511 0.3090 -0.0001
vn 0.8090 0.5878 -0.0002
vn 0.5878 0.8090 -0.0002
vn 0.3090 0.9511 -0.0001
vn 0.3090 0.9510 -0.0001
vn -0.9511 0.3090 -0.0001
vn -0.0784 -0.9969 -0.0000
vn 0.0784 0.9969 -0.0000
vn 0.9969 0.0784 -0.0000
vn -0.8090 0.5878 -0.0002
vn -0.5878 0.8090 -0.0002
vn -0.0000 -1.0000 -0.0004
vn -0.9969 -0.0784 -0.0000
vn -0.3090 0.9511 -0.0001
vn -0.9510 0.3090 -0.0001
vn -0.3090 0.9510 -0.0001
vn -0.0000 -1.0000 -0.0005
vn -0.0000 1.0000 -0.0005
vn 0.9510 0.3090 -0.0001
vn -0.9511 -0.3090 -0.0000
vn -0.8090 -0.5878 -0.0000
vn 0.9511 -0.3090 -0.0000
vn -0.5878 -0.8090 -0.0000
vn 0.8090 -0.5878 -0.0000
vn -0.3090 -0.9511 -0.0000
vn 0.5878 -0.8090 -0.0000
vn 0.3090 -0.9511 -0.0000
vn 0.8223 -0.3037 0.4812
vn 0.5172 -0.5325 0.6700
vn 0.5988 -0.5635 0.5691
vn 0.3488 -0.2767 0.8954
vn 0.7697 -0.1364 0.6237
vn 0.3505 -0.1686 0.9213
vn -0.9737 0.1501 0.1712
vn -0.7779 0.6236 0.0775
vn -0.8991 0.2430 0.3641
vn -0.6476 -0.3411 0.6813
vn -0.9135 -0.1394 0.3822
vn -0.8224 -0.3039 0.4810
vn -0.2528 -0.7228 0.6431
vn -0.5173 -0.5326 0.6699
vn -0.5990 -0.5638 0.5687
vn -0.2714 -0.7693 0.5784
vn -0.6445 -0.5978 0.4767
vn -0.2790 -0.8223 0.4959
vn 0.6204 -0.5496 0.5595
vn 0.8100 -0.2652 0.5230
vn 0.8506 -0.2700 0.4511
vn -0.7092 0.1775 -0.6823
vn -0.9978 0.0276 0.0602
vn -0.9995 0.0114 -0.0287
vn 0.3356 -0.1184 0.9345
vn 0.7784 -0.0692 0.6240
vn 0.3290 -0.1015 0.9389
vn -0.7697 -0.1364 0.6237
vn -0.9690 -0.0007 0.2472
vn -0.2578 0.6704 -0.6958
vn -0.0000 0.9933 0.1152
vn -0.3117 0.9500 0.0174
vn -0.2107 -0.6256 0.7512
vn 0.0001 -0.4568 0.8896
vn -0.2980 -0.4267 0.8539
vn 0.9690 -0.0006 0.2472
vn 0.7242 -0.2305 0.6499
vn 0.9135 -0.1393 0.3823
vn -0.8506 -0.2703 0.4510
vn -0.8679 -0.0088 0.4966
vn -0.8098 -0.2655 0.5232
vn 0.9380 -0.0607 0.3412
vn 0.8991 0.2430 0.3641
vn 0.9737 0.1501 0.1712
vn 0.8593 0.4037 -0.3140
vn 0.3117 0.9500 0.0174
vn 0.2578 0.6704 -0.6957
vn -0.0000 0.9064 0.4225
vn -0.3485 0.8722 0.3433
vn 0.7779 0.6236 0.0775
vn 0.3485 0.8722 0.3433
vn 0.8680 -0.0088 0.4965
vn 0.8289 0.3003 0.4720
vn -0.6561 -0.6385 0.4024
vn -0.3174 -0.8423 0.4355
vn 0.6564 -0.6387 0.4016
vn 0.8155 -0.3042 0.4924
vn -0.3504 -0.1686 0.9213
vn 0.0001 -0.2766 0.9610
vn -0.0000 -0.1621 0.9868
vn 0.2525 -0.7227 0.6434
vn 0.0001 -0.6473 0.7622
vn -0.0001 -0.7573 0.6530
vn -0.0002 -0.8344 0.5511
vn 0.2786 -0.8227 0.4955
vn 0.2709 -0.7693 0.5786
vn -0.3356 -0.1184 0.9346
vn -0.0000 -0.1121 0.9937
vn -0.3290 -0.1015 0.9389
vn -0.0131 -0.0000 -0.9999
vn -0.0094 0.0024 -1.0000
vn -0.0132 -0.0000 -0.9999
vn 0.0099 -0.0057 -0.9999
vn 0.0070 -0.0076 -0.9999
vn 0.0100 -0.0057 -0.9999
vn -0.0989 -0.0265 -0.9947
vn -0.1883 -0.0000 -0.9821
vn -0.1024 -0.0000 -0.9947
vn -0.0887 -0.0512 -0.9947
vn -0.1819 -0.0487 -0.9821
vn -0.1331 -0.1332 -0.9821
vn -0.1631 -0.0942 -0.9821
vn -0.0512 -0.0887 -0.9947
vn -0.0724 -0.0724 -0.9947
vn -0.0487 -0.1819 -0.9821
vn -0.0942 -0.1631 -0.9821
vn -0.0000 -0.1024 -0.9947
vn -0.0265 -0.0989 -0.9947
vn 0.0487 -0.1819 -0.9821
vn -0.0000 -0.1883 -0.9821
vn 0.0512 -0.0887 -0.9947
vn 0.0265 -0.0989 -0.9947
vn 0.1332 -0.1331 -0.9821
vn 0.0942 -0.1631 -0.9821
vn 0.0724 -0.0724 -0.9947
vn 0.1631 -0.0942 -0.9821
vn 0.0887 -0.0512 -0.9947
vn 0.1819 -0.0487 -0.9821
vn 0.0989 -0.0265 -0.9947
vn 0.1883 -0.0000 -0.9821
vn 0.0989 0.0265 -0.9947
vn 0.1024 -0.0000 -0.9947
vn 0.0887 0.0512 -0.9947
vn 0.1819 0.0487 -0.9821
vn 0.0724 0.0724 -0.9947
vn 0.1631 0.0942 -0.9821
vn 0.0941 0.1631 -0.9821
vn 0.1332 0.1332 -0.9821
vn 0.0265 0.0989 -0.9947
vn 0.0512 0.0887 -0.9947
vn -0.0000 0.1024 -0.9947
vn 0.0487 0.1819 -0.9821
vn -0.0487 0.1819 -0.9821
vn -0.0000 0.1883 -0.9821
vn -0.0265 0.0989 -0.9947
vn -0.0941 0.1631 -0.9821
vn -0.0724 0.0724 -0.9947
vn -0.0512 0.0887 -0.9947
vn -0.1631 0.0942 -0.9821
vn -0.1332 0.1332 -0.9821
vn -0.0887 0.0512 -0.9947
vn -0.1819 0.0487 -0.9821
vn -0.0989 0.0265 -0.9947
vn -0.0024 0.0020 1.0000
vn -0.0003 0.0004 1.0000
vn -0.0003 0.0003 1.0000
vn -0.0092 0.0024 -1.0000
vn -0.0052 0.0029 -1.0000
vn 0.0207 -0.0055 0.9998
vn 0.0204 -0.0000 0.9998
vn 0.0208 -0.0056 0.9998
vn -0.0171 -0.0098 0.9998
vn -0.0111 -0.0118 0.9999
vn -0.0172 -0.0099 0.9998
vn 0.0118 -0.0210 -0.9997
vn 0.0067 -0.0073 -1.0000
vn -0.0050 0.0028 -1.0000
vn -0.0017 0.0015 -1.0000
vn 0.0024 0.0020 1.0000
vn 0.0003 0.0004 1.0000
vn 0.0026 0.0022 1.0000
vn 0.0088 -0.0334 -0.9994
vn 0.0123 -0.0216 -0.9997
vn -0.0000 -0.0473 0.9989
vn 0.0112 -0.0421 0.9991
vn -0.0000 -0.0475 0.9989
vn -0.0016 0.0014 -1.0000
vn -0.0005 0.0007 -1.0000
vn -0.0000 -0.0399 -0.9992
vn 0.0090 -0.0338 -0.9994
vn -0.0002 0.0008 1.0000
vn -0.0004 0.0007 -1.0000
vn -0.0002 0.0010 -1.0000
vn 0.0172 -0.0098 0.9998
vn 0.0171 -0.0097 0.9998
vn -0.0207 -0.0055 0.9998
vn -0.0090 -0.0338 -0.9994
vn -0.0000 -0.0402 -0.9992
vn -0.0000 0.0008 -1.0000
vn -0.0202 -0.0000 0.9998
vn -0.0164 0.0043 0.9999
vn -0.0161 0.0042 0.9999
vn 0.0088 0.0047 1.0000
vn 0.0091 0.0050 0.9999
vn -0.0088 -0.0334 -0.9994
vn -0.0123 -0.0216 -0.9997
vn -0.0112 -0.0421 0.9991
vn -0.0110 -0.0417 0.9991
vn 0.0002 0.0010 -1.0000
vn -0.0000 0.0007 -1.0000
vn 0.7079 0.7063 0.0073
vn 0.8470 0.4904 0.2051
vn 0.8664 0.4991 0.0158
vn 0.2583 -0.9647 0.0513
vn 0.4927 -0.8483 0.1937
vn 0.2359 -0.9472 0.2171
vn -0.9657 0.2580 0.0285
vn -0.8470 0.4904 0.2051
vn -0.8664 0.4991 0.0158
vn -0.9996 0.0007 0.0290
vn -0.9493 -0.2316 0.2127
vn -0.9721 0.0008 0.2344
vn 0.4969 0.8469 0.1895
vn 0.6969 0.6958 0.1739
vn 0.7048 -0.7093 0.0114
vn 0.4972 -0.8669 0.0356
vn -0.9441 0.2353 0.2309
vn -0.9658 -0.2583 0.0212
vn -0.8497 -0.4947 0.1827
vn 0.5000 0.8660 0.0071
vn 0.2497 0.9501 0.1872
vn 0.8497 -0.4947 0.1827
vn 0.6963 -0.7000 0.1588
vn -0.7048 -0.7093 0.0114
vn -0.8664 -0.4993 0.0108
vn -0.0000 1.0000 0.0029
vn 0.2590 0.9659 0.0052
vn 0.9658 -0.2583 0.0212
vn 0.8664 -0.4993 0.0108
vn -0.4928 -0.8483 0.1938
vn -0.6962 -0.7000 0.1589
vn -0.2497 0.9501 0.1872
vn -0.0000 0.9856 0.1689
vn 0.9996 0.0007 0.0290
vn 0.9493 -0.2316 0.2127
vn -0.2583 -0.9647 0.0513
vn -0.4972 -0.8669 0.0356
vn -0.5000 0.8660 0.0071
vn -0.2590 0.9659 0.0052
vn 0.9441 0.2353 0.2309
vn 0.9721 0.0008 0.2344
vn -0.0000 -0.9990 0.0445
vn -0.2359 -0.9472 0.2171
vn -0.7079 0.7063 0.0073
vn -0.4969 0.8469 0.1895
vn 0.9657 0.2580 0.0285
vn -0.0000 -0.9774 0.2114
vn -0.6969 0.6958 0.1739
vn -0.7069 -0.7073 0.0017
vn -0.4997 -0.8662 0.0049
vn -0.7069 -0.7073 0.0016
vn 0.7069 -0.7073 0.0017
vn 0.4997 -0.8662 0.0049
vn 0.4997 -0.8662 0.0051
vn 0.9660 0.2587 0.0012
vn 0.8661 0.4999 0.0007
vn 0.9660 0.2586 0.0012
vn -0.0000 1.0000 0.0004
vn -0.2588 0.9659 0.0004
vn -0.9660 0.2587 0.0012
vn -1.0000 -0.0000 0.0025
vn -0.9660 0.2586 0.0012
vn -0.9659 -0.2588 0.0016
vn -0.8660 -0.5000 0.0014
vn -0.9659 -0.2588 0.0017
vn 0.2585 -0.9660 0.0074
vn -0.0000 -1.0000 0.0091
vn -0.0000 -1.0000 0.0092
vn 1.0000 -0.0000 0.0025
vn 0.9659 -0.2588 0.0017
vn 0.9659 -0.2588 0.0016
vn 0.5000 0.8660 0.0004
vn 0.2588 0.9659 0.0004
vn -0.8661 0.4999 0.0007
vn -0.7072 0.7071 0.0003
vn -0.4997 -0.8662 0.0051
vn -0.2585 -0.9660 0.0073
vn 0.8660 -0.5000 0.0014
vn 0.7069 -0.7073 0.0016
vn 0.7072 0.7070 0.0003
vn -0.5000 0.8660 0.0004
vn 0.2585 -0.9660 0.0073
vn -0.2585 -0.9660 0.0074
vn 0.0110 -0.0417 0.9991
vn 0.0155 -0.0277 0.9995
vn 0.0121 -0.0032 -0.9999
vn 0.0122 -0.0033 -0.9999
vn 0.0002 0.0008 1.0000
vn 0.0003 0.0003 1.0000
vn 0.0131 -0.0000 -0.9999
vn 0.0132 -0.0000 -0.9999
vn -0.0150 -0.0271 0.9995
vn -0.0108 -0.0114 0.9999
vn 0.0203 -0.0001 0.9998
vn 0.0164 0.0043 0.9999
vn -0.0088 0.0047 1.0000
vn -0.0026 0.0022 1.0000
vn 0.0094 0.0024 -1.0000
vn 0.0092 0.0024 -1.0000
vn 0.0150 -0.0271 0.9995
vn 0.0111 -0.0118 0.9999
vn 0.0052 0.0029 -1.0000
vn 0.0051 0.0028 -1.0000
vn -0.0000 0.0006 1.0000
vn -0.0122 -0.0033 -0.9999
vn -0.0121 -0.0033 -0.9999
vn 0.0017 0.0015 -1.0000
vn 0.0016 0.0014 -1.0000
vn -0.0155 -0.0277 0.9995
vn -0.0100 -0.0057 -0.9999
vn -0.0099 -0.0057 -0.9999
vn 0.0161 0.0042 0.9999
vn -0.0091 0.0050 0.9999
vn -0.0204 -0.0000 0.9998
vn 0.0005 0.0007 -1.0000
vn 0.0004 0.0007 -1.0000
vn -0.0070 -0.0076 -0.9999
vn -0.0067 -0.0073 -1.0000
vn 0.0108 -0.0114 0.9999
vn -0.0118 -0.0210 -0.9997
vn -0.9477 -0.2539 -0.1932
vn -0.7203 -0.0000 -0.6937
vn -0.6957 -0.1864 -0.6937
vn -0.2019 -0.0541 -0.9779
vn -0.6238 -0.3601 -0.6937
vn -0.8497 -0.4906 -0.1932
vn -0.1810 -0.1045 -0.9779
vn -0.5093 -0.5093 -0.6937
vn -0.6938 -0.6938 -0.1932
vn -0.1478 -0.1478 -0.9779
vn -0.4906 -0.8498 -0.1930
vn -0.3601 -0.6238 -0.6937
vn -0.1045 -0.1810 -0.9779
vn -0.1864 -0.6957 -0.6937
vn -0.2540 -0.9478 -0.1929
vn -0.0541 -0.2019 -0.9779
vn -0.0000 -0.9812 -0.1929
vn -0.0000 -0.7203 -0.6937
vn -0.0000 -0.2090 -0.9779
vn 0.1864 -0.6957 -0.6937
vn 0.2540 -0.9478 -0.1929
vn 0.0541 -0.2019 -0.9779
vn 0.4906 -0.8498 -0.1930
vn 0.3601 -0.6238 -0.6937
vn 0.1045 -0.1810 -0.9779
vn 0.5093 -0.5093 -0.6937
vn 0.6937 -0.6938 -0.1932
vn 0.1478 -0.1478 -0.9779
vn 0.8497 -0.4906 -0.1932
vn 0.6238 -0.3601 -0.6937
vn 0.1810 -0.1045 -0.9779
vn 0.9477 -0.2539 -0.1932
vn 0.6957 -0.1864 -0.6937
vn 0.2019 -0.0541 -0.9779
vn 0.7203 -0.0000 -0.6937
vn 0.9812 -0.0000 -0.1932
vn 0.2090 -0.0000 -0.9779
vn 0.9477 0.2539 -0.1933
vn 0.6957 0.1864 -0.6937
vn 0.2019 0.0541 -0.9779
vn 0.8497 0.4905 -0.1933
vn 0.6238 0.3601 -0.6937
vn 0.1810 0.1045 -0.9779
vn 0.6938 0.6937 -0.1934
vn 0.5093 0.5093 -0.6937
vn 0.1478 0.1478 -0.9779
vn 0.4906 0.8497 -0.1935
vn 0.3601 0.6238 -0.6937
vn 0.1045 0.1810 -0.9779
vn 0.2539 0.9477 -0.1935
vn 0.1864 0.6957 -0.6937
vn 0.0541 0.2019 -0.9779
vn -0.0000 0.7203 -0.6937
vn -0.0000 0.9811 -0.1935
vn -0.0000 0.2090 -0.9779
vn -0.2539 0.9477 -0.1935
vn -0.1864 0.6957 -0.6937
vn -0.0541 0.2019 -0.9779
vn -0.4906 0.8497 -0.1935
vn -0.3602 0.6238 -0.6937
vn -0.1045 0.1810 -0.9779
vn -0.5093 0.5093 -0.6937
vn -0.6938 0.6937 -0.1934
vn -0.1478 0.1478 -0.9779
vn -0.6238 0.3601 -0.6937
vn -0.8497 0.4905 -0.1933
vn -0.1810 0.1045 -0.9779
vn -0.6957 0.1864 -0.6937
vn -0.9477 0.2539 -0.1933
vn -0.2019 0.0541 -0.9779
vn -0.9812 -0.0000 -0.1932
vn -0.2090 -0.0000 -0.9779
vn -0.9659 -0.2588 0.0006
vn -1.0000 -0.0000 0.0005
vn -0.8661 -0.5000 0.0005
vn -0.9660 0.2587 0.0004
vn -0.7070 -0.7072 0.0004
vn -0.4997 -0.8662 0.0007
vn -0.2587 -0.9660 0.0011
vn -0.0000 -1.0000 0.0013
vn 0.2587 -0.9660 0.0011
vn 0.4997 -0.8662 0.0007
vn 0.7070 -0.7072 0.0004
vn 0.8661 -0.5000 0.0005
vn 0.9659 -0.2588 0.0006
vn 1.0000 -0.0000 0.0005
vn 0.9660 0.2587 0.0004
vn 0.8661 0.4999 0.0002
vn 0.7072 0.7070 0.0001
vn 0.5000 0.8660 -0.0000
vn 0.2588 0.9659 -0.0000
vn -0.2588 0.9659 -0.0000
vn -0.5000 0.8660 -0.0000
vn -0.7072 0.7070 0.0001
vn -0.8661 0.4999 0.0002
vn 0.3409 0.0914 -0.9356
vn 0.9180 -0.0000 -0.3965
vn 0.8868 0.2376 -0.3965
vn 0.3057 0.1765 -0.9356
vn 0.7951 0.4590 -0.3965
vn 0.2496 0.2496 -0.9356
vn 0.6491 0.6491 -0.3965
vn 0.1765 0.3057 -0.9356
vn 0.4590 0.7951 -0.3965
vn 0.0914 0.3409 -0.9356
vn 0.2376 0.8868 -0.3965
vn -0.0000 0.3530 -0.9356
vn -0.0000 0.9180 -0.3965
vn -0.2376 0.8868 -0.3965
vn -0.0914 0.3409 -0.9356
vn -0.4590 0.7951 -0.3965
vn -0.1765 0.3057 -0.9356
vn -0.6491 0.6491 -0.3965
vn -0.2496 0.2496 -0.9356
vn -0.7951 0.4590 -0.3965
vn -0.3057 0.1765 -0.9356
vn -0.8867 0.2376 -0.3965
vn -0.3409 0.0914 -0.9356
vn -0.9180 -0.0000 -0.3965
vn -0.3529 -0.0000 -0.9356
vn -0.8868 -0.2376 -0.3965
vn -0.3409 -0.0913 -0.9356
vn -0.7950 -0.4590 -0.3965
vn -0.3057 -0.1765 -0.9356
vn -0.2496 -0.2496 -0.9356
vn -0.6492 -0.6492 -0.3965
vn -0.1765 -0.3057 -0.9356
vn -0.4590 -0.7950 -0.3965
vn -0.2376 -0.8867 -0.3966
vn -0.0913 -0.3409 -0.9357
vn -0.0000 -0.9180 -0.3965
vn -0.0000 -0.3530 -0.9356
vn 0.0913 -0.3409 -0.9357
vn 0.2376 -0.8867 -0.3966
vn 0.1765 -0.3056 -0.9356
vn 0.4590 -0.7950 -0.3965
vn 0.6492 -0.6492 -0.3965
vn 0.2496 -0.2496 -0.9356
vn 0.7950 -0.4590 -0.3965
vn 0.3057 -0.1765 -0.9356
vn 0.3409 -0.0913 -0.9356
vn 0.8868 -0.2376 -0.3965
vn 0.3529 -0.0000 -0.9356
vn 0.9659 0.2588 -0.0000
vn 0.8660 0.5000 -0.0000
vn 0.7071 0.7071 -0.0000
vn -0.7071 0.7071 -0.0000
vn -0.8660 0.5000 -0.0000
vn -0.9659 0.2588 -0.0000
vn -0.9659 -0.2588 -0.0000
vn -0.8660 -0.5000 -0.0000
vn -0.7071 -0.7071 -0.0000
vn -0.5000 -0.8660 -0.0000
vn -0.2588 -0.9659 -0.0000
vn 0.2588 -0.9659 -0.0000
vn 0.5000 -0.8660 -0.0000
vn 0.7071 -0.7071 -0.0000
vn 0.8660 -0.5000 -0.0000
vn 0.9659 -0.2588 -0.0000
vn 0.2981 -0.4267 0.8539
vn 0.6476 -0.3411 0.6814
vn -0.6968 0.6360 0.3315
vn -0.8289 0.3003 0.4720
vn -0.8154 -0.3042 0.4926
vn -0.0001 -0.8577 0.5141
vn 0.3174 -0.8425 0.4353
vn -0.8552 0.0068 0.5183
vn 0.6968 0.6360 0.3315
vn 0.8552 0.0068 0.5182
vn -0.0000 -0.8762 0.4820
vn 0.2107 -0.6255 0.7512
vn 0.6447 -0.5982 0.4759
vn -0.0000 0.7301 -0.6833
vn -0.7784 -0.0692 0.6240
vn -0.3488 -0.2766 0.8955
vn -0.8593 0.4037 -0.3140
vn -0.7243 -0.2304 0.6499
vn -0.6206 -0.5500 0.5589
vn -0.7848 -0.0949 0.6124
vn -0.0000 -0.1182 0.9930
vn 0.9978 0.0276 0.0603
vn -0.9380 -0.0608 0.3412
vn 0.7848 -0.0949 0.6124
vn -0.7798 -0.0531 0.6238
vn -0.3406 -0.0845 0.9364
vn -0.0000 0.2782 -0.9605
vn -0.0000 -0.0942 0.9956
vn 0.3406 -0.0844 0.9364
vn 0.7798 -0.0531 0.6238
vn -0.6645 0.0634 -0.7446
vn -0.9989 -0.0025 -0.0475
vn 0.7092 0.1775 -0.6823
vn 0.9995 0.0114 -0.0287
vn -0.1787 0.1050 -0.9783
vn -0.1862 0.2654 -0.9460
vn -0.0000 0.1166 -0.9932
vn 0.1862 0.2654 -0.9460
vn 0.6645 0.0634 -0.7446
vn 0.9989 -0.0025 -0.0475
vn 0.1787 0.1050 -0.9783
vn -0.1733 0.0406 -0.9840
vn -0.1482 -0.0000 -0.9890
vn 0.9995 -0.0000 -0.0308
vn 0.7851 -0.0374 0.6183
vn 0.9997 -0.0116 -0.0205
vn 0.1733 0.0406 -0.9840
vn -0.0000 0.0461 -0.9989
vn -0.6762 0.0167 -0.7365
vn -0.6719 -0.0000 -0.7407
vn 0.6719 -0.0000 -0.7407
vn 0.6762 0.0167 -0.7365
vn -0.3462 -0.0484 0.9369
vn -0.7851 -0.0374 0.6182
vn -0.9997 -0.0116 -0.0205
vn 0.3462 -0.0484 0.9369
vn -0.0000 -0.0535 0.9986
vn -0.9995 -0.0000 -0.0308
vn 0.3212 -0.0000 0.9470
vn 0.1482 -0.0000 -0.9890
vn -0.3212 -0.0000 0.9470
vn -0.7827 -0.0000 0.6224
vn 0.8223 0.3037 0.4812
vn 0.5172 0.5325 0.6700
vn 0.6476 0.3411 0.6814
vn 0.7697 0.1364 0.6237
vn 0.3488 0.2767 0.8954
vn 0.3505 0.1686 0.9213
vn -0.9737 -0.1501 0.1712
vn -0.7779 -0.6236 0.0775
vn -0.8593 -0.4037 -0.3140
vn -0.9135 0.1394 0.3822
vn -0.6476 0.3411 0.6813
vn -0.8224 0.3039 0.4810
vn -0.2528 0.7228 0.6431
vn -0.5173 0.5326 0.6699
vn -0.2107 0.6256 0.7512
vn -0.2714 0.7693 0.5784
vn -0.6445 0.5978 0.4767
vn -0.6206 0.5500 0.5589
vn 0.8100 0.2652 0.5230
vn 0.6204 0.5496 0.5595
vn 0.8506 0.2700 0.4511
vn -0.9978 -0.0276 0.0603
vn -0.7092 -0.1775 -0.6823
vn -0.9995 -0.0114 -0.0287
vn 0.7784 0.0692 0.6240
vn 0.3356 0.1184 0.9345
vn 0.3290 0.1015 0.9389
vn -0.7697 0.1364 0.6237
vn -0.9690 0.0007 0.2472
vn -0.2578 -0.6704 -0.6958
vn -0.0000 -0.9933 0.1152
vn -0.0000 -0.7301 -0.6833
vn 0.0001 0.4568 0.8896
vn -0.2980 0.4267 0.8539
vn 0.9690 0.0006 0.2472
vn 0.7242 0.2305 0.6499
vn -0.8506 0.2703 0.4510
vn -0.8679 0.0088 0.4966
vn -0.9380 0.0608 0.3412
vn 0.8991 -0.2430 0.3641
vn 0.9380 0.0607 0.3412
vn 0.9737 -0.1501 0.1712
vn 0.3116 -0.9500 0.0174
vn 0.8593 -0.4037 -0.3140
vn 0.2578 -0.6704 -0.6957
vn -0.3117 -0.9500 0.0174
vn -0.0000 -0.9064 0.4225
vn 0.3485 -0.8722 0.3433
vn 0.7779 -0.6236 0.0775
vn 0.8289 -0.3003 0.4720
vn 0.8680 0.0088 0.4965
vn -0.2790 0.8223 0.4959
vn -0.6561 0.6385 0.4024
vn 0.6564 0.6387 0.4016
vn 0.6447 0.5982 0.4759
vn -0.3504 0.1686 0.9213
vn 0.0001 0.2766 0.9610
vn -0.3488 0.2766 0.8955
vn 0.2525 0.7227 0.6434
vn 0.0001 0.6473 0.7622
vn 0.2107 0.6255 0.7512
vn 0.2786 0.8227 0.4955
vn -0.0002 0.8344 0.5511
vn 0.2709 0.7693 0.5786
vn -0.0000 0.1121 0.9937
vn -0.3356 0.1184 0.9346
vn -0.3290 0.1015 0.9389
vn -0.0094 -0.0024 -1.0000
vn -0.0092 -0.0024 -1.0000
vn 0.0099 0.0057 -0.9999
vn 0.0070 0.0076 -0.9999
vn 0.0067 0.0073 -1.0000
vn -0.0942 0.1631 -0.9821
vn 0.0942 0.1631 -0.9821
vn -0.1331 -0.1331 -0.9821
vn -0.0002 -0.0004 1.0000
vn -0.0026 -0.0020 1.0000
vn -0.0025 -0.0020 1.0000
vn -0.0052 -0.0029 -1.0000
vn -0.0050 -0.0028 -1.0000
vn 0.0207 0.0056 0.9998
vn 0.0203 -0.0000 0.9998
vn -0.0171 0.0098 0.9998
vn -0.0111 0.0118 0.9999
vn -0.0108 0.0114 0.9999
vn 0.0118 0.0210 -0.9997
vn -0.0017 -0.0015 -1.0000
vn -0.0016 -0.0014 -1.0000
vn 0.0026 -0.0020 1.0000
vn 0.0002 -0.0004 1.0000
vn 0.0025 -0.0020 1.0000
vn 0.0123 0.0216 -0.9997
vn 0.0088 0.0334 -0.9994
vn -0.0000 0.0473 0.9989
vn 0.0112 0.0421 0.9991
vn 0.0110 0.0417 0.9991
vn -0.0005 -0.0007 -1.0000
vn -0.0004 -0.0007 -1.0000
vn 0.0090 0.0338 -0.9994
vn -0.0000 0.0399 -0.9992
vn -0.0002 -0.0008 1.0000
vn -0.0002 -0.0010 -1.0000
vn 0.0172 0.0099 0.9998
vn 0.0171 0.0097 0.9998
vn -0.0207 0.0056 0.9998
vn -0.0172 0.0099 0.9998
vn -0.0090 0.0338 -0.9994
vn -0.0088 0.0334 -0.9994
vn -0.0000 -0.0008 -1.0000
vn -0.0000 -0.0007 -1.0000
vn -0.0164 -0.0043 0.9999
vn -0.0203 -0.0000 0.9998
vn -0.0161 -0.0042 0.9999
vn 0.0088 -0.0047 1.0000
vn -0.0123 0.0216 -0.9997
vn -0.0118 0.0210 -0.9997
vn -0.0112 0.0421 0.9991
vn -0.0110 0.0417 0.9991
vn 0.0002 -0.0010 -1.0000
vn 0.8470 -0.4904 0.2051
vn 0.7079 -0.7063 0.0073
vn 0.8664 -0.4991 0.0158
vn 0.2583 0.9647 0.0514
vn 0.4928 0.8483 0.1938
vn 0.4972 0.8669 0.0357
vn -0.8470 -0.4904 0.2051
vn -0.9657 -0.2580 0.0285
vn -0.8664 -0.4991 0.0158
vn -0.9996 -0.0007 0.0290
vn -0.9493 0.2316 0.2127
vn -0.9658 0.2583 0.0212
vn 0.4969 -0.8469 0.1894
vn 0.5000 -0.8660 0.0070
vn 0.7048 0.7093 0.0114
vn -0.9441 -0.2353 0.2309
vn -0.8497 0.4947 0.1827
vn -0.8663 0.4993 0.0108
vn 0.2497 -0.9501 0.1871
vn 0.2590 -0.9659 0.0051
vn 0.8497 0.4947 0.1827
vn 0.8663 0.4993 0.0108
vn -0.7048 0.7093 0.0114
vn -0.0000 -1.0000 0.0029
vn 0.9658 0.2583 0.0212
vn -0.4928 0.8483 0.1938
vn -0.4972 0.8669 0.0357
vn -0.2497 -0.9501 0.1871
vn -0.2590 -0.9659 0.0051
vn 0.9493 0.2316 0.2127
vn 0.9996 -0.0007 0.0290
vn -0.2583 0.9647 0.0514
vn -0.5000 -0.8660 0.0070
vn 0.9441 -0.2353 0.2309
vn 0.9657 -0.2580 0.0285
vn -0.2359 0.9472 0.2172
vn -0.0000 0.9990 0.0444
vn -0.4969 -0.8469 0.1894
vn -0.7079 -0.7063 0.0073
vn 0.2359 0.9472 0.2171
vn -0.7069 0.7073 0.0015
vn -0.4997 0.8662 0.0052
vn -0.4997 0.8662 0.0054
vn 0.4997 0.8662 0.0052
vn 0.7069 0.7073 0.0015
vn 0.4996 0.8662 0.0054
vn 0.9659 -0.2587 0.0012
vn 0.8661 -0.4999 0.0006
vn -0.0000 -1.0000 0.0004
vn -0.2588 -0.9659 0.0002
vn -0.9660 -0.2587 0.0012
vn -1.0000 0.0001 0.0025
vn -0.9659 0.2588 0.0015
vn -0.8660 0.5000 0.0014
vn -0.9659 0.2588 0.0016
vn -0.0000 1.0000 0.0091
vn 0.2585 0.9660 0.0072
vn -0.0000 1.0000 0.0092
vn 0.9659 0.2588 0.0016
vn 1.0000 0.0001 0.0025
vn 0.5000 -0.8660 0.0004
vn 0.2588 -0.9659 0.0002
vn -0.7072 -0.7071 0.0005
vn -0.8661 -0.4999 0.0006
vn -0.2585 0.9660 0.0071
vn -0.2585 0.9660 0.0072
vn 0.8661 0.4999 0.0014
vn 0.7072 -0.7070 0.0005
vn 0.7072 -0.7071 0.0005
vn -0.5000 -0.8660 0.0004
vn -0.8661 0.5000 0.0014
vn 0.2585 0.9660 0.0071
vn -0.7072 -0.7070 0.0005
vn 0.0155 0.0277 0.9995
vn 0.0151 0.0271 0.9995
vn 0.0122 0.0032 -0.9999
vn 0.0002 -0.0008 1.0000
vn 0.0132 -0.0001 -0.9999
vn -0.0151 0.0271 0.9995
vn 0.0164 -0.0043 0.9999
vn 0.0161 -0.0042 0.9999
vn -0.0088 -0.0047 1.0000
vn 0.0094 -0.0024 -1.0000
vn 0.0092 -0.0024 -1.0000
vn 0.0111 0.0118 0.9999
vn 0.0108 0.0114 0.9999
vn 0.0052 -0.0029 -1.0000
vn 0.0051 -0.0028 -1.0000
vn -0.0000 -0.0006 1.0000
vn -0.0122 0.0032 -0.9999
vn -0.0132 -0.0001 -0.9999
vn 0.0017 -0.0015 -1.0000
vn 0.0016 -0.0014 -1.0000
vn -0.0155 0.0277 0.9995
vn -0.0099 0.0057 -0.9999
vn 0.0091 -0.0050 0.9999
vn -0.0091 -0.0050 0.9999
vn 0.0005 -0.0007 -1.0000
vn 0.0004 -0.0007 -1.0000
vn -0.0070 0.0076 -0.9999
vn -0.0067 0.0073 -1.0000
vn -0.9477 0.2539 -0.1932
vn -0.8497 0.4906 -0.1932
vn -0.6937 0.6938 -0.1932
vn -0.4906 0.8498 -0.1930
vn -0.2539 0.9478 -0.1929
vn -0.0000 0.9812 -0.1929
vn 0.2539 0.9478 -0.1929
vn 0.3602 0.6238 -0.6937
vn 0.4906 0.8498 -0.1930
vn 0.6937 0.6938 -0.1932
vn 0.8497 0.4906 -0.1932
vn 0.9477 0.2539 -0.1932
vn 0.9477 -0.2539 -0.1933
vn 0.8497 -0.4905 -0.1933
vn 0.6938 -0.6937 -0.1934
vn 0.4906 -0.8497 -0.1935
vn 0.2539 -0.9477 -0.1935
vn -0.0000 -0.9811 -0.1935
vn -0.2539 -0.9477 -0.1935
vn -0.4906 -0.8497 -0.1935
vn -0.6938 -0.6937 -0.1934
vn -0.8497 -0.4905 -0.1933
vn -0.9477 -0.2539 -0.1933
vn -0.9659 0.2588 0.0006
vn -0.9660 -0.2587 0.0004
vn -0.8660 0.5000 0.0005
vn -0.4998 0.8662 0.0007
vn -0.7070 0.7072 0.0004
vn -0.2587 0.9660 0.0011
vn -0.0000 1.0000 0.0012
vn 0.2587 0.9660 0.0011
vn 0.4998 0.8662 0.0007
vn 0.8660 0.5000 0.0005
vn 0.7070 0.7072 0.0004
vn 0.9659 0.2588 0.0006
vn 0.9660 -0.2587 0.0004
vn 0.8661 -0.4999 0.0002
vn 0.7072 -0.7070 0.0001
vn -0.7072 -0.7070 0.0001
vn -0.8661 -0.4999 0.0002
vn 0.3056 -0.1765 -0.9357
vn 0.6491 -0.6491 -0.3966
vn 0.2495 -0.2495 -0.9357
vn 0.4590 -0.7950 -0.3966
vn 0.1764 -0.3056 -0.9357
vn 0.2376 -0.8868 -0.3965
vn 0.0914 -0.3410 -0.9356
vn -0.2376 -0.8868 -0.3965
vn -0.0914 -0.3410 -0.9356
vn -0.1764 -0.3056 -0.9357
vn -0.2495 -0.2495 -0.9357
vn -0.4590 -0.7950 -0.3966
vn -0.3056 -0.1765 -0.9357
vn -0.6491 -0.6491 -0.3966
vn -0.3409 -0.0914 -0.9356
vn -0.8867 -0.2376 -0.3965
vn -0.3409 0.0913 -0.9356
vn -0.7950 0.4590 -0.3965
vn -0.6491 0.6492 -0.3965
vn -0.0914 0.3410 -0.9356
vn -0.4590 0.7950 -0.3965
vn 0.0914 0.3410 -0.9356
vn 0.6492 0.6492 -0.3965
vn 0.3056 0.1765 -0.9356
vn 0.3409 0.0913 -0.9356
vn 0.7950 0.4590 -0.3965
vn -0.8868 0.2376 -0.3965
vn 0.4590 0.7950 -0.3965
vn 0.2981 0.4267 0.8539
vn -0.8991 -0.2430 0.3641
vn -0.6968 -0.6360 0.3315
vn -0.8154 0.3042 0.4926
vn -0.8098 0.2655 0.5232
vn 0.3174 0.8425 0.4353
vn -0.0001 0.8577 0.5141
vn -0.8552 -0.0068 0.5183
vn -0.9721 -0.0008 0.2344
vn -0.8289 -0.3003 0.4720
vn -0.6969 -0.6958 0.1739
vn -0.3485 -0.8722 0.3433
vn -0.0000 -0.9856 0.1689
vn 0.6968 -0.6360 0.3316
vn 0.6969 -0.6958 0.1739
vn 0.8552 -0.0068 0.5182
vn 0.9721 -0.0008 0.2344
vn 0.8155 0.3042 0.4924
vn 0.6963 0.7000 0.1588
vn -0.0000 0.8762 0.4820
vn -0.0000 0.9774 0.2113
vn -0.3174 0.8423 0.4355
vn -0.6963 0.7000 0.1589
vn 0.5988 0.5635 0.5691
vn -0.0000 0.1182 0.9930
vn -0.0000 0.1621 0.9868
vn -0.7784 0.0692 0.6240
vn -0.7848 0.0949 0.6124
vn -0.7243 0.2304 0.6499
vn -0.0001 0.7573 0.6530
vn -0.5990 0.5638 0.5687
vn 0.9135 0.1393 0.3823
vn 0.9978 -0.0276 0.0602
vn 0.7848 0.0949 0.6124
vn -0.7798 0.0531 0.6238
vn -0.0000 -0.2782 -0.9605
vn -0.0000 0.0942 0.9956
vn -0.3406 0.0845 0.9364
vn -0.1862 -0.2654 -0.9460
vn 0.7798 0.0531 0.6238
vn 0.3406 0.0844 0.9364
vn -0.6645 -0.0634 -0.7446
vn -0.9989 0.0025 -0.0475
vn 0.7092 -0.1775 -0.6823
vn 0.1862 -0.2654 -0.9460
vn -0.1787 -0.1050 -0.9783
vn -0.0000 -0.1166 -0.9932
vn 0.9995 -0.0114 -0.0287
vn 0.6645 -0.0634 -0.7446
vn 0.1787 -0.1050 -0.9783
vn 0.9989 0.0025 -0.0475
vn -0.1733 -0.0406 -0.9840
vn 0.7851 0.0374 0.6183
vn 0.7827 -0.0000 0.6224
vn 0.1733 -0.0406 -0.9840
vn -0.6762 -0.0167 -0.7365
vn 0.9997 0.0116 -0.0205
vn -0.3462 0.0484 0.9369
vn -0.7851 0.0374 0.6183
vn -0.9997 0.0116 -0.0205
vn 0.3462 0.0484 0.9369
vn 0.6762 -0.0167 -0.7365
vn -0.0000 0.0535 0.9986
vn -0.0000 -0.0461 -0.9989
vn 0.2295 -0.9733 -0.0000
vn -0.1767 0.9843 -0.0000
vn 0.1767 0.9843 -0.0000
vn 0.9863 -0.1648 -0.0000
vn -0.2295 -0.9733 -0.0000
vn -0.2294 -0.9733 -0.0000
vn -0.9863 -0.1648 -0.0000
vn 0.9766 0.2149 -0.0000
vn -0.9766 0.2149 -0.0000
vn 0.6791 0.7341 -0.0000
vn -0.6791 0.7341 -0.0000
vn 0.7522 -0.6589 -0.0000
vn 0.2294 -0.9733 -0.0000
vn -0.7522 -0.6589 -0.0000
vn -0.5123 0.8588 -0.0000
vn -0.1353 0.9908 -0.0000
vn -0.8730 0.4877 -0.0000
vn -0.9920 0.1259 -0.0000
vn 0.5123 -0.8588 -0.0000
vn 0.1353 -0.9908 -0.0000
vn 0.8730 -0.4877 -0.0000
vn 0.9920 -0.1259 -0.0000
vn -0.5123 -0.8588 -0.0000
vn -0.1353 -0.9908 -0.0000
vn -0.8730 -0.4877 -0.0000
vn -0.9920 -0.1259 -0.0000
vn 0.5123 0.8588 -0.0000
vn 0.1353 0.9908 -0.0000
vn 0.8730 0.4877 -0.0000
vn 0.9920 0.1259 -0.0000
vn -0.5134 0.8582 -0.0000
vn -0.1357 0.9907 -0.0000
vn -0.8736 0.4867 -0.0000
vn -0.5133 0.8582 -0.0000
vn -0.9921 0.1255 -0.0000
vn 0.8736 0.4867 -0.0000
vn 0.9921 0.1255 -0.0000
vn 0.5133 0.8582 -0.0000
vn 0.1357 0.9907 -0.0000
vn 0.5134 0.8582 -0.0000
vn 0.5138 -0.8579 -0.0000
vn 0.1359 -0.9907 -0.0000
vn 0.8738 -0.4863 -0.0000
vn 0.5137 -0.8579 -0.0000
vn 0.9921 -0.1254 -0.0000
vn 0.8736 -0.4867 -0.0000
vn 0.9921 -0.1255 -0.0000
vn 0.5134 -0.8582 -0.0000
vn 0.1357 -0.9907 -0.0000
vn -0.5137 -0.8579 -0.0000
vn -0.1359 -0.9907 -0.0000
vn -0.8738 -0.4863 -0.0000
vn -0.9921 -0.1254 -0.0000
vn -0.5138 0.8579 -0.0000
vn -0.1359 0.9907 -0.0000
vn -0.8738 0.4863 -0.0000
vn -0.5137 0.8579 -0.0000
vn -0.9921 0.1254 -0.0000
vn 0.5138 0.8579 -0.0000
vn 0.1359 0.9907 -0.0000
vn 0.8738 0.4863 -0.0000
vn 0.5137 0.8579 -0.0000
vn 0.9921 0.1254 -0.0000
vn -0.5134 -0.8582 -0.0000
vn -0.1357 -0.9907 -0.0000
vn -0.8736 -0.4867 -0.0000
vn -0.9921 -0.1255 -0.0000
vn 0.1305 -0.9914 -0.0000
vn 0.9914 -0.1305 -0.0000
vn 0.1309 0.9914 -0.0006
vn 0.4998 0.8662 -0.0016
vn 0.1302 0.9915 -0.0006
vn 0.5002 0.8659 -0.0016
vn 0.8662 0.4998 -0.0016
vn 0.9914 0.1309 -0.0006
vn 0.8659 0.5002 -0.0016
vn -0.8662 -0.4998 -0.0016
vn -0.9914 -0.1309 -0.0006
vn -0.9915 -0.1302 -0.0006
vn -0.5002 -0.8659 -0.0016
vn -0.8659 -0.5002 -0.0016
vn -0.4998 -0.8662 -0.0016
vn -0.1309 -0.9914 -0.0006
vn 0.9914 -0.1309 -0.0006
vn 0.8662 -0.4998 -0.0016
vn 0.9915 -0.1302 -0.0006
vn 0.5002 -0.8659 -0.0016
vn 0.8659 -0.5002 -0.0016
vn 0.1309 -0.9914 -0.0006
vn 0.4998 -0.8662 -0.0016
vn 0.1305 0.9914 -0.0000
vn 0.1306 0.9914 -0.0000
vn -0.9914 -0.1305 -0.0000
vn -0.1305 -0.9914 -0.0000
vn -0.4998 0.8662 -0.0016
vn -0.1309 0.9914 -0.0006
vn -0.1302 0.9915 -0.0006
vn -0.8659 0.5002 -0.0016
vn -0.5002 0.8659 -0.0016
vn -0.8662 0.4998 -0.0016
vn -0.9914 0.1309 -0.0006
vn -0.1305 0.9914 -0.0000
vn 0.9914 0.1306 0.0002
vn 0.8661 0.4999 0.0005
vn 0.9915 0.1304 0.0002
vn 0.5001 0.8660 0.0005
vn 0.8660 0.5001 0.0005
vn 0.1306 0.9914 0.0002
vn 0.5000 0.8660 0.0005
vn -0.8661 0.4999 0.0005
vn -0.9914 0.1306 0.0002
vn -0.9915 0.1304 0.0002
vn -0.5001 0.8660 0.0005
vn -0.8660 0.5001 0.0005
vn -0.5000 0.8660 0.0005
vn -0.1306 0.9914 0.0002
vn 0.1306 -0.9914 0.0002
vn 0.4999 -0.8661 0.0005
vn 0.1304 -0.9915 0.0002
vn 0.5001 -0.8660 0.0005
vn 0.8661 -0.4999 0.0005
vn 0.9914 -0.1306 0.0002
vn 0.8660 -0.5001 0.0005
vn -0.4999 -0.8661 0.0005
vn -0.1306 -0.9914 0.0002
vn -0.1304 -0.9915 0.0002
vn -0.8660 -0.5001 0.0005
vn -0.5001 -0.8660 0.0005
vn -0.8661 -0.4999 0.0005
vn -0.9914 -0.1306 0.0002
vn 0.9915 -0.1304 0.0002
vn -0.1305 0.9915 0.0002
vn 0.1305 0.9915 0.0002
vn -0.9915 -0.1304 0.0002
vn -0.9915 0.1302 -0.0006
vn -0.1302 -0.9915 -0.0006
vn -0.1306 0.9914 -0.0000
vn -0.0000 -0.9999 0.0119
vn -0.0000 -0.9998 0.0185
vn -0.0000 0.9944 0.1053
vn -0.0000 0.9945 0.1048
vn -0.8476 0.3396 0.4076
vn -0.1410 0.0377 0.9893
vn -0.1692 0.0274 0.9852
vn 0.9897 -0.1433 -0.0000
vn 0.9998 0.0161 -0.0116
vn 0.9898 -0.1388 -0.0314
vn -0.2036 -0.0118 0.9790
vn -0.9350 0.1454 0.3235
vn -0.1746 0.0054 0.9846
vn 0.9733 -0.2258 -0.0417
vn 0.9681 -0.2504 -0.0000
vn 0.9737 -0.2279 -0.0000
vn -0.1370 -0.0012 0.9906
vn -0.7554 0.4149 0.5072
vn -0.8203 0.2617 0.5086
vn 0.5947 -0.1399 0.7917
vn 0.9638 -0.2641 -0.0367
vn 0.9648 -0.2630 -0.0000
vn 0.9962 0.0871 -0.0000
vn 0.9962 0.0871 0.0018
vn 0.5550 0.1300 0.8216
vn -0.3959 -0.0900 0.9139
vn -0.0303 -0.9950 0.0954
vn -0.0602 -0.9970 0.0481
vn -0.0117 -0.9988 0.0475
vn -0.0023 -0.9989 0.0461
vn -0.0000 0.9135 0.4068
vn -0.0000 0.9334 0.3588
vn 0.0008 0.9102 0.4142
vn -0.0000 0.9360 0.3519
vn -0.0000 0.9636 0.2672
vn 0.9763 -0.2157 -0.0197
vn 0.9434 -0.2694 0.1937
vn 0.9653 -0.2603 -0.0192
vn 0.8828 -0.1750 0.4360
vn 0.8524 -0.2637 0.4516
vn -0.9208 0.3884 0.0363
vn -0.8326 0.5490 -0.0731
vn -0.9140 0.3999 -0.0684
vn -0.9021 0.4005 -0.1606
vn 0.9928 -0.1198 0.0054
vn 0.9552 0.0699 0.2875
vn 0.9707 -0.0810 0.2263
vn 0.8528 0.1023 0.5121
vn 0.8870 -0.0463 0.4595
vn -0.9816 0.1889 0.0297
vn -0.9879 -0.0413 -0.1496
vn -0.9998 -0.0113 -0.0157
vn -0.9795 0.1813 -0.0882
vn -0.9559 -0.0706 -0.2850
vn 0.9608 -0.1956 0.1963
vn 0.9238 -0.3250 0.2025
vn 0.9589 -0.2837 -0.0033
vn 0.8067 -0.3511 0.4754
vn -0.9614 0.1746 -0.2128
vn -0.9735 0.2233 0.0485
vn -0.9764 -0.2137 -0.0307
vn -0.9729 0.2268 -0.0459
vn -0.9923 -0.0779 -0.0964
vn -0.9739 0.2267 -0.0138
vn -0.9225 -0.1651 -0.3488
vn -0.9739 -0.1299 -0.1860
vn 0.8210 0.1516 0.5505
vn 0.9426 0.1268 0.3088
vn 0.9978 0.0332 0.0566
vn 0.9922 0.0978 0.0771
vn 0.5364 -0.2094 0.8176
vn 0.4984 -0.2538 0.8290
vn 0.0456 -0.9885 0.1441
vn -0.0507 -0.9911 0.1227
vn -0.0000 -0.9986 0.0526
vn 0.9609 -0.2767 0.0097
vn -0.8263 0.5615 0.0454
vn -0.9763 0.2047 0.0706
vn 0.0055 0.9000 0.4358
vn 0.0052 0.8984 0.4392
vn -0.9942 -0.0980 -0.0449
vn -0.9997 -0.0053 0.0258
vn -0.9769 -0.2082 -0.0483
vn 0.5930 0.0866 0.8006
vn 0.6153 -0.0301 0.7877
vn -0.8303 0.5569 0.0217
vn -0.9213 0.3836 0.0642
vn -0.8501 0.5213 -0.0745
vn -0.9714 -0.0975 0.2165
vn -0.9798 0.1901 0.0612
vn -0.0000 0.8996 0.4368
vn -0.0000 0.9633 0.2683
vn -0.0000 0.9976 0.0694
vn -0.0000 -0.9998 0.0190
vn -0.0000 -0.9989 0.0460
vn -0.1164 -0.9896 0.0842
vn -0.0808 -0.9937 0.0782
vn -0.0000 0.9321 0.3621
vn -0.0000 0.9110 0.4125
vn 0.0091 -0.9978 0.0662
vn 0.0362 -0.9948 0.0954
vn 0.4437 -0.2575 0.8584
vn -0.1603 -0.0297 0.9866
vn -0.9668 -0.2482 0.0614
vn -0.9650 -0.2477 0.0865
vn 0.9669 -0.2518 -0.0417
vn 0.7660 -0.4078 0.4968
vn 0.9046 -0.3590 0.2298
vn -0.8450 0.1827 0.5025
vn 0.1410 0.0377 0.9893
vn 0.8476 0.3396 0.4076
vn 0.1692 0.0274 0.9852
vn -0.9998 0.0161 -0.0116
vn -0.9897 -0.1433 -0.0000
vn -0.9898 -0.1388 -0.0314
vn 0.2036 -0.0118 0.9790
vn 0.9350 0.1454 0.3235
vn 0.9714 -0.0975 0.2165
vn -0.9681 -0.2504 -0.0000
vn -0.9733 -0.2258 -0.0417
vn -0.9737 -0.2279 -0.0000
vn 0.1370 -0.0012 0.9906
vn 0.7554 0.4149 0.5072
vn 0.1746 0.0054 0.9846
vn -0.5947 -0.1399 0.7917
vn -0.9638 -0.2641 -0.0367
vn -0.9648 -0.2630 -0.0000
vn -0.9643 -0.2628 -0.0331
vn -0.9962 0.0871 -0.0000
vn -0.9962 0.0871 0.0018
vn -0.5550 0.1300 0.8216
vn -0.5930 0.0866 0.8006
vn 0.0303 -0.9950 0.0954
vn 0.0602 -0.9970 0.0481
vn 0.1164 -0.9896 0.0842
vn 0.0023 -0.9989 0.0461
vn 0.0117 -0.9988 0.0475
vn -0.0008 0.9102 0.4142
vn -0.9434 -0.2694 0.1937
vn -0.9763 -0.2157 -0.0197
vn -0.9653 -0.2603 -0.0192
vn -0.8828 -0.1750 0.4360
vn -0.9608 -0.1956 0.1963
vn 0.9208 0.3884 0.0363
vn 0.8326 0.5490 -0.0731
vn 0.8303 0.5569 0.0217
vn 0.9021 0.4005 -0.1606
vn 0.9140 0.3999 -0.0684
vn -0.9928 -0.1198 0.0054
vn -0.9552 0.0699 0.2875
vn -0.9978 0.0332 0.0566
vn -0.9707 -0.0810 0.2263
vn -0.8528 0.1023 0.5121
vn 0.9879 -0.0413 -0.1496
vn 0.9816 0.1889 0.0297
vn 0.9998 -0.0113 -0.0157
vn 0.9559 -0.0706 -0.2850
vn 0.9795 0.1813 -0.0882
vn -0.8870 -0.0463 0.4595
vn -0.9238 -0.3250 0.2025
vn -0.9589 -0.2837 -0.0033
vn -0.8524 -0.2637 0.4516
vn 0.9614 0.1746 -0.2128
vn 0.9735 0.2233 0.0485
vn 0.9764 -0.2137 -0.0307
vn 0.9668 -0.2482 0.0614
vn 0.9729 0.2268 -0.0459
vn 0.9923 -0.0779 -0.0964
vn 0.9225 -0.1651 -0.3488
vn 0.9739 -0.1299 -0.1860
vn -0.8210 0.1516 0.5505
vn -0.9426 0.1268 0.3088
vn -0.8067 -0.3511 0.4754
vn -0.5364 -0.2094 0.8176
vn -0.0456 -0.9885 0.1441
vn -0.0362 -0.9948 0.0954
vn -0.9609 -0.2767 0.0097
vn 0.8263 0.5615 0.0454
vn 0.8203 0.2617 0.5086
vn 0.9739 0.2267 -0.0138
vn -0.0000 0.9644 0.2646
vn -0.0055 0.9000 0.4358
vn 0.9997 -0.0053 0.0258
vn 0.9942 -0.0980 -0.0449
vn 0.9769 -0.2082 -0.0483
vn -0.9922 0.0978 0.0771
vn -0.9669 -0.2518 -0.0417
vn -0.6153 -0.0301 0.7877
vn 0.9213 0.3836 0.0642
vn 0.8501 0.5213 -0.0745
vn 0.9798 0.1901 0.0612
vn 0.0507 -0.9911 0.1227
vn -0.0091 -0.9978 0.0662
vn 0.3959 -0.0900 0.9139
vn -0.4984 -0.2538 0.8290
vn -0.4437 -0.2575 0.8584
vn 0.9763 0.2047 0.0706
vn -0.7660 -0.4078 0.4968
vn -0.9046 -0.3590 0.2298
vn 0.1603 -0.0297 0.9866
vn -0.0513 0.5118 0.8576
vn 0.0984 0.0371 0.9945
vn 0.0386 0.0176 0.9991
vn -0.1270 0.8646 0.4862
vn -0.0505 0.5159 0.8552
vn -0.1687 0.9856 -0.0100
vn -0.1850 0.8524 0.4890
vn -0.1664 0.8499 -0.4999
vn -0.2704 0.9627 -0.0023
vn -0.2263 0.4713 -0.8524
vn -0.1209 0.4950 -0.8605
vn -0.1082 -0.0045 -0.9941
vn -0.0435 0.0085 -0.9990
vn 0.0389 -0.4829 -0.8748
vn 0.0459 -0.4849 -0.8733
vn 0.1764 -0.8362 -0.5193
vn 0.1232 -0.8511 -0.5104
vn 0.2664 -0.9637 -0.0186
vn 0.1669 -0.9859 -0.0068
vn 0.2829 -0.8246 0.4899
vn 0.1649 -0.8509 0.4988
vn 0.1179 -0.4827 0.8678
vn 0.2210 -0.4559 0.8622
vn 0.2248 0.0956 0.9697
vn -0.0520 0.5208 0.8521
vn -0.3123 0.8019 0.5093
vn -0.2853 0.8233 -0.4908
vn -0.4890 0.8715 0.0374
vn -0.4517 0.3798 -0.8073
vn -0.2472 -0.0571 -0.9673
vn 0.0238 -0.4835 -0.8750
vn 0.2910 -0.7854 -0.5462
vn 0.4806 -0.8747 -0.0631
vn 0.5367 -0.7193 0.4411
vn 0.4421 -0.3610 0.8211
vn 0.3457 0.1971 0.9174
vn -0.0574 0.5205 0.8520
vn -0.4398 0.7012 0.5612
vn -0.5393 0.7172 -0.4413
vn -0.7042 0.6983 0.1283
vn -0.6707 0.2053 -0.7127
vn -0.3814 -0.1614 -0.9102
vn 0.0108 -0.4898 -0.8717
vn 0.4054 -0.6912 -0.5983
vn 0.6929 -0.7041 -0.1556
vn 0.7871 -0.5182 0.3345
vn 0.6581 -0.1852 0.7298
vn -0.0598 0.5131 0.8563
vn -0.5228 0.5632 0.6399
vn -0.8453 0.4670 0.2596
vn -0.9499 0.2519 -0.1849
vn -0.7875 0.5175 -0.3348
vn -0.8126 -0.0274 -0.5822
vn -0.4655 -0.3014 -0.8321
vn 0.0072 -0.4990 -0.8666
vn 0.4843 -0.5644 -0.6685
vn 0.8336 -0.4740 -0.2837
vn 0.7991 0.0450 0.5995
vn 0.4254 0.3248 0.8447
vn -0.0564 0.5032 0.8624
vn -0.5451 0.4272 0.7214
vn -0.8874 0.2407 0.3931
vn -0.9994 -0.0069 -0.0349
vn -0.8543 -0.2530 -0.4540
vn -0.4871 -0.4349 -0.7574
vn 0.0118 -0.5034 -0.8640
vn 0.5127 -0.4363 -0.7395
vn 0.9508 -0.2495 0.1838
vn 0.8773 -0.2481 -0.4109
vn 0.8421 0.2653 0.4696
vn 0.4526 0.4454 0.7726
vn -0.0500 0.4937 0.8682
vn -0.5273 0.3178 0.7880
vn -0.8631 0.0598 0.5014
vn -0.9733 -0.2128 0.0855
vn -0.8309 -0.4304 -0.3527
vn -0.4706 -0.5365 -0.7005
vn 0.0167 -0.5010 -0.8653
vn 0.5032 -0.3298 -0.7987
vn 0.9994 0.0103 0.0340
vn 0.8555 -0.0671 -0.5135
vn 0.8210 0.4377 0.3665
vn 0.4444 0.5389 0.7156
vn -0.0425 0.4848 0.8736
vn -0.4921 0.2353 0.8381
vn -0.8098 -0.0749 0.5819
vn -0.9147 -0.3647 0.1740
vn -0.7805 -0.5592 -0.2794
vn -0.4406 -0.6075 -0.6609
vn 0.0181 -0.4945 -0.8690
vn 0.4747 -0.2475 -0.8446
vn 0.9728 0.2153 -0.0853
vn 0.8044 0.0683 -0.5901
vn 0.7730 0.5634 0.2916
vn 0.4212 0.6060 0.6748
vn -0.0342 0.4757 0.8789
vn -0.4507 0.1717 0.8760
vn -0.7465 -0.1764 0.6416
vn -0.8455 -0.4775 0.2391
vn -0.7224 -0.6533 -0.2264
vn -0.4084 -0.6572 -0.6334
vn 0.0158 -0.4862 -0.8737
vn 0.4378 -0.1833 -0.8802
vn 0.9143 0.3663 -0.1730
vn 0.7426 0.1707 -0.6476
vn 0.7166 0.6558 0.2374
vn 0.3935 0.6539 0.6462
vn -0.0246 0.4663 0.8843
vn -0.4065 0.1202 0.9057
vn -0.6795 -0.2565 0.6874
vn -0.7731 -0.5650 0.2884
vn -0.6631 -0.7249 -0.1868
vn -0.3774 -0.6934 -0.6137
vn 0.0100 -0.4770 -0.8788
vn 0.3964 -0.1312 -0.9087
vn 0.8452 0.4788 -0.2375
vn 0.6766 0.2514 -0.6921
vn 0.6584 0.7264 0.1971
vn 0.3655 0.6890 0.6258
vn -0.0132 0.4565 0.8896
vn -0.3597 0.0764 0.9299
vn -0.6098 -0.3227 0.7238
vn -0.6988 -0.6361 0.3271
vn -0.6035 -0.7820 -0.1561
vn -0.3481 -0.7210 -0.5991
vn 0.0011 -0.4675 -0.8840
vn 0.3515 -0.0871 -0.9321
vn 0.7729 0.5662 -0.2864
vn 0.6076 0.3182 -0.7277
vn 0.5996 0.7829 0.1662
vn 0.3382 0.7158 0.6109
vn 0.0004 0.4462 0.8949
vn -0.3096 0.0377 0.9501
vn -0.5367 -0.3797 0.7535
vn -0.6219 -0.6963 0.3583
vn -0.5429 -0.8294 -0.1317
vn -0.3199 -0.7429 -0.5880
vn -0.0107 -0.4578 -0.8890
vn 0.3026 -0.0483 -0.9519
vn 0.6987 0.6374 -0.3248
vn 0.5347 0.3756 -0.7570
vn 0.6217 0.6978 -0.3558
vn 0.3114 0.7369 0.6000
vn 0.0324 0.4331 0.9008
vn -0.2604 0.0135 0.9654
vn -0.4840 -0.4099 0.7731
vn -0.5788 -0.7245 0.3743
vn -0.5186 -0.8457 -0.1255
vn -0.3189 -0.7397 -0.5926
vn -0.0330 -0.4340 -0.9003
vn 0.2619 -0.0109 -0.9650
vn 0.4859 0.4148 -0.7693
vn 0.5395 0.8300 0.1420
vn 0.5790 0.7281 -0.3669
vn 0.3166 0.7375 0.5965
vn 0.0910 0.4008 0.9116
vn -0.2256 -0.0008 0.9742
vn -0.4832 -0.4041 0.7767
vn -0.6116 -0.7001 0.3686
vn -0.5739 -0.8067 -0.1412
vn -0.3794 -0.6929 -0.6131
vn -0.0818 -0.3904 -0.9170
vn 0.2369 0.0168 -0.9714
vn 0.4907 0.4175 -0.7648
vn 0.5167 0.8458 0.1331
vn 0.6129 0.7055 -0.3558
vn 0.3826 0.6952 0.6085
vn 0.1566 0.3456 0.9252
vn -0.2032 -0.0191 0.9790
vn -0.5104 -0.3805 0.7712
vn -0.6812 -0.6408 0.3541
vn -0.6670 -0.7275 -0.1609
vn -0.4704 -0.6154 -0.6325
vn -0.1458 -0.3354 -0.9307
vn 0.2172 0.0343 -0.9755
vn 0.5200 0.3931 -0.7583
vn 0.5731 0.8064 0.1458
vn 0.6834 0.6457 -0.3407
vn 0.4738 0.6178 0.6275
vn 0.2174 0.2802 0.9350
vn -0.1832 -0.0401 0.9823
vn -0.5369 -0.3512 0.7671
vn -0.7472 -0.5690 0.3435
vn -0.7545 -0.6325 -0.1753
vn -0.5554 -0.5229 -0.6467
vn -0.2049 -0.2706 -0.9406
vn 0.1998 0.0539 -0.9784
vn 0.5487 0.3624 -0.7534
vn 0.6661 0.7273 0.1654
vn 0.7503 0.5731 -0.3295
vn 0.5592 0.5253 0.6413
vn 0.2711 0.2054 0.9404
vn -0.1664 -0.0629 0.9840
vn -0.5617 -0.3158 0.7647
vn -0.8070 -0.4846 0.3374
vn -0.8331 -0.5218 -0.1836
vn -0.6309 -0.4161 -0.6548
vn -0.2567 -0.1968 -0.9462
vn 0.1855 0.0748 -0.9798
vn 0.5756 0.3250 -0.7504
vn 0.7537 0.6322 0.1798
vn 0.8111 0.4876 -0.3230
vn 0.6353 0.4185 0.6490
vn 0.3155 0.1223 0.9410
vn -0.1533 -0.0866 0.9844
vn -0.5836 -0.2735 0.7646
vn -0.8583 -0.3874 0.3366
vn -0.8995 -0.3959 -0.1850
vn -0.6941 -0.2958 -0.6563
vn -0.2993 -0.1150 -0.9472
vn 0.1749 0.0961 -0.9799
vn 0.5996 0.2803 -0.7497
vn 0.8324 0.5214 0.1879
vn 0.8631 0.3891 -0.3219
vn 0.6992 0.2981 0.6499
vn 0.3490 0.0314 0.9366
vn -0.1439 -0.1101 0.9834
vn -0.6013 -0.2231 0.7673
vn -0.8982 -0.2763 0.3419
vn -0.9505 -0.2541 -0.1787
vn -0.7419 -0.1621 -0.6507
vn -0.3306 -0.0259 -0.9434
vn 0.1684 0.1166 -0.9788
vn 0.6192 0.2270 -0.7517
vn 0.8989 0.3954 0.1889
vn 0.9037 0.2766 -0.3268
vn 0.7478 0.1640 0.6433
vn 0.3696 -0.0674 0.9267
vn -0.1382 -0.1326 0.9815
vn -0.6124 -0.1627 0.7737
vn -0.9231 -0.1490 0.3544
vn -0.9820 -0.0944 -0.1637
vn -0.7706 -0.0136 -0.6372
vn -0.3484 0.0707 -0.9347
vn 0.1660 0.1352 -0.9768
vn 0.6326 0.1629 -0.7571
vn 0.9500 0.2534 0.1823
vn 0.9293 0.1474 -0.3387
vn 0.7777 0.0150 0.6285
vn 0.3741 -0.1758 0.9106
vn -0.1357 -0.1531 0.9789
vn -0.6129 -0.0895 0.7851
vn -0.9265 -0.0013 0.3762
vn -0.9865 0.0877 -0.1381
vn -0.7739 0.1527 -0.6146
vn -0.3492 0.1755 -0.9205
vn 0.1677 0.1502 -0.9743
vn 0.6358 0.0846 -0.7672
vn 0.9816 0.0933 0.1668
vn 0.9332 -0.0030 -0.3593
vn 0.7825 -0.1524 0.6037
vn 0.3556 -0.2957 0.8866
vn -0.1356 -0.1712 0.9759
vn -0.5949 -0.0002 0.8038
vn -0.8956 0.1718 0.4104
vn -0.9497 0.2973 -0.0987
vn -0.7396 0.3404 -0.5806
vn -0.3262 0.2893 -0.8999
vn 0.1726 0.1594 -0.9720
vn 0.6207 -0.0124 -0.7840
vn 0.9860 -0.0894 0.1406
vn 0.9023 -0.1800 -0.3918
vn 0.7500 -0.3423 0.5660
vn 0.3014 -0.4259 0.8531
vn -0.1373 -0.1863 0.9729
vn -0.5445 0.1052 0.8321
vn -0.8066 0.3701 0.4610
vn -0.8449 0.5334 -0.0413
vn -0.6458 0.5476 -0.5321
vn -0.2684 0.4094 -0.8720
vn 0.1780 0.1602 -0.9709
vn 0.5714 -0.1297 -0.8103
vn 0.9487 -0.3000 0.1001
vn 0.8120 -0.3834 -0.4401
vn 0.6574 -0.5528 0.5121
vn 0.1957 -0.5510 0.8113
vn -0.1401 -0.1970 0.9703
vn -0.4426 0.2148 0.8706
vn -0.6265 0.5726 0.5288
vn -0.6350 0.7718 0.0347
vn -0.4632 0.7518 -0.4692
vn -0.1634 0.5216 -0.8374
vn 0.1771 0.1520 -0.9724
vn 0.4663 -0.2530 -0.8477
vn 0.8426 -0.5370 0.0413
vn 0.6319 -0.5882 -0.5048
vn 0.4772 -0.7586 0.4437
vn 0.2433 -0.8906 0.3843
vn 0.0566 -0.6261 0.7777
vn -0.1459 -0.1941 0.9701
vn -0.3097 0.2955 0.9038
vn -0.3882 0.7092 0.5884
vn -0.2302 0.8847 -0.4054
vn -0.0385 0.5971 -0.8013
vn 0.1634 0.1506 -0.9750
vn 0.3214 -0.3305 -0.8874
vn 0.3949 -0.7212 -0.5691
vn 0.3663 -0.9244 -0.1060
vn 0.6353 -0.7715 -0.0350
vn 0.0432 -0.9364 0.3483
vn -0.0623 -0.6487 0.7585
vn -0.1512 -0.1872 0.9706
vn -0.1988 0.3281 0.9235
vn -0.3589 0.9273 0.1065
vn -0.1919 0.7571 0.6245
vn -0.0370 0.9317 -0.3614
vn 0.0683 0.6285 -0.7748
vn 0.1556 0.1567 -0.9753
vn 0.2017 -0.3534 -0.9134
vn 0.1949 -0.7670 -0.6113
vn 0.1371 -0.9790 -0.1511
vn -0.1299 -0.9383 0.3205
vn -0.1654 -0.1880 0.9681
vn -0.1166 0.3277 0.9376
vn -0.0360 0.7578 0.6515
vn 0.0547 0.9813 0.1848
vn -0.1324 0.9794 0.1526
vn 0.1304 0.9337 -0.3334
vn 0.1702 0.6295 -0.7582
vn 0.1635 0.1562 -0.9741
vn 0.1129 -0.3553 -0.9279
vn 0.0326 -0.7698 -0.6375
vn -0.0560 -0.9817 -0.1820
vn -0.2915 -0.6269 0.7226
vn -0.1700 -0.6498 0.7408
vn -0.1921 -0.1840 0.9640
vn -0.0408 0.3116 0.9493
vn 0.1225 0.7265 0.6761
vn 0.2527 0.9433 0.2151
vn 0.3132 0.8990 -0.3062
vn 0.2872 0.6068 -0.7412
vn 0.1831 0.1512 -0.9714
vn 0.0305 -0.3410 -0.9396
vn -0.1293 -0.7397 -0.6604
vn -0.2547 -0.9438 -0.2105
vn -0.4208 -0.5719 0.7041
vn -0.3139 -0.9029 0.2935
vn -0.2280 -0.1699 0.9587
vn 0.0273 0.2811 0.9593
vn 0.2771 0.6595 0.6988
vn 0.4518 0.8582 0.2438
vn 0.5013 0.8188 -0.2797
vn 0.4121 0.5530 -0.7241
vn 0.2110 0.1381 -0.9677
vn -0.0451 -0.3102 -0.9496
vn -0.2874 -0.6730 -0.6815
vn -0.4538 -0.8589 -0.2375
vn -0.6777 -0.6940 0.2433
vn -0.5025 -0.8222 0.2674
vn -0.2665 -0.1420 0.9533
vn 0.0844 0.2386 0.9674
vn 0.4155 0.5576 0.7186
vn 0.6339 0.7248 0.2698
vn 0.6765 0.6909 -0.2550
vn 0.5316 0.4656 -0.7075
vn 0.2425 0.1146 -0.9633
vn -0.1091 -0.2640 -0.9583
vn -0.4291 -0.5700 -0.7007
vn -0.6357 -0.7260 -0.2623
vn -0.5439 -0.4818 0.6871
vn -0.8183 -0.5298 0.2231
vn -0.6440 -0.3641 0.6728
vn -0.2996 -0.1019 0.9486
vn 0.1276 0.1894 0.9736
vn 0.5239 0.4315 0.7344
vn 0.8172 0.5269 -0.2335
vn 0.6299 0.3520 -0.6923
vn 0.2718 0.0820 -0.9589
vn -0.1562 -0.2081 -0.9656
vn -0.5394 -0.4410 -0.7173
vn -0.7801 -0.5578 -0.2834
vn -0.9125 -0.3525 0.2076
vn -0.7114 -0.2353 0.6622
vn -0.3221 -0.0557 0.9451
vn 0.1561 0.1399 0.9778
vn 0.7783 0.5562 0.2913
vn 0.5956 0.2987 0.7457
vn 0.9113 0.3501 -0.2165
vn 0.6974 0.2277 -0.6796
vn 0.2944 0.0436 -0.9547
vn -0.1845 -0.1511 -0.9711
vn -0.6112 -0.3046 -0.7305
vn -0.8759 -0.3778 -0.3001
vn -0.9630 -0.1844 0.1967
vn -0.7472 -0.1122 0.6551
vn -0.3334 -0.0101 0.9427
vn 0.1720 0.0951 0.9805
vn 0.8740 0.3762 0.3076
vn 0.6340 0.1750 0.7533
vn 0.9618 0.1828 -0.2039
vn 0.7347 0.1082 -0.6697
vn 0.3087 0.0044 -0.9511
vn -0.1975 -0.1001 -0.9752
vn -0.6482 -0.1777 -0.7404
vn -0.9269 -0.2084 -0.3123
vn -0.9812 -0.0383 0.1893
vn -0.7595 -0.0045 0.6505
vn -0.3362 0.0306 0.9413
vn 0.1790 0.0575 0.9822
vn 0.9248 0.2073 0.3189
vn 0.6485 0.0689 0.7581
vn 0.9801 0.0373 -0.1950
vn 0.7491 0.0030 -0.6625
vn 0.3156 -0.0320 -0.9484
vn -0.2005 -0.0584 -0.9780
vn -0.6607 -0.0693 -0.7475
vn -0.9451 -0.0620 -0.3209
vn -0.9794 0.0828 0.1844
vn -0.7573 0.0852 0.6475
vn -0.3339 0.0650 0.9404
vn 0.1805 0.0272 0.9832
vn 0.9432 0.0615 0.3265
vn 0.6484 -0.0181 0.7611
vn 0.9785 -0.0833 -0.1888
vn 0.7488 -0.0851 -0.6573
vn 0.3171 -0.0640 -0.9462
vn -0.1981 -0.0258 -0.9798
vn -0.6584 0.0190 -0.7525
vn -0.9433 0.0586 -0.3268
vn -0.9667 0.1810 0.1810
vn -0.7471 0.1582 0.6456
vn -0.3287 0.0933 0.9398
vn 0.1791 0.0032 0.9838
vn 0.9416 -0.0587 0.3316
vn 0.6403 -0.0881 0.7631
vn 0.9660 -0.1812 -0.1845
vn 0.7404 -0.1574 -0.6535
vn 0.3152 -0.0911 -0.9447
vn -0.1932 -0.0006 -0.9812
vn -0.6484 0.0897 -0.7560
vn -0.9306 0.1560 -0.3310
vn -0.9498 0.2572 0.1782
vn -0.7347 0.2125 0.6443
vn -0.3234 0.1111 0.9397
vn 0.1756 -0.0204 0.9842
vn 0.9292 -0.1558 0.3350
vn 0.6286 -0.1467 0.7637
vn 0.9123 -0.2336 0.3362
vn 0.7288 -0.2112 -0.6514
vn 0.3127 -0.1084 -0.9437
vn -0.1861 0.0232 -0.9823
vn -0.6340 0.1482 -0.7590
vn -0.9129 0.2337 -0.3346
vn -0.7239 0.2488 0.6435
vn -0.3219 0.1148 0.9398
vn 0.1675 -0.0504 0.9846
vn 0.6128 -0.2024 0.7639
vn 0.9490 -0.2572 -0.1825
vn 0.8928 -0.2998 0.3363
vn 0.9311 -0.3160 -0.1823
vn 0.3121 -0.1115 -0.9435
vn -0.1761 0.0533 -0.9829
vn -0.6164 0.2036 -0.7607
vn -0.8926 0.2997 -0.3368
vn -0.9321 0.3163 0.1765
vn -0.9141 0.3649 0.1770
vn -0.7140 0.2745 0.6441
vn -0.3227 0.1106 0.9400
vn 0.1560 -0.0834 0.9842
vn 0.5936 -0.2553 0.7632
vn 0.8712 -0.3583 0.3357
vn 0.7088 -0.2723 -0.6508
vn 0.7178 -0.2469 -0.6510
vn 0.3144 -0.1072 -0.9432
vn -0.1632 0.0862 -0.9828
vn -0.5964 0.2563 -0.7606
vn -0.8709 0.3581 -0.3366
vn -0.8985 0.4010 0.1787
vn -0.7060 0.2913 0.6455
vn -0.3244 0.1035 0.9402
vn 0.1450 -0.1124 0.9830
vn 0.5759 -0.2984 0.7612
vn 0.8978 -0.4005 -0.1832
vn 0.9132 -0.3644 -0.1825
vn 0.7022 -0.2894 -0.6505
vn 0.3186 -0.1008 -0.9425
vn -0.1497 0.1145 -0.9821
vn -0.5774 0.2989 -0.7598
vn -0.8513 0.4037 -0.3353
vn -0.8896 0.4195 0.1805
vn -0.7026 0.2964 0.6470
vn -0.3270 0.0936 0.9404
vn 0.1366 -0.1344 0.9815
vn 0.8517 -0.4039 0.3339
vn 0.5637 -0.3264 0.7588
vn 0.8892 -0.4191 -0.1835
vn 0.7006 -0.2952 -0.6496
vn 0.3246 -0.0924 -0.9413
vn -0.1380 0.1350 -0.9812
vn -0.5636 0.3263 -0.7589
vn -0.8386 0.4304 -0.3339
vn -0.8908 0.4168 0.1813
vn -0.7054 0.2877 0.6478
vn -0.3305 0.0814 0.9403
vn 0.1329 -0.1467 0.9802
vn 0.8392 -0.4306 0.3321
vn 0.5604 -0.3353 0.7573
vn 0.8906 -0.4166 -0.1824
vn 0.7056 -0.2878 -0.6476
vn 0.3319 -0.0821 -0.9397
vn -0.1306 0.1456 -0.9807
vn -0.5585 0.3345 -0.7591
vn -0.8369 0.4339 -0.3338
vn -0.9024 0.3914 0.1802
vn -0.7145 0.2652 0.6474
vn -0.3345 0.0677 0.9399
vn 0.1347 -0.1476 0.9798
vn 0.8376 -0.4340 0.3317
vn 0.5672 -0.3231 0.7576
vn 0.9026 -0.3914 -0.1791
vn 0.7170 -0.2665 -0.6442
vn 0.3399 -0.0703 -0.9378
vn -0.1287 0.1450 -0.9810
vn -0.5634 0.3218 -0.7609
vn -0.8470 0.4121 -0.3358
vn -0.9218 0.3449 0.1771
vn -0.7280 0.2302 0.6457
vn -0.3384 0.0538 0.9395
vn 0.1411 -0.1367 0.9805
vn 0.8479 -0.4122 0.3335
vn 0.5818 -0.2901 0.7598
vn 0.9223 -0.3451 -0.1742
vn 0.7325 -0.2323 -0.6399
vn 0.3472 -0.0575 -0.9360
vn -0.1318 0.1332 -0.9823
vn -0.5765 0.2886 -0.7644
vn -0.8663 0.3663 -0.3397
vn -0.9438 0.2816 0.1731
vn -0.7427 0.1861 0.6433
vn -0.3417 0.0407 0.9389
vn 0.1497 -0.1152 0.9820
vn 0.8672 -0.3662 0.3375
vn 0.5998 -0.2399 0.7633
vn 0.9445 -0.2821 -0.1686
vn 0.7486 -0.1885 -0.6357
vn 0.3530 -0.0445 -0.9346
vn -0.1382 0.1118 -0.9841
vn -0.5936 0.2385 -0.7686
vn -0.8892 0.3008 -0.3446
vn -0.9632 0.2088 0.1690
vn -0.7553 0.1376 0.6408
vn -0.3442 0.0295 0.9384
vn 0.1578 -0.0862 0.9837
vn 0.9107 -0.2235 0.3474
vn 0.8900 -0.3008 0.3426
vn 0.9640 -0.2093 -0.1638
vn 0.7620 -0.1396 -0.6323
vn 0.3567 -0.0326 -0.9337
vn -0.1455 0.0835 -0.9858
vn -0.6099 0.1775 -0.7723
vn -0.9100 0.2235 -0.3491
vn -0.9710 0.1709 0.1671
vn -0.3455 0.0245 0.9381
vn 0.1611 -0.0702 0.9844
vn 0.6231 -0.1459 0.7684
vn 0.6163 -0.1786 0.7670
vn 0.9190 -0.1828 0.3494
vn 0.9718 -0.1713 -0.1617
vn 0.7674 -0.1145 -0.6309
vn 0.3578 -0.0269 -0.9334
vn -0.1492 0.0681 -0.9865
vn -0.6171 0.1450 -0.7734
vn -0.9185 0.1827 -0.3507
vn -0.1347 -0.9908 -0.0126
vn -0.1189 -0.9929 -0.0093
vn -0.1325 -0.9910 -0.0181
vn -0.1047 -0.9944 -0.0175
vn -0.1039 -0.9940 -0.0329
vn -0.1032 -0.9945 -0.0171
vn -0.1349 -0.9902 -0.0351
vn -0.1214 -0.9918 -0.0392
vn -0.1197 -0.9918 -0.0442
vn -0.1364 -0.9902 -0.0304
vn -0.1315 -0.9907 -0.0344
vn -0.1160 -0.9932 -0.0073
vn -0.1191 -0.9928 -0.0088
vn -0.1219 -0.9917 -0.0407
vn -0.1171 -0.9922 -0.0417
vn -0.1062 -0.9938 -0.0336
vn -0.1043 -0.9939 -0.0357
vn -0.1048 -0.9943 -0.0172
vn -0.1037 -0.9945 -0.0161
vn -0.1311 -0.9913 -0.0128
vn -0.1345 -0.9908 -0.0173
vn -0.1186 -0.9929 -0.0053
vn -0.1062 -0.9938 -0.0334
vn -0.1338 -0.9906 -0.0288
vn -0.7666 0.0725 0.6380
vn -0.9806 0.1033 0.1664
vn -0.9808 0.1034 0.1655
vn -0.3465 0.0222 0.9378
vn -0.7631 0.0719 0.6422
vn 0.1654 -0.0335 0.9857
vn -0.3371 0.0211 0.9412
vn 0.6318 -0.0797 0.7710
vn 0.1778 -0.0347 0.9835
vn 0.9299 -0.1044 0.3526
vn 0.6407 -0.0802 0.7636
vn 0.9820 -0.1017 -0.1590
vn 0.9322 -0.1043 0.3465
vn 0.7782 -0.0726 -0.6238
vn 0.7736 -0.0722 -0.6295
vn 0.3679 -0.0243 -0.9295
vn 0.3579 -0.0232 -0.9335
vn -0.1450 0.0314 -0.9889
vn -0.1552 0.0326 -0.9873
vn -0.6216 0.0794 -0.7793
vn -0.6273 0.0802 -0.7746
vn -0.9287 0.1060 -0.3554
vn -0.9299 0.1063 -0.3522
vn 0.0214 -0.9997 -0.0129
vn 0.0098 -0.9997 -0.0206
vn 0.0231 -0.9997 -0.0127
vn -0.0049 -1.0000 0.0033
vn -0.0054 -0.9999 -0.0085
vn -0.0058 -0.9999 -0.0131
vn -0.0052 -1.0000 0.0065
vn 0.0095 -0.9999 0.0104
vn -0.0039 -1.0000 0.0024
vn 0.0228 -0.9997 0.0021
vn 0.0238 -0.9997 0.0024
vn 0.0064 -0.9998 -0.0186
vn 0.0080 -0.9997 -0.0222
vn -0.0070 -0.9999 -0.0098
vn -0.0037 -0.9999 -0.0131
vn -0.7709 -0.0190 0.6367
vn -0.9860 -0.0245 0.1647
vn -0.7698 -0.0190 0.6380
vn -0.3483 -0.0084 0.9373
vn -0.3464 -0.0084 0.9381
vn 0.1666 0.0044 0.9860
vn 0.1685 0.0043 0.9857
vn 0.6358 0.0159 0.7717
vn 0.6367 0.0159 0.7709
vn 0.9354 0.0232 0.3529
vn 0.9354 0.0232 0.3527
vn 0.9871 0.0244 -0.1585
vn 0.7775 0.0191 -0.6286
vn 0.9869 0.0244 -0.1593
vn 0.3601 0.0087 -0.9329
vn 0.7764 0.0191 -0.6300
vn -0.1553 -0.0041 -0.9879
vn 0.3581 0.0087 -0.9336
vn -0.6303 -0.0159 -0.7762
vn -0.1572 -0.0041 -0.9876
vn -0.9350 -0.0234 -0.3538
vn -0.6312 -0.0158 -0.7754
vn -0.9862 -0.0245 0.1639
vn 0.0099 -0.9999 0.0132
vn 0.0227 -0.9997 0.0024
vn 0.0097 -0.9999 0.0106
vn -0.0027 -1.0000 0.0067
vn 0.0227 -0.9996 -0.0148
vn 0.0237 -0.9997 0.0030
vn 0.0211 -0.9997 -0.0133
vn 0.0063 -0.9998 -0.0195
vn 0.0118 -0.9999 0.0119
vn -0.0000 0.5000 -0.8660
vn -0.0000 0.8660 -0.5000
vn -0.0000 0.8660 0.5000
vn -0.0000 0.5000 0.8660
vn -0.0000 -0.5000 0.8660
vn -0.0000 -0.8660 0.5000
vn -0.0000 -0.8660 -0.5000
vn -0.0000 -0.5000 -0.8660
vn 0.8181 0.5751 -0.0000
vn 0.9960 -0.0890 -0.0000
vn -0.1114 0.6967 -0.7087
vn -0.2166 0.9763 -0.0000
vn -0.1134 0.7036 -0.7015
vn 0.0574 0.0154 0.9982
vn 0.3005 -0.9538 -0.0000
vn 0.0574 0.0154 -0.9982
vn -0.0000 -0.0001 1.0000
vn -0.0000 0.0001 1.0000
vn -0.1412 -0.9900 -0.0000
vn 0.4573 0.8893 -0.0000
vn 0.4573 -0.8893 -0.0000
vn -0.8575 0.5144 -0.0000
vn -0.1216 -0.9926 -0.0000
vn 0.1215 -0.9926 -0.0000
vn 0.9864 0.1644 -0.0000
vn 0.1216 0.9926 -0.0000
vn -0.9899 0.1414 -0.0000
vn 0.5144 -0.8576 -0.0000
vn -0.5146 -0.8574 -0.0000
vn 0.8193 0.5734 -0.0000
vn 0.8192 0.5735 -0.0000
vn -0.1215 0.9926 -0.0000
vn -0.1415 0.9899 -0.0000
vn 0.8575 -0.5145 -0.0000
vn -0.9864 -0.1644 -0.0000
vn -0.8575 -0.5145 -0.0000
vn -0.1414 -0.9900 -0.0000
vn 0.1215 0.9926 -0.0000
vn -0.4573 0.8893 -0.0000
vn -0.5145 0.8575 -0.0000
vn 0.9899 0.1414 -0.0000
vn 0.9899 -0.1414 -0.0000
vn 0.1415 -0.9899 -0.0000
vn -0.9900 0.1414 -0.0000
vn -0.9900 -0.1414 -0.0000
vn -0.8192 0.5735 -0.0000
vn -0.5145 -0.8575 -0.0000
vn 0.9864 -0.1644 -0.0000
vn 0.8575 0.5145 -0.0000
vn -0.9864 0.1644 -0.0000
vn -0.8575 0.5145 -0.0000
vn 0.5145 0.8575 -0.0000
vn 0.1415 0.9899 -0.0000
vn -0.8192 -0.5734 -0.0000
vn 0.8575 0.5146 -0.0000
vn 0.8192 -0.5735 -0.0000
vn -0.4574 -0.8893 -0.0000
vn 0.0099 0.0058 -0.9999
vn 0.0941 -0.1631 -0.9821
vn -0.0941 -0.1631 -0.9821
vn -0.0000 0.0475 0.9989
vn -0.0000 0.0402 -0.9992
vn -0.7069 0.7073 0.0014
vn 0.7069 0.7073 0.0014
vn 0.0002 -0.0009 1.0000
vn -0.0099 0.0058 -0.9999
vn 0.9915 0.1302 -0.0006
vn 0.1302 -0.9915 -0.0006
vn 1.0000 0.0097 -0.0000
vn 0.9643 -0.2628 -0.0331
vn -0.9962 -0.0871 -0.0038
vn -1.0000 0.0097 -0.0000
vn 0.8450 0.1827 0.5025
vn -0.0052 0.8984 0.4392
vn 0.9962 -0.0871 -0.0038
vn 0.0808 -0.9937 0.0782
vn 0.9650 -0.2477 0.0865
vn -0.7607 0.1129 0.6393
vn 0.9822 -0.1016 -0.1582
vn -0.9351 -0.0233 -0.3536
vn -0.1415 -0.9899 -0.0000
vn 0.4574 -0.8893 -0.0000
vn -0.8575 0.5146 -0.0000
vn -0.1215 -0.9926 -0.0000
vn 0.1216 -0.9926 -0.0000
vn 0.5146 -0.8574 -0.0000
vn 0.4574 0.8893 -0.0000
vn -0.5144 -0.8576 -0.0000
vn -0.1412 0.9900 -0.0000
vn 0.9900 0.1414 -0.0000
vn 0.9900 -0.1414 -0.0000
vn 0.1412 -0.9900 -0.0000
vn -0.9899 -0.1414 -0.0000
vn -0.8193 0.5734 -0.0000
vn -0.8575 -0.5146 -0.0000
vn -0.8192 -0.5735 -0.0000
vn 0.8192 -0.5734 -0.0000
vn -0.1414 0.9900 -0.0000
vn -0.4573 -0.8893 -0.0000
vt 0.026320 0.008773
vt 0.026320 0.007707
vt 0.095328 0.098319
vt 0.095592 0.095872
vt 0.095328 0.095872
vt 0.095592 0.098319
vt 0.096120 0.095872
vt 0.096120 0.098319
vt 0.096384 0.095872
vt 0.096384 0.098319
vt 0.095856 0.095872
vt 0.095856 0.098319
vt 0.095715 0.099606
vt 0.095684 0.099353
vt 0.095657 0.099353
vt 0.095645 0.099023
vt 0.095613 0.099023
vt 0.095783 0.099765
vt 0.095856 0.099819
vt 0.095793 0.099765
vt 0.095621 0.098639
vt 0.095585 0.098639
vt 0.095734 0.099606
vt 0.095613 0.098227
vt 0.095575 0.098227
vt 0.095819 0.099765
vt 0.095720 0.098639
vt 0.095785 0.099606
vt 0.095715 0.098227
vt 0.095756 0.099353
vt 0.095734 0.099023
vt 0.095856 0.099023
vt 0.095856 0.099765
vt 0.095856 0.098639
vt 0.095856 0.099606
vt 0.095856 0.098227
vt 0.095856 0.099353
vt 0.095892 0.099765
vt 0.095926 0.099606
vt 0.095996 0.098227
vt 0.095955 0.099353
vt 0.095977 0.099023
vt 0.095991 0.098639
vt 0.095918 0.099765
vt 0.096066 0.099023
vt 0.096090 0.098639
vt 0.095977 0.099606
vt 0.096099 0.098227
vt 0.096027 0.099353
vt 0.096054 0.099353
vt 0.096099 0.099023
vt 0.095928 0.099765
vt 0.096127 0.098639
vt 0.095996 0.099606
vt 0.096136 0.098227
vt 0.034317 0.007707
vt 0.034317 0.008773
vt 0.084866 0.098319
vt 0.084338 0.098319
vt 0.084602 0.098319
vt 0.084866 0.095872
vt 0.085130 0.098319
vt 0.085130 0.095872
vt 0.084338 0.095872
vt 0.084074 0.095872
vt 0.084074 0.098319
vt 0.084602 0.095872
vt 0.084602 0.098319
vt 0.084774 0.099353
vt 0.084742 0.099606
vt 0.084801 0.099353
vt 0.084813 0.099023
vt 0.084845 0.099023
vt 0.084675 0.099765
vt 0.084665 0.099765
vt 0.084602 0.099819
vt 0.084837 0.098639
vt 0.084873 0.098639
vt 0.084724 0.099606
vt 0.084845 0.098227
vt 0.084883 0.098227
vt 0.084638 0.099765
vt 0.084738 0.098639
vt 0.084672 0.099606
vt 0.084724 0.099023
vt 0.084602 0.099353
vt 0.084701 0.099353
vt 0.084602 0.099765
vt 0.084602 0.099023
vt 0.084742 0.098227
vt 0.084602 0.098639
vt 0.084602 0.099606
vt 0.084566 0.099765
vt 0.084462 0.098227
vt 0.084602 0.098227
vt 0.084532 0.099606
vt 0.084503 0.099353
vt 0.084481 0.099023
vt 0.084539 0.099765
vt 0.084467 0.098639
vt 0.084392 0.099023
vt 0.084481 0.099606
vt 0.084359 0.098227
vt 0.084430 0.099353
vt 0.084462 0.099606
vt 0.084404 0.099353
vt 0.084529 0.099765
vt 0.084367 0.098639
vt 0.084359 0.099023
vt 0.084322 0.098227
vt 0.084331 0.098639
vt 0.031652 0.046831
vt 0.028986 0.008749
vt 0.031652 0.008749
vt 0.028986 0.046831
vt 0.152149 0.292731
vt 0.160043 0.292795
vt 0.152149 0.292795
vt 0.160043 0.292980
vt 0.152149 0.292979
vt 0.152149 0.293266
vt 0.160043 0.293268
vt 0.152149 0.293628
vt 0.160043 0.293631
vt 0.152149 0.294030
vt 0.152149 0.316938
vt 0.160043 0.316875
vt 0.160043 0.316938
vt 0.152149 0.316875
vt 0.160043 0.316690
vt 0.152149 0.316690
vt 0.160043 0.316401
vt 0.152149 0.316041
vt 0.160043 0.316038
vt 0.152149 0.315640
vt 0.160043 0.315636
vt 0.160043 0.292731
vt 0.160043 0.294034
vt 0.152149 0.316403
vt 0.159705 0.294357
vt 0.160043 0.293955
vt 0.159705 0.293955
vt 0.160043 0.293592
vt 0.159705 0.293592
vt 0.160043 0.293304
vt 0.159705 0.293304
vt 0.159705 0.293119
vt 0.160043 0.293119
vt 0.159705 0.293055
vt 0.154322 0.293055
vt 0.154322 0.293119
vt 0.154322 0.314163
vt 0.159705 0.295012
vt 0.154322 0.295009
vt 0.154322 0.294354
vt 0.160043 0.294357
vt 0.159705 0.295012
vt 0.160043 0.315715
vt 0.160043 0.316078
vt 0.160043 0.316366
vt 0.160043 0.316551
vt 0.152149 0.314437
vt 0.160043 0.314433
vt 0.160043 0.293055
vt 0.160043 0.294715
vt 0.160043 0.295012
vt 0.160043 0.316615
vt 0.152149 0.293419
vt 0.160043 0.315312
vt 0.160043 0.314161
vt 0.159705 0.314161
vt 0.154322 0.294086
vt 0.152149 0.294712
vt 0.152473 0.314164
vt 0.152473 0.295008
vt 0.154322 0.293953
vt 0.154322 0.293303
vt 0.094337 0.100374
vt 0.094337 0.099971
vt 0.094337 0.099985
vt 0.154322 0.293591
vt 0.094162 0.031041
vt 0.096856 0.031041
vt 0.095474 0.028444
vt 0.159705 0.316615
vt 0.159705 0.315312
vt 0.159705 0.315715
vt 0.159705 0.316078
vt 0.159705 0.316366
vt 0.159705 0.316551
vt 0.033815 0.056952
vt 0.032752 0.056130
vt 0.033101 0.055495
vt 0.031917 0.059384
vt 0.033577 0.061309
vt 0.032010 0.061446
vt 0.025144 0.060982
vt 0.025672 0.062877
vt 0.024803 0.060814
vt 0.026587 0.057362
vt 0.025489 0.058894
vt 0.025867 0.056953
vt 0.027917 0.054654
vt 0.026931 0.056131
vt 0.026582 0.055496
vt 0.027725 0.053826
vt 0.025731 0.054114
vt 0.027501 0.053086
vt 0.033473 0.054827
vt 0.034824 0.056066
vt 0.034290 0.056483
vt 0.026048 0.065892
vt 0.025479 0.063413
vt 0.025495 0.065835
vt 0.032033 0.063512
vt 0.033631 0.065869
vt 0.032034 0.065784
vt 0.026106 0.061309
vt 0.025379 0.061122
vt 0.027609 0.064277
vt 0.029841 0.064002
vt 0.027506 0.063838
vt 0.028050 0.055867
vt 0.029841 0.057461
vt 0.027929 0.057457
vt 0.034303 0.061122
vt 0.033407 0.059203
vt 0.034194 0.058894
vt 0.025393 0.056485
vt 0.024556 0.058424
vt 0.024859 0.056067
vt 0.034615 0.058606
vt 0.034879 0.060814
vt 0.034538 0.060982
vt 0.033871 0.063461
vt 0.032176 0.063838
vt 0.032074 0.064277
vt 0.029841 0.064745
vt 0.027366 0.064233
vt 0.034010 0.062877
vt 0.032316 0.064233
vt 0.035126 0.058423
vt 0.035712 0.060790
vt 0.025264 0.053752
vt 0.027367 0.052425
vt 0.034419 0.053752
vt 0.035750 0.055860
vt 0.027672 0.061446
vt 0.029841 0.059432
vt 0.029841 0.061486
vt 0.031765 0.054654
vt 0.029841 0.055733
vt 0.029841 0.054330
vt 0.029841 0.053477
vt 0.032182 0.053085
vt 0.031958 0.053825
vt 0.027649 0.063512
vt 0.029841 0.065525
vt 0.027648 0.065783
vt 0.022969 0.058337
vt 0.023357 0.060075
vt 0.023129 0.058337
vt 0.035792 0.054901
vt 0.034588 0.053591
vt 0.035654 0.054981
vt 0.284559 0.378975
vt 0.250000 0.434689
vt 0.250000 0.383524
vt 0.316762 0.365635
vt 0.297801 0.428396
vt 0.380595 0.380595
vt 0.342345 0.409946
vt 0.365635 0.316762
vt 0.344416 0.344416
vt 0.428396 0.297801
vt 0.409946 0.342345
vt 0.383524 0.250000
vt 0.378975 0.284559
vt 0.428396 0.202199
vt 0.434689 0.250000
vt 0.365635 0.183238
vt 0.378974 0.215441
vt 0.380595 0.119405
vt 0.409946 0.157655
vt 0.344416 0.155584
vt 0.342345 0.090054
vt 0.316762 0.134365
vt 0.297801 0.071604
vt 0.284559 0.121025
vt 0.250000 0.065311
vt 0.215441 0.121025
vt 0.250000 0.116476
vt 0.183238 0.134365
vt 0.202199 0.071604
vt 0.155584 0.155584
vt 0.157655 0.090054
vt 0.090054 0.157655
vt 0.119405 0.119405
vt 0.121025 0.215441
vt 0.134365 0.183238
vt 0.116476 0.250000
vt 0.071604 0.202199
vt 0.071604 0.297801
vt 0.065311 0.250000
vt 0.121025 0.284559
vt 0.090054 0.342345
vt 0.155584 0.344416
vt 0.134365 0.316762
vt 0.157655 0.409946
vt 0.119405 0.380595
vt 0.183238 0.365635
vt 0.202199 0.428396
vt 0.215441 0.378975
vt 0.250000 0.250000
vt 0.024981 0.063198
vt 0.026484 0.064151
vt 0.026404 0.064290
vt 0.023203 0.060116
vt 0.024028 0.061694
vt 0.036479 0.056559
vt 0.036554 0.058337
vt 0.036325 0.056600
vt 0.023889 0.054901
vt 0.025094 0.053591
vt 0.024028 0.054981
vt 0.033276 0.052388
vt 0.034701 0.053478
vt 0.023889 0.061774
vt 0.025094 0.063084
vt 0.034702 0.063198
vt 0.033198 0.064151
vt 0.034588 0.063084
vt 0.031619 0.051703
vt 0.033197 0.052525
vt 0.029841 0.051467
vt 0.031578 0.051854
vt 0.029841 0.051626
vt 0.024981 0.063198
vt 0.026484 0.064151
vt 0.029841 0.051470
vt 0.031578 0.051856
vt 0.028062 0.064977
vt 0.028104 0.064822
vt 0.026404 0.064290
vt 0.028104 0.064822
vt 0.035654 0.054981
vt 0.035793 0.054901
vt 0.023203 0.056559
vt 0.023357 0.056600
vt 0.028104 0.051856
vt 0.029841 0.051627
vt 0.028062 0.064977
vt 0.029841 0.065051
vt 0.022969 0.058337
vt 0.023357 0.060075
vt 0.023203 0.060116
vt 0.035793 0.061774
vt 0.035655 0.061694
vt 0.028063 0.051703
vt 0.026485 0.052525
vt 0.028104 0.051854
vt 0.028063 0.051701
vt 0.031620 0.064977
vt 0.029841 0.065211
vt 0.034701 0.063198
vt 0.035784 0.061774
vt 0.035793 0.061774
vt 0.033277 0.052410
vt 0.031596 0.051726
vt 0.023898 0.061774
vt 0.023213 0.056567
vt 0.022984 0.058337
vt 0.033278 0.064286
vt 0.034699 0.063195
vt 0.023215 0.060105
vt 0.023203 0.056559
vt 0.023896 0.054901
vt 0.033278 0.064290
vt 0.031618 0.064975
vt 0.035786 0.054901
vt 0.034697 0.053481
vt 0.024982 0.053478
vt 0.023890 0.054901
vt 0.036479 0.056559
vt 0.026405 0.052410
vt 0.024985 0.053481
vt 0.028064 0.064975
vt 0.029841 0.065210
vt 0.036713 0.058337
vt 0.036470 0.056567
vt 0.026406 0.052388
vt 0.036467 0.060105
vt 0.036698 0.058337
vt 0.028086 0.051726
vt 0.026404 0.064286
vt 0.036479 0.060116
vt 0.029841 0.051492
vt 0.024983 0.063195
vt 0.025095 0.053591
vt 0.034588 0.053591
vt 0.033197 0.052525
vt 0.036325 0.060075
vt 0.035655 0.061694
vt 0.036325 0.060075
vt 0.024028 0.054981
vt 0.023357 0.056600
vt 0.036325 0.056600
vt 0.031579 0.064822
vt 0.033198 0.064151
vt 0.024027 0.061694
vt 0.025094 0.063084
vt 0.026485 0.052525
vt 0.023128 0.058337
vt 0.036553 0.058337
vt 0.031579 0.064822
vt 0.034588 0.063084
vt 0.031619 0.051701
vt 0.031620 0.064977
vt 0.033278 0.064290
vt 0.026405 0.052386
vt 0.024981 0.053478
vt 0.036714 0.058337
vt 0.023889 0.061774
vt 0.033277 0.052386
vt 0.036480 0.060116
vt 0.034701 0.053478
vt 0.029841 0.065211
vt 0.023202 0.056558
vt 0.023251 0.058337
vt 0.023476 0.056632
vt 0.024139 0.056809
vt 0.024134 0.055043
vt 0.023888 0.054901
vt 0.024728 0.055386
vt 0.025181 0.053678
vt 0.024981 0.053477
vt 0.025667 0.054163
vt 0.026404 0.052385
vt 0.026546 0.052631
vt 0.026889 0.053225
vt 0.028136 0.051972
vt 0.028062 0.051698
vt 0.028313 0.052635
vt 0.029841 0.051464
vt 0.029841 0.051748
vt 0.029841 0.052434
vt 0.031547 0.051972
vt 0.031620 0.051698
vt 0.031369 0.052635
vt 0.033278 0.052385
vt 0.033136 0.052631
vt 0.032793 0.053225
vt 0.034501 0.053678
vt 0.034702 0.053477
vt 0.034016 0.054163
vt 0.035794 0.054901
vt 0.035548 0.055043
vt 0.034954 0.055386
vt 0.036481 0.056558
vt 0.036206 0.056632
vt 0.035544 0.056809
vt 0.036431 0.058337
vt 0.036715 0.058337
vt 0.035745 0.058337
vt 0.036481 0.060117
vt 0.036206 0.060043
vt 0.035544 0.059865
vt 0.035794 0.061774
vt 0.035548 0.061632
vt 0.034954 0.061289
vt 0.034702 0.063198
vt 0.034501 0.062997
vt 0.034016 0.062512
vt 0.033278 0.064290
vt 0.033136 0.064044
vt 0.032793 0.063450
vt 0.031547 0.064703
vt 0.031369 0.064040
vt 0.029841 0.064927
vt 0.029841 0.065211
vt 0.029841 0.064241
vt 0.028136 0.064703
vt 0.028313 0.064040
vt 0.026404 0.064290
vt 0.026546 0.064044
vt 0.026889 0.063450
vt 0.025181 0.062997
vt 0.024981 0.063198
vt 0.025667 0.062512
vt 0.024134 0.061632
vt 0.023888 0.061774
vt 0.024728 0.061289
vt 0.023476 0.060043
vt 0.023202 0.060117
vt 0.024139 0.059865
vt 0.022967 0.058337
vt 0.023937 0.058337
vt 0.024618 0.056938
vt 0.024551 0.058337
vt 0.024732 0.056968
vt 0.025158 0.055634
vt 0.025260 0.055693
vt 0.026018 0.054514
vt 0.026101 0.054597
vt 0.027137 0.053655
vt 0.027196 0.053757
vt 0.028442 0.053115
vt 0.028472 0.053228
vt 0.029841 0.052930
vt 0.029841 0.053048
vt 0.031210 0.053228
vt 0.031241 0.053115
vt 0.032486 0.053757
vt 0.032545 0.053655
vt 0.033581 0.054597
vt 0.033665 0.054514
vt 0.034422 0.055693
vt 0.034524 0.055634
vt 0.034951 0.056968
vt 0.035064 0.056938
vt 0.035131 0.058337
vt 0.035248 0.058337
vt 0.034951 0.059707
vt 0.035064 0.059737
vt 0.034422 0.060982
vt 0.034524 0.061041
vt 0.033665 0.062161
vt 0.033581 0.062078
vt 0.032545 0.063020
vt 0.032486 0.062918
vt 0.031210 0.063447
vt 0.031241 0.063560
vt 0.029841 0.063627
vt 0.029841 0.063745
vt 0.028442 0.063560
vt 0.028472 0.063447
vt 0.027137 0.063020
vt 0.027196 0.062918
vt 0.026101 0.062078
vt 0.026018 0.062161
vt 0.025260 0.060982
vt 0.025158 0.061041
vt 0.024618 0.059737
vt 0.024732 0.059707
vt 0.024434 0.058337
vt 0.031754 0.057457
vt 0.033096 0.057361
vt 0.025275 0.062892
vt 0.023970 0.060790
vt 0.023932 0.055860
vt 0.029841 0.052836
vt 0.032315 0.052425
vt 0.023505 0.058331
vt 0.034408 0.062892
vt 0.036178 0.058331
vt 0.029841 0.051958
vt 0.031633 0.055867
vt 0.033954 0.054110
vt 0.029841 0.064324
vt 0.026051 0.065869
vt 0.027765 0.059384
vt 0.025812 0.063461
vt 0.026275 0.059203
vt 0.026211 0.054830
vt 0.026062 0.063469
vt 0.029841 0.063497
vt 0.034204 0.063413
vt 0.025068 0.058607
vt 0.033621 0.063469
vt 0.026058 0.069308
vt 0.027643 0.069221
vt 0.029841 0.065783
vt 0.029841 0.068967
vt 0.032039 0.069221
vt 0.033624 0.069308
vt 0.026078 0.069282
vt 0.025499 0.069270
vt 0.033634 0.065892
vt 0.034187 0.065835
vt 0.027667 0.069240
vt 0.027683 0.065950
vt 0.029841 0.069101
vt 0.031999 0.065949
vt 0.033604 0.069282
vt 0.034183 0.069270
vt 0.032015 0.069240
vt 0.029841 0.077084
vt 0.027602 0.072683
vt 0.027588 0.077084
vt 0.034263 0.077084
vt 0.033633 0.073048
vt 0.034204 0.072918
vt 0.032080 0.072683
vt 0.029841 0.072532
vt 0.025978 0.072826
vt 0.025875 0.077084
vt 0.033808 0.077084
vt 0.033704 0.072826
vt 0.027638 0.072942
vt 0.026049 0.073048
vt 0.025479 0.072918
vt 0.032045 0.072942
vt 0.029841 0.072641
vt 0.025419 0.077084
vt 0.032069 0.077084
vt 0.032094 0.077084
vt 0.029841 0.077084
vt 0.027613 0.077084
vt 0.025941 0.077084
vt 0.033815 0.097216
vt 0.032752 0.098038
vt 0.033096 0.096807
vt 0.033577 0.092859
vt 0.031917 0.094784
vt 0.032010 0.092722
vt 0.025144 0.093187
vt 0.025672 0.091291
vt 0.025812 0.090707
vt 0.025489 0.095274
vt 0.026587 0.096807
vt 0.025867 0.097215
vt 0.027917 0.099514
vt 0.026931 0.098038
vt 0.028050 0.098301
vt 0.027725 0.100343
vt 0.025731 0.100055
vt 0.026211 0.099339
vt 0.034824 0.098103
vt 0.033473 0.099341
vt 0.034290 0.097685
vt 0.025479 0.090756
vt 0.026048 0.088276
vt 0.025495 0.088333
vt 0.033631 0.088299
vt 0.032033 0.090657
vt 0.032034 0.088385
vt 0.026106 0.092859
vt 0.025379 0.093046
vt 0.027609 0.089891
vt 0.029841 0.090166
vt 0.029841 0.089844
vt 0.029841 0.096707
vt 0.027929 0.096711
vt 0.034303 0.093047
vt 0.033407 0.094966
vt 0.025393 0.097684
vt 0.024556 0.095745
vt 0.025068 0.095562
vt 0.034879 0.093354
vt 0.034615 0.095562
vt 0.034538 0.093187
vt 0.032176 0.090330
vt 0.033871 0.090707
vt 0.032074 0.089891
vt 0.027506 0.090330
vt 0.029841 0.089423
vt 0.032316 0.089935
vt 0.034010 0.091291
vt 0.035712 0.093378
vt 0.035126 0.095745
vt 0.027501 0.101082
vt 0.025264 0.100416
vt 0.034419 0.100417
vt 0.033954 0.100058
vt 0.027672 0.092722
vt 0.029841 0.094736
vt 0.027765 0.094784
vt 0.031765 0.099515
vt 0.029841 0.098435
vt 0.031633 0.098302
vt 0.032182 0.101083
vt 0.029841 0.100692
vt 0.031958 0.100344
vt 0.029841 0.088643
vt 0.027649 0.090657
vt 0.027648 0.088385
vt 0.022969 0.095831
vt 0.023357 0.094094
vt 0.023203 0.094052
vt 0.035792 0.099267
vt 0.034588 0.100577
vt 0.034701 0.100690
vt 0.026017 0.095831
vt 0.024732 0.097200
vt 0.026147 0.096821
vt 0.025260 0.098476
vt 0.026529 0.097743
vt 0.026101 0.099571
vt 0.027137 0.098535
vt 0.027196 0.100412
vt 0.027929 0.099143
vt 0.028851 0.099525
vt 0.028472 0.100940
vt 0.029841 0.099655
vt 0.031210 0.100940
vt 0.030831 0.099525
vt 0.032486 0.100412
vt 0.031753 0.099143
vt 0.032545 0.098535
vt 0.033581 0.099571
vt 0.033153 0.097743
vt 0.034422 0.098476
vt 0.033535 0.096821
vt 0.034951 0.097200
vt 0.033665 0.095831
vt 0.035131 0.095831
vt 0.033535 0.094841
vt 0.034422 0.093186
vt 0.033153 0.093919
vt 0.033581 0.092091
vt 0.032545 0.093127
vt 0.031753 0.092519
vt 0.031210 0.090722
vt 0.030831 0.092137
vt 0.029841 0.092007
vt 0.028472 0.090722
vt 0.028851 0.092137
vt 0.027929 0.092519
vt 0.026101 0.092091
vt 0.027137 0.093127
vt 0.025260 0.093186
vt 0.026529 0.093919
vt 0.024732 0.094462
vt 0.026147 0.094841
vt 0.024551 0.095831
vt 0.029841 0.095831
vt 0.026404 0.089878
vt 0.025094 0.091084
vt 0.024981 0.090971
vt 0.024028 0.092475
vt 0.023889 0.092395
vt 0.036325 0.097568
vt 0.036714 0.095831
vt 0.036479 0.097610
vt 0.023889 0.099267
vt 0.025094 0.100578
vt 0.024981 0.100691
vt 0.033276 0.101781
vt 0.025094 0.091084
vt 0.024981 0.090971
vt 0.034588 0.091084
vt 0.033278 0.089878
vt 0.034702 0.090971
vt 0.033197 0.101643
vt 0.031619 0.102466
vt 0.029841 0.102702
vt 0.031578 0.102314
vt 0.031619 0.102468
vt 0.026484 0.090017
vt 0.026404 0.089878
vt 0.031578 0.102313
vt 0.029841 0.102699
vt 0.028062 0.089191
vt 0.026484 0.090017
vt 0.028104 0.089346
vt 0.028062 0.089192
vt 0.035654 0.099187
vt 0.035793 0.099267
vt 0.023203 0.097610
vt 0.024028 0.099187
vt 0.028104 0.102313
vt 0.028063 0.102466
vt 0.029841 0.089118
vt 0.029841 0.088957
vt 0.023357 0.094094
vt 0.022969 0.095831
vt 0.023203 0.094052
vt 0.035793 0.092394
vt 0.026485 0.101643
vt 0.026406 0.101781
vt 0.028104 0.102314
vt 0.028063 0.102468
vt 0.031620 0.089192
vt 0.035784 0.092395
vt 0.034701 0.090971
vt 0.035793 0.092395
vt 0.033277 0.101759
vt 0.023898 0.092395
vt 0.023213 0.097601
vt 0.023203 0.097610
vt 0.033278 0.089882
vt 0.033278 0.089878
vt 0.023215 0.094064
vt 0.023896 0.099268
vt 0.023890 0.099267
vt 0.031618 0.089194
vt 0.035786 0.099268
vt 0.024982 0.100690
vt 0.036479 0.097610
vt 0.026405 0.101759
vt 0.028064 0.089194
vt 0.036470 0.097601
vt 0.036713 0.095831
vt 0.036467 0.094064
vt 0.036479 0.094052
vt 0.028086 0.102443
vt 0.026404 0.089882
vt 0.031596 0.102443
vt 0.026485 0.101644
vt 0.034588 0.100578
vt 0.033197 0.101644
vt 0.036325 0.094094
vt 0.035655 0.092475
vt 0.036325 0.094094
vt 0.029841 0.089118
vt 0.028104 0.089346
vt 0.023129 0.095831
vt 0.023128 0.095831
vt 0.023357 0.097568
vt 0.023357 0.097568
vt 0.029841 0.102541
vt 0.029841 0.102542
vt 0.036553 0.095831
vt 0.036554 0.095831
vt 0.033198 0.090017
vt 0.031579 0.089346
vt 0.031579 0.089346
vt 0.024027 0.092475
vt 0.035654 0.099187
vt 0.034588 0.091084
vt 0.024028 0.099187
vt 0.036325 0.097568
vt 0.033198 0.090017
vt 0.033277 0.101782
vt 0.031620 0.089191
vt 0.026405 0.101782
vt 0.036480 0.094052
vt 0.023889 0.092394
vt 0.034701 0.100691
vt 0.035655 0.092475
vt 0.029841 0.088957
vt 0.025095 0.100577
vt 0.023476 0.097536
vt 0.022967 0.095831
vt 0.023202 0.097610
vt 0.024139 0.097359
vt 0.023251 0.095831
vt 0.024134 0.099126
vt 0.023888 0.099268
vt 0.025181 0.100491
vt 0.024981 0.100691
vt 0.024728 0.098783
vt 0.026404 0.101784
vt 0.026546 0.101538
vt 0.025667 0.100006
vt 0.028062 0.102471
vt 0.028313 0.101533
vt 0.028136 0.102196
vt 0.029841 0.102421
vt 0.029841 0.102705
vt 0.029841 0.101735
vt 0.031620 0.102471
vt 0.031369 0.101533
vt 0.031547 0.102196
vt 0.033136 0.101538
vt 0.033278 0.101784
vt 0.034501 0.100491
vt 0.034702 0.100691
vt 0.034016 0.100006
vt 0.035548 0.099126
vt 0.035794 0.099268
vt 0.034954 0.098783
vt 0.036206 0.097536
vt 0.036481 0.097610
vt 0.036715 0.095831
vt 0.036431 0.095831
vt 0.035544 0.097359
vt 0.036481 0.094052
vt 0.035544 0.094303
vt 0.036206 0.094125
vt 0.035794 0.092394
vt 0.034954 0.092879
vt 0.035548 0.092536
vt 0.034501 0.091171
vt 0.034702 0.090970
vt 0.033136 0.090124
vt 0.033278 0.089878
vt 0.034016 0.091656
vt 0.031547 0.089466
vt 0.031620 0.089191
vt 0.032793 0.090718
vt 0.029841 0.089241
vt 0.031369 0.090128
vt 0.028062 0.089191
vt 0.028313 0.090128
vt 0.028136 0.089466
vt 0.026404 0.089878
vt 0.026889 0.090718
vt 0.026546 0.090124
vt 0.024981 0.090970
vt 0.025667 0.091656
vt 0.025181 0.091171
vt 0.023888 0.092394
vt 0.024728 0.092879
vt 0.024134 0.092536
vt 0.023476 0.094125
vt 0.023202 0.094052
vt 0.024139 0.094303
vt 0.024434 0.095831
vt 0.024618 0.097230
vt 0.025158 0.098535
vt 0.026018 0.099655
vt 0.027137 0.100514
vt 0.028442 0.101054
vt 0.029841 0.101121
vt 0.029841 0.101238
vt 0.031241 0.101054
vt 0.032545 0.100514
vt 0.033665 0.099655
vt 0.034524 0.098535
vt 0.035064 0.097230
vt 0.035248 0.095831
vt 0.035064 0.094431
vt 0.034524 0.093127
vt 0.033665 0.092008
vt 0.032545 0.091148
vt 0.031241 0.090608
vt 0.032486 0.091250
vt 0.029841 0.090424
vt 0.028442 0.090608
vt 0.027137 0.091148
vt 0.026018 0.092008
vt 0.025158 0.093127
vt 0.024618 0.094431
vt 0.023937 0.095831
vt 0.026889 0.100944
vt 0.032793 0.100944
vt 0.035745 0.095831
vt 0.034951 0.094462
vt 0.029841 0.090541
vt 0.027196 0.091250
vt 0.031754 0.096711
vt 0.024803 0.093354
vt 0.025275 0.091277
vt 0.023932 0.098308
vt 0.024859 0.098101
vt 0.032315 0.101744
vt 0.029841 0.101332
vt 0.023505 0.095837
vt 0.022984 0.095831
vt 0.023970 0.093378
vt 0.024983 0.090973
vt 0.027366 0.089935
vt 0.029841 0.088959
vt 0.034408 0.091277
vt 0.034699 0.090973
vt 0.036178 0.095837
vt 0.036698 0.095831
vt 0.035750 0.098308
vt 0.034697 0.100687
vt 0.029841 0.102210
vt 0.029841 0.102677
vt 0.027367 0.101744
vt 0.024985 0.100687
vt 0.033101 0.098674
vt 0.029841 0.090671
vt 0.029841 0.092683
vt 0.026051 0.088299
vt 0.026062 0.090699
vt 0.026275 0.094965
vt 0.029841 0.099838
vt 0.026582 0.098673
vt 0.034194 0.095274
vt 0.034204 0.090756
vt 0.033621 0.090699
vt 0.026058 0.084860
vt 0.029841 0.088386
vt 0.029841 0.085202
vt 0.027643 0.084948
vt 0.027683 0.088219
vt 0.033624 0.084860
vt 0.032039 0.084947
vt 0.026078 0.084886
vt 0.025499 0.084898
vt 0.033634 0.088276
vt 0.031999 0.088219
vt 0.027667 0.084928
vt 0.029841 0.085068
vt 0.034187 0.088333
vt 0.033604 0.084886
vt 0.032015 0.084928
vt 0.034183 0.084898
vt 0.027602 0.081485
vt 0.033633 0.081121
vt 0.033741 0.077084
vt 0.032080 0.081485
vt 0.025978 0.081342
vt 0.034204 0.081251
vt 0.027638 0.081226
vt 0.026049 0.081121
vt 0.025479 0.081251
vt 0.032045 0.081226
vt 0.033704 0.081342
vt 0.029841 0.081527
vt 0.029841 0.081637
vt 0.028254 0.046834
vt 0.027289 0.031060
vt 0.027289 0.046834
vt 0.028254 0.031060
vt 0.042356 0.100927
vt 0.029561 0.100927
vt 0.029561 0.076465
vt 0.029561 0.109309
vt 0.042356 0.110103
vt 0.029561 0.110103
vt 0.049028 0.076465
vt 0.049914 0.100927
vt 0.049028 0.100927
vt 0.022889 0.109309
vt 0.022889 0.110103
vt 0.022889 0.076465
vt 0.022889 0.100927
vt 0.029561 0.064722
vt 0.042356 0.065790
vt 0.029561 0.065790
vt 0.049914 0.109309
vt 0.049028 0.109309
vt 0.049914 0.110103
vt 0.049028 0.110103
vt 0.022889 0.064722
vt 0.022889 0.065790
vt 0.029561 0.116299
vt 0.022002 0.076465
vt 0.022002 0.100927
vt 0.022002 0.109309
vt 0.022002 0.110103
vt 0.044016 0.109309
vt 0.044016 0.110536
vt 0.022889 0.116299
vt 0.044016 0.076465
vt 0.044016 0.100927
vt 0.044016 0.064722
vt 0.049028 0.065790
vt 0.044016 0.065790
vt 0.044016 0.117093
vt 0.049028 0.116299
vt 0.049028 0.117093
vt 0.029561 0.117093
vt 0.022889 0.117093
vt 0.042356 0.117093
vt 0.044016 0.115866
vt 0.022002 0.116299
vt 0.049914 0.116299
vt 0.043492 0.100927
vt 0.042356 0.116299
vt 0.089175 0.103129
vt 0.094774 0.110163
vt 0.089175 0.110163
vt 0.094774 0.103129
vt 0.105512 0.110163
vt 0.093006 0.662085
vt 0.090348 0.678732
vt 0.090348 0.662085
vt 0.013056 0.875086
vt 0.054750 0.875017
vt 0.032397 0.895844
vt 0.042356 0.109309
vt 0.043492 0.065790
vt 0.022002 0.065790
vt 0.049914 0.076465
vt 0.093923 0.099061
vt 0.098934 0.109736
vt 0.093923 0.109736
vt 0.149735 0.353792
vt 0.156406 0.364467
vt 0.149735 0.364467
vt 0.079467 0.099061
vt 0.092262 0.109736
vt 0.079467 0.109736
vt 0.042356 0.076465
vt 0.043492 0.076465
vt 0.092262 0.099061
vt 0.093398 0.109736
vt 0.093398 0.099061
vt 0.043492 0.109309
vt 0.105512 0.103129
vt 0.106465 0.110163
vt 0.106465 0.103129
vt 0.106905 0.110163
vt 0.043492 0.115866
vt 0.043492 0.110536
vt 0.043492 0.117093
vt 0.042356 0.064722
vt 0.043492 0.064722
vt 0.049028 0.064722
vt 0.049914 0.065790
vt 0.094162 0.031313
vt 0.094036 0.031313
vt 0.094036 0.031041
vt 0.097166 0.031313
vt 0.097166 0.031041
vt 0.097166 0.031041
vt 0.091031 0.031041
vt 0.091031 0.031313
vt 0.091031 0.031313
vt 0.091341 0.031041
vt 0.094036 0.025709
vt 0.094162 0.025709
vt 0.094161 0.036645
vt 0.094036 0.037284
vt 0.094161 0.037284
vt 0.094162 0.037284
vt 0.094162 0.025070
vt 0.094036 0.025070
vt 0.094162 0.036805
vt 0.094036 0.036805
vt 0.096934 0.031041
vt 0.096934 0.031313
vt 0.091263 0.031313
vt 0.091263 0.031041
vt 0.094036 0.025549
vt 0.094162 0.025549
vt 0.091341 0.031313
vt 0.096856 0.031313
vt 0.094036 0.036645
vt 0.049655 0.116860
vt 0.022262 0.116860
vt 0.049655 0.065035
vt 0.022262 0.065035
vt 0.097166 0.025697
vt 0.097166 0.026323
vt 0.097166 0.026323
vt 0.096850 0.025070
vt 0.097159 0.025697
vt 0.096535 0.025070
vt 0.096850 0.025084
vt 0.091031 0.036657
vt 0.091031 0.036030
vt 0.091031 0.036030
vt 0.091347 0.037284
vt 0.091038 0.036657
vt 0.091662 0.037284
vt 0.091347 0.037269
vt 0.091039 0.025697
vt 0.091031 0.026323
vt 0.091347 0.025084
vt 0.091031 0.025697
vt 0.091662 0.025070
vt 0.091347 0.025070
vt 0.097159 0.036657
vt 0.097166 0.036030
vt 0.096850 0.037269
vt 0.097166 0.036657
vt 0.096535 0.037284
vt 0.096850 0.037284
vt 0.096643 0.036702
vt 0.096352 0.036805
vt 0.096882 0.036229
vt 0.091554 0.025652
vt 0.091845 0.025549
vt 0.091316 0.026125
vt 0.091315 0.036229
vt 0.091263 0.035652
vt 0.091554 0.036701
vt 0.091294 0.036229
vt 0.091845 0.036805
vt 0.091554 0.036745
vt 0.091845 0.025549
vt 0.091554 0.025609
vt 0.091263 0.026702
vt 0.091294 0.026125
vt 0.091371 0.036085
vt 0.091341 0.035526
vt 0.091341 0.035526
vt 0.091623 0.036585
vt 0.091416 0.036085
vt 0.091906 0.036645
vt 0.091623 0.036497
vt 0.096643 0.025609
vt 0.096352 0.025549
vt 0.096352 0.025549
vt 0.096903 0.026125
vt 0.096643 0.025652
vt 0.096934 0.026702
vt 0.096882 0.026125
vt 0.096574 0.025768
vt 0.096291 0.025709
vt 0.096826 0.026268
vt 0.091845 0.036805
vt 0.091624 0.025768
vt 0.091906 0.025709
vt 0.091371 0.026268
vt 0.091263 0.026702
vt 0.096574 0.036585
vt 0.096291 0.036645
vt 0.096643 0.036745
vt 0.096826 0.036085
vt 0.096934 0.035652
vt 0.096903 0.036229
vt 0.091416 0.026268
vt 0.091341 0.026828
vt 0.091341 0.026828
vt 0.091623 0.025857
vt 0.091906 0.025709
vt 0.096856 0.026828
vt 0.096782 0.026268
vt 0.096574 0.025857
vt 0.096782 0.036085
vt 0.096856 0.035526
vt 0.096856 0.035526
vt 0.096574 0.036497
vt 0.096291 0.036645
vt 0.096934 0.035652
vt 0.092723 0.028444
vt 0.096291 0.025709
vt 0.095474 0.033909
vt 0.092723 0.033909
vt 0.095333 0.042324
vt 0.095333 0.039965
vt 0.093300 0.041144
vt 0.091662 0.037284
vt 0.095386 0.043621
vt 0.095303 0.043035
vt 0.095211 0.043082
vt 0.095478 0.043598
vt 0.095380 0.042797
vt 0.095569 0.043054
vt 0.095561 0.043337
vt 0.095303 0.039253
vt 0.095386 0.038667
vt 0.095211 0.039207
vt 0.095380 0.039492
vt 0.095478 0.038691
vt 0.095569 0.039235
vt 0.095561 0.038951
vt 0.091031 0.043054
vt 0.091220 0.042797
vt 0.091205 0.042512
vt 0.091039 0.043337
vt 0.091297 0.043035
vt 0.091214 0.043621
vt 0.091123 0.043598
vt 0.091220 0.039492
vt 0.091031 0.039235
vt 0.091205 0.039776
vt 0.091297 0.039253
vt 0.091039 0.038951
vt 0.091214 0.038667
vt 0.091123 0.038691
vt 0.095395 0.039776
vt 0.095386 0.039492
vt 0.095303 0.039234
vt 0.095324 0.042605
vt 0.095333 0.042322
vt 0.095309 0.042606
vt 0.095241 0.042862
vt 0.095150 0.042889
vt 0.095242 0.042814
vt 0.091359 0.039426
vt 0.091450 0.039399
vt 0.091451 0.039399
vt 0.091292 0.039682
vt 0.091359 0.039474
vt 0.091276 0.039683
vt 0.091267 0.039965
vt 0.091450 0.042889
vt 0.091359 0.042862
vt 0.091451 0.042889
vt 0.091292 0.042607
vt 0.091359 0.042814
vt 0.091267 0.042324
vt 0.091276 0.042606
vt 0.095150 0.042889
vt 0.095386 0.042797
vt 0.095303 0.043054
vt 0.095395 0.042512
vt 0.095241 0.039426
vt 0.095150 0.039399
vt 0.095324 0.039683
vt 0.091205 0.042512
vt 0.091267 0.042322
vt 0.091297 0.043054
vt 0.091214 0.042797
vt 0.091389 0.043082
vt 0.091267 0.039967
vt 0.091297 0.039234
vt 0.091214 0.039492
vt 0.091389 0.039207
vt 0.095333 0.039967
vt 0.095242 0.039474
vt 0.095309 0.039682
vt 0.095151 0.039399
vt 0.095387 0.043621
vt 0.095569 0.043338
vt 0.095478 0.043621
vt 0.095569 0.043056
vt 0.095387 0.038667
vt 0.095569 0.038950
vt 0.095478 0.038667
vt 0.095569 0.039233
vt 0.091031 0.043056
vt 0.091031 0.043338
vt 0.091214 0.043621
vt 0.091123 0.043621
vt 0.091031 0.039233
vt 0.091123 0.038667
vt 0.091031 0.038950
vt 0.091214 0.038667
vt 0.091389 0.039207
vt 0.224173 0.042730
vt 0.226006 0.042730
vt 0.231814 0.059811
vt 0.229710 0.059811
vt 0.226424 0.049017
vt 0.226748 0.046538
vt 0.227729 0.048978
vt 0.231952 0.051859
vt 0.232196 0.055443
vt 0.228025 0.053057
vt 0.226959 0.050826
vt 0.228096 0.050702
vt 0.229107 0.049283
vt 0.230599 0.046105
vt 0.227873 0.046105
vt 0.230092 0.055443
vt 0.229780 0.051859
vt 0.231377 0.049283
vt 0.225823 0.044781
vt 0.225153 0.046554
vt 0.224064 0.044788
vt 0.229701 0.049012
vt 0.230139 0.044417
vt 0.229679 0.042730
vt 0.229000 0.056202
vt 0.227234 0.055933
vt 0.227609 0.051859
vt 0.212614 0.045770
vt 0.219283 0.056330
vt 0.212614 0.056330
vt 0.226939 0.044417
vt 0.227989 0.055443
vt 0.225773 0.043094
vt 0.224493 0.043092
vt 0.226263 0.042998
vt 0.226262 0.042848
vt 0.230082 0.056890
vt 0.229326 0.057894
vt 0.228399 0.056890
vt 0.231286 0.057894
vt 0.229758 0.059132
vt 0.231656 0.049254
vt 0.230804 0.046386
vt 0.230917 0.046224
vt 0.230600 0.049085
vt 0.229959 0.046490
vt 0.227054 0.049254
vt 0.225469 0.046418
vt 0.227063 0.049175
vt 0.226633 0.049069
vt 0.232139 0.051618
vt 0.231843 0.054168
vt 0.231833 0.051219
vt 0.230762 0.053583
vt 0.230861 0.050943
vt 0.227771 0.051618
vt 0.227916 0.054168
vt 0.228090 0.054970
vt 0.227702 0.051220
vt 0.227375 0.053583
vt 0.231490 0.049179
vt 0.230253 0.044685
vt 0.230426 0.044536
vt 0.229364 0.044747
vt 0.227240 0.050946
vt 0.223995 0.044536
vt 0.224156 0.044685
vt 0.224173 0.043297
vt 0.223995 0.044760
vt 0.226716 0.056890
vt 0.227367 0.057894
vt 0.232297 0.054970
vt 0.231861 0.059132
vt 0.228970 0.046517
vt 0.228277 0.044772
vt 0.227656 0.043373
vt 0.225223 0.043342
vt 0.224428 0.042848
vt 0.229935 0.042848
vt 0.225146 0.046105
vt 0.223740 0.044417
vt 0.226337 0.056424
vt 0.227654 0.059132
vt 0.229773 0.053205
vt 0.229940 0.050769
vt 0.225402 0.046224
vt 0.226837 0.049283
vt 0.225164 0.046533
vt 0.227050 0.053324
vt 0.227607 0.059811
vt 0.223862 0.043425
vt 0.229629 0.043044
vt 0.228542 0.043238
vt 0.222333 0.042730
vt 0.205891 0.042730
vt 0.207724 0.042730
vt 0.202187 0.059811
vt 0.200083 0.059811
vt 0.219283 0.045770
vt 0.205150 0.046538
vt 0.205473 0.049017
vt 0.204168 0.048978
vt 0.199701 0.055443
vt 0.199945 0.051859
vt 0.203872 0.053057
vt 0.204938 0.050826
vt 0.204847 0.053324
vt 0.202790 0.049283
vt 0.201298 0.046105
vt 0.200520 0.049283
vt 0.201805 0.055443
vt 0.206074 0.044781
vt 0.206745 0.046554
vt 0.203801 0.050702
vt 0.202196 0.049012
vt 0.201758 0.044417
vt 0.202218 0.042730
vt 0.202898 0.056202
vt 0.202124 0.053205
vt 0.204288 0.051859
vt 0.205060 0.049283
vt 0.204025 0.046105
vt 0.204958 0.044417
vt 0.203908 0.055443
vt 0.206124 0.043094
vt 0.207404 0.043092
vt 0.207724 0.043297
vt 0.205636 0.042848
vt 0.205634 0.042998
vt 0.202571 0.057894
vt 0.201815 0.056890
vt 0.203498 0.056890
vt 0.202140 0.059132
vt 0.200611 0.057894
vt 0.201093 0.046386
vt 0.200241 0.049254
vt 0.200980 0.046224
vt 0.201297 0.049085
vt 0.200407 0.049179
vt 0.204843 0.049254
vt 0.206428 0.046418
vt 0.206495 0.046224
vt 0.205265 0.049069
vt 0.204835 0.049175
vt 0.199758 0.051618
vt 0.200054 0.054168
vt 0.199600 0.054970
vt 0.200064 0.051219
vt 0.201135 0.053583
vt 0.203981 0.054168
vt 0.204127 0.051618
vt 0.203807 0.054970
vt 0.204522 0.053583
vt 0.204195 0.051220
vt 0.201036 0.050943
vt 0.201644 0.044685
vt 0.201471 0.044536
vt 0.201938 0.046490
vt 0.204657 0.050946
vt 0.207902 0.044536
vt 0.207469 0.042848
vt 0.207742 0.044685
vt 0.205181 0.056890
vt 0.204530 0.057894
vt 0.202533 0.044747
vt 0.202927 0.046517
vt 0.204241 0.043373
vt 0.203356 0.043238
vt 0.201963 0.042848
vt 0.206751 0.046105
vt 0.207833 0.044788
vt 0.207902 0.044760
vt 0.200036 0.059132
vt 0.205560 0.056424
vt 0.204243 0.059132
vt 0.201957 0.050769
vt 0.206733 0.046533
vt 0.206674 0.043342
vt 0.202268 0.043044
vt 0.208158 0.044417
vt 0.202117 0.051859
vt 0.204663 0.055933
vt 0.203620 0.044772
vt 0.204290 0.059811
vt 0.209564 0.042730
vt 0.212614 0.042730
vt 0.219283 0.042730
vt 0.219283 0.059811
vt 0.212614 0.059811
vt 0.212614 0.055443
vt 0.219283 0.051859
vt 0.212614 0.051859
vt 0.212614 0.049283
vt 0.219283 0.046105
vt 0.212614 0.046105
vt 0.219283 0.057955
vt 0.212614 0.044940
vt 0.219283 0.044940
vt 0.219283 0.044417
vt 0.212614 0.044417
vt 0.212614 0.057955
vt 0.219283 0.049283
vt 0.219283 0.055443
vt 0.214456 0.118427
vt 0.214456 0.112591
vt 0.220137 0.118427
vt 0.220137 0.112591
vt 0.110539 0.622471
vt 0.084658 0.614488
vt 0.110539 0.614488
vt 0.214587 0.117668
vt 0.214587 0.113350
vt 0.220007 0.113350
vt 0.220007 0.117668
vt 0.094744 0.012218
vt 0.094164 0.012073
vt 0.094164 0.012218
vt 0.088368 0.012218
vt 0.087789 0.012073
vt 0.087789 0.012218
vt 0.088948 0.012218
vt 0.088368 0.012073
vt 0.089527 0.012218
vt 0.088948 0.012073
vt 0.090107 0.012073
vt 0.090107 0.012218
vt 0.090687 0.012073
vt 0.090687 0.012218
vt 0.091266 0.012073
vt 0.091266 0.012218
vt 0.091846 0.012073
vt 0.091846 0.012218
vt 0.092426 0.012073
vt 0.092426 0.012218
vt 0.093005 0.012073
vt 0.093005 0.012218
vt 0.093585 0.012218
vt 0.093585 0.012073
vt 0.094744 0.012073
vt 0.094164 0.011929
vt 0.087789 0.011929
vt 0.088368 0.011929
vt 0.089527 0.012073
vt 0.088948 0.011929
vt 0.090107 0.011929
vt 0.090687 0.011929
vt 0.091266 0.011929
vt 0.091846 0.011929
vt 0.092426 0.011929
vt 0.093005 0.011929
vt 0.093585 0.011929
vt 0.094744 0.011929
vt 0.094164 0.011784
vt 0.087789 0.011784
vt 0.088368 0.011784
vt 0.089527 0.011929
vt 0.088948 0.011784
vt 0.090107 0.011784
vt 0.090687 0.011784
vt 0.091266 0.011784
vt 0.091846 0.011784
vt 0.092426 0.011784
vt 0.093005 0.011784
vt 0.093585 0.011784
vt 0.094744 0.011639
vt 0.094744 0.011784
vt 0.088368 0.011639
vt 0.088948 0.011639
vt 0.089527 0.011639
vt 0.089527 0.011784
vt 0.090107 0.011639
vt 0.090687 0.011639
vt 0.091266 0.011639
vt 0.091846 0.011639
vt 0.092426 0.011639
vt 0.093585 0.011639
vt 0.094164 0.011639
vt 0.094744 0.011494
vt 0.088368 0.011494
vt 0.087789 0.011639
vt 0.088948 0.011494
vt 0.089527 0.011494
vt 0.090107 0.011494
vt 0.090687 0.011494
vt 0.091266 0.011494
vt 0.091846 0.011494
vt 0.093005 0.011639
vt 0.092426 0.011494
vt 0.093585 0.011494
vt 0.094164 0.011494
vt 0.094744 0.011349
vt 0.088368 0.011349
vt 0.087789 0.011494
vt 0.088948 0.011349
vt 0.089527 0.011349
vt 0.090107 0.011349
vt 0.090687 0.011349
vt 0.091266 0.011349
vt 0.091846 0.011349
vt 0.093005 0.011494
vt 0.092426 0.011349
vt 0.093585 0.011349
vt 0.094164 0.011349
vt 0.094744 0.011204
vt 0.088368 0.011204
vt 0.087789 0.011349
vt 0.088948 0.011204
vt 0.089527 0.011204
vt 0.090107 0.011204
vt 0.090687 0.011204
vt 0.091266 0.011204
vt 0.091846 0.011204
vt 0.093005 0.011349
vt 0.092426 0.011204
vt 0.093585 0.011204
vt 0.094164 0.011204
vt 0.094744 0.011059
vt 0.088368 0.011059
vt 0.087789 0.011204
vt 0.088948 0.011059
vt 0.089527 0.011059
vt 0.090107 0.011059
vt 0.090687 0.011059
vt 0.091266 0.011059
vt 0.091846 0.011059
vt 0.093005 0.011204
vt 0.092426 0.011059
vt 0.093585 0.011059
vt 0.094164 0.011059
vt 0.094744 0.010914
vt 0.088368 0.010914
vt 0.087789 0.011059
vt 0.088948 0.010914
vt 0.089527 0.010914
vt 0.090107 0.010914
vt 0.090687 0.010914
vt 0.091266 0.010914
vt 0.091846 0.010914
vt 0.093005 0.011059
vt 0.092426 0.010914
vt 0.093585 0.010914
vt 0.094164 0.010914
vt 0.094744 0.010769
vt 0.088368 0.010769
vt 0.087789 0.010914
vt 0.088948 0.010769
vt 0.089527 0.010769
vt 0.090107 0.010769
vt 0.090687 0.010769
vt 0.091266 0.010769
vt 0.091846 0.010769
vt 0.093005 0.010914
vt 0.092426 0.010769
vt 0.093585 0.010769
vt 0.094164 0.010769
vt 0.094744 0.010624
vt 0.088368 0.010624
vt 0.087789 0.010769
vt 0.088948 0.010624
vt 0.089527 0.010624
vt 0.090107 0.010624
vt 0.090687 0.010624
vt 0.091266 0.010624
vt 0.091846 0.010624
vt 0.093005 0.010769
vt 0.092426 0.010624
vt 0.093005 0.010624
vt 0.094164 0.010624
vt 0.094744 0.010480
vt 0.088368 0.010480
vt 0.087789 0.010624
vt 0.088948 0.010480
vt 0.089527 0.010480
vt 0.090107 0.010480
vt 0.090687 0.010480
vt 0.091266 0.010480
vt 0.091846 0.010480
vt 0.092426 0.010480
vt 0.093585 0.010624
vt 0.093005 0.010480
vt 0.094164 0.010480
vt 0.094744 0.010335
vt 0.088368 0.010335
vt 0.087789 0.010480
vt 0.088948 0.010335
vt 0.089527 0.010335
vt 0.090107 0.010335
vt 0.090687 0.010335
vt 0.091266 0.010335
vt 0.091846 0.010335
vt 0.092426 0.010335
vt 0.093585 0.010480
vt 0.093005 0.010335
vt 0.094164 0.010335
vt 0.094744 0.010190
vt 0.088368 0.010190
vt 0.087789 0.010335
vt 0.088948 0.010190
vt 0.089527 0.010190
vt 0.090107 0.010190
vt 0.090687 0.010190
vt 0.091266 0.010190
vt 0.091846 0.010190
vt 0.092426 0.010190
vt 0.093585 0.010335
vt 0.093005 0.010190
vt 0.094164 0.010190
vt 0.094744 0.010045
vt 0.088368 0.010045
vt 0.087789 0.010190
vt 0.088948 0.010045
vt 0.089527 0.010045
vt 0.090107 0.010045
vt 0.090687 0.010045
vt 0.091266 0.010045
vt 0.091846 0.010045
vt 0.092426 0.010045
vt 0.093585 0.010190
vt 0.093005 0.010045
vt 0.094164 0.010045
vt 0.094744 0.009900
vt 0.088368 0.009900
vt 0.087789 0.010045
vt 0.088948 0.009900
vt 0.089527 0.009900
vt 0.090107 0.009900
vt 0.090687 0.009900
vt 0.091266 0.009900
vt 0.091846 0.009900
vt 0.092426 0.009900
vt 0.093585 0.010045
vt 0.093005 0.009900
vt 0.094164 0.009900
vt 0.094744 0.009755
vt 0.088368 0.009755
vt 0.087789 0.009900
vt 0.088948 0.009755
vt 0.089527 0.009755
vt 0.090107 0.009755
vt 0.090687 0.009755
vt 0.091266 0.009755
vt 0.091846 0.009755
vt 0.092426 0.009755
vt 0.093585 0.009900
vt 0.093005 0.009755
vt 0.094164 0.009755
vt 0.094744 0.009610
vt 0.088368 0.009610
vt 0.087789 0.009755
vt 0.088948 0.009610
vt 0.089527 0.009610
vt 0.090107 0.009610
vt 0.090687 0.009610
vt 0.091266 0.009610
vt 0.091846 0.009610
vt 0.092426 0.009610
vt 0.093585 0.009755
vt 0.093005 0.009610
vt 0.094164 0.009610
vt 0.094744 0.009465
vt 0.088368 0.009465
vt 0.087789 0.009610
vt 0.088948 0.009465
vt 0.089527 0.009465
vt 0.090107 0.009465
vt 0.090687 0.009465
vt 0.091266 0.009465
vt 0.091846 0.009465
vt 0.092426 0.009465
vt 0.093585 0.009610
vt 0.093005 0.009465
vt 0.094164 0.009465
vt 0.094744 0.009320
vt 0.088368 0.009320
vt 0.087789 0.009465
vt 0.088948 0.009320
vt 0.089527 0.009320
vt 0.090107 0.009320
vt 0.090687 0.009320
vt 0.091266 0.009320
vt 0.091846 0.009320
vt 0.092426 0.009320
vt 0.093585 0.009465
vt 0.093005 0.009320
vt 0.094164 0.009320
vt 0.094744 0.009175
vt 0.088368 0.009175
vt 0.087789 0.009320
vt 0.088948 0.009175
vt 0.089527 0.009175
vt 0.090107 0.009175
vt 0.090687 0.009175
vt 0.091266 0.009175
vt 0.091846 0.009175
vt 0.092426 0.009175
vt 0.093585 0.009320
vt 0.093005 0.009175
vt 0.094164 0.009175
vt 0.094744 0.009030
vt 0.088368 0.009030
vt 0.087789 0.009175
vt 0.088948 0.009030
vt 0.089527 0.009030
vt 0.090107 0.009030
vt 0.090687 0.009030
vt 0.091266 0.009030
vt 0.091846 0.009030
vt 0.092426 0.009030
vt 0.093585 0.009175
vt 0.093005 0.009030
vt 0.094164 0.009030
vt 0.094744 0.008886
vt 0.088368 0.008886
vt 0.087789 0.009030
vt 0.088948 0.008886
vt 0.089527 0.008886
vt 0.090107 0.008886
vt 0.090687 0.008886
vt 0.091266 0.008886
vt 0.091846 0.008886
vt 0.092426 0.008886
vt 0.093585 0.009030
vt 0.093005 0.008886
vt 0.094164 0.008886
vt 0.094164 0.008741
vt 0.087789 0.008741
vt 0.087789 0.008886
vt 0.088368 0.008741
vt 0.088948 0.008741
vt 0.089527 0.008741
vt 0.090687 0.008741
vt 0.091266 0.008741
vt 0.091846 0.008741
vt 0.092426 0.008741
vt 0.093005 0.008741
vt 0.093585 0.008741
vt 0.093585 0.008886
vt 0.094744 0.008741
vt 0.094164 0.008596
vt 0.087789 0.008596
vt 0.088368 0.008596
vt 0.088948 0.008596
vt 0.090107 0.008741
vt 0.089527 0.008596
vt 0.090687 0.008596
vt 0.091266 0.008596
vt 0.091846 0.008596
vt 0.092426 0.008596
vt 0.093005 0.008596
vt 0.093585 0.008596
vt 0.094744 0.008596
vt 0.094164 0.008451
vt 0.088368 0.008451
vt 0.088948 0.008451
vt 0.089527 0.008451
vt 0.090107 0.008451
vt 0.090107 0.008596
vt 0.090687 0.008451
vt 0.091266 0.008451
vt 0.091846 0.008451
vt 0.092426 0.008451
vt 0.093005 0.008451
vt 0.093585 0.008451
vt 0.094744 0.008306
vt 0.094744 0.008451
vt 0.088368 0.008306
vt 0.087789 0.008451
vt 0.088948 0.008306
vt 0.089527 0.008306
vt 0.090107 0.008306
vt 0.090687 0.008306
vt 0.091266 0.008306
vt 0.091846 0.008306
vt 0.092426 0.008306
vt 0.093005 0.008306
vt 0.093585 0.008306
vt 0.094744 0.008161
vt 0.094164 0.008306
vt 0.088368 0.008161
vt 0.087789 0.008306
vt 0.088948 0.008161
vt 0.089527 0.008161
vt 0.090107 0.008161
vt 0.090687 0.008161
vt 0.091266 0.008161
vt 0.091846 0.008161
vt 0.092426 0.008161
vt 0.093005 0.008161
vt 0.093585 0.008161
vt 0.094164 0.008016
vt 0.094164 0.008161
vt 0.088368 0.008016
vt 0.087789 0.008161
vt 0.088948 0.008016
vt 0.089527 0.008016
vt 0.090107 0.008016
vt 0.090687 0.008016
vt 0.091266 0.008016
vt 0.091846 0.008016
vt 0.092426 0.008016
vt 0.093005 0.008016
vt 0.093585 0.008016
vt 0.094744 0.008016
vt 0.094164 0.007871
vt 0.087789 0.007871
vt 0.087789 0.008016
vt 0.088368 0.007871
vt 0.088948 0.007871
vt 0.089527 0.007871
vt 0.090687 0.007871
vt 0.091266 0.007871
vt 0.091846 0.007871
vt 0.092426 0.007871
vt 0.093005 0.007871
vt 0.093585 0.007871
vt 0.094744 0.007871
vt 0.094164 0.007726
vt 0.087789 0.007726
vt 0.088368 0.007726
vt 0.088948 0.007726
vt 0.090107 0.007871
vt 0.089527 0.007726
vt 0.090687 0.007726
vt 0.091266 0.007726
vt 0.091846 0.007726
vt 0.092426 0.007726
vt 0.093005 0.007726
vt 0.093585 0.007726
vt 0.094744 0.007726
vt 0.094164 0.007581
vt 0.087789 0.007581
vt 0.088368 0.007581
vt 0.088948 0.007581
vt 0.090107 0.007726
vt 0.089527 0.007581
vt 0.090687 0.007581
vt 0.091266 0.007581
vt 0.091846 0.007581
vt 0.092426 0.007581
vt 0.093005 0.007581
vt 0.093585 0.007581
vt 0.094744 0.007581
vt 0.094164 0.007436
vt 0.087789 0.007436
vt 0.088368 0.007436
vt 0.088948 0.007436
vt 0.090107 0.007581
vt 0.089527 0.007436
vt 0.090687 0.007436
vt 0.091266 0.007436
vt 0.091846 0.007436
vt 0.092426 0.007436
vt 0.093005 0.007436
vt 0.093585 0.007436
vt 0.094744 0.007436
vt 0.094164 0.007292
vt 0.087789 0.007292
vt 0.088368 0.007292
vt 0.088948 0.007292
vt 0.090107 0.007436
vt 0.089527 0.007292
vt 0.090687 0.007292
vt 0.091266 0.007292
vt 0.091846 0.007292
vt 0.092426 0.007292
vt 0.093005 0.007292
vt 0.093585 0.007292
vt 0.094744 0.007292
vt 0.094164 0.007147
vt 0.087789 0.007147
vt 0.088368 0.007147
vt 0.088948 0.007147
vt 0.090107 0.007292
vt 0.089527 0.007147
vt 0.090687 0.007147
vt 0.091266 0.007147
vt 0.091846 0.007147
vt 0.092426 0.007147
vt 0.093005 0.007147
vt 0.093585 0.007147
vt 0.094744 0.007147
vt 0.094164 0.007002
vt 0.087789 0.007002
vt 0.088368 0.007002
vt 0.088948 0.007002
vt 0.090107 0.007147
vt 0.089527 0.007002
vt 0.090107 0.007002
vt 0.091266 0.007002
vt 0.091846 0.007002
vt 0.092426 0.007002
vt 0.093005 0.007002
vt 0.093585 0.007002
vt 0.094744 0.006857
vt 0.094744 0.007002
vt 0.087789 0.006857
vt 0.088368 0.006857
vt 0.088948 0.006857
vt 0.089527 0.006857
vt 0.090687 0.007002
vt 0.090107 0.006857
vt 0.090687 0.006857
vt 0.091846 0.006857
vt 0.092426 0.006857
vt 0.093005 0.006857
vt 0.093585 0.006857
vt 0.094164 0.006857
vt 0.094164 0.006712
vt 0.087789 0.006712
vt 0.088368 0.006712
vt 0.088948 0.006712
vt 0.089527 0.006712
vt 0.090107 0.006712
vt 0.091266 0.006712
vt 0.091266 0.006857
vt 0.091846 0.006712
vt 0.092426 0.006712
vt 0.093005 0.006712
vt 0.093585 0.006712
vt 0.094744 0.006712
vt 0.094164 0.006567
vt 0.087789 0.006567
vt 0.088368 0.006567
vt 0.088948 0.006567
vt 0.089527 0.006567
vt 0.090687 0.006567
vt 0.090687 0.006712
vt 0.091266 0.006567
vt 0.091846 0.006567
vt 0.092426 0.006567
vt 0.093005 0.006567
vt 0.093585 0.006567
vt 0.094744 0.006567
vt 0.094164 0.006422
vt 0.087789 0.006422
vt 0.088368 0.006422
vt 0.088948 0.006422
vt 0.090107 0.006567
vt 0.089527 0.006422
vt 0.090687 0.006422
vt 0.091266 0.006422
vt 0.091846 0.006422
vt 0.092426 0.006422
vt 0.093005 0.006422
vt 0.093585 0.006422
vt 0.094744 0.006422
vt 0.094164 0.006277
vt 0.087789 0.006277
vt 0.088368 0.006277
vt 0.088948 0.006277
vt 0.090107 0.006422
vt 0.089527 0.006277
vt 0.090687 0.006277
vt 0.091266 0.006277
vt 0.091846 0.006277
vt 0.092426 0.006277
vt 0.093005 0.006277
vt 0.093585 0.006277
vt 0.094744 0.006277
vt 0.094164 0.006132
vt 0.087789 0.006132
vt 0.088368 0.006132
vt 0.088948 0.006132
vt 0.090107 0.006277
vt 0.089527 0.006132
vt 0.090687 0.006132
vt 0.091266 0.006132
vt 0.091846 0.006132
vt 0.092426 0.006132
vt 0.093005 0.006132
vt 0.093585 0.006132
vt 0.094744 0.006132
vt 0.094164 0.005987
vt 0.087789 0.005987
vt 0.088368 0.005987
vt 0.088948 0.005987
vt 0.090107 0.006132
vt 0.089527 0.005987
vt 0.090687 0.005987
vt 0.091266 0.005987
vt 0.091846 0.005987
vt 0.092426 0.005987
vt 0.093005 0.005987
vt 0.093585 0.005987
vt 0.094744 0.005987
vt 0.094164 0.005843
vt 0.087789 0.005843
vt 0.088368 0.005843
vt 0.088948 0.005843
vt 0.090107 0.005987
vt 0.089527 0.005843
vt 0.090687 0.005843
vt 0.091266 0.005843
vt 0.091846 0.005843
vt 0.092426 0.005843
vt 0.093005 0.005843
vt 0.093585 0.005843
vt 0.094744 0.005843
vt 0.094164 0.005698
vt 0.087789 0.005698
vt 0.088368 0.005698
vt 0.088948 0.005698
vt 0.090107 0.005698
vt 0.090107 0.005843
vt 0.090687 0.005698
vt 0.091266 0.005698
vt 0.091846 0.005698
vt 0.092426 0.005698
vt 0.093005 0.005698
vt 0.093585 0.005698
vt 0.094744 0.005698
vt 0.094164 0.005553
vt 0.088368 0.005553
vt 0.088948 0.005553
vt 0.089527 0.005553
vt 0.089527 0.005698
vt 0.090107 0.005553
vt 0.090687 0.005553
vt 0.091266 0.005553
vt 0.091846 0.005553
vt 0.092426 0.005553
vt 0.093005 0.005553
vt 0.093585 0.005553
vt 0.150980 0.324166
vt 0.152024 0.324166
vt 0.146803 0.324166
vt 0.147847 0.324166
vt 0.143670 0.324166
vt 0.142626 0.324166
vt 0.149936 0.324166
vt 0.145759 0.324166
vt 0.148891 0.324166
vt 0.155157 0.324166
vt 0.154113 0.324166
vt 0.153068 0.324166
vt 0.144714 0.324166
vt 0.154113 0.323905
vt 0.142626 0.323905
vt 0.143670 0.323905
vt 0.144714 0.323905
vt 0.145759 0.323905
vt 0.146803 0.323905
vt 0.148891 0.323905
vt 0.149936 0.323905
vt 0.150980 0.323905
vt 0.152024 0.323905
vt 0.153068 0.323905
vt 0.147847 0.323905
vt 0.155157 0.323644
vt 0.155157 0.323905
vt 0.143670 0.323644
vt 0.144714 0.323644
vt 0.145759 0.323644
vt 0.146803 0.323644
vt 0.147847 0.323644
vt 0.148891 0.323644
vt 0.149936 0.323644
vt 0.150980 0.323644
vt 0.152024 0.323644
vt 0.154113 0.323644
vt 0.149000 0.109977
vt 0.149980 0.113633
vt 0.152656 0.116309
vt 0.156312 0.117289
vt 0.159968 0.116309
vt 0.162645 0.113633
vt 0.163625 0.109977
vt 0.162645 0.106320
vt 0.159968 0.103644
vt 0.156312 0.102664
vt 0.152656 0.103644
vt 0.149980 0.106320
vt 0.156312 0.109977
vt 0.217501 0.119040
vt 0.220525 0.118230
vt 0.222738 0.116017
vt 0.223548 0.112994
vt 0.222738 0.109971
vt 0.220525 0.107758
vt 0.217501 0.106948
vt 0.214478 0.107758
vt 0.212265 0.109971
vt 0.211455 0.112994
vt 0.212265 0.116017
vt 0.213234 0.110530
vt 0.212574 0.112994
vt 0.214478 0.118230
vt 0.237508 0.119294
vt 0.237978 0.117541
vt 0.219966 0.117262
vt 0.217501 0.117922
vt 0.221769 0.115458
vt 0.222430 0.112994
vt 0.221769 0.110530
vt 0.219966 0.108726
vt 0.215038 0.108726
vt 0.217501 0.108066
vt 0.213234 0.115458
vt 0.215038 0.117262
vt 0.221252 0.110829
vt 0.219667 0.109244
vt 0.219667 0.116744
vt 0.217501 0.117324
vt 0.221252 0.115159
vt 0.221832 0.112994
vt 0.217501 0.108663
vt 0.213751 0.110829
vt 0.215336 0.109244
vt 0.213171 0.112994
vt 0.213751 0.115159
vt 0.215336 0.116744
vt 0.217501 0.116901
vt 0.220885 0.114947
vt 0.219455 0.116378
vt 0.221409 0.112994
vt 0.220885 0.111040
vt 0.219455 0.109610
vt 0.215548 0.109610
vt 0.217501 0.109087
vt 0.214118 0.111040
vt 0.213594 0.112994
vt 0.214118 0.114947
vt 0.215548 0.116378
vt 0.217501 0.112994
vt 0.212560 0.113490
vt 0.212560 0.111493
vt 0.215889 0.113490
vt 0.215889 0.111493
vt 0.216554 0.113490
vt 0.216554 0.111493
vt 0.219883 0.113490
vt 0.219883 0.111493
vt 0.220549 0.113490
vt 0.220549 0.111493
vt 0.223877 0.113490
vt 0.223877 0.111493
vt 0.212560 0.116087
vt 0.212560 0.114090
vt 0.215889 0.116087
vt 0.215889 0.114090
vt 0.216554 0.116087
vt 0.216554 0.114090
vt 0.219883 0.116087
vt 0.219883 0.114090
vt 0.220549 0.116087
vt 0.220549 0.114090
vt 0.223877 0.116087
vt 0.223877 0.114090
vt 0.212560 0.118683
vt 0.212560 0.116686
vt 0.215889 0.118683
vt 0.215889 0.116686
vt 0.216554 0.118683
vt 0.216554 0.116686
vt 0.219883 0.118683
vt 0.219883 0.116686
vt 0.220549 0.118683
vt 0.220549 0.116686
vt 0.223877 0.118683
vt 0.223877 0.116686
vt 0.212560 0.121279
vt 0.212560 0.119282
vt 0.215889 0.121279
vt 0.215889 0.119282
vt 0.216554 0.121279
vt 0.216554 0.119282
vt 0.219883 0.121279
vt 0.219883 0.119282
vt 0.220549 0.121279
vt 0.220549 0.119282
vt 0.223877 0.121279
vt 0.223877 0.119282
vt 0.152149 0.316250
vt 0.094337 0.098820
vt 0.094337 0.100737
vt 0.094337 0.101025
vt 0.094337 0.101210
vt 0.094337 0.101274
vt 0.032050 0.037393
vt 0.032050 0.037750
vt 0.032050 0.036322
vt 0.032050 0.034537
vt 0.032050 0.032038
vt 0.032050 0.033823
vt 0.032050 0.033942
vt 0.032050 0.033466
vt 0.032050 0.032871
vt 0.032050 0.022517
vt 0.032050 0.029181
vt 0.032050 0.025373
vt 0.032050 0.023469
vt 0.032050 0.020018
vt 0.032050 0.021684
vt 0.032050 0.021089
vt 0.032050 0.020732
vt 0.032050 0.020613
vt 0.032050 0.018233
vt 0.032050 0.017162
vt 0.032050 0.016805
vt 0.032050 0.035846
vt 0.032050 0.037631
vt 0.032050 0.037274
vt 0.032050 0.036679
vt 0.032050 0.043462
vt 0.032050 0.039654
vt 0.032050 0.043105
vt 0.032050 0.042034
vt 0.032050 0.040249
vt 0.032050 0.039535
vt 0.032050 0.039178
vt 0.032050 0.038583
vt 0.032050 0.033109
vt 0.032050 0.031443
vt 0.032050 0.032514
vt 0.032050 0.032157
vt 0.032050 0.028229
vt 0.032050 0.029658
vt 0.032050 0.028586
vt 0.030867 0.033823
vt 0.030867 0.037393
vt 0.030867 0.018233
vt 0.030867 0.043462
vt 0.030867 0.036679
vt 0.030867 0.016805
vt 0.030867 0.025373
vt 0.030867 0.017162
vt 0.030867 0.034537
vt 0.030867 0.035846
vt 0.030867 0.022517
vt 0.030867 0.043105
vt 0.030867 0.033466
vt 0.030867 0.036322
vt 0.030867 0.023469
vt 0.030867 0.042034
vt 0.030867 0.039654
vt 0.030867 0.037631
vt 0.030867 0.020018
vt 0.030867 0.032871
vt 0.030867 0.039535
vt 0.030867 0.037750
vt 0.030867 0.037274
vt 0.030867 0.040249
vt 0.030867 0.033942
vt 0.030867 0.021684
vt 0.030867 0.032038
vt 0.030867 0.039178
vt 0.030867 0.038583
vt 0.030867 0.021089
vt 0.030867 0.020732
vt 0.030867 0.033109
vt 0.030867 0.020613
vt 0.030867 0.032514
vt 0.030867 0.032157
vt 0.030867 0.031443
vt 0.030867 0.029658
vt 0.030867 0.028229
vt 0.030867 0.029181
vt 0.030867 0.028586
vt 0.095856 0.098319
vt 0.029841 0.089927
vt 0.093006 0.678732
vt 0.035409 0.854259
vt 0.098934 0.099061
vt 0.156406 0.353792
vt 0.106905 0.103129
vt 0.097166 0.031312
vt 0.091031 0.031041
vt 0.094162 0.025070
vt 0.096535 0.037284
vt 0.208035 0.043425
vt 0.084658 0.622471
vt 0.094744 0.005553
vt 0.087789 0.005553
vt 0.142626 0.323644
vt 0.153068 0.323644
s 1
g payphone_stand_regular_material
usemtl regular_material
f 176/1/1 262/2/1 263/1/1
s 11
f 1/56/82 89/57/82 88/56/82
s 21
f 88/56/6 175/2/6 1/56/6
s 22
f 263/1/7 88/56/7 89/57/7
s 23
f 89/57/9 176/1/9 263/1/9
s 41
f 175/2/3 2/57/3 1/56/3
s 42
f 350/112/7 351/113/7 349/114/7
s 43
f 352/115/1 355/113/1 351/113/1
s 44
f 356/115/3 353/114/3 355/113/3
s 45
f 354/112/82 349/114/82 353/114/82
s 46
f 352/115/9 354/112/9 356/115/9
s 47
f 369/116/83 359/117/84 371/118/85
f 371/118/85 360/119/86 372/120/86
f 360/119/86 373/121/87 372/120/86
f 361/122/87 374/123/88 373/121/87
f 362/124/89 370/125/90 374/123/88
f 376/126/91 368/127/92 364/128/93
f 380/129/94 367/130/95 368/127/92
f 379/131/95 366/132/96 367/130/95
f 366/132/96 377/133/97 365/134/98
f 365/134/98 375/135/99 363/136/100
f 394/116/101 386/117/102 382/137/103
f 398/118/104 385/119/105 386/117/102
f 397/120/105 384/122/106 385/119/105
f 384/122/106 395/123/107 383/124/108
f 383/124/108 393/125/109 381/138/110
f 399/126/111 389/127/112 401/129/113
f 401/129/113 390/130/114 402/131/114
f 390/130/114 403/139/115 402/131/114
f 391/132/115 404/133/116 403/139/115
f 392/134/117 400/135/118 404/133/116
s 48
f 438/140/118 407/141/119 473/142/119
f 473/142/119 408/143/120 472/144/120
f 472/144/120 409/145/121 471/146/121
f 409/145/121 417/147/122 471/146/121
f 410/148/122 418/149/111 417/147/122
f 417/147/122 463/150/111 464/151/123
f 455/152/3 420/153/3 469/154/3
f 469/154/3 438/140/118 468/155/118
f 422/156/100 474/157/7 419/140/99
f 419/140/99 426/141/124 422/156/100
s 49
f 357/137/82 410/148/82 359/117/82
f 359/117/82 409/145/82 360/119/82
f 360/119/82 408/143/82 361/122/82
f 408/143/82 362/124/82 361/122/82
f 407/141/82 358/138/82 362/124/82
f 363/136/82 416/158/82 365/134/82
f 365/134/82 415/159/82 366/132/82
f 415/159/82 367/130/82 366/132/82
f 414/160/82 368/127/82 367/130/82
f 413/161/82 364/128/82 368/127/82
f 381/138/82 426/141/82 383/124/82
f 383/124/82 425/143/82 384/122/82
f 425/143/82 385/119/82 384/122/82
f 424/145/82 386/117/82 385/119/82
f 423/148/82 382/137/82 386/117/82
f 387/128/82 432/161/82 389/127/82
f 389/127/82 431/160/82 390/130/82
f 390/130/82 430/159/82 391/132/82
f 430/159/82 392/134/82 391/132/82
f 429/158/82 388/136/82 392/134/82
s 47
f 394/116/101 357/137/125 369/116/83
f 363/136/100 440/162/7 439/163/7
s 49
f 382/137/82 406/164/82 357/137/82
f 451/165/82 405/156/82 452/166/82
s 47
f 376/126/91 387/128/126 399/126/111
s 49
f 364/128/82 428/167/82 387/128/82
s 50
f 374/123/1 370/125/1 2794/168/1
s 47
f 442/162/3 388/136/127 443/163/3
s 49
f 443/163/82 427/169/82 444/170/82
s 48
f 437/142/124 425/143/128 426/141/124
f 436/144/128 424/145/129 425/143/128
f 427/169/90 488/171/7 444/170/7
s 50
f 375/135/1 442/162/1 440/162/1
s 51
f 463/150/82 457/150/82 2795/172/82
s 50
f 440/162/1 448/173/1 447/173/1
s 48
f 470/154/7 446/174/7 454/175/7
s 52
f 455/152/130 446/174/130 456/152/130
s 48
f 487/171/3 452/166/3 420/153/3
s 49
f 443/163/82 450/166/82 449/165/82
s 47
f 442/162/3 449/165/3 448/173/3
s 49
f 439/163/82 412/169/82 363/136/82
s 47
f 451/165/7 440/162/7 447/173/7
f 358/138/131 447/173/7 370/125/90
f 448/173/3 381/138/110 393/125/109
s 49
f 449/165/82 422/156/82 381/138/82
s 48
f 420/153/3 405/156/127 438/140/118
f 424/145/129 434/147/132 423/148/132
s 50
f 447/173/1 393/125/1 370/125/1
s 53
f 445/174/82 454/175/82 446/174/82
s 49
f 439/163/82 452/166/82 441/170/82
s 48
f 419/140/99 470/154/7 462/155/99
f 423/148/132 433/149/91 421/164/93
f 406/164/126 433/149/91 418/149/111
f 450/166/7 488/171/7 474/157/7
f 462/155/99 437/142/124 419/140/99
f 461/176/133 436/144/128 437/142/124
f 436/144/128 459/177/129 435/146/129
f 435/146/129 458/151/134 434/147/132
f 434/147/132 457/150/91 433/149/91
f 433/149/91 463/150/111 418/149/111
f 474/157/7 456/152/7 470/154/7
s 52
f 487/171/135 456/152/130 488/171/135
s 48
f 445/174/3 469/154/3 453/175/3
s 54
f 475/178/82 476/179/82 2796/180/82
s 55
f 470/154/136 453/175/136 469/154/136
s 48
f 471/146/121 464/151/123 465/177/121
f 472/144/120 465/177/121 466/181/120
f 467/176/137 472/144/120 466/181/120
f 468/155/118 473/142/119 467/176/137
f 411/167/101 486/185/83 428/167/83
f 429/158/138 481/186/90 427/169/90
f 430/159/139 482/187/138 429/158/138
f 412/169/109 475/187/140 416/158/140
f 431/160/141 483/188/139 430/159/139
f 416/158/140 477/188/142 415/159/142
f 432/161/143 484/189/141 431/160/141
f 415/159/142 478/189/144 414/160/144
f 428/167/83 485/190/143 432/161/143
f 414/160/144 479/190/145 413/161/145
f 441/170/3 476/186/109 412/169/109
f 413/161/145 480/185/101 411/167/101
s 57
f 881/191/146 489/192/147 874/193/148
f 819/194/149 842/195/150 849/196/151
f 843/197/152 498/198/153 845/199/154
f 834/200/155 871/201/156 880/202/157
f 879/203/158 491/204/159 873/205/160
f 832/206/161 499/207/162 829/208/163
f 490/209/164 837/210/165 833/211/166
f 855/212/167 876/213/168 884/214/169
f 824/215/170 856/216/171 857/217/172
f 846/218/173 876/213/168 883/219/174
f 827/220/175 502/221/176 830/222/177
f 828/223/178 835/224/179 841/225/180
f 882/226/181 506/227/182 872/228/183
f 838/229/184 508/230/185 836/231/186
f 504/232/187 844/233/188 847/234/189
f 496/235/190 820/236/191 823/237/192
f 830/222/177 808/238/193 811/239/194
f 497/240/195 818/241/196 820/236/191
f 509/242/197 816/243/198 844/233/188
f 829/208/163 511/244/199 812/245/200
f 837/210/165 510/246/201 813/247/202
f 850/248/203 503/249/204 848/250/205
f 878/251/206 517/252/207 877/253/208
f 516/254/209 821/255/210 822/256/211
f 826/257/212 852/258/213 859/259/214
s 58
f 591/260/215 686/261/216 663/262/217
f 601/263/218 672/264/219 673/265/220
s 59
f 542/266/221 567/267/222 543/268/223
f 544/269/224 566/270/225 542/266/221
f 544/269/224 569/271/226 568/272/227
f 546/273/228 569/271/226 545/274/229
f 546/273/228 571/275/230 570/276/231
f 548/277/232 571/275/230 547/278/233
f 548/277/232 573/279/234 572/280/235
f 550/281/236 573/279/234 549/282/237
f 550/281/236 575/283/238 574/284/239
f 551/285/240 576/286/241 575/283/238
f 552/287/242 577/288/243 576/286/241
f 553/289/244 578/290/245 577/288/243
f 555/291/246 578/290/245 554/292/247
f 556/293/248 579/294/249 555/291/246
f 557/295/250 580/296/251 556/293/248
f 557/295/250 582/297/252 581/298/253
f 559/299/254 582/297/252 558/300/255
f 560/301/256 583/302/257 559/299/254
f 560/301/256 585/303/258 584/304/259
f 561/305/260 586/306/261 585/303/258
f 563/307/262 586/306/261 562/308/263
f 563/307/262 588/309/264 587/310/265
f 564/311/266 589/312/267 588/309/264
f 543/268/223 589/312/267 565/313/268
f 542/266/221 543/268/223 590/314/1
f 543/268/223 565/313/268 590/314/1
f 565/313/268 564/311/266 590/314/1
f 564/311/266 563/307/262 590/314/1
f 563/307/262 562/308/263 590/314/1
f 562/308/263 561/305/260 590/314/1
f 561/305/260 560/301/256 590/314/1
f 560/301/256 559/299/254 590/314/1
f 559/299/254 558/300/255 590/314/1
f 558/300/255 557/295/250 590/314/1
f 557/295/250 556/293/248 590/314/1
f 556/293/248 555/291/246 590/314/1
f 555/291/246 554/292/247 590/314/1
f 554/292/247 553/289/244 590/314/1
f 553/289/244 552/287/242 590/314/1
f 552/287/242 551/285/240 590/314/1
f 551/285/240 550/281/236 590/314/1
f 550/281/236 549/282/237 590/314/1
f 549/282/237 548/277/232 590/314/1
f 548/277/232 547/278/233 590/314/1
f 547/278/233 546/273/228 590/314/1
f 546/273/228 545/274/229 590/314/1
f 545/274/229 544/269/224 590/314/1
f 544/269/224 542/266/221 590/314/1
s 60
f 539/315/269 659/316/270 538/317/271
s 58
f 614/318/272 685/319/273 686/261/216
s 60
f 529/320/274 651/321/275 650/322/276
f 520/323/277 642/324/278 641/325/279
s 58
f 599/326/280 672/264/219 600/327/281
f 613/328/282 684/329/283 685/319/273
s 60
f 533/330/284 655/331/285 654/332/286
s 58
f 598/333/287 671/334/288 599/326/280
s 60
f 524/335/289 646/336/290 645/337/291
s 58
f 612/338/292 683/339/293 684/329/283
f 597/340/294 670/341/295 598/333/287
s 60
f 537/342/296 659/316/270 658/343/296
s 58
f 611/344/297 682/345/298 683/339/293
s 60
f 529/320/274 649/346/299 528/347/300
f 519/348/301 641/325/279 640/349/301
s 58
f 597/340/294 668/350/302 669/351/303
f 610/352/298 681/353/304 682/345/298
s 60
f 518/354/305 662/355/306 541/356/307
f 532/357/308 654/332/286 653/358/309
s 58
f 596/359/310 667/360/311 668/350/302
s 60
f 524/335/289 644/361/312 523/362/313
s 58
f 608/363/314 681/353/304 609/364/315
s 57
f 606/365/316 629/366/317 605/367/318
f 598/333/319 623/368/320 622/369/321
f 614/318/322 637/370/323 613/328/324
f 591/260/325 616/371/326 615/372/327
f 606/365/316 631/373/328 630/374/329
f 600/327/330 623/368/320 599/326/331
f 591/260/325 638/375/332 614/318/322
f 592/376/333 617/377/334 616/371/326
f 607/378/335 632/379/336 631/373/328
f 600/327/330 625/380/337 624/381/338
f 594/382/339 617/377/334 593/383/340
f 609/364/341 632/379/336 608/363/342
f 602/384/343 625/380/337 601/263/344
f 594/382/339 619/385/345 618/386/346
f 609/364/341 634/387/347 633/388/348
f 603/389/349 626/390/350 602/384/343
f 596/359/351 619/385/345 595/391/352
f 611/344/353 634/387/347 610/352/354
f 603/389/349 628/392/355 627/393/356
f 597/340/357 620/394/358 596/359/351
f 612/338/359 635/395/360 611/344/353
f 604/396/361 629/366/317 628/392/355
f 597/340/357 622/369/321 621/397/362
f 612/338/359 637/370/323 636/398/363
s 61
f 642/324/364 667/360/365 666/399/366
f 648/400/367 671/334/368 647/401/369
f 652/402/370 677/403/371 676/404/372
f 657/353/373 682/345/374 681/353/373
f 662/355/375 663/262/376 686/261/377
f 640/349/378 665/405/379 664/406/380
f 646/336/381 669/351/382 645/337/383
f 651/321/384 674/407/385 650/322/386
f 655/331/387 680/408/388 679/409/387
f 661/410/389 684/329/390 660/411/390
f 643/412/391 668/350/392 667/360/365
f 649/346/393 672/264/394 648/400/367
f 654/332/395 677/403/371 653/358/371
f 659/316/396 682/345/374 658/343/374
f 642/324/364 665/405/379 641/325/379
f 647/401/369 670/341/397 646/336/381
f 639/413/376 664/406/380 663/262/376
f 652/402/370 675/414/384 651/321/384
f 656/415/388 681/353/373 680/408/388
f 662/355/375 685/319/389 661/410/389
f 644/361/398 669/351/382 668/350/392
f 650/322/386 673/265/393 649/346/393
f 655/331/387 678/416/395 654/332/395
f 659/316/396 684/329/390 683/339/396
s 60
f 525/417/399 647/401/400 646/336/290
s 58
f 602/384/401 673/265/220 674/407/402
s 60
f 535/418/403 655/331/285 534/419/404
s 58
f 603/389/405 674/407/402 675/414/406
s 60
f 522/420/407 642/324/278 521/421/408
f 530/422/409 652/402/410 651/321/275
f 540/423/411 660/411/412 539/315/269
s 58
f 603/389/405 676/404/413 604/396/414
s 60
f 526/424/415 648/400/416 647/401/400
s 58
f 604/396/414 677/403/417 605/367/418
s 60
f 535/418/403 657/353/419 656/415/403
s 58
f 591/260/215 664/406/420 592/376/421
f 605/367/418 678/416/422 606/365/423
s 60
f 523/362/313 643/412/424 522/420/407
s 58
f 592/376/421 665/405/425 593/383/426
s 60
f 531/425/427 653/358/309 652/402/410
f 541/356/307 661/410/428 540/423/411
f 519/348/301 639/413/429 518/354/305
s 58
f 606/365/423 679/409/430 607/378/431
f 593/383/426 666/399/432 594/382/433
s 60
f 528/347/300 648/400/416 527/426/434
s 58
f 607/378/431 680/408/314 608/363/314
s 60
f 537/342/296 657/353/419 536/427/419
s 58
f 595/391/435 666/399/432 667/360/311
s 62
f 688/428/436 692/429/437 689/430/438
f 692/429/437 687/431/439 689/430/438
f 688/428/436 695/432/440 694/433/441
f 695/432/440 687/431/439 693/434/442
f 694/433/441 698/435/443 697/436/444
f 698/435/443 693/434/442 696/437/445
f 700/438/446 698/435/443 701/439/447
f 698/435/443 699/440/448 701/439/447
f 700/438/446 704/441/449 703/442/450
f 701/439/447 702/443/451 704/441/449
f 706/444/452 704/441/449 707/445/453
f 704/441/449 705/446/454 707/445/453
f 706/444/452 710/447/455 709/448/456
f 710/447/455 705/446/454 708/449/457
f 712/450/458 710/447/455 713/451/459
f 713/451/459 708/449/457 711/452/460
f 712/450/458 716/453/461 715/454/462
f 713/451/459 714/455/463 716/453/461
f 718/456/464 716/453/461 719/457/465
f 716/453/461 717/458/466 719/457/465
f 721/459/467 719/457/465 722/460/468
f 722/460/468 717/458/466 720/461/469
f 721/459/467 725/462/470 724/463/471
f 725/462/470 720/461/469 723/464/472
f 727/465/473 725/462/470 728/466/474
f 725/462/470 726/467/475 728/466/474
f 730/468/476 728/466/474 731/469/477
f 728/466/474 729/470/478 731/469/477
f 733/471/479 731/469/477 734/472/480
f 734/472/480 729/470/478 732/473/481
f 736/474/482 734/472/480 737/475/483
f 737/475/483 732/473/481 735/476/484
f 739/418/485 737/475/483 740/477/486
f 737/475/483 738/478/487 740/477/486
f 739/418/485 743/479/488 742/480/489
f 743/479/488 738/478/487 741/481/490
f 745/342/491 743/479/488 746/482/492
f 743/479/488 744/483/493 746/482/492
f 748/484/494 746/482/492 749/485/495
f 749/485/495 744/483/493 747/486/496
f 748/484/494 752/487/497 751/488/498
f 752/487/497 747/486/496 750/489/499
f 751/488/498 755/490/500 754/491/501
f 752/487/497 753/492/502 755/490/500
f 754/491/501 758/493/503 757/494/504
f 758/493/503 753/492/502 756/495/505
f 757/494/504 692/429/437 690/496/506
f 692/429/437 756/495/505 691/497/507
f 690/496/506 519/348/508 518/354/509
f 519/348/508 694/433/441 520/323/510
f 757/494/504 518/354/509 541/356/511
f 520/323/510 697/436/444 521/421/512
f 697/436/444 522/420/513 521/421/512
f 700/438/446 523/362/514 522/420/513
f 703/442/450 524/335/515 523/362/514
f 524/335/515 709/448/456 525/417/516
f 525/417/516 712/450/458 526/424/517
f 526/424/517 715/454/462 527/426/518
f 715/454/462 528/347/519 527/426/518
f 718/456/464 529/320/520 528/347/519
f 529/320/520 724/463/471 530/422/521
f 530/422/521 727/465/473 531/425/522
f 531/425/522 730/468/476 532/357/523
f 532/357/523 733/471/479 533/330/524
f 533/330/524 736/474/482 534/419/525
f 736/474/482 535/418/526 534/419/525
f 535/418/526 742/480/489 536/427/9
f 742/480/489 537/342/527 536/427/9
f 537/342/527 748/484/494 538/317/528
f 748/484/494 539/315/529 538/317/528
f 751/488/498 540/423/530 539/315/529
f 754/491/501 541/356/511 540/423/530
f 762/498/531 760/499/532 761/500/533
f 764/501/534 761/500/533 763/502/535
f 766/503/536 763/502/535 765/504/537
f 768/505/538 765/504/537 767/506/539
f 770/507/540 767/506/539 769/508/541
f 772/509/542 769/508/541 771/510/543
f 772/509/542 773/511/544 774/512/545
f 774/512/545 775/513/546 776/514/547
f 776/514/547 777/515/548 778/516/549
f 778/516/549 779/517/550 780/518/551
f 780/518/551 781/519/552 782/520/553
f 782/520/553 783/521/554 784/522/555
f 784/522/555 785/523/556 786/524/557
f 786/524/557 787/525/558 788/526/559
f 790/527/560 787/525/558 789/528/561
f 792/529/562 789/528/561 791/530/563
f 792/529/562 793/531/564 794/532/565
f 794/532/565 795/533/566 796/534/567
f 798/535/568 795/533/566 797/536/569
f 800/537/570 797/536/569 799/538/571
f 800/537/570 801/539/572 802/540/573
f 802/540/573 803/541/574 804/542/575
f 806/543/576 803/541/574 805/544/577
f 759/545/578 805/544/577 760/499/532
f 759/545/578 687/431/439 691/497/507
f 805/544/577 567/499/3 760/499/532
f 760/499/532 566/500/579 761/500/533
f 759/545/578 756/495/505 806/543/576
f 764/501/534 687/431/439 762/498/531
f 761/500/533 568/502/580 763/502/535
f 766/503/536 693/434/442 764/501/534
f 763/502/535 569/504/581 765/504/537
f 766/503/536 699/440/448 696/437/445
f 765/504/537 570/506/525 767/506/539
f 770/507/540 699/440/448 768/505/538
f 767/506/539 571/508/526 769/508/541
f 770/507/540 705/446/454 702/443/451
f 769/508/541 572/510/9 771/510/543
f 774/512/545 705/446/454 772/509/542
f 771/510/543 573/511/527 773/511/544
f 774/512/545 711/452/460 708/449/457
f 773/511/544 574/513/528 775/513/546
f 778/516/549 711/452/460 776/514/547
f 775/513/546 575/515/582 777/515/548
f 778/516/549 717/458/466 714/455/463
f 777/515/548 576/517/583 779/517/550
f 780/518/551 720/461/469 717/458/466
f 779/517/550 577/519/584 781/519/552
f 784/522/555 720/461/469 782/520/553
f 781/519/552 578/521/7 783/521/554
f 784/522/555 726/467/475 723/464/472
f 783/521/554 579/523/585 785/523/556
f 786/524/557 729/470/478 726/467/475
f 785/523/556 580/525/586 787/525/558
f 790/527/560 729/470/478 788/526/559
f 787/525/558 581/528/587 789/528/561
f 792/529/562 732/473/481 790/527/560
f 789/528/561 582/530/588 791/530/563
f 794/532/565 735/476/484 792/529/562
f 791/530/563 583/531/589 793/531/564
f 794/532/565 741/481/490 738/478/487
f 793/531/564 584/533/6 795/533/566
f 798/535/568 741/481/490 796/534/567
f 795/533/566 585/536/590 797/536/569
f 798/535/568 747/486/496 744/483/493
f 797/536/569 586/538/591 799/538/571
f 800/537/570 750/489/499 747/486/496
f 799/538/571 587/539/592 801/539/572
f 802/540/573 753/492/502 750/489/499
f 801/539/572 588/541/593 803/541/574
f 806/543/576 753/492/502 804/542/575
f 803/541/574 589/544/594 805/544/577
s 57
f 840/546/595 489/192/147 839/547/596
f 845/199/154 512/548/597 814/549/598
f 508/230/185 815/550/599 836/231/186
f 501/551/600 817/552/601 821/255/210
f 809/553/602 638/375/332 615/372/327
f 814/549/598 637/370/323 638/375/332
f 512/548/597 636/398/363 637/370/323
f 512/548/597 635/395/360 636/398/363
f 811/239/194 634/387/347 635/395/360
f 808/238/193 633/388/348 634/387/347
f 808/238/193 632/379/336 633/388/348
f 818/241/196 631/373/328 632/379/336
f 513/554/603 630/374/329 631/373/328
f 513/554/603 629/366/317 630/374/329
f 816/243/198 628/392/355 629/366/317
f 810/555/604 627/393/356 628/392/355
f 810/555/604 626/390/350 627/393/356
f 813/247/202 625/380/337 626/390/350
f 510/246/201 624/381/338 625/380/337
f 510/246/201 623/368/320 624/381/338
f 817/552/601 622/369/321 623/368/320
f 807/556/605 621/397/362 622/369/321
f 807/556/605 620/394/358 621/397/362
f 812/245/200 619/385/345 620/394/358
f 511/244/199 618/386/346 619/385/345
f 511/244/199 617/377/334 618/386/346
f 815/550/599 616/371/326 617/377/334
f 809/553/602 615/372/327 616/371/326
f 809/553/602 814/549/598 638/375/332
f 814/549/598 512/548/597 637/370/323
f 512/548/597 811/239/194 635/395/360
f 811/239/194 808/238/193 634/387/347
f 808/238/193 818/241/196 632/379/336
f 818/241/196 513/554/603 631/373/328
f 513/554/603 816/243/198 629/366/317
f 816/243/198 810/555/604 628/392/355
f 810/555/604 813/247/202 626/390/350
f 813/247/202 510/246/201 625/380/337
f 510/246/201 817/552/601 623/368/320
f 817/552/601 807/556/605 622/369/321
f 807/556/605 812/245/200 620/394/358
f 812/245/200 511/244/199 619/385/345
f 511/244/199 815/550/599 617/377/334
f 815/550/599 809/553/602 616/371/326
f 835/224/179 825/557/606 840/546/595
f 822/256/211 500/558/607 490/209/164
f 489/192/147 878/251/206 874/193/148
f 823/237/192 502/221/176 515/559/608
f 852/258/213 824/215/170 857/217/172
f 503/249/204 849/196/151 848/250/205
f 853/560/609 826/257/212 859/259/214
f 846/218/173 831/561/610 850/248/203
f 491/204/159 841/225/180 834/200/155
f 493/562/611 830/222/177 498/198/153
f 516/254/209 829/208/163 501/551/600
f 517/252/207 879/203/158 877/253/208
f 501/551/600 812/245/200 807/556/605
f 821/255/210 510/246/201 500/558/607
f 505/563/612 841/225/180 831/561/610
f 835/224/179 819/194/149 503/249/204
f 840/546/595 506/227/182 819/194/149
f 492/564/613 836/231/186 499/207/162
f 831/561/610 835/224/179 503/249/204
f 833/211/166 509/242/197 504/232/187
f 491/204/159 880/202/157 873/205/160
f 872/228/183 839/547/596 881/191/146
f 495/565/614 850/248/203 826/257/212
f 848/250/205 824/215/170 514/566/615
f 826/257/212 848/250/205 514/566/615
f 847/234/189 497/240/195 496/235/190
f 875/567/616 842/195/150 882/226/181
f 505/563/612 883/219/174 871/201/156
f 507/568/617 845/199/154 508/230/185
f 849/196/151 494/569/618 824/215/170
f 844/233/188 513/554/603 497/240/195
f 509/242/197 813/247/202 810/555/604
f 836/231/186 511/244/199 499/207/162
f 508/230/185 814/549/598 809/553/602
f 498/198/153 811/239/194 512/548/597
f 820/236/191 808/238/193 502/221/176
f 855/212/167 827/220/175 493/562/611
f 862/570/619 859/259/214 865/571/620
f 851/572/621 823/237/192 515/559/608
f 861/573/622 857/217/172 864/574/623
f 859/259/214 861/573/622 865/571/620
f 827/220/175 851/572/621 515/559/608
f 857/217/172 868/575/624 864/574/623
f 867/576/625 884/214/169 886/577/626
f 875/567/616 854/578/627 885/579/628
f 823/237/192 854/578/627 496/235/190
f 855/212/167 870/580/629 860/581/630
f 866/582/631 858/583/632 851/572/621
f 860/581/630 866/582/631 851/572/621
f 885/579/628 863/584/633 887/585/634
f 869/586/635 854/578/627 858/583/632
f 856/216/171 887/585/634 868/575/624
f 494/569/618 885/579/628 856/216/171
f 886/577/626 853/560/609 862/570/619
f 871/201/156 843/197/152 507/568/617
f 496/235/190 882/226/181 847/234/189
f 504/232/187 881/191/146 833/211/166
f 873/205/160 838/229/184 492/564/613
f 877/253/208 832/206/161 516/254/209
f 490/209/164 878/251/206 822/256/211
f 822/256/211 877/253/208 516/254/209
f 847/234/189 872/228/183 504/232/187
f 883/219/174 493/562/611 843/197/152
f 884/214/169 495/565/614 853/560/609
f 879/203/158 492/564/613 832/206/161
f 880/202/157 507/568/617 838/229/184
f 833/211/166 874/193/148 490/209/164
f 894/587/1 899/588/636 900/589/637
f 908/590/638 890/591/639 901/592/640
f 894/587/1 895/593/641 893/594/642
f 900/589/637 889/595/643 911/596/644
f 905/597/645 901/592/640 891/598/646
f 862/570/619 898/599/647 888/600/648
f 902/601/649 862/570/619 888/600/648
f 867/576/625 899/588/636 870/580/629
f 889/595/643 886/577/626 902/601/649
f 868/575/624 901/592/640 890/591/639
f 897/602/650 868/575/624 890/591/639
f 895/593/641 863/584/633 869/586/635
f 887/585/634 891/598/646 901/592/640
f 892/603/651 864/574/623 897/602/650
f 865/571/620 892/603/651 898/599/647
f 870/580/629 893/594/642 866/582/631
f 893/594/642 869/586/635 866/582/631
f 888/600/648 909/604/652 902/601/649
f 902/601/649 911/596/644 889/595/643
f 890/591/639 906/605/653 897/602/650
f 896/606/654 891/598/646 895/593/641
f 897/602/650 904/607/82 892/603/651
f 898/599/647 904/607/82 903/608/655
f 888/600/648 903/608/655 910/609/656
f 1304/610/657 912/611/658 1262/612/659
f 1265/613/660 1242/614/661 1272/615/662
f 1266/616/663 921/617/664 916/618/665
f 1294/619/666 1257/620/667 1303/621/668
f 1302/622/669 914/623/670 1251/624/671
f 1255/625/672 922/626/673 915/627/674
f 1260/628/675 913/629/676 1256/630/677
f 1299/631/678 1278/632/679 1307/633/680
f 1279/634/681 1247/635/682 1280/636/683
f 1299/631/678 1269/637/684 1306/638/685
f 1250/639/686 925/640/687 938/641/688
f 1258/642/689 1251/624/671 1264/643/690
f 1305/644/691 929/645/692 1265/613/660
f 1261/646/693 931/647/694 930/648/695
f 1267/649/696 927/650/697 1270/651/698
f 1243/652/699 919/653/700 1246/654/701
f 1253/655/702 1231/656/703 925/640/687
f 1241/657/704 920/658/705 1243/652/699
f 1239/659/706 932/660/707 1267/649/696
f 1252/661/708 934/662/709 922/626/673
f 1260/628/675 933/663/710 923/664/711
f 1273/665/712 926/666/713 1254/667/714
f 1301/668/715 940/669/716 1248/670/717
f 1244/671/718 939/672/719 1245/673/720
f 1275/674/721 1249/675/722 1282/676/723
s 63
f 1014/677/215 1109/678/724 1037/679/725
f 1024/680/726 1095/681/727 1023/682/728
s 64
f 966/683/223 989/684/267 965/685/268
f 965/685/268 991/686/264 967/687/266
f 967/687/266 992/688/265 968/689/262
f 968/689/262 993/690/729 969/691/263
f 993/690/729 970/692/260 969/691/263
f 994/693/258 971/694/256 970/692/260
f 971/694/256 996/695/257 972/696/254
f 972/696/254 997/697/730 973/698/255
f 997/697/730 974/699/250 973/698/255
f 998/700/253 975/701/248 974/699/250
f 999/702/251 976/703/246 975/701/248
f 1000/704/249 977/705/247 976/703/246
f 1001/706/245 978/707/244 977/705/247
f 978/707/244 1003/708/241 979/709/242
f 979/709/242 1004/710/238 980/711/240
f 1004/710/238 981/712/236 980/711/240
f 981/712/236 1006/713/234 982/714/237
f 1006/713/234 983/715/232 982/714/237
f 983/715/232 1008/716/230 984/717/233
f 1008/716/230 985/718/228 984/717/233
f 985/718/228 1010/719/731 986/720/229
f 986/720/229 1011/721/227 987/722/224
f 987/722/224 1012/723/225 988/724/221
f 988/724/221 990/725/222 966/683/223
f 965/685/268 1013/726/1 966/683/223
f 966/683/223 1013/726/1 988/724/221
f 988/724/221 1013/726/1 987/722/224
f 987/722/224 1013/726/1 986/720/229
f 986/720/229 1013/726/1 985/718/228
f 985/718/228 1013/726/1 984/717/233
f 984/717/233 1013/726/1 983/715/232
f 983/715/232 1013/726/1 982/714/237
f 982/714/237 1013/726/1 981/712/236
f 981/712/236 1013/726/1 980/711/240
f 980/711/240 1013/726/1 979/709/242
f 979/709/242 1013/726/1 978/707/244
f 978/707/244 1013/726/1 977/705/247
f 977/705/247 1013/726/1 976/703/246
f 976/703/246 1013/726/1 975/701/248
f 975/701/248 1013/726/1 974/699/250
f 974/699/250 1013/726/1 973/698/255
f 973/698/255 1013/726/1 972/696/254
f 972/696/254 1013/726/1 971/694/256
f 971/694/256 1013/726/1 970/692/260
f 970/692/260 1013/726/1 969/691/263
f 969/691/263 1013/726/1 968/689/262
f 968/689/262 1013/726/1 967/687/266
f 967/687/266 1013/726/1 965/685/268
s 65
f 961/727/732 1083/728/733 962/729/734
s 63
f 1037/679/725 1108/730/735 1036/731/736
s 65
f 1073/732/737 953/733/738 952/734/737
f 943/735/739 1065/736/740 944/737/741
s 63
f 1095/681/727 1022/738/742 1023/682/728
f 1036/731/736 1107/739/743 1035/740/744
s 65
f 1077/741/745 957/742/746 956/743/747
s 63
f 1094/744/748 1021/745/749 1022/738/742
s 65
f 947/746/750 1069/747/751 948/748/752
s 63
f 1035/740/744 1106/749/753 1034/750/754
f 1093/751/755 1020/752/756 1021/745/749
s 65
f 960/753/757 1082/754/732 961/727/732
s 63
f 1034/750/754 1105/755/758 1033/756/758
s 65
f 1072/757/759 952/734/737 951/758/760
f 942/759/761 1064/760/762 943/735/739
s 63
f 1020/752/756 1091/761/763 1019/762/764
f 1033/756/758 1104/763/765 1032/764/766
s 65
f 1085/765/767 941/766/768 964/767/769
f 955/768/770 1077/741/745 956/743/747
s 63
f 1019/762/764 1090/769/771 1018/770/772
s 65
f 1067/771/773 947/746/750 946/772/774
s 63
f 1104/763/765 1031/773/775 1032/764/766
s 57
f 1052/774/776 1029/775/777 1028/776/778
f 1021/745/779 1046/777/780 1022/738/781
f 1060/778/782 1037/679/783 1036/731/784
f 1014/677/785 1039/779/786 1015/780/787
f 1029/775/777 1054/781/788 1030/782/789
f 1046/777/780 1023/682/790 1022/738/781
f 1061/783/791 1014/677/785 1037/679/783
f 1015/780/787 1040/784/792 1016/785/793
f 1030/782/789 1055/786/794 1031/773/795
f 1023/682/790 1048/787/796 1024/680/797
f 1040/784/792 1017/788/798 1016/785/793
f 1055/786/794 1032/764/799 1031/773/795
f 1048/787/796 1025/789/800 1024/680/797
f 1017/788/798 1042/790/801 1018/770/802
f 1032/764/799 1057/791/803 1033/756/804
f 1049/792/805 1026/793/806 1025/789/800
f 1042/790/801 1019/762/807 1018/770/802
f 1057/791/803 1034/750/808 1033/756/804
f 1026/793/806 1051/794/809 1027/795/810
f 1043/796/811 1020/752/812 1019/762/807
f 1058/797/813 1035/740/814 1034/750/808
f 1027/795/810 1052/774/776 1028/776/778
f 1020/752/812 1045/798/815 1021/745/779
f 1035/740/814 1060/778/782 1036/731/784
s 66
f 1065/736/816 1090/769/817 1066/799/818
f 1094/744/819 1071/800/820 1070/801/821
f 1099/802/822 1076/803/823 1075/804/822
f 1080/805/824 1105/755/825 1081/806/825
f 1085/765/826 1086/807/827 1062/808/827
f 1087/809/828 1064/760/829 1063/810/830
f 1092/811/831 1069/747/832 1068/812/833
f 1073/732/834 1098/813/835 1074/814/835
f 1078/815/836 1103/816/837 1079/817/837
f 1083/728/838 1108/730/839 1084/818/839
f 1066/799/818 1091/761/840 1067/771/841
f 1071/800/820 1096/819/842 1072/757/842
f 1076/803/823 1101/820/843 1077/741/844
f 1081/806/825 1106/749/845 1082/754/845
f 1088/821/846 1065/736/816 1064/760/829
f 1093/751/847 1070/801/821 1069/747/832
f 1086/807/827 1063/810/830 1062/808/827
f 1074/814/835 1099/802/822 1075/804/822
f 1103/816/837 1080/805/824 1079/817/837
f 1084/818/839 1109/678/826 1085/765/826
f 1067/771/841 1092/811/831 1068/812/833
f 1072/757/842 1097/822/834 1073/732/834
f 1077/741/844 1102/823/836 1078/815/836
f 1082/754/845 1107/739/848 1083/728/838
s 65
f 948/748/752 1070/801/849 949/824/850
s 63
f 1097/822/851 1024/680/726 1025/789/851
s 65
f 1078/815/746 958/825/852 957/742/746
s 63
f 1098/813/853 1025/789/851 1026/793/405
s 65
f 1065/736/740 945/826/854 944/737/741
f 953/733/738 1075/804/855 954/827/856
f 1083/728/733 963/828/857 962/729/734
s 63
f 1099/802/858 1026/793/405 1027/795/859
s 65
f 949/824/850 1071/800/860 950/829/861
s 63
f 1100/830/862 1027/795/859 1028/776/863
s 65
f 958/825/852 1080/805/864 959/831/864
s 63
f 1015/780/865 1086/807/866 1014/677/215
f 1101/820/867 1028/776/863 1029/775/868
s 65
f 1066/799/869 946/772/774 945/826/854
s 63
f 1016/785/870 1087/809/865 1015/780/865
s 65
f 954/827/856 1076/803/871 955/768/770
f 1084/818/872 964/767/769 963/828/857
f 941/766/768 1063/810/761 942/759/761
s 63
f 1102/823/873 1029/775/868 1030/782/874
f 1089/832/875 1016/785/870 1017/788/876
s 65
f 1071/800/860 951/758/760 950/829/861
s 63
f 1103/816/775 1030/782/874 1031/773/775
s 65
f 1080/805/864 960/753/757 959/831/864
s 63
f 1018/770/772 1089/832/875 1017/788/876
s 67
f 1112/833/503 1113/834/506 1111/835/877
f 1110/836/505 1115/837/437 1112/833/503
f 1118/838/500 1111/835/877 1117/839/878
f 1118/838/500 1110/836/505 1112/833/503
f 1121/840/497 1117/839/878 1120/841/879
f 1121/840/497 1116/842/502 1118/838/500
f 1123/843/880 1121/840/497 1120/841/879
f 1124/844/495 1119/845/499 1121/840/497
f 1126/846/881 1124/844/495 1123/843/880
f 1125/847/493 1124/844/495 1127/848/492
f 1130/849/488 1126/846/881 1129/850/882
f 1128/851/490 1127/848/492 1130/849/488
f 1132/852/883 1130/849/488 1129/850/882
f 1131/853/487 1130/849/488 1133/854/486
f 1136/855/884 1132/852/883 1135/856/885
f 1136/855/884 1131/853/487 1133/854/486
f 1139/857/480 1135/856/885 1138/858/886
f 1137/859/481 1136/855/884 1139/857/480
f 1142/860/477 1138/858/886 1141/861/887
f 1140/862/478 1139/857/480 1142/860/477
f 1145/863/474 1141/861/887 1144/864/888
f 1145/863/474 1140/862/478 1142/860/477
f 1147/865/471 1145/863/474 1144/864/888
f 1148/866/470 1143/867/475 1145/863/474
f 1150/868/889 1148/866/470 1147/865/471
f 1149/869/469 1148/866/470 1151/870/468
f 1153/871/890 1151/870/468 1150/868/889
f 1152/872/466 1151/870/468 1154/873/465
f 1157/874/461 1153/871/890 1156/875/891
f 1157/874/461 1152/872/466 1154/873/465
f 1160/876/459 1156/875/891 1159/877/892
f 1160/876/459 1155/878/463 1157/874/461
f 1163/879/455 1159/877/892 1162/880/893
f 1163/879/455 1158/881/460 1160/876/459
f 1166/882/453 1162/880/893 1165/831/894
f 1166/882/453 1161/883/457 1163/879/455
f 1168/884/895 1166/882/453 1165/831/894
f 1167/885/451 1166/882/453 1169/886/449
f 1171/887/896 1169/886/449 1168/884/895
f 1170/888/448 1169/886/449 1172/889/447
f 1174/890/897 1172/889/447 1171/887/896
f 1173/891/445 1172/889/447 1175/892/443
f 1177/893/898 1175/892/443 1174/890/897
f 1176/894/442 1175/892/443 1178/895/440
f 1181/896/438 1177/893/898 1180/897/899
f 1181/896/438 1176/894/442 1178/895/440
f 1115/837/437 1180/897/899 1113/834/506
f 1115/837/437 1179/898/439 1181/896/438
f 942/759/900 1113/834/506 941/766/509
f 942/759/900 1117/839/878 1111/835/877
f 941/766/509 1180/897/899 964/767/901
f 943/735/902 1120/841/879 1117/839/878
f 945/826/903 1120/841/879 944/737/904
f 946/772/905 1123/843/880 945/826/903
f 947/746/906 1126/846/881 946/772/905
f 947/746/906 1132/852/883 1129/850/882
f 948/748/907 1135/856/885 1132/852/883
f 949/824/908 1138/858/886 1135/856/885
f 951/758/909 1138/858/886 950/829/910
f 952/734/911 1141/861/887 951/758/909
f 952/734/911 1147/865/471 1144/864/888
f 953/733/521 1150/868/889 1147/865/471
f 954/827/912 1153/871/890 1150/868/889
f 955/768/913 1156/875/891 1153/871/890
f 956/743/914 1159/877/892 1156/875/891
f 958/825/590 1159/877/892 957/742/591
f 958/825/590 1165/831/894 1162/880/893
f 960/753/589 1165/831/894 959/831/6
f 960/753/589 1171/887/896 1168/884/895
f 962/729/915 1171/887/896 961/727/588
f 963/828/916 1174/890/897 962/729/915
f 964/767/901 1177/893/898 963/828/916
f 1184/684/577 1182/899/578 1185/900/576
f 1186/686/574 1185/900/576 1187/901/917
f 1188/688/918 1187/901/917 1189/902/919
f 1190/690/920 1189/902/919 1191/903/921
f 1192/693/922 1191/903/921 1193/904/923
f 1194/905/566 1193/904/923 1195/906/567
f 1196/695/924 1195/906/567 1197/907/925
f 1199/908/926 1196/695/924 1197/907/925
f 1201/909/927 1198/697/928 1199/908/926
f 1203/910/929 1200/700/930 1201/909/927
f 1205/911/931 1202/702/558 1203/910/929
f 1207/912/555 1204/704/932 1205/911/931
f 1209/913/933 1206/706/554 1207/912/555
f 1210/708/934 1209/913/933 1211/914/551
f 1212/710/935 1211/914/551 1213/915/549
f 1215/916/547 1212/710/935 1213/915/549
f 1217/917/936 1214/918/937 1215/916/547
f 1219/919/542 1216/713/544 1217/917/936
f 1220/716/541 1219/919/542 1221/920/938
f 1223/921/538 1220/716/541 1221/920/938
f 1224/719/939 1223/921/538 1225/922/536
f 1227/923/940 1224/719/939 1225/922/536
f 1229/924/941 1226/721/942 1227/923/940
f 1183/725/532 1229/924/941 1182/899/578
f 1114/925/507 1185/900/576 1182/899/578
f 990/725/3 1228/723/533 1183/725/532
f 989/684/594 1183/725/532 1184/684/577
f 1179/898/439 1182/899/578 1229/924/941
f 1185/900/576 1116/842/502 1187/901/917
f 991/686/593 1184/684/577 1186/686/574
f 1187/901/917 1119/845/499 1189/902/919
f 992/688/592 1186/686/574 1188/688/918
f 1189/902/919 1122/926/496 1191/903/921
f 993/690/591 1188/688/918 1190/690/920
f 1191/903/921 1125/847/493 1193/904/923
f 994/693/590 1190/690/920 1192/693/922
f 1125/847/493 1195/906/567 1193/904/923
f 995/905/6 1192/693/922 1194/905/566
f 1195/906/567 1131/853/487 1197/907/925
f 996/695/589 1194/905/566 1196/695/924
f 1131/853/487 1199/908/926 1197/907/925
f 997/697/588 1196/695/924 1198/697/928
f 1134/927/484 1201/909/927 1199/908/926
f 998/700/587 1198/697/928 1200/700/930
f 1137/859/481 1203/910/929 1201/909/927
f 999/702/586 1200/700/930 1202/702/558
f 1140/862/478 1205/911/931 1203/910/929
f 1000/704/585 1202/702/558 1204/704/932
f 1205/911/931 1146/928/472 1207/912/555
f 1001/706/7 1204/704/932 1206/706/554
f 1207/912/555 1149/869/469 1209/913/933
f 1002/929/584 1206/706/554 1208/929/943
f 1209/913/933 1152/872/466 1211/914/551
f 1003/708/583 1208/929/943 1210/708/934
f 1152/872/466 1213/915/549 1211/914/551
f 1004/710/582 1210/708/934 1212/710/935
f 1155/878/463 1215/916/547 1213/915/549
f 1005/918/528 1212/710/935 1214/918/937
f 1158/881/460 1217/917/936 1215/916/547
f 1006/713/527 1214/918/937 1216/713/544
f 1161/883/457 1219/919/542 1217/917/936
f 1007/930/9 1216/713/544 1218/930/543
f 1219/919/542 1167/885/451 1221/920/938
f 1008/716/526 1218/930/543 1220/716/541
f 1221/920/938 1170/888/448 1223/921/538
f 1009/931/525 1220/716/541 1222/931/944
f 1223/921/538 1173/891/445 1225/922/536
f 1010/719/581 1222/931/944 1224/719/939
f 1225/922/536 1176/894/442 1227/923/940
f 1011/721/580 1224/719/939 1226/721/942
f 1176/894/442 1229/924/941 1227/923/940
f 1012/723/579 1226/721/942 1228/723/533
s 57
f 1263/932/945 912/611/658 1248/670/717
f 1268/933/946 935/934/947 921/617/664
f 1238/935/948 931/647/694 1259/936/949
f 1240/937/950 924/938/951 1244/671/718
f 1232/939/952 1038/940/953 1061/783/791
f 1237/941/954 1061/783/791 1060/778/782
f 935/934/947 1060/778/782 1059/942/955
f 935/934/947 1059/942/955 1058/797/813
f 1234/943/956 1058/797/813 1057/791/803
f 1231/656/703 1057/791/803 1056/944/957
f 1231/656/703 1056/944/957 1055/786/794
f 1241/657/704 1055/786/794 1054/781/788
f 936/945/958 1054/781/788 1053/946/959
f 936/945/958 1053/946/959 1052/774/776
f 1239/659/706 1052/774/776 1051/794/809
f 1233/947/960 1051/794/809 1050/948/961
f 1233/947/960 1050/948/961 1049/792/805
f 1236/949/962 1049/792/805 1048/787/796
f 933/663/710 1048/787/796 1047/950/963
f 933/663/710 1047/950/963 1046/777/780
f 1240/937/950 1046/777/780 1045/798/815
f 1230/951/964 1045/798/815 1044/952/965
f 1230/951/964 1044/952/965 1043/796/811
f 1235/953/966 1043/796/811 1042/790/801
f 934/662/709 1042/790/801 1041/954/967
f 934/662/709 1041/954/967 1040/784/792
f 1238/935/948 1040/784/792 1039/779/786
f 1232/939/952 1039/779/786 1038/940/953
f 1232/939/952 1061/783/791 1237/941/954
f 1237/941/954 1060/778/782 935/934/947
f 935/934/947 1058/797/813 1234/943/956
f 1234/943/956 1057/791/803 1231/656/703
f 1231/656/703 1055/786/794 1241/657/704
f 1241/657/704 1054/781/788 936/945/958
f 936/945/958 1052/774/776 1239/659/706
f 1239/659/706 1051/794/809 1233/947/960
f 1233/947/960 1049/792/805 1236/949/962
f 1236/949/962 1048/787/796 933/663/710
f 933/663/710 1046/777/780 1240/937/950
f 1240/937/950 1045/798/815 1230/951/964
f 1230/951/964 1043/796/811 1235/953/966
f 1235/953/966 1042/790/801 934/662/709
f 934/662/709 1040/784/792 1238/935/948
f 1238/935/948 1039/779/786 1232/939/952
f 1258/642/689 1248/670/717 940/669/716
f 923/664/711 1245/673/720 913/629/676
f 1301/668/715 912/611/658 1297/955/968
f 925/640/687 1246/654/701 938/641/688
f 1275/674/721 1247/635/682 937/956/969
f 1272/615/662 926/666/713 1271/957/970
f 1276/958/971 1249/675/722 918/959/972
f 1269/637/684 1254/667/714 928/960/973
f 1264/643/690 914/623/670 1257/620/667
f 916/618/665 1253/655/702 1250/639/686
f 939/672/719 1252/661/708 1255/625/672
f 1302/622/669 940/669/716 1300/961/974
f 924/938/951 1235/953/966 1252/661/708
f 933/663/710 1244/671/718 923/664/711
f 928/960/973 1264/643/690 1257/620/667
f 1242/614/661 1258/642/689 926/666/713
f 929/645/692 1263/932/945 1242/614/661
f 915/627/674 1259/936/949 1261/646/693
f 1254/667/714 1258/642/689 1264/643/690
f 932/660/707 1256/630/677 927/650/697
f 1303/621/668 914/623/670 1296/962/975
f 1295/963/976 1262/612/659 929/645/692
f 918/959/972 1273/665/712 1269/637/684
f 1247/635/682 1271/957/970 937/956/969
f 1249/675/722 1271/957/970 1273/665/712
f 920/658/705 1270/651/698 919/653/700
f 1298/964/977 1265/613/660 917/965/978
f 1306/638/685 928/960/973 1294/619/666
f 930/648/695 1268/933/946 1266/616/663
f 917/965/978 1272/615/662 1247/635/682
f 936/945/958 1267/649/696 920/658/705
f 932/660/707 1236/949/962 1260/628/675
f 934/662/709 1259/936/949 922/626/673
f 931/647/694 1237/941/954 1268/933/946
f 921/617/664 1234/943/956 1253/655/702
f 1231/656/703 1243/652/699 925/640/687
f 1250/639/686 1278/632/679 916/618/665
f 1285/966/979 1282/676/723 1276/958/971
f 1246/654/701 1274/967/980 938/641/688
f 1284/968/981 1280/636/683 1275/674/721
f 1284/968/981 1282/676/723 1288/969/982
f 1250/639/686 1274/967/980 1283/970/983
f 1291/971/984 1280/636/683 1287/972/985
f 1307/633/680 1290/973/986 1309/974/987
f 1298/964/977 1277/975/988 919/653/700
f 1246/654/701 1277/975/988 1281/976/989
f 1278/632/679 1293/977/990 1290/973/986
f 1281/976/989 1289/978/991 1274/967/980
f 1283/970/983 1289/978/991 1293/977/990
f 1308/979/992 1286/980/993 1277/975/988
f 1277/975/988 1292/981/994 1281/976/989
f 1279/634/681 1310/982/995 1308/979/992
f 917/965/978 1308/979/992 1298/964/977
f 1276/958/971 1309/974/987 1285/966/979
f 1266/616/663 1294/619/666 930/648/695
f 919/653/700 1305/644/691 1298/964/977
f 927/650/697 1304/610/657 1295/963/976
f 1261/646/693 1296/962/975 915/627/674
f 1255/625/672 1300/961/974 939/672/719
f 913/629/676 1301/668/715 1297/955/968
f 1245/673/720 1300/961/974 1301/668/715
f 1270/651/698 1295/963/976 1305/644/691
f 916/618/665 1306/638/685 1266/616/663
f 918/959/972 1307/633/680 1276/958/971
f 915/627/674 1302/622/669 1255/625/672
f 930/648/695 1303/621/668 1261/646/693
f 1256/630/677 1297/955/968 1304/610/657
f 1320/983/996 894/587/1 900/589/637
f 908/590/638 1313/984/997 907/985/998
f 894/587/1 1317/986/999 896/606/654
f 900/589/637 1312/987/1000 1320/983/996
f 905/597/645 1321/988/1001 908/590/638
f 1319/989/1002 1285/966/979 1311/990/1003
f 1285/966/979 1322/991/1004 1311/990/1003
f 1290/973/986 1320/983/996 1312/987/1000
f 1309/974/987 1312/987/1000 1322/991/1004
f 1291/971/984 1321/988/1001 1310/982/995
f 1318/992/1005 1291/971/984 1287/972/985
f 1286/980/993 1317/986/999 1292/981/994
f 1310/982/995 1314/993/1006 1286/980/993
f 1315/994/1007 1287/972/985 1284/968/981
f 1315/994/1007 1288/969/982 1319/989/1002
f 1293/977/990 1316/995/1008 1320/983/996
f 1292/981/994 1316/995/1008 1289/978/991
f 909/604/652 1311/990/1003 1322/991/1004
f 911/596/644 1322/991/1004 1312/987/1000
f 906/605/653 1313/984/997 1318/992/1005
f 1314/993/1006 896/606/654 1317/986/999
f 904/607/82 1318/992/1005 1315/994/1007
f 1319/989/1002 904/607/82 1315/994/1007
f 1311/990/1003 903/608/655 1319/989/1002
s 68
f 1330/996/3 1324/997/3 1326/998/3
s 69
f 1326/998/9 1329/996/9 1330/996/9
s 70
f 1327/999/6 1324/997/6 1328/999/6
s 71
f 1323/997/7 1329/996/7 1325/998/7
s 72
f 1329/996/82 1328/999/82 1330/996/82
s 73
f 1371/1000/9 1333/1001/9 1331/1000/9
s 74
f 1342/1002/82 1331/1000/82 1333/1001/82
f 1332/1003/82 1363/1004/82 1364/1005/82
f 1354/1006/82 1345/1007/82 1355/1008/82
f 1348/1009/82 1364/1005/82 1365/1010/82
f 1350/1011/82 1333/1001/82 1347/1012/82
f 1344/1013/82 1380/1014/82 1381/1015/82
f 1355/1008/82 1335/1016/82 1353/1017/82
f 1353/1017/82 1362/1018/82 1366/1019/82
f 1507/1020/82 1381/1015/82 1382/1021/82
s 75
f 1376/1022/7 1364/1005/7 1359/1022/7
s 74
f 1339/1023/82 1347/1012/82 1343/1024/82
f 1336/1025/82 1365/1010/82 1367/1026/82
f 1343/1024/82 1348/1009/82 1336/1025/82
f 1397/1027/82 1366/1019/82 1404/1028/82
s 76
f 1377/1029/6 1359/1022/6 1360/1029/6
s 74
f 1399/1030/82 1355/1008/82 1401/1031/82
f 1393/1032/82 1383/1033/82 1410/1034/82
f 1395/1035/82 1361/1036/82 1352/1037/82
f 1360/1029/82 1337/1038/82 1349/1039/82
f 1359/1022/82 1334/1040/82 1337/1038/82
f 1402/1041/82 1366/1019/82 1361/1036/82
f 1367/1026/82 1360/1029/82 1357/1042/82
f 1366/1019/82 1356/1043/82 1361/1036/82
s 73
f 1408/1044/9 1331/1000/9 1400/1044/9
s 74
f 1364/1005/82 1358/1045/82 1359/1022/82
s 77
f 1368/1046/82 1372/1047/82 1373/1048/82
f 1369/1049/82 1370/1050/82 1372/1047/82
f 1409/1051/82 1374/1052/82 1407/1053/82
s 78
f 1379/1054/82 1376/1055/82 1377/1056/82
s 79
f 1378/1005/9 1365/1010/9 1364/1005/9
s 80
f 1372/1003/6 1346/1057/6 1332/1003/6
f 1407/1027/6 1353/1017/6 1397/1027/6
s 73
f 1369/1001/9 1347/1012/9 1333/1001/9
s 81
f 1368/1012/3 1348/1009/3 1347/1012/3
s 82
f 1379/1010/3 1360/1029/3 1365/1010/3
s 80
f 1373/1009/6 1332/1003/6 1348/1009/6
s 83
f 1374/1017/7 1355/1008/7 1353/1017/7
s 84
f 1390/1021/3 1350/1011/3 1382/1021/3
s 85
f 1415/1058/9 1380/1014/9 1411/1058/9
f 1388/1014/9 1381/1015/9 1380/1014/9
s 74
f 1508/1059/82 1350/1011/82 1339/1023/82
f 1383/1033/82 1340/1060/82 1354/1006/82
s 86
f 1414/1061/82 1387/1062/82 1413/1063/82
f 1390/1064/82 1384/1065/82 1386/1066/82
f 1389/1067/82 1385/1068/82 1384/1069/82
s 85
f 1389/1015/9 1382/1021/9 1381/1015/9
s 87
f 1387/1006/7 1383/1033/7 1354/1006/7
s 88
f 1413/1030/6 1354/1006/6 1399/1030/6
f 1384/1002/6 1338/1070/6 1342/1002/6
f 1386/1011/6 1342/1002/6 1350/1011/6
f 1385/1070/6 1398/1071/6 1338/1070/6
f 1412/1071/6 1399/1030/6 1398/1071/6
s 86
f 1388/1072/82 1412/1073/82 1385/1068/82
f 1415/1074/82 1413/1063/82 1412/1073/82
s 85
f 1391/1033/9 1410/1034/9 1383/1033/9
f 1414/1034/9 1411/1058/9 1410/1034/9
s 80
f 1370/1057/6 1396/1075/6 1346/1057/6
f 1406/1075/6 1397/1027/6 1396/1075/6
s 77
f 1371/1076/82 1406/1077/82 1370/1050/82
f 1408/1078/82 1407/1079/82 1406/1077/82
s 73
f 1375/1008/9 1401/1031/9 1355/1008/9
f 1409/1031/9 1400/1044/9 1401/1031/9
s 74
f 1363/1004/82 1403/1080/82 1358/1045/82
s 89
f 1419/1081/3 1403/1080/3 1405/1081/3
s 74
f 1358/1045/82 1394/1082/82 1334/1040/82
f 1403/1080/82 1395/1035/82 1394/1082/82
f 1341/1083/82 1411/1058/82 1380/1014/82
f 1392/1084/82 1410/1034/82 1411/1058/82
f 1338/1070/82 1400/1044/82 1331/1000/82
f 1398/1071/82 1401/1031/82 1400/1044/82
f 1363/1004/82 1396/1075/82 1405/1081/82
f 1396/1075/82 1404/1028/82 1405/1081/82
s 90
f 1419/1081/82 1416/1041/82 1417/1080/82
s 91
f 1416/1041/7 1404/1028/7 1402/1041/7
s 92
f 1418/1028/9 1405/1081/9 1404/1028/9
s 93
f 1417/1080/6 1402/1041/6 1403/1080/6
s 94
f 1439/1032/6 1351/1085/1009 1393/1032/6
f 1422/1025/7 1343/1024/7 1336/1025/7
f 1423/1038/9 1349/1039/1010 1337/1038/9
f 1433/1037/1011 1395/1035/9 1352/1037/1011
f 1421/1016/3 1362/1018/3 1335/1016/3
f 1436/1086/1012 1340/1060/3 1504/1086/1012
f 1426/1083/6 1392/1084/6 1341/1083/6
f 1431/1020/1013 1344/1013/6 1507/1020/1014
f 1438/1084/6 1393/1032/6 1392/1084/6
f 1440/1082/9 1334/1040/9 1394/1082/9
f 1424/1023/7 1508/1059/1015 1339/1023/7
f 1441/1035/9 1394/1082/9 1395/1035/9
f 1425/1060/3 1345/1007/3 1340/1060/3
f 1434/1018/3 1356/1043/1016 1362/1018/3
f 1428/1013/6 1341/1083/6 1344/1013/6
f 1502/1042/1017 1367/1026/7 1357/1042/1017
f 1427/1024/7 1339/1023/7 1343/1024/7
f 1420/1040/9 1337/1038/9 1334/1040/9
f 1435/1026/7 1336/1025/7 1367/1026/7
f 1429/1007/3 1335/1016/3 1345/1007/3
f 1498/1116/1018 1433/1037/1011 1352/1037/1011
f 1356/1043/1016 1500/1116/1018 1498/1116/1018
s 74
f 1361/1036/82 1498/1116/82 1352/1037/82
s 94
f 1503/1117/1019 1349/1039/1010 1430/1039/1010
f 1502/1042/1017 1501/1117/1019 1503/1117/1019
s 74
f 1360/1029/82 1501/1117/82 1357/1042/82
s 94
f 1506/1118/1020 1351/1085/1009 1432/1085/1021
f 1436/1086/1012 1505/1118/1020 1506/1118/1020
s 74
f 1383/1033/82 1505/1118/82 1504/1086/82
s 94
f 1509/1119/1022 1431/1020/1013 1507/1020/1014
f 1508/1059/1015 1510/1119/1022 1509/1119/1022
s 74
f 1509/1119/82 1382/1021/82 1508/1059/82
s 0
f 1952/1507/82 1947/1508/82 1951/1509/82
s 132
f 2519/2123/1909 2545/2124/1910 2544/2123/1911
f 2515/2125/1912 2541/2126/1913 2540/2125/1914
f 2512/2127/1915 2535/2128/1916 2511/2128/1917
f 2518/2129/1918 2544/2123/1911 2543/2129/1919
f 2515/2125/1912 2539/2130/1920 2514/2130/1921
f 2517/2131/1922 2543/2129/1919 2542/2131/1923
f 2511/2132/1917 2536/2133/1924 2522/2133/1925
f 2522/2133/1925 2546/2134/1926 2521/2134/1927
f 2514/2130/1921 2538/2135/1928 2513/2135/1929
f 2520/2124/1930 2546/2134/1926 2545/2124/1910
f 2516/2126/1931 2542/2131/1923 2541/2126/1913
f 2513/2135/1929 2537/2127/1932 2512/2127/1915
s 133
f 2535/2132/1933 2548/2136/1934 2536/2133/1935
f 2537/2127/1936 2547/2137/1937 2535/2128/1933
f 2538/2135/1938 2549/2138/1939 2537/2127/1936
f 2539/2130/1940 2550/2139/1941 2538/2135/1938
f 2540/2125/1942 2551/2140/1943 2539/2130/1940
f 2541/2126/1944 2552/2141/1945 2540/2125/1942
f 2554/2142/1946 2541/2126/1944 2542/2131/1947
f 2555/2143/1948 2542/2131/1947 2543/2129/1949
f 2556/2144/1950 2543/2129/1949 2544/2123/1951
f 2557/2145/1952 2544/2123/1951 2545/2124/1953
f 2558/2146/1954 2545/2124/1953 2546/2134/1955
f 2548/2136/1934 2546/2134/1955 2536/2133/1935
s 134
f 2553/2147/1956 2527/2142/1957 2528/2147/1958
f 2550/2139/1959 2532/2138/1960 2549/2138/1961
f 2556/2144/1962 2524/2145/1963 2525/2144/1964
f 2552/2141/1965 2528/2147/1958 2529/2141/1966
f 2549/2138/1961 2534/2137/1967 2547/2137/1968
f 2555/2143/1969 2525/2144/1964 2526/2143/1970
s 135
f 2559/2148/1971 2533/2136/1972 2534/2149/1973
f 2561/2150/1974 2534/2137/1973 2532/2138/1975
f 2562/2151/1976 2532/2138/1975 2531/2139/1977
f 2563/2152/1978 2531/2139/1977 2530/2140/1979
f 2564/2153/1980 2530/2140/1979 2529/2141/1981
f 2528/2147/1982 2564/2153/1980 2529/2141/1981
f 2527/2142/1983 2565/2154/1984 2528/2147/1982
f 2526/2143/1985 2566/2155/1986 2527/2142/1983
f 2525/2144/1987 2567/2156/1988 2526/2143/1985
f 2524/2145/1989 2568/2157/1990 2525/2144/1987
f 2523/2146/1991 2569/2158/1992 2524/2145/1989
f 2560/2159/1993 2523/2146/1991 2533/2136/1972
s 134
f 2557/2145/1994 2523/2146/1995 2524/2145/1963
f 2551/2140/1996 2531/2139/1997 2550/2139/1959
f 2548/2136/1998 2523/2146/1995 2558/2146/1999
f 2547/2149/1968 2533/2136/2000 2548/2136/1998
f 2554/2142/2001 2526/2143/1970 2527/2142/1957
f 2552/2141/1965 2530/2140/2002 2551/2140/1996
s 50
f 375/135/1 377/133/1 2793/2272/1
f 377/133/1 378/139/1 2793/2272/1
f 378/139/1 379/131/1 2793/2272/1
f 379/131/1 380/129/1 2793/2272/1
f 380/129/1 376/126/1 2793/2272/1
f 376/126/1 399/126/1 2793/2272/1
f 399/126/1 401/129/1 2793/2272/1
f 401/129/1 402/131/1 2793/2272/1
f 402/131/1 403/139/1 2793/2272/1
f 403/139/1 404/133/1 2793/2272/1
f 404/133/1 400/135/1 2793/2272/1
f 400/135/1 375/135/1 2793/2272/1
f 370/125/1 393/125/1 2794/168/1
f 393/125/1 395/123/1 2794/168/1
f 395/123/1 396/121/1 2794/168/1
f 396/121/1 397/120/1 2794/168/1
f 397/120/1 398/118/1 2794/168/1
f 398/118/1 394/116/1 2794/168/1
f 394/116/1 369/116/1 2794/168/1
f 369/116/1 371/118/1 2794/168/1
f 371/118/1 372/120/1 2794/168/1
f 372/120/1 373/121/1 2794/168/1
f 373/121/1 374/123/1 2794/168/1
s 51
f 457/150/82 458/151/82 2795/172/82
f 458/151/82 459/177/82 2795/172/82
f 459/177/82 460/181/82 2795/172/82
f 460/181/82 461/176/82 2795/172/82
f 461/176/82 462/155/82 2795/172/82
f 462/155/82 470/154/82 2795/172/82
f 470/154/82 469/154/82 2795/172/82
f 469/154/82 468/155/82 2795/172/82
f 468/155/82 467/176/82 2795/172/82
f 467/176/82 466/181/82 2795/172/82
f 466/181/82 465/177/82 2795/172/82
f 465/177/82 464/151/82 2795/172/82
f 464/151/82 463/150/82 2795/172/82
s 54
f 476/179/82 487/2273/82 2796/180/82
f 487/2273/82 488/2273/82 2796/180/82
f 488/2273/82 481/179/82 2796/180/82
f 481/179/82 482/178/82 2796/180/82
f 482/178/82 483/2274/82 2796/180/82
f 483/2274/82 484/2275/82 2796/180/82
f 484/2275/82 485/2276/82 2796/180/82
f 485/2276/82 486/2277/82 2796/180/82
f 486/2277/82 480/2277/82 2796/180/82
f 480/2277/82 479/2276/82 2796/180/82
f 479/2276/82 478/2275/82 2796/180/82
f 478/2275/82 477/2274/82 2796/180/82
f 477/2274/82 475/178/82 2796/180/82
s 0
f 2828/2278/82 2830/2278/82 2829/2279/82
f 2827/2280/82 2830/2278/82 2828/2278/82
f 2827/2280/82 2831/2280/82 2830/2278/82
f 2826/2281/82 2831/2280/82 2827/2280/82
f 2826/2281/82 2832/2281/82 2831/2280/82
f 2825/2282/82 2810/2283/82 2826/2281/82
f 2810/2283/82 2809/2284/82 2826/2281/82
f 2809/2284/82 2832/2281/82 2826/2281/82
f 2809/2284/82 2808/2283/82 2832/2281/82
f 2808/2283/82 2833/2282/82 2832/2281/82
f 2825/2282/82 2811/2285/82 2810/2283/82
f 2807/2285/2019 2833/2282/2019 2808/2283/2019
f 2825/2282/82 2812/2286/82 2811/2285/82
f 2806/2286/82 2833/2282/82 2807/2285/82
f 2825/2282/82 2802/2282/82 2812/2286/82
f 2805/2282/82 2833/2282/82 2806/2286/82
f 2824/2287/82 2802/2282/82 2825/2282/82
f 2824/2287/82 2803/2288/82 2802/2282/82
f 2804/2288/82 2833/2282/82 2805/2282/82
f 2804/2288/82 2834/2289/82 2833/2282/82
f 2824/2287/82 2804/2288/82 2803/2288/82
f 2824/2287/82 2835/2289/82 2804/2288/82
f 2835/2289/82 2834/2289/82 2804/2288/82
f 2824/2287/82 2836/2287/82 2835/2289/82
f 2813/2287/82 2815/2290/82 2814/2290/82
f 2813/2287/82 2816/2287/82 2815/2290/82
f 2823/2291/82 2836/2287/82 2824/2287/82
f 2823/2291/82 2837/2292/82 2836/2287/82
f 2843/2292/82 2816/2287/82 2813/2287/82
f 2843/2292/82 2817/2291/82 2816/2287/82
f 2823/2291/82 2838/2293/82 2837/2292/82
f 2842/2293/82 2817/2291/82 2843/2292/82
f 2823/2291/82 2839/2294/82 2838/2293/82
f 2841/2294/82 2817/2291/82 2842/2293/82
f 2823/2291/82 2840/2295/82 2839/2294/82
f 2840/2295/82 2817/2291/82 2841/2294/82
f 2823/2291/82 2817/2291/82 2840/2295/82
f 2822/2296/82 2817/2291/82 2823/2291/82
f 2822/2296/82 2818/2296/82 2817/2291/82
f 2821/2297/82 2818/2296/82 2822/2296/82
f 2821/2297/82 2819/2297/82 2818/2296/82
f 2820/2298/82 2819/2297/82 2821/2297/82
f 2857/2298/82 2859/2279/82 2858/2279/82
f 2857/2298/82 2860/2299/82 2859/2279/82
f 2863/2300/82 2865/2278/82 2864/2279/82
f 2862/2301/82 2865/2278/82 2863/2300/82
f 2862/2301/82 2866/2280/82 2865/2278/82
f 2861/2302/82 2866/2280/82 2862/2301/82
f 2860/2299/82 2866/2280/82 2861/2302/82
f 2860/2299/82 2867/2281/82 2866/2280/82
f 2857/2298/82 2854/2286/82 2860/2299/82
f 2854/2286/82 2853/2285/82 2860/2299/82
f 2853/2285/82 2852/2283/82 2860/2299/82
f 2852/2283/82 2851/2284/82 2860/2299/82
f 2851/2284/82 2867/2281/82 2860/2299/82
f 2851/2284/82 2850/2283/82 2867/2281/82
f 2850/2283/82 2844/2282/82 2867/2281/82
f 2849/2285/2020 2844/2282/2020 2850/2283/2020
f 2848/2286/82 2844/2282/82 2849/2285/82
f 2857/2298/82 2855/2282/82 2854/2286/82
f 2847/2282/82 2844/2282/82 2848/2286/82
f 2857/2298/82 2856/2298/82 2855/2282/82
f 2846/2298/82 2844/2282/82 2847/2282/82
f 2846/2298/82 2845/2298/82 2844/2282/82
f 2890/2278/82 2892/2278/82 2891/2279/82
f 2889/2280/82 2892/2278/82 2890/2278/82
f 2889/2280/82 2893/2280/82 2892/2278/82
f 2888/2281/82 2893/2280/82 2889/2280/82
f 2888/2281/82 2894/2281/82 2893/2280/82
f 2887/2282/82 2883/2283/82 2888/2281/82
f 2883/2283/2020 2882/2284/2020 2888/2281/2020
f 2882/2284/82 2894/2281/82 2888/2281/82
f 2882/2284/82 2881/2283/82 2894/2281/82
f 2881/2283/82 2895/2282/82 2894/2281/82
f 2887/2282/2019 2884/2285/2019 2883/2283/2019
f 2880/2285/82 2895/2282/82 2881/2283/82
f 2887/2282/2020 2885/2286/2020 2884/2285/2020
f 2879/2286/82 2895/2282/82 2880/2285/82
f 2887/2282/82 2868/2282/82 2885/2286/82
f 2878/2282/82 2895/2282/82 2879/2286/82
f 2886/2287/82 2868/2282/82 2887/2282/82
f 2886/2287/82 2869/2287/82 2868/2282/82
f 2877/2287/82 2895/2282/82 2878/2282/82
f 2877/2287/82 2896/2287/82 2895/2282/82
f 2903/2291/82 2869/2287/82 2886/2287/82
f 2903/2291/82 2870/2292/82 2869/2287/82
f 2876/2292/82 2896/2287/82 2877/2287/82
f 2876/2292/82 2897/2291/82 2896/2287/82
f 2903/2291/82 2871/2293/82 2870/2292/82
f 2875/2293/82 2897/2291/82 2876/2292/82
f 2903/2291/82 2872/2294/82 2871/2293/82
f 2874/2294/82 2897/2291/82 2875/2293/82
f 2903/2291/2019 2873/2295/2019 2872/2294/2019
f 2873/2295/82 2897/2291/82 2874/2294/82
f 2903/2291/82 2897/2291/82 2873/2295/82
f 2902/2296/82 2897/2291/82 2903/2291/82
f 2902/2296/82 2898/2296/82 2897/2291/82
f 2901/2297/82 2898/2296/82 2902/2296/82
f 2901/2297/82 2899/2297/82 2898/2296/82
f 2900/2298/2019 2899/2297/2019 2901/2297/2019
f 2917/2298/82 2919/2303/82 2918/2303/82
f 2917/2298/82 2920/2299/82 2919/2303/82
f 2923/2300/2020 2925/2278/2020 2924/2279/2020
f 2922/2301/82 2925/2278/82 2923/2300/82
f 2922/2301/82 2926/2280/82 2925/2278/82
f 2921/2302/82 2926/2280/82 2922/2301/82
f 2920/2299/82 2926/2280/82 2921/2302/82
f 2920/2299/82 2927/2281/82 2926/2280/82
f 2917/2298/82 2914/2286/82 2920/2299/82
f 2914/2286/82 2913/2285/82 2920/2299/82
f 2913/2285/82 2912/2283/82 2920/2299/82
f 2912/2283/82 2911/2284/82 2920/2299/82
f 2911/2284/82 2927/2281/82 2920/2299/82
f 2911/2284/2020 2910/2283/2020 2927/2281/2020
f 2910/2283/82 2904/2282/82 2927/2281/82
f 2909/2285/82 2904/2282/82 2910/2283/82
f 2908/2286/82 2904/2282/82 2909/2285/82
f 2917/2298/82 2915/2282/82 2914/2286/82
f 2907/2282/82 2904/2282/82 2908/2286/82
f 2917/2298/82 2916/2298/82 2915/2282/82
f 2906/2298/82 2904/2282/82 2907/2282/82
f 2906/2298/82 2905/2298/82 2904/2282/82
f 2942/2298/82 2928/2304/82 2943/2303/82
f 2928/2304/82 2944/2303/82 2943/2303/82
f 2928/2304/82 2945/2305/82 2944/2303/82
f 2928/2304/82 2946/2306/82 2945/2305/82
f 2928/2304/82 2947/2307/82 2946/2306/82
f 2928/2304/82 2939/2304/82 2947/2307/82
f 2939/2304/82 2938/2308/82 2947/2307/82
f 2938/2308/82 2948/2279/82 2947/2307/82
f 2942/2298/82 2929/2282/82 2928/2304/82
f 2937/2309/2020 2948/2279/2020 2938/2308/2020
f 2936/2310/82 2948/2279/82 2937/2309/82
f 2935/2279/82 2948/2279/82 2936/2310/82
f 2934/2284/82 2948/2279/82 2935/2279/82
f 2934/2284/82 2949/2284/82 2948/2279/82
f 2933/2311/82 2949/2284/82 2934/2284/82
f 2933/2311/82 2950/2312/82 2949/2284/82
f 2932/2313/82 2950/2312/82 2933/2311/82
f 2931/2314/82 2950/2312/82 2932/2313/82
f 2930/2282/82 2950/2312/82 2931/2314/82
f 2942/2298/82 2940/2315/82 2929/2282/82
f 2940/2315/82 2930/2282/82 2929/2282/82
f 2940/2315/82 2950/2312/82 2930/2282/82
f 2940/2315/82 2951/2316/82 2950/2312/82
f 2940/2315/82 2952/2317/82 2951/2316/82
f 2940/2315/82 2953/2315/82 2952/2317/82
f 2942/2298/82 2941/2298/82 2940/2315/82
f 2882/2284/2021 3033/2318/2021 2881/2283/2021
f 2866/2280/2022 3017/2319/2022 2865/2278/2022
f 2899/2297/2023 3050/2320/2023 2898/2296/2023
f 2944/2303/9 3095/2321/9 2943/2303/9
f 2862/2301/2024 3013/2322/2024 2861/2302/2024
f 2901/2297/2025 3052/2323/2025 2900/2298/2025
f 2835/2289/6 2986/2324/6 2834/2289/6
f 2900/2298/2026 3051/2325/2026 2899/2297/2026
f 2895/2282/2027 3046/2326/2027 2894/2281/2027
f 2945/2305/2028 3096/2321/2028 2944/2303/2028
f 2861/2302/2029 3012/2327/2029 2860/2299/2029
f 2918/2303/7 3069/2323/7 2917/2298/7
f 2836/2287/3 2987/2324/3 2835/2289/3
f 2814/2290/7 2965/2328/7 2813/2287/7
f 2884/2285/2030 3035/2318/2030 2883/2283/2030
f 2946/2306/2022 3097/2329/2022 2945/2305/2022
f 2919/2303/9 3070/2321/9 2918/2303/9
f 2881/2283/2031 3032/2330/2031 2880/2285/2031
f 2867/2281/2032 3018/2331/2032 2866/2280/2032
f 2815/2290/9 2966/2332/9 2814/2290/9
f 2947/2307/2033 3098/2333/2033 2946/2306/2033
f 2920/2299/3 3071/2321/3 2919/2303/3
f 2928/2304/6 3091/2334/6 2939/2304/6
f 2829/2279/2034 2980/2319/2034 2828/2278/2034
f 2924/2279/2035 3075/2335/2035 2923/2300/2035
f 2816/2287/3 2967/2332/3 2815/2290/3
f 2885/2286/2036 3036/2330/2036 2884/2285/2036
f 2854/2286/2036 3005/2330/2036 2853/2285/2036
f 2824/2287/2037 2975/2336/2037 2823/2291/2037
f 2880/2285/2038 3031/2337/2038 2879/2286/2038
f 2939/2304/2039 3090/2338/2039 2938/2308/2039
f 2830/2278/2040 2981/2339/2040 2829/2279/2040
f 2925/2278/2040 3076/2339/2040 2924/2279/2040
f 2828/2278/2041 2979/2331/2041 2827/2280/2041
f 2853/2285/2030 3004/2318/2030 2852/2283/2030
f 2923/2300/2042 3074/2340/2042 2922/2301/2042
f 2837/2292/2043 2988/2328/2043 2836/2287/2043
f 2868/2282/2044 3037/2337/2044 2885/2286/2044
f 2948/2279/2027 3099/2341/2027 2947/2307/2027
f 2852/2283/2045 3003/2342/2045 2851/2284/2045
f 2813/2287/2046 2995/2343/2046 2843/2292/2046
f 2879/2286/2047 3030/2344/2047 2878/2282/2047
f 2831/2280/2022 2982/2319/2022 2830/2278/2022
f 2926/2280/2022 3077/2319/2022 2925/2278/2022
f 2929/2282/3 3080/2334/3 2928/2304/3
f 2827/2280/2048 2978/2326/2048 2826/2281/2048
f 2922/2301/2024 3073/2322/2024 2921/2302/2024
f 2887/2282/7 3038/2328/7 2886/2287/7
f 2938/2308/2049 3089/2345/2049 2937/2309/2049
f 2851/2284/2021 3002/2318/2021 2850/2283/2021
f 2817/2291/2050 2968/2328/2050 2816/2287/2050
f 2921/2302/2029 3072/2327/2029 2920/2299/2029
f 2937/2309/2038 3088/2346/2038 2936/2310/2038
f 2832/2281/2032 2983/2331/2032 2831/2280/2032
f 2838/2293/2051 2989/2343/2051 2837/2292/2051
f 2869/2287/3 3020/2344/3 2868/2282/3
f 2826/2281/2052 2977/2344/2052 2825/2282/2052
f 2844/2282/2027 3019/2326/2027 2867/2281/2027
f 2843/2292/2053 2994/2347/2053 2842/2293/2053
f 2878/2282/7 3029/2328/7 2877/2287/7
f 2936/2310/2047 3087/2339/2047 2935/2279/2047
f 2850/2283/2031 3001/2330/2031 2849/2285/2031
f 2927/2281/2032 3078/2331/2032 2926/2280/2032
f 2935/2279/7 3086/2342/7 2934/2284/7
f 2810/2283/2045 2961/2342/2045 2809/2284/2045
f 2849/2285/2038 3000/2337/2038 2848/2286/2038
f 2839/2294/2054 2990/2347/2054 2838/2293/2054
f 2896/2287/3 3047/2344/3 2895/2282/3
f 2914/2286/2036 3065/2330/2036 2913/2285/2036
f 2842/2293/2042 2993/2348/2042 2841/2294/2042
f 2886/2287/2037 3055/2336/2037 2903/2291/2037
f 2949/2284/3 3100/2339/3 2948/2279/3
f 2809/2284/2021 2960/2318/2021 2808/2283/2021
f 2855/2282/2044 3006/2337/2044 2854/2286/2044
f 2913/2285/2030 3064/2318/2030 2912/2283/2030
f 2934/2284/2046 3085/2349/2046 2933/2311/2046
f 2848/2286/2047 2999/2344/2047 2847/2282/2047
f 2840/2295/2055 2991/2348/2055 2839/2294/2055
f 2870/2292/2043 3021/2328/2043 2869/2287/2043
f 2912/2283/2045 3063/2342/2045 2911/2284/2045
f 2841/2294/2035 2992/2350/2035 2840/2295/2035
f 2877/2287/2046 3028/2343/2046 2876/2292/2046
f 2833/2282/2027 2984/2326/2027 2832/2281/2027
f 2857/2298/6 3008/2323/6 2856/2298/6
f 2950/2312/2050 3101/2342/2050 2949/2284/2050
f 2856/2298/3 3007/2344/3 2855/2282/3
f 2933/2311/2053 3084/2351/2053 2932/2313/2053
f 2811/2285/2030 2962/2318/2030 2810/2283/2030
f 2847/2282/7 2998/2323/7 2846/2298/7
f 2911/2284/2021 3062/2318/2021 2910/2283/2021
f 2823/2291/2056 2974/2320/2056 2822/2296/2056
f 2897/2291/2050 3048/2328/2050 2896/2287/2050
f 2808/2283/2031 2959/2330/2031 2807/2285/2031
f 2932/2313/2042 3083/2352/2042 2931/2314/2042
f 2846/2298/6 2997/2323/6 2845/2298/6
f 2871/2293/2057 3022/2343/2057 2870/2292/2057
f 2845/2298/3 2996/2344/3 2844/2282/3
f 2904/2282/2027 3079/2326/2027 2927/2281/2027
f 2818/2296/2058 2969/2336/2058 2817/2291/2058
f 2876/2292/2053 3027/2347/2053 2875/2293/2053
f 2931/2314/2035 3082/2344/2035 2930/2282/2035
f 2812/2286/2036 2963/2330/2036 2811/2285/2036
f 2891/2279/2034 3042/2319/2034 2890/2278/2034
f 2910/2283/2031 3061/2330/2031 2909/2285/2031
f 2822/2296/2059 2973/2325/2059 2821/2297/2059
f 2807/2285/2038 2958/2337/2038 2806/2286/2038
f 2892/2278/2040 3043/2339/2040 2891/2279/2040
f 2909/2285/2038 3060/2337/2038 2908/2286/2038
f 2872/2294/2054 3023/2347/2054 2871/2293/2054
f 2890/2278/2041 3041/2331/2041 2889/2280/2041
f 2819/2297/2023 2970/2320/2023 2818/2296/2023
f 2875/2293/2042 3026/2348/2042 2874/2294/2042
f 2802/2282/2044 2964/2337/2044 2812/2286/2044
f 2821/2297/2025 2972/2323/2025 2820/2298/2025
f 2930/2282/9 3081/2344/9 2929/2282/9
f 2806/2286/2047 2957/2344/2047 2805/2282/2047
f 2915/2282/2044 3066/2337/2044 2914/2286/2044
f 2820/2298/2026 2971/2325/2026 2819/2297/2026
f 2893/2280/2022 3044/2319/2022 2892/2278/2022
f 2908/2286/2047 3059/2344/2047 2907/2282/2047
f 2858/2279/7 3009/2323/7 2857/2298/7
f 2873/2295/2055 3024/2348/2055 2872/2294/2055
f 2825/2282/7 2976/2328/7 2824/2287/7
f 2889/2280/2048 3040/2326/2048 2888/2281/2048
f 2874/2294/2035 3025/2350/2035 2873/2295/2035
f 2951/2316/2058 3102/2353/2058 2950/2312/2058
f 2917/2298/6 3068/2323/6 2916/2298/6
f 2859/2279/9 3010/2339/9 2858/2279/9
f 2916/2298/3 3067/2344/3 2915/2282/3
f 2952/2317/2023 3103/2354/2023 2951/2316/2023
f 2803/2288/3 2954/2344/3 2802/2282/3
f 2894/2281/2032 3045/2331/2032 2893/2280/2032
f 2907/2282/7 3058/2323/7 2906/2298/7
f 2860/2299/3 3011/2339/3 2859/2279/3
f 2903/2291/2056 3054/2320/2056 2902/2296/2056
f 2940/2315/6 3105/2355/6 2953/2315/6
f 2805/2282/7 2956/2356/7 2804/2288/7
f 2888/2281/2052 3039/2344/2052 2887/2282/2052
f 2864/2279/2035 3015/2335/2035 2863/2300/2035
f 2953/2315/2026 3104/2357/2026 2952/2317/2026
f 2906/2298/6 3057/2323/6 2905/2298/6
f 2942/2298/6 3093/2323/6 2941/2298/6
f 2905/2298/3 3056/2344/3 2904/2282/3
f 2865/2278/2040 3016/2339/2040 2864/2279/2040
f 2898/2296/2058 3049/2336/2058 2897/2291/2058
f 2941/2298/3 3092/2355/3 2940/2315/3
f 2834/2289/3 2985/2344/3 2833/2282/3
f 2883/2283/2045 3034/2342/2045 2882/2284/2045
f 2943/2303/7 3094/2323/7 2942/2298/7
f 2863/2300/2042 3014/2340/2042 2862/2301/2042
f 2902/2296/2059 3053/2325/2059 2901/2297/2059
f 2804/2288/9 2955/2356/9 2803/2288/9
s 1
f 176/1/1 175/2/1 262/2/1
s 11
f 1/56/82 2/57/82 89/57/82
s 21
f 88/56/6 262/2/6 175/2/6
s 22
f 263/1/7 262/2/7 88/56/7
s 23
f 89/57/9 2/57/9 176/1/9
s 41
f 175/2/3 176/1/3 2/57/3
s 42
f 350/112/7 352/115/7 351/113/7
s 43
f 352/115/1 356/115/1 355/113/1
s 44
f 356/115/3 354/112/3 353/114/3
s 45
f 354/112/82 350/112/82 349/114/82
s 46
f 352/115/9 350/112/9 354/112/9
s 47
f 369/116/83 357/137/125 359/117/84
f 371/118/85 359/117/84 360/119/86
f 360/119/86 361/122/87 373/121/87
f 361/122/87 362/124/89 374/123/88
f 362/124/89 358/138/131 370/125/90
f 376/126/91 380/129/94 368/127/92
f 380/129/94 379/131/95 367/130/95
f 379/131/95 378/139/96 366/132/96
f 366/132/96 378/139/96 377/133/97
f 365/134/98 377/133/97 375/135/99
f 394/116/101 398/118/104 386/117/102
f 398/118/104 397/120/105 385/119/105
f 397/120/105 396/121/106 384/122/106
f 384/122/106 396/121/106 395/123/107
f 383/124/108 395/123/107 393/125/109
f 399/126/111 387/128/126 389/127/112
f 401/129/113 389/127/112 390/130/114
f 390/130/114 391/132/115 403/139/115
f 391/132/115 392/134/117 404/133/116
f 392/134/117 388/136/127 400/135/118
s 48
f 438/140/118 405/156/127 407/141/119
f 473/142/119 407/141/119 408/143/120
f 472/144/120 408/143/120 409/145/121
f 409/145/121 410/148/122 417/147/122
f 410/148/122 406/164/126 418/149/111
f 417/147/122 418/149/111 463/150/111
f 455/152/3 487/171/3 420/153/3
f 469/154/3 420/153/3 438/140/118
f 422/156/100 450/166/7 474/157/7
f 419/140/99 437/142/124 426/141/124
s 49
f 357/137/82 406/164/82 410/148/82
f 359/117/82 410/148/82 409/145/82
f 360/119/82 409/145/82 408/143/82
f 408/143/82 407/141/82 362/124/82
f 407/141/82 405/156/82 358/138/82
f 363/136/82 412/169/82 416/158/82
f 365/134/82 416/158/82 415/159/82
f 415/159/82 414/160/82 367/130/82
f 414/160/82 413/161/82 368/127/82
f 413/161/82 411/167/82 364/128/82
f 381/138/82 422/156/82 426/141/82
f 383/124/82 426/141/82 425/143/82
f 425/143/82 424/145/82 385/119/82
f 424/145/82 423/148/82 386/117/82
f 423/148/82 421/164/82 382/137/82
f 387/128/82 428/167/82 432/161/82
f 389/127/82 432/161/82 431/160/82
f 390/130/82 431/160/82 430/159/82
f 430/159/82 429/158/82 392/134/82
f 429/158/82 427/169/82 388/136/82
s 47
f 394/116/101 382/137/103 357/137/125
f 363/136/100 375/135/99 440/162/7
s 49
f 382/137/82 421/164/82 406/164/82
f 451/165/82 358/138/82 405/156/82
s 47
f 376/126/91 364/128/93 387/128/126
s 49
f 364/128/82 411/167/82 428/167/82
s 47
f 442/162/3 400/135/118 388/136/127
s 49
f 443/163/82 388/136/82 427/169/82
s 48
f 437/142/124 436/144/128 425/143/128
f 436/144/128 435/146/129 424/145/129
f 427/169/90 481/186/90 488/171/7
s 50
f 375/135/1 400/135/1 442/162/1
f 440/162/1 442/162/1 448/173/1
s 48
f 470/154/7 456/152/7 446/174/7
s 52
f 455/152/130 445/174/130 446/174/130
s 48
f 487/171/3 441/170/3 452/166/3
s 49
f 443/163/82 444/170/82 450/166/82
s 47
f 442/162/3 443/163/3 449/165/3
s 49
f 439/163/82 441/170/82 412/169/82
s 47
f 451/165/7 439/163/7 440/162/7
f 358/138/131 451/165/7 447/173/7
f 448/173/3 449/165/3 381/138/110
s 49
f 449/165/82 450/166/82 422/156/82
s 48
f 420/153/3 452/166/3 405/156/127
f 424/145/129 435/146/129 434/147/132
s 50
f 447/173/1 448/173/1 393/125/1
s 53
f 445/174/82 453/175/82 454/175/82
s 49
f 439/163/82 451/165/82 452/166/82
s 48
f 419/140/99 474/157/7 470/154/7
f 423/148/132 434/147/132 433/149/91
f 406/164/126 421/164/93 433/149/91
f 450/166/7 444/170/7 488/171/7
f 462/155/99 461/176/133 437/142/124
f 461/176/133 460/181/128 436/144/128
f 436/144/128 460/181/128 459/177/129
f 435/146/129 459/177/129 458/151/134
f 434/147/132 458/151/134 457/150/91
f 433/149/91 457/150/91 463/150/111
f 474/157/7 488/171/7 456/152/7
s 52
f 487/171/135 455/152/130 456/152/130
s 48
f 445/174/3 455/152/3 469/154/3
s 55
f 470/154/136 454/175/136 453/175/136
s 48
f 471/146/121 417/147/122 464/151/123
f 472/144/120 471/146/121 465/177/121
f 467/176/137 473/142/119 472/144/120
f 468/155/118 438/140/118 473/142/119
f 411/167/101 480/185/101 486/185/83
f 429/158/138 482/187/138 481/186/90
f 430/159/139 483/188/139 482/187/138
f 412/169/109 476/186/109 475/187/140
f 431/160/141 484/189/141 483/188/139
f 416/158/140 475/187/140 477/188/142
f 432/161/143 485/190/143 484/189/141
f 415/159/142 477/188/142 478/189/144
f 428/167/83 486/185/83 485/190/143
f 414/160/144 478/189/144 479/190/145
f 441/170/3 487/171/3 476/186/109
f 413/161/145 479/190/145 480/185/101
s 57
f 881/191/146 839/547/596 489/192/147
f 819/194/149 506/227/182 842/195/150
f 843/197/152 493/562/611 498/198/153
f 834/200/155 505/563/612 871/201/156
f 879/203/158 828/223/178 491/204/159
f 832/206/161 492/564/613 499/207/162
f 490/209/164 500/558/607 837/210/165
f 855/212/167 493/562/611 876/213/168
f 824/215/170 494/569/618 856/216/171
f 846/218/173 495/565/614 876/213/168
f 827/220/175 515/559/608 502/221/176
f 828/223/178 517/252/207 835/224/179
f 882/226/181 842/195/150 506/227/182
f 838/229/184 507/568/617 508/230/185
f 504/232/187 509/242/197 844/233/188
f 496/235/190 497/240/195 820/236/191
f 830/222/177 502/221/176 808/238/193
f 497/240/195 513/554/603 818/241/196
f 509/242/197 810/555/604 816/243/198
f 829/208/163 499/207/162 511/244/199
f 837/210/165 500/558/607 510/246/201
f 850/248/203 831/561/610 503/249/204
f 878/251/206 825/557/606 517/252/207
f 516/254/209 501/551/600 821/255/210
f 826/257/212 514/566/615 852/258/213
s 58
f 591/260/215 614/318/272 686/261/216
f 601/263/218 600/327/281 672/264/219
s 59
f 542/266/221 566/270/225 567/267/222
f 544/269/224 568/272/227 566/270/225
f 544/269/224 545/274/229 569/271/226
f 546/273/228 570/276/231 569/271/226
f 546/273/228 547/278/233 571/275/230
f 548/277/232 572/280/235 571/275/230
f 548/277/232 549/282/237 573/279/234
f 550/281/236 574/284/239 573/279/234
f 550/281/236 551/285/240 575/283/238
f 551/285/240 552/287/242 576/286/241
f 552/287/242 553/289/244 577/288/243
f 553/289/244 554/292/247 578/290/245
f 555/291/246 579/294/249 578/290/245
f 556/293/248 580/296/251 579/294/249
f 557/295/250 581/298/253 580/296/251
f 557/295/250 558/300/255 582/297/252
f 559/299/254 583/302/257 582/297/252
f 560/301/256 584/304/259 583/302/257
f 560/301/256 561/305/260 585/303/258
f 561/305/260 562/308/263 586/306/261
f 563/307/262 587/310/265 586/306/261
f 563/307/262 564/311/266 588/309/264
f 564/311/266 565/313/268 589/312/267
f 543/268/223 567/267/222 589/312/267
s 60
f 539/315/269 660/411/412 659/316/270
s 58
f 614/318/272 613/328/282 685/319/273
s 60
f 529/320/274 530/422/409 651/321/275
f 520/323/277 521/421/408 642/324/278
s 58
f 599/326/280 671/334/288 672/264/219
f 613/328/282 612/338/292 684/329/283
s 60
f 533/330/284 534/419/404 655/331/285
s 58
f 598/333/287 670/341/295 671/334/288
s 60
f 524/335/289 525/417/399 646/336/290
s 58
f 612/338/292 611/344/297 683/339/293
f 597/340/294 669/351/303 670/341/295
s 60
f 537/342/296 538/317/271 659/316/270
s 58
f 611/344/297 610/352/298 682/345/298
s 60
f 529/320/274 650/322/276 649/346/299
f 519/348/301 520/323/277 641/325/279
s 58
f 597/340/294 596/359/310 668/350/302
f 610/352/298 609/364/315 681/353/304
s 60
f 518/354/305 639/413/429 662/355/306
f 532/357/308 533/330/284 654/332/286
s 58
f 596/359/310 595/391/435 667/360/311
s 60
f 524/335/289 645/337/291 644/361/312
s 58
f 608/363/314 680/408/314 681/353/304
s 57
f 606/365/316 630/374/329 629/366/317
f 598/333/319 599/326/331 623/368/320
f 614/318/322 638/375/332 637/370/323
f 591/260/325 592/376/333 616/371/326
f 606/365/316 607/378/335 631/373/328
f 600/327/330 624/381/338 623/368/320
f 591/260/325 615/372/327 638/375/332
f 592/376/333 593/383/340 617/377/334
f 607/378/335 608/363/342 632/379/336
f 600/327/330 601/263/344 625/380/337
f 594/382/339 618/386/346 617/377/334
f 609/364/341 633/388/348 632/379/336
f 602/384/343 626/390/350 625/380/337
f 594/382/339 595/391/352 619/385/345
f 609/364/341 610/352/354 634/387/347
f 603/389/349 627/393/356 626/390/350
f 596/359/351 620/394/358 619/385/345
f 611/344/353 635/395/360 634/387/347
f 603/389/349 604/396/361 628/392/355
f 597/340/357 621/397/362 620/394/358
f 612/338/359 636/398/363 635/395/360
f 604/396/361 605/367/318 629/366/317
f 597/340/357 598/333/319 622/369/321
f 612/338/359 613/328/324 637/370/323
s 61
f 642/324/364 643/412/391 667/360/365
f 648/400/367 672/264/394 671/334/368
f 652/402/370 653/358/371 677/403/371
f 657/353/373 658/343/374 682/345/374
f 662/355/375 639/413/376 663/262/376
f 640/349/378 641/325/379 665/405/379
f 646/336/381 670/341/397 669/351/382
f 651/321/384 675/414/384 674/407/385
f 655/331/387 656/415/388 680/408/388
f 661/410/389 685/319/389 684/329/390
f 643/412/391 644/361/398 668/350/392
f 649/346/393 673/265/393 672/264/394
f 654/332/395 678/416/395 677/403/371
f 659/316/396 683/339/396 682/345/374
f 642/324/364 666/399/366 665/405/379
f 647/401/369 671/334/368 670/341/397
f 639/413/376 640/349/378 664/406/380
f 652/402/370 676/404/372 675/414/384
f 656/415/388 657/353/373 681/353/373
f 662/355/375 686/261/377 685/319/389
f 644/361/398 645/337/383 669/351/382
f 650/322/386 674/407/385 673/265/393
f 655/331/387 679/409/387 678/416/395
f 659/316/396 660/411/390 684/329/390
s 60
f 525/417/399 526/424/415 647/401/400
s 58
f 602/384/401 601/263/218 673/265/220
s 60
f 535/418/403 656/415/403 655/331/285
s 58
f 603/389/405 602/384/401 674/407/402
s 60
f 522/420/407 643/412/424 642/324/278
f 530/422/409 531/425/427 652/402/410
f 540/423/411 661/410/428 660/411/412
s 58
f 603/389/405 675/414/406 676/404/413
s 60
f 526/424/415 527/426/434 648/400/416
s 58
f 604/396/414 676/404/413 677/403/417
s 60
f 535/418/403 536/427/419 657/353/419
s 58
f 591/260/215 663/262/217 664/406/420
f 605/367/418 677/403/417 678/416/422
s 60
f 523/362/313 644/361/312 643/412/424
s 58
f 592/376/421 664/406/420 665/405/425
s 60
f 531/425/427 532/357/308 653/358/309
f 541/356/307 662/355/306 661/410/428
f 519/348/301 640/349/301 639/413/429
s 58
f 606/365/423 678/416/422 679/409/430
f 593/383/426 665/405/425 666/399/432
s 60
f 528/347/300 649/346/299 648/400/416
s 58
f 607/378/431 679/409/430 680/408/314
s 60
f 537/342/296 658/343/296 657/353/419
s 58
f 595/391/435 594/382/433 666/399/432
s 62
f 688/428/436 690/496/506 692/429/437
f 692/429/437 691/497/507 687/431/439
f 688/428/436 689/430/438 695/432/440
f 695/432/440 689/430/438 687/431/439
f 694/433/441 695/432/440 698/435/443
f 698/435/443 695/432/440 693/434/442
f 700/438/446 697/436/444 698/435/443
f 698/435/443 696/437/445 699/440/448
f 700/438/446 701/439/447 704/441/449
f 701/439/447 699/440/448 702/443/451
f 706/444/452 703/442/450 704/441/449
f 704/441/449 702/443/451 705/446/454
f 706/444/452 707/445/453 710/447/455
f 710/447/455 707/445/453 705/446/454
f 712/450/458 709/448/456 710/447/455
f 713/451/459 710/447/455 708/449/457
f 712/450/458 713/451/459 716/453/461
f 713/451/459 711/452/460 714/455/463
f 718/456/464 715/454/462 716/453/461
f 716/453/461 714/455/463 717/458/466
f 721/459/467 718/456/464 719/457/465
f 722/460/468 719/457/465 717/458/466
f 721/459/467 722/460/468 725/462/470
f 725/462/470 722/460/468 720/461/469
f 727/465/473 724/463/471 725/462/470
f 725/462/470 723/464/472 726/467/475
f 730/468/476 727/465/473 728/466/474
f 728/466/474 726/467/475 729/470/478
f 733/471/479 730/468/476 731/469/477
f 734/472/480 731/469/477 729/470/478
f 736/474/482 733/471/479 734/472/480
f 737/475/483 734/472/480 732/473/481
f 739/418/485 736/474/482 737/475/483
f 737/475/483 735/476/484 738/478/487
f 739/418/485 740/477/486 743/479/488
f 743/479/488 740/477/486 738/478/487
f 745/342/491 742/480/489 743/479/488
f 743/479/488 741/481/490 744/483/493
f 748/484/494 745/342/491 746/482/492
f 749/485/495 746/482/492 744/483/493
f 748/484/494 749/485/495 752/487/497
f 752/487/497 749/485/495 747/486/496
f 751/488/498 752/487/497 755/490/500
f 752/487/497 750/489/499 753/492/502
f 754/491/501 755/490/500 758/493/503
f 758/493/503 755/490/500 753/492/502
f 757/494/504 758/493/503 692/429/437
f 692/429/437 758/493/503 756/495/505
f 690/496/506 688/428/436 519/348/508
f 519/348/508 688/428/436 694/433/441
f 757/494/504 690/496/506 518/354/509
f 520/323/510 694/433/441 697/436/444
f 697/436/444 700/438/446 522/420/513
f 700/438/446 703/442/450 523/362/514
f 703/442/450 706/444/452 524/335/515
f 524/335/515 706/444/452 709/448/456
f 525/417/516 709/448/456 712/450/458
f 526/424/517 712/450/458 715/454/462
f 715/454/462 718/456/464 528/347/519
f 718/456/464 721/459/467 529/320/520
f 529/320/520 721/459/467 724/463/471
f 530/422/521 724/463/471 727/465/473
f 531/425/522 727/465/473 730/468/476
f 532/357/523 730/468/476 733/471/479
f 533/330/524 733/471/479 736/474/482
f 736/474/482 739/418/485 535/418/526
f 535/418/526 739/418/485 742/480/489
f 742/480/489 745/342/491 537/342/527
f 537/342/527 745/342/491 748/484/494
f 748/484/494 751/488/498 539/315/529
f 751/488/498 754/491/501 540/423/530
f 754/491/501 757/494/504 541/356/511
f 762/498/531 759/545/578 760/499/532
f 764/501/534 762/498/531 761/500/533
f 766/503/536 764/501/534 763/502/535
f 768/505/538 766/503/536 765/504/537
f 770/507/540 768/505/538 767/506/539
f 772/509/542 770/507/540 769/508/541
f 772/509/542 771/510/543 773/511/544
f 774/512/545 773/511/544 775/513/546
f 776/514/547 775/513/546 777/515/548
f 778/516/549 777/515/548 779/517/550
f 780/518/551 779/517/550 781/519/552
f 782/520/553 781/519/552 783/521/554
f 784/522/555 783/521/554 785/523/556
f 786/524/557 785/523/556 787/525/558
f 790/527/560 788/526/559 787/525/558
f 792/529/562 790/527/560 789/528/561
f 792/529/562 791/530/563 793/531/564
f 794/532/565 793/531/564 795/533/566
f 798/535/568 796/534/567 795/533/566
f 800/537/570 798/535/568 797/536/569
f 800/537/570 799/538/571 801/539/572
f 802/540/573 801/539/572 803/541/574
f 806/543/576 804/542/575 803/541/574
f 759/545/578 806/543/576 805/544/577
f 759/545/578 762/498/531 687/431/439
f 805/544/577 589/544/594 567/499/3
f 760/499/532 567/499/3 566/500/579
f 759/545/578 691/497/507 756/495/505
f 764/501/534 693/434/442 687/431/439
f 761/500/533 566/500/579 568/502/580
f 766/503/536 696/437/445 693/434/442
f 763/502/535 568/502/580 569/504/581
f 766/503/536 768/505/538 699/440/448
f 765/504/537 569/504/581 570/506/525
f 770/507/540 702/443/451 699/440/448
f 767/506/539 570/506/525 571/508/526
f 770/507/540 772/509/542 705/446/454
f 769/508/541 571/508/526 572/510/9
f 774/512/545 708/449/457 705/446/454
f 771/510/543 572/510/9 573/511/527
f 774/512/545 776/514/547 711/452/460
f 773/511/544 573/511/527 574/513/528
f 778/516/549 714/455/463 711/452/460
f 775/513/546 574/513/528 575/515/582
f 778/516/549 780/518/551 717/458/466
f 777/515/548 575/515/582 576/517/583
f 780/518/551 782/520/553 720/461/469
f 779/517/550 576/517/583 577/519/584
f 784/522/555 723/464/472 720/461/469
f 781/519/552 577/519/584 578/521/7
f 784/522/555 786/524/557 726/467/475
f 783/521/554 578/521/7 579/523/585
f 786/524/557 788/526/559 729/470/478
f 785/523/556 579/523/585 580/525/586
f 790/527/560 732/473/481 729/470/478
f 787/525/558 580/525/586 581/528/587
f 792/529/562 735/476/484 732/473/481
f 789/528/561 581/528/587 582/530/588
f 794/532/565 738/478/487 735/476/484
f 791/530/563 582/530/588 583/531/589
f 794/532/565 796/534/567 741/481/490
f 793/531/564 583/531/589 584/533/6
f 798/535/568 744/483/493 741/481/490
f 795/533/566 584/533/6 585/536/590
f 798/535/568 800/537/570 747/486/496
f 797/536/569 585/536/590 586/538/591
f 800/537/570 802/540/573 750/489/499
f 799/538/571 586/538/591 587/539/592
f 802/540/573 804/542/575 753/492/502
f 801/539/572 587/539/592 588/541/593
f 806/543/576 756/495/505 753/492/502
f 803/541/574 588/541/593 589/544/594
s 57
f 840/546/595 825/557/606 489/192/147
f 845/199/154 498/198/153 512/548/597
f 508/230/185 809/553/602 815/550/599
f 501/551/600 807/556/605 817/552/601
f 835/224/179 517/252/207 825/557/606
f 822/256/211 821/255/210 500/558/607
f 489/192/147 825/557/606 878/251/206
f 823/237/192 820/236/191 502/221/176
f 852/258/213 514/566/615 824/215/170
f 503/249/204 819/194/149 849/196/151
f 853/560/609 495/565/614 826/257/212
f 846/218/173 505/563/612 831/561/610
f 491/204/159 828/223/178 841/225/180
f 493/562/611 827/220/175 830/222/177
f 516/254/209 832/206/161 829/208/163
f 517/252/207 828/223/178 879/203/158
f 501/551/600 829/208/163 812/245/200
f 821/255/210 817/552/601 510/246/201
f 505/563/612 834/200/155 841/225/180
f 835/224/179 840/546/595 819/194/149
f 840/546/595 839/547/596 506/227/182
f 492/564/613 838/229/184 836/231/186
f 831/561/610 841/225/180 835/224/179
f 833/211/166 837/210/165 509/242/197
f 491/204/159 834/200/155 880/202/157
f 872/228/183 506/227/182 839/547/596
f 495/565/614 846/218/173 850/248/203
f 848/250/205 849/196/151 824/215/170
f 826/257/212 850/248/203 848/250/205
f 847/234/189 844/233/188 497/240/195
f 875/567/616 494/569/618 842/195/150
f 505/563/612 846/218/173 883/219/174
f 507/568/617 843/197/152 845/199/154
f 849/196/151 842/195/150 494/569/618
f 844/233/188 816/243/198 513/554/603
f 509/242/197 837/210/165 813/247/202
f 836/231/186 815/550/599 511/244/199
f 508/230/185 845/199/154 814/549/598
f 498/198/153 830/222/177 811/239/194
f 820/236/191 818/241/196 808/238/193
f 855/212/167 860/581/630 827/220/175
f 862/570/619 853/560/609 859/259/214
f 851/572/621 858/583/632 823/237/192
f 861/573/622 852/258/213 857/217/172
f 859/259/214 852/258/213 861/573/622
f 827/220/175 860/581/630 851/572/621
f 857/217/172 856/216/171 868/575/624
f 867/576/625 855/212/167 884/214/169
f 875/567/616 496/235/190 854/578/627
f 823/237/192 858/583/632 854/578/627
f 855/212/167 867/576/625 870/580/629
f 866/582/631 869/586/635 858/583/632
f 860/581/630 870/580/629 866/582/631
f 885/579/628 854/578/627 863/584/633
f 869/586/635 863/584/633 854/578/627
f 856/216/171 885/579/628 887/585/634
f 494/569/618 875/567/616 885/579/628
f 886/577/626 884/214/169 853/560/609
f 871/201/156 883/219/174 843/197/152
f 496/235/190 875/567/616 882/226/181
f 504/232/187 872/228/183 881/191/146
f 873/205/160 880/202/157 838/229/184
f 877/253/208 879/203/158 832/206/161
f 490/209/164 874/193/148 878/251/206
f 822/256/211 878/251/206 877/253/208
f 847/234/189 882/226/181 872/228/183
f 883/219/174 876/213/168 493/562/611
f 884/214/169 876/213/168 495/565/614
f 879/203/158 873/205/160 492/564/613
f 880/202/157 871/201/156 507/568/617
f 833/211/166 881/191/146 874/193/148
f 894/587/1 893/594/642 899/588/636
f 908/590/638 907/985/998 890/591/639
f 894/587/1 896/606/654 895/593/641
f 900/589/637 899/588/636 889/595/643
f 905/597/645 908/590/638 901/592/640
f 862/570/619 865/571/620 898/599/647
f 902/601/649 886/577/626 862/570/619
f 867/576/625 889/595/643 899/588/636
f 889/595/643 867/576/625 886/577/626
f 868/575/624 887/585/634 901/592/640
f 897/602/650 864/574/623 868/575/624
f 895/593/641 891/598/646 863/584/633
f 887/585/634 863/584/633 891/598/646
f 892/603/651 861/573/622 864/574/623
f 865/571/620 861/573/622 892/603/651
f 870/580/629 899/588/636 893/594/642
f 893/594/642 895/593/641 869/586/635
f 888/600/648 910/609/656 909/604/652
f 902/601/649 909/604/652 911/596/644
f 890/591/639 907/985/998 906/605/653
f 896/606/654 905/597/645 891/598/646
f 897/602/650 906/605/653 904/607/82
f 898/599/647 892/603/651 904/607/82
f 888/600/648 898/599/647 903/608/655
f 1304/610/657 1297/955/968 912/611/658
f 1265/613/660 929/645/692 1242/614/661
f 1266/616/663 1268/933/946 921/617/664
f 1294/619/666 928/960/973 1257/620/667
f 1302/622/669 1296/962/975 914/623/670
f 1255/625/672 1252/661/708 922/626/673
f 1260/628/675 923/664/711 913/629/676
f 1299/631/678 916/618/665 1278/632/679
f 1279/634/681 917/965/978 1247/635/682
f 1299/631/678 918/959/972 1269/637/684
f 1250/639/686 1253/655/702 925/640/687
f 1258/642/689 940/669/716 1251/624/671
f 1305/644/691 1295/963/976 929/645/692
f 1261/646/693 1259/936/949 931/647/694
f 1267/649/696 932/660/707 927/650/697
f 1243/652/699 920/658/705 919/653/700
f 1253/655/702 1234/943/956 1231/656/703
f 1241/657/704 936/945/958 920/658/705
f 1239/659/706 1233/947/960 932/660/707
f 1252/661/708 1235/953/966 934/662/709
f 1260/628/675 1236/949/962 933/663/710
f 1273/665/712 1271/957/970 926/666/713
f 1301/668/715 1300/961/974 940/669/716
f 1244/671/718 924/938/951 939/672/719
f 1275/674/721 937/956/969 1249/675/722
s 63
f 1014/677/215 1086/807/866 1109/678/724
f 1024/680/726 1096/819/2060 1095/681/727
s 64
f 966/683/223 990/725/222 989/684/267
f 965/685/268 989/684/267 991/686/264
f 967/687/266 991/686/264 992/688/265
f 968/689/262 992/688/265 993/690/729
f 993/690/729 994/693/258 970/692/260
f 994/693/258 995/905/259 971/694/256
f 971/694/256 995/905/259 996/695/257
f 972/696/254 996/695/257 997/697/730
f 997/697/730 998/700/253 974/699/250
f 998/700/253 999/702/251 975/701/248
f 999/702/251 1000/704/249 976/703/246
f 1000/704/249 1001/706/245 977/705/247
f 1001/706/245 1002/929/243 978/707/244
f 978/707/244 1002/929/243 1003/708/241
f 979/709/242 1003/708/241 1004/710/238
f 1004/710/238 1005/918/2061 981/712/236
f 981/712/236 1005/918/2061 1006/713/234
f 1006/713/234 1007/930/235 983/715/232
f 983/715/232 1007/930/235 1008/716/230
f 1008/716/230 1009/931/2062 985/718/228
f 985/718/228 1009/931/2062 1010/719/731
f 986/720/229 1010/719/731 1011/721/227
f 987/722/224 1011/721/227 1012/723/225
f 988/724/221 1012/723/225 990/725/222
s 65
f 961/727/732 1082/754/732 1083/728/733
s 63
f 1037/679/725 1109/678/724 1108/730/735
s 65
f 1073/732/737 1074/814/275 953/733/738
f 943/735/739 1064/760/762 1065/736/740
s 63
f 1095/681/727 1094/744/748 1022/738/742
f 1036/731/736 1108/730/735 1107/739/743
s 65
f 1077/741/745 1078/815/746 957/742/746
s 63
f 1094/744/748 1093/751/755 1021/745/749
s 65
f 947/746/750 1068/812/2063 1069/747/751
s 63
f 1035/740/744 1107/739/743 1106/749/753
f 1093/751/755 1092/811/2064 1020/752/756
s 65
f 960/753/757 1081/806/757 1082/754/732
s 63
f 1034/750/754 1106/749/753 1105/755/758
s 65
f 1072/757/759 1073/732/737 952/734/737
f 942/759/761 1063/810/761 1064/760/762
s 63
f 1020/752/756 1092/811/2064 1091/761/763
f 1033/756/758 1105/755/758 1104/763/765
s 65
f 1085/765/767 1062/808/768 941/766/768
f 955/768/770 1076/803/871 1077/741/745
s 63
f 1019/762/764 1091/761/763 1090/769/771
s 65
f 1067/771/773 1068/812/2063 947/746/750
s 63
f 1104/763/765 1103/816/775 1031/773/775
s 57
f 1052/774/776 1053/946/959 1029/775/777
f 1021/745/779 1045/798/815 1046/777/780
f 1060/778/782 1061/783/791 1037/679/783
f 1014/677/785 1038/940/953 1039/779/786
f 1029/775/777 1053/946/959 1054/781/788
f 1046/777/780 1047/950/963 1023/682/790
f 1061/783/791 1038/940/953 1014/677/785
f 1015/780/787 1039/779/786 1040/784/792
f 1030/782/789 1054/781/788 1055/786/794
f 1023/682/790 1047/950/963 1048/787/796
f 1040/784/792 1041/954/967 1017/788/798
f 1055/786/794 1056/944/957 1032/764/799
f 1048/787/796 1049/792/805 1025/789/800
f 1017/788/798 1041/954/967 1042/790/801
f 1032/764/799 1056/944/957 1057/791/803
f 1049/792/805 1050/948/961 1026/793/806
f 1042/790/801 1043/796/811 1019/762/807
f 1057/791/803 1058/797/813 1034/750/808
f 1026/793/806 1050/948/961 1051/794/809
f 1043/796/811 1044/952/965 1020/752/812
f 1058/797/813 1059/942/955 1035/740/814
f 1027/795/810 1051/794/809 1052/774/776
f 1020/752/812 1044/952/965 1045/798/815
f 1035/740/814 1059/942/955 1060/778/782
s 66
f 1065/736/816 1089/832/2065 1090/769/817
f 1094/744/819 1095/681/2066 1071/800/820
f 1099/802/822 1100/830/823 1076/803/823
f 1080/805/824 1104/763/824 1105/755/825
f 1085/765/826 1109/678/826 1086/807/827
f 1087/809/828 1088/821/846 1064/760/829
f 1092/811/831 1093/751/847 1069/747/832
f 1073/732/834 1097/822/834 1098/813/835
f 1078/815/836 1102/823/836 1103/816/837
f 1083/728/838 1107/739/848 1108/730/839
f 1066/799/818 1090/769/817 1091/761/840
f 1071/800/820 1095/681/2066 1096/819/842
f 1076/803/823 1100/830/823 1101/820/843
f 1081/806/825 1105/755/825 1106/749/845
f 1088/821/846 1089/832/2065 1065/736/816
f 1093/751/847 1094/744/819 1070/801/821
f 1086/807/827 1087/809/828 1063/810/830
f 1074/814/835 1098/813/835 1099/802/822
f 1103/816/837 1104/763/824 1080/805/824
f 1084/818/839 1108/730/839 1109/678/826
f 1067/771/841 1091/761/840 1092/811/831
f 1072/757/842 1096/819/842 1097/822/834
f 1077/741/844 1101/820/843 1102/823/836
f 1082/754/845 1106/749/845 1107/739/848
s 65
f 948/748/752 1069/747/751 1070/801/849
s 63
f 1097/822/851 1096/819/2060 1024/680/726
s 65
f 1078/815/746 1079/817/2067 958/825/852
s 63
f 1098/813/853 1097/822/851 1025/789/851
s 65
f 1065/736/740 1066/799/869 945/826/854
f 953/733/738 1074/814/275 1075/804/855
f 1083/728/733 1084/818/872 963/828/857
s 63
f 1099/802/858 1098/813/853 1026/793/405
s 65
f 949/824/850 1070/801/849 1071/800/860
s 63
f 1100/830/862 1099/802/858 1027/795/859
s 65
f 958/825/852 1079/817/2067 1080/805/864
s 63
f 1015/780/865 1087/809/865 1086/807/866
f 1101/820/867 1100/830/862 1028/776/863
s 65
f 1066/799/869 1067/771/773 946/772/774
s 63
f 1016/785/870 1088/821/2068 1087/809/865
s 65
f 954/827/856 1075/804/855 1076/803/871
f 1084/818/872 1085/765/767 964/767/769
f 941/766/768 1062/808/768 1063/810/761
s 63
f 1102/823/873 1101/820/867 1029/775/868
f 1089/832/875 1088/821/2068 1016/785/870
s 65
f 1071/800/860 1072/757/759 951/758/760
s 63
f 1103/816/775 1102/823/873 1030/782/874
s 65
f 1080/805/864 1081/806/757 960/753/757
s 63
f 1018/770/772 1090/769/771 1089/832/875
s 67
f 1112/833/503 1115/837/437 1113/834/506
f 1110/836/505 1114/925/507 1115/837/437
f 1118/838/500 1112/833/503 1111/835/877
f 1118/838/500 1116/842/502 1110/836/505
f 1121/840/497 1118/838/500 1117/839/878
f 1121/840/497 1119/845/499 1116/842/502
f 1123/843/880 1124/844/495 1121/840/497
f 1124/844/495 1122/926/496 1119/845/499
f 1126/846/881 1127/848/492 1124/844/495
f 1125/847/493 1122/926/496 1124/844/495
f 1130/849/488 1127/848/492 1126/846/881
f 1128/851/490 1125/847/493 1127/848/492
f 1132/852/883 1133/854/486 1130/849/488
f 1131/853/487 1128/851/490 1130/849/488
f 1136/855/884 1133/854/486 1132/852/883
f 1136/855/884 1134/927/484 1131/853/487
f 1139/857/480 1136/855/884 1135/856/885
f 1137/859/481 1134/927/484 1136/855/884
f 1142/860/477 1139/857/480 1138/858/886
f 1140/862/478 1137/859/481 1139/857/480
f 1145/863/474 1142/860/477 1141/861/887
f 1145/863/474 1143/867/475 1140/862/478
f 1147/865/471 1148/866/470 1145/863/474
f 1148/866/470 1146/928/472 1143/867/475
f 1150/868/889 1151/870/468 1148/866/470
f 1149/869/469 1146/928/472 1148/866/470
f 1153/871/890 1154/873/465 1151/870/468
f 1152/872/466 1149/869/469 1151/870/468
f 1157/874/461 1154/873/465 1153/871/890
f 1157/874/461 1155/878/463 1152/872/466
f 1160/876/459 1157/874/461 1156/875/891
f 1160/876/459 1158/881/460 1155/878/463
f 1163/879/455 1160/876/459 1159/877/892
f 1163/879/455 1161/883/457 1158/881/460
f 1166/882/453 1163/879/455 1162/880/893
f 1166/882/453 1164/2359/454 1161/883/457
f 1168/884/895 1169/886/449 1166/882/453
f 1167/885/451 1164/2359/454 1166/882/453
f 1171/887/896 1172/889/447 1169/886/449
f 1170/888/448 1167/885/451 1169/886/449
f 1174/890/897 1175/892/443 1172/889/447
f 1173/891/445 1170/888/448 1172/889/447
f 1177/893/898 1178/895/440 1175/892/443
f 1176/894/442 1173/891/445 1175/892/443
f 1181/896/438 1178/895/440 1177/893/898
f 1181/896/438 1179/898/439 1176/894/442
f 1115/837/437 1181/896/438 1180/897/899
f 1115/837/437 1114/925/507 1179/898/439
f 942/759/900 1111/835/877 1113/834/506
f 942/759/900 943/735/902 1117/839/878
f 941/766/509 1113/834/506 1180/897/899
f 943/735/902 944/737/904 1120/841/879
f 945/826/903 1123/843/880 1120/841/879
f 946/772/905 1126/846/881 1123/843/880
f 947/746/906 1129/850/882 1126/846/881
f 947/746/906 948/748/907 1132/852/883
f 948/748/907 949/824/908 1135/856/885
f 949/824/908 950/829/910 1138/858/886
f 951/758/909 1141/861/887 1138/858/886
f 952/734/911 1144/864/888 1141/861/887
f 952/734/911 953/733/521 1147/865/471
f 953/733/521 954/827/912 1150/868/889
f 954/827/912 955/768/913 1153/871/890
f 955/768/913 956/743/914 1156/875/891
f 956/743/914 957/742/591 1159/877/892
f 958/825/590 1162/880/893 1159/877/892
f 958/825/590 959/831/6 1165/831/894
f 960/753/589 1168/884/895 1165/831/894
f 960/753/589 961/727/588 1171/887/896
f 962/729/915 1174/890/897 1171/887/896
f 963/828/916 1177/893/898 1174/890/897
f 964/767/901 1180/897/899 1177/893/898
f 1184/684/577 1183/725/532 1182/899/578
f 1186/686/574 1184/684/577 1185/900/576
f 1188/688/918 1186/686/574 1187/901/917
f 1190/690/920 1188/688/918 1189/902/919
f 1192/693/922 1190/690/920 1191/903/921
f 1194/905/566 1192/693/922 1193/904/923
f 1196/695/924 1194/905/566 1195/906/567
f 1199/908/926 1198/697/928 1196/695/924
f 1201/909/927 1200/700/930 1198/697/928
f 1203/910/929 1202/702/558 1200/700/930
f 1205/911/931 1204/704/932 1202/702/558
f 1207/912/555 1206/706/554 1204/704/932
f 1209/913/933 1208/929/943 1206/706/554
f 1210/708/934 1208/929/943 1209/913/933
f 1212/710/935 1210/708/934 1211/914/551
f 1215/916/547 1214/918/937 1212/710/935
f 1217/917/936 1216/713/544 1214/918/937
f 1219/919/542 1218/930/543 1216/713/544
f 1220/716/541 1218/930/543 1219/919/542
f 1223/921/538 1222/931/944 1220/716/541
f 1224/719/939 1222/931/944 1223/921/538
f 1227/923/940 1226/721/942 1224/719/939
f 1229/924/941 1228/723/533 1226/721/942
f 1183/725/532 1228/723/533 1229/924/941
f 1114/925/507 1110/836/505 1185/900/576
f 990/725/3 1012/723/579 1228/723/533
f 989/684/594 990/725/3 1183/725/532
f 1179/898/439 1114/925/507 1182/899/578
f 1185/900/576 1110/836/505 1116/842/502
f 991/686/593 989/684/594 1184/684/577
f 1187/901/917 1116/842/502 1119/845/499
f 992/688/592 991/686/593 1186/686/574
f 1189/902/919 1119/845/499 1122/926/496
f 993/690/591 992/688/592 1188/688/918
f 1191/903/921 1122/926/496 1125/847/493
f 994/693/590 993/690/591 1190/690/920
f 1125/847/493 1128/851/490 1195/906/567
f 995/905/6 994/693/590 1192/693/922
f 1195/906/567 1128/851/490 1131/853/487
f 996/695/589 995/905/6 1194/905/566
f 1131/853/487 1134/927/484 1199/908/926
f 997/697/588 996/695/589 1196/695/924
f 1134/927/484 1137/859/481 1201/909/927
f 998/700/587 997/697/588 1198/697/928
f 1137/859/481 1140/862/478 1203/910/929
f 999/702/586 998/700/587 1200/700/930
f 1140/862/478 1143/867/475 1205/911/931
f 1000/704/585 999/702/586 1202/702/558
f 1205/911/931 1143/867/475 1146/928/472
f 1001/706/7 1000/704/585 1204/704/932
f 1207/912/555 1146/928/472 1149/869/469
f 1002/929/584 1001/706/7 1206/706/554
f 1209/913/933 1149/869/469 1152/872/466
f 1003/708/583 1002/929/584 1208/929/943
f 1152/872/466 1155/878/463 1213/915/549
f 1004/710/582 1003/708/583 1210/708/934
f 1155/878/463 1158/881/460 1215/916/547
f 1005/918/528 1004/710/582 1212/710/935
f 1158/881/460 1161/883/457 1217/917/936
f 1006/713/527 1005/918/528 1214/918/937
f 1161/883/457 1164/2359/454 1219/919/542
f 1007/930/9 1006/713/527 1216/713/544
f 1219/919/542 1164/2359/454 1167/885/451
f 1008/716/526 1007/930/9 1218/930/543
f 1221/920/938 1167/885/451 1170/888/448
f 1009/931/525 1008/716/526 1220/716/541
f 1223/921/538 1170/888/448 1173/891/445
f 1010/719/581 1009/931/525 1222/931/944
f 1225/922/536 1173/891/445 1176/894/442
f 1011/721/580 1010/719/581 1224/719/939
f 1176/894/442 1179/898/439 1229/924/941
f 1012/723/579 1011/721/580 1226/721/942
s 57
f 1263/932/945 1262/612/659 912/611/658
f 1268/933/946 1237/941/954 935/934/947
f 1238/935/948 1232/939/952 931/647/694
f 1240/937/950 1230/951/964 924/938/951
f 1258/642/689 1263/932/945 1248/670/717
f 923/664/711 1244/671/718 1245/673/720
f 1301/668/715 1248/670/717 912/611/658
f 925/640/687 1243/652/699 1246/654/701
f 1275/674/721 1280/636/683 1247/635/682
f 1272/615/662 1242/614/661 926/666/713
f 1276/958/971 1282/676/723 1249/675/722
f 1269/637/684 1273/665/712 1254/667/714
f 1264/643/690 1251/624/671 914/623/670
f 916/618/665 921/617/664 1253/655/702
f 939/672/719 924/938/951 1252/661/708
f 1302/622/669 1251/624/671 940/669/716
f 924/938/951 1230/951/964 1235/953/966
f 933/663/710 1240/937/950 1244/671/718
f 928/960/973 1254/667/714 1264/643/690
f 1242/614/661 1263/932/945 1258/642/689
f 929/645/692 1262/612/659 1263/932/945
f 915/627/674 922/626/673 1259/936/949
f 1254/667/714 926/666/713 1258/642/689
f 932/660/707 1260/628/675 1256/630/677
f 1303/621/668 1257/620/667 914/623/670
f 1295/963/976 1304/610/657 1262/612/659
f 918/959/972 1249/675/722 1273/665/712
f 1247/635/682 1272/615/662 1271/957/970
f 1249/675/722 937/956/969 1271/957/970
f 920/658/705 1267/649/696 1270/651/698
f 1298/964/977 1305/644/691 1265/613/660
f 1306/638/685 1269/637/684 928/960/973
f 930/648/695 931/647/694 1268/933/946
f 917/965/978 1265/613/660 1272/615/662
f 936/945/958 1239/659/706 1267/649/696
f 932/660/707 1233/947/960 1236/949/962
f 934/662/709 1238/935/948 1259/936/949
f 931/647/694 1232/939/952 1237/941/954
f 921/617/664 935/934/947 1234/943/956
f 1231/656/703 1241/657/704 1243/652/699
f 1250/639/686 1283/970/983 1278/632/679
f 1285/966/979 1288/969/982 1282/676/723
f 1246/654/701 1281/976/989 1274/967/980
f 1284/968/981 1287/972/985 1280/636/683
f 1284/968/981 1275/674/721 1282/676/723
f 1250/639/686 938/641/688 1274/967/980
f 1291/971/984 1279/634/681 1280/636/683
f 1307/633/680 1278/632/679 1290/973/986
f 1298/964/977 1308/979/992 1277/975/988
f 1246/654/701 919/653/700 1277/975/988
f 1278/632/679 1283/970/983 1293/977/990
f 1281/976/989 1292/981/994 1289/978/991
f 1283/970/983 1274/967/980 1289/978/991
f 1308/979/992 1310/982/995 1286/980/993
f 1277/975/988 1286/980/993 1292/981/994
f 1279/634/681 1291/971/984 1310/982/995
f 917/965/978 1279/634/681 1308/979/992
f 1276/958/971 1307/633/680 1309/974/987
f 1266/616/663 1306/638/685 1294/619/666
f 919/653/700 1270/651/698 1305/644/691
f 927/650/697 1256/630/677 1304/610/657
f 1261/646/693 1303/621/668 1296/962/975
f 1255/625/672 1302/622/669 1300/961/974
f 913/629/676 1245/673/720 1301/668/715
f 1245/673/720 939/672/719 1300/961/974
f 1270/651/698 927/650/697 1295/963/976
f 916/618/665 1299/631/678 1306/638/685
f 918/959/972 1299/631/678 1307/633/680
f 915/627/674 1296/962/975 1302/622/669
f 930/648/695 1294/619/666 1303/621/668
f 1256/630/677 913/629/676 1297/955/968
f 1320/983/996 1316/995/1008 894/587/1
f 908/590/638 1321/988/1001 1313/984/997
f 894/587/1 1316/995/1008 1317/986/999
f 900/589/637 911/596/644 1312/987/1000
f 905/597/645 1314/993/1006 1321/988/1001
f 1319/989/1002 1288/969/982 1285/966/979
f 1285/966/979 1309/974/987 1322/991/1004
f 1290/973/986 1293/977/990 1320/983/996
f 1309/974/987 1290/973/986 1312/987/1000
f 1291/971/984 1313/984/997 1321/988/1001
f 1318/992/1005 1313/984/997 1291/971/984
f 1286/980/993 1314/993/1006 1317/986/999
f 1310/982/995 1321/988/1001 1314/993/1006
f 1315/994/1007 1318/992/1005 1287/972/985
f 1315/994/1007 1284/968/981 1288/969/982
f 1293/977/990 1289/978/991 1316/995/1008
f 1292/981/994 1317/986/999 1316/995/1008
f 909/604/652 910/609/656 1311/990/1003
f 911/596/644 909/604/652 1322/991/1004
f 906/605/653 907/985/998 1313/984/997
f 1314/993/1006 905/597/645 896/606/654
f 904/607/82 906/605/653 1318/992/1005
f 1319/989/1002 903/608/655 904/607/82
f 1311/990/1003 910/609/656 903/608/655
s 68
f 1330/996/3 1328/999/3 1324/997/3
s 69
f 1326/998/9 1325/998/9 1329/996/9
s 70
f 1327/999/6 1323/997/6 1324/997/6
s 71
f 1323/997/7 1327/999/7 1329/996/7
s 72
f 1329/996/82 1327/999/82 1328/999/82
s 73
f 1371/1000/9 1369/1001/9 1333/1001/9
s 74
f 1342/1002/82 1338/1070/82 1331/1000/82
f 1332/1003/82 1346/1057/82 1363/1004/82
f 1354/1006/82 1340/1060/82 1345/1007/82
f 1348/1009/82 1332/1003/82 1364/1005/82
f 1350/1011/82 1342/1002/82 1333/1001/82
f 1344/1013/82 1341/1083/82 1380/1014/82
f 1355/1008/82 1345/1007/82 1335/1016/82
f 1353/1017/82 1335/1016/82 1362/1018/82
f 1507/1020/82 1344/1013/82 1381/1015/82
s 75
f 1376/1022/7 1378/1005/7 1364/1005/7
s 74
f 1339/1023/82 1350/1011/82 1347/1012/82
f 1336/1025/82 1348/1009/82 1365/1010/82
f 1343/1024/82 1347/1012/82 1348/1009/82
f 1397/1027/82 1353/1017/82 1366/1019/82
s 76
f 1377/1029/6 1376/1022/6 1359/1022/6
s 74
f 1399/1030/82 1354/1006/82 1355/1008/82
f 1393/1032/82 1351/1085/82 1383/1033/82
f 1395/1035/82 1402/1041/82 1361/1036/82
f 1360/1029/82 1359/1022/82 1337/1038/82
f 1359/1022/82 1358/1045/82 1334/1040/82
f 1402/1041/82 1404/1028/82 1366/1019/82
f 1367/1026/82 1365/1010/82 1360/1029/82
f 1366/1019/82 1362/1018/82 1356/1043/82
s 73
f 1408/1044/9 1371/1000/9 1331/1000/9
s 74
f 1364/1005/82 1363/1004/82 1358/1045/82
s 77
f 1368/1046/82 1369/1049/82 1372/1047/82
f 1369/1049/82 1371/1076/82 1370/1050/82
f 1409/1051/82 1375/2360/82 1374/1052/82
s 78
f 1379/1054/82 1378/2361/82 1376/1055/82
s 79
f 1378/1005/9 1379/1010/9 1365/1010/9
s 80
f 1372/1003/6 1370/1057/6 1346/1057/6
f 1407/1027/6 1374/1017/6 1353/1017/6
s 73
f 1369/1001/9 1368/1012/9 1347/1012/9
s 81
f 1368/1012/3 1373/1009/3 1348/1009/3
s 82
f 1379/1010/3 1377/1029/3 1360/1029/3
s 80
f 1373/1009/6 1372/1003/6 1332/1003/6
s 83
f 1374/1017/7 1375/1008/7 1355/1008/7
s 84
f 1390/1021/3 1386/1011/3 1350/1011/3
s 85
f 1415/1058/9 1388/1014/9 1380/1014/9
f 1388/1014/9 1389/1015/9 1381/1015/9
s 74
f 1508/1059/82 1382/1021/82 1350/1011/82
f 1383/1033/82 1504/1086/82 1340/1060/82
s 86
f 1414/1061/82 1391/2362/82 1387/1062/82
f 1390/1064/82 1389/2363/82 1384/1065/82
f 1389/1067/82 1388/1072/82 1385/1068/82
s 85
f 1389/1015/9 1390/1021/9 1382/1021/9
s 87
f 1387/1006/7 1391/1033/7 1383/1033/7
s 88
f 1413/1030/6 1387/1006/6 1354/1006/6
f 1384/1002/6 1385/1070/6 1338/1070/6
f 1386/1011/6 1384/1002/6 1342/1002/6
f 1385/1070/6 1412/1071/6 1398/1071/6
f 1412/1071/6 1413/1030/6 1399/1030/6
s 86
f 1388/1072/82 1415/1074/82 1412/1073/82
f 1415/1074/82 1414/1061/82 1413/1063/82
s 85
f 1391/1033/9 1414/1034/9 1410/1034/9
f 1414/1034/9 1415/1058/9 1411/1058/9
s 80
f 1370/1057/6 1406/1075/6 1396/1075/6
f 1406/1075/6 1407/1027/6 1397/1027/6
s 77
f 1371/1076/82 1408/1078/82 1406/1077/82
f 1408/1078/82 1409/2364/82 1407/1079/82
s 73
f 1375/1008/9 1409/1031/9 1401/1031/9
f 1409/1031/9 1408/1044/9 1400/1044/9
s 74
f 1363/1004/82 1405/1081/82 1403/1080/82
s 89
f 1419/1081/3 1417/1080/3 1403/1080/3
s 74
f 1358/1045/82 1403/1080/82 1394/1082/82
f 1403/1080/82 1402/1041/82 1395/1035/82
f 1341/1083/82 1392/1084/82 1411/1058/82
f 1392/1084/82 1393/1032/82 1410/1034/82
f 1338/1070/82 1398/1071/82 1400/1044/82
f 1398/1071/82 1399/1030/82 1401/1031/82
f 1363/1004/82 1346/1057/82 1396/1075/82
f 1396/1075/82 1397/1027/82 1404/1028/82
s 90
f 1419/1081/82 1418/1028/82 1416/1041/82
s 91
f 1416/1041/7 1418/1028/7 1404/1028/7
s 92
f 1418/1028/9 1419/1081/9 1405/1081/9
s 93
f 1417/1080/6 1416/1041/6 1402/1041/6
s 94
f 1439/1032/6 1432/1085/1021 1351/1085/1009
f 1422/1025/7 1427/1024/7 1343/1024/7
f 1423/1038/9 1430/1039/1010 1349/1039/1010
f 1433/1037/1011 1441/1035/9 1395/1035/9
f 1421/1016/3 1434/1018/3 1362/1018/3
f 1436/1086/1012 1425/1060/3 1340/1060/3
f 1426/1083/6 1438/1084/6 1392/1084/6
f 1431/1020/1013 1428/1013/6 1344/1013/6
f 1438/1084/6 1439/1032/6 1393/1032/6
f 1440/1082/9 1420/1040/9 1334/1040/9
f 1424/1023/7 1437/1059/1015 1508/1059/1015
f 1441/1035/9 1440/1082/9 1394/1082/9
f 1425/1060/3 1429/1007/3 1345/1007/3
f 1434/1018/3 1499/1043/1016 1356/1043/1016
f 1428/1013/6 1426/1083/6 1341/1083/6
f 1502/1042/1017 1435/1026/7 1367/1026/7
f 1427/1024/7 1424/1023/7 1339/1023/7
f 1420/1040/9 1423/1038/9 1337/1038/9
f 1435/1026/7 1422/1025/7 1336/1025/7
f 1429/1007/3 1421/1016/3 1335/1016/3
f 1498/1116/1018 1500/1116/1018 1433/1037/1011
f 1356/1043/1016 1499/1043/1016 1500/1116/1018
s 74
f 1361/1036/82 1356/1043/82 1498/1116/82
s 94
f 1503/1117/1019 1501/1117/1019 1349/1039/1010
f 1502/1042/1017 1357/1042/1017 1501/1117/1019
s 74
f 1360/1029/82 1349/1039/82 1501/1117/82
s 94
f 1506/1118/1020 1505/1118/1020 1351/1085/1009
f 1436/1086/1012 1504/1086/1012 1505/1118/1020
s 74
f 1383/1033/82 1351/1085/82 1505/1118/82
s 94
f 1509/1119/1022 1510/1119/1022 1431/1020/1013
f 1508/1059/1015 1437/1059/1015 1510/1119/1022
s 74
f 1509/1119/82 1507/1020/82 1382/1021/82
s 0
f 1952/1507/82 1948/2370/82 1947/1508/82
s 132
f 2519/2123/1909 2520/2124/1930 2545/2124/1910
f 2515/2125/1912 2516/2126/1931 2541/2126/1913
f 2512/2127/1915 2537/2127/1932 2535/2128/1916
f 2518/2129/1918 2519/2123/1909 2544/2123/1911
f 2515/2125/1912 2540/2125/1914 2539/2130/1920
f 2517/2131/1922 2518/2129/1918 2543/2129/1919
f 2511/2132/1917 2535/2132/1916 2536/2133/1924
f 2522/2133/1925 2536/2133/1924 2546/2134/1926
f 2514/2130/1921 2539/2130/1920 2538/2135/1928
f 2520/2124/1930 2521/2134/1927 2546/2134/1926
f 2516/2126/1931 2517/2131/1922 2542/2131/1923
f 2513/2135/1929 2538/2135/1928 2537/2127/1932
s 133
f 2535/2132/1933 2547/2149/1937 2548/2136/1934
f 2537/2127/1936 2549/2138/1939 2547/2137/1937
f 2538/2135/1938 2550/2139/1941 2549/2138/1939
f 2539/2130/1940 2551/2140/1943 2550/2139/1941
f 2540/2125/1942 2552/2141/1945 2551/2140/1943
f 2541/2126/1944 2553/2147/2081 2552/2141/1945
f 2554/2142/1946 2553/2147/2081 2541/2126/1944
f 2555/2143/1948 2554/2142/1946 2542/2131/1947
f 2556/2144/1950 2555/2143/1948 2543/2129/1949
f 2557/2145/1952 2556/2144/1950 2544/2123/1951
f 2558/2146/1954 2557/2145/1952 2545/2124/1953
f 2548/2136/1934 2558/2146/1954 2546/2134/1955
s 134
f 2553/2147/1956 2554/2142/2001 2527/2142/1957
f 2550/2139/1959 2531/2139/1997 2532/2138/1960
f 2556/2144/1962 2557/2145/1994 2524/2145/1963
f 2552/2141/1965 2553/2147/1956 2528/2147/1958
f 2549/2138/1961 2532/2138/1960 2534/2137/1967
f 2555/2143/1969 2556/2144/1962 2525/2144/1964
s 135
f 2559/2148/1971 2560/2159/1993 2533/2136/1972
f 2561/2150/1974 2559/2373/1971 2534/2137/1973
f 2562/2151/1976 2561/2150/1974 2532/2138/1975
f 2563/2152/1978 2562/2151/1976 2531/2139/1977
f 2564/2153/1980 2563/2152/1978 2530/2140/1979
f 2528/2147/1982 2565/2154/1984 2564/2153/1980
f 2527/2142/1983 2566/2155/1986 2565/2154/1984
f 2526/2143/1985 2567/2156/1988 2566/2155/1986
f 2525/2144/1987 2568/2157/1990 2567/2156/1988
f 2524/2145/1989 2569/2158/1992 2568/2157/1990
f 2523/2146/1991 2570/2374/2082 2569/2158/1992
f 2560/2159/1993 2570/2374/2082 2523/2146/1991
s 134
f 2557/2145/1994 2558/2146/1999 2523/2146/1995
f 2551/2140/1996 2530/2140/2002 2531/2139/1997
f 2548/2136/1998 2533/2136/2000 2523/2146/1995
f 2547/2149/1968 2534/2149/1967 2533/2136/2000
f 2554/2142/2001 2555/2143/1969 2526/2143/1970
f 2552/2141/1965 2529/2141/1966 2530/2140/2002
s 0
f 2882/2284/2083 3034/2342/2083 3033/2318/2083
f 2866/2280/2022 3018/2331/2022 3017/2319/2022
f 2899/2297/2084 3051/2325/2084 3050/2320/2084
f 2944/2303/9 3096/2321/9 3095/2321/9
f 2862/2301/2085 3014/2340/2085 3013/2322/2085
f 2901/2297/2086 3053/2325/2086 3052/2323/2086
f 2835/2289/6 2987/2324/6 2986/2324/6
f 2900/2298/2087 3052/2323/2087 3051/2325/2087
f 2895/2282/2027 3047/2344/2027 3046/2326/2027
f 2945/2305/2028 3097/2329/2028 3096/2321/2028
f 2861/2302/2029 3013/2322/2029 3012/2327/2029
f 2918/2303/7 3070/2321/7 3069/2323/7
f 2836/2287/3 2988/2328/3 2987/2324/3
f 2814/2290/7 2966/2332/7 2965/2328/7
f 2884/2285/2088 3036/2330/2088 3035/2318/2088
f 2946/2306/2089 3098/2333/2089 3097/2329/2089
f 2919/2303/9 3071/2321/9 3070/2321/9
f 2881/2283/2090 3033/2318/2090 3032/2330/2090
f 2867/2281/2033 3019/2326/2033 3018/2331/2033
f 2815/2290/9 2967/2332/9 2966/2332/9
f 2947/2307/2033 3099/2341/2033 3098/2333/2033
f 2920/2299/3 3072/2327/3 3071/2321/3
f 2928/2304/6 3080/2334/6 3091/2334/6
f 2829/2279/2034 2981/2339/2034 2980/2319/2034
f 2924/2279/2091 3076/2339/2091 3075/2335/2091
f 2816/2287/3 2968/2328/3 2967/2332/3
f 2885/2286/2036 3037/2337/2036 3036/2330/2036
f 2854/2286/2036 3006/2337/2036 3005/2330/2036
f 2824/2287/2037 2976/2328/2037 2975/2336/2037
f 2880/2285/2038 3032/2330/2038 3031/2337/2038
f 2939/2304/2083 3091/2334/2083 3090/2338/2083
f 2830/2278/2040 2982/2319/2040 2981/2339/2040
f 2925/2278/2040 3077/2319/2040 3076/2339/2040
f 2828/2278/2041 2980/2319/2041 2979/2331/2041
f 2853/2285/2088 3005/2330/2088 3004/2318/2088
f 2923/2300/2042 3075/2335/2042 3074/2340/2042
f 2837/2292/2092 2989/2343/2092 2988/2328/2092
f 2868/2282/2093 3020/2344/2093 3037/2337/2093
f 2948/2279/2027 3100/2339/2027 3099/2341/2027
f 2852/2283/2094 3004/2318/2094 3003/2342/2094
f 2813/2287/2029 2965/2328/2029 2995/2343/2029
f 2879/2286/2095 3031/2337/2095 3030/2344/2095
f 2831/2280/2022 2983/2331/2022 2982/2319/2022
f 2926/2280/2022 3078/2331/2022 3077/2319/2022
f 2929/2282/3 3081/2344/3 3080/2334/3
f 2827/2280/2096 2979/2331/2096 2978/2326/2096
f 2922/2301/2085 3074/2340/2085 3073/2322/2085
f 2887/2282/7 3039/2344/7 3038/2328/7
f 2938/2308/2049 3090/2338/2049 3089/2345/2049
f 2851/2284/2083 3003/2342/2083 3002/2318/2083
f 2817/2291/2050 2969/2336/2050 2968/2328/2050
f 2921/2302/2029 3073/2322/2029 3072/2327/2029
f 2937/2309/2097 3089/2345/2097 3088/2346/2097
f 2832/2281/2033 2984/2326/2033 2983/2331/2033
f 2838/2293/2057 2990/2347/2057 2989/2343/2057
f 2869/2287/3 3021/2328/3 3020/2344/3
f 2826/2281/2052 2978/2326/2052 2977/2344/2052
f 2844/2282/2027 2996/2344/2027 3019/2326/2027
f 2843/2292/2085 2995/2343/2085 2994/2347/2085
f 2878/2282/7 3030/2344/7 3029/2328/7
f 2936/2310/2047 3088/2346/2047 3087/2339/2047
f 2850/2283/2090 3002/2318/2090 3001/2330/2090
f 2927/2281/2033 3079/2326/2033 3078/2331/2033
f 2935/2279/7 3087/2339/7 3086/2342/7
f 2810/2283/2094 2962/2318/2094 2961/2342/2094
f 2849/2285/2038 3001/2330/2038 3000/2337/2038
f 2839/2294/2054 2991/2348/2054 2990/2347/2054
f 2896/2287/3 3048/2328/3 3047/2344/3
f 2914/2286/2036 3066/2337/2036 3065/2330/2036
f 2842/2293/2042 2994/2347/2042 2993/2348/2042
f 2886/2287/2037 3038/2328/2037 3055/2336/2037
f 2949/2284/3 3101/2342/3 3100/2339/3
f 2809/2284/2083 2961/2342/2083 2960/2318/2083
f 2855/2282/2093 3007/2344/2093 3006/2337/2093
f 2913/2285/2088 3065/2330/2088 3064/2318/2088
f 2934/2284/2029 3086/2342/2029 3085/2349/2029
f 2848/2286/2095 3000/2337/2095 2999/2344/2095
f 2840/2295/2055 2992/2350/2055 2991/2348/2055
f 2870/2292/2092 3022/2343/2092 3021/2328/2092
f 2912/2283/2094 3064/2318/2094 3063/2342/2094
f 2841/2294/2035 2993/2348/2035 2992/2350/2035
f 2877/2287/2029 3029/2328/2029 3028/2343/2029
f 2833/2282/2027 2985/2344/2027 2984/2326/2027
f 2857/2298/6 3009/2323/6 3008/2323/6
f 2950/2312/2050 3102/2353/2050 3101/2342/2050
f 2856/2298/3 3008/2323/3 3007/2344/3
f 2933/2311/2085 3085/2349/2085 3084/2351/2085
f 2811/2285/2088 2963/2330/2088 2962/2318/2088
f 2847/2282/7 2999/2344/7 2998/2323/7
f 2911/2284/2083 3063/2342/2083 3062/2318/2083
f 2823/2291/2098 2975/2336/2098 2974/2320/2098
f 2897/2291/2050 3049/2336/2050 3048/2328/2050
f 2808/2283/2090 2960/2318/2090 2959/2330/2090
f 2932/2313/2042 3084/2351/2042 3083/2352/2042
f 2846/2298/6 2998/2323/6 2997/2323/6
f 2871/2293/2057 3023/2347/2057 3022/2343/2057
f 2845/2298/3 2997/2323/3 2996/2344/3
f 2904/2282/2027 3056/2344/2027 3079/2326/2027
f 2818/2296/2099 2970/2320/2099 2969/2336/2099
f 2876/2292/2085 3028/2343/2085 3027/2347/2085
f 2931/2314/2100 3083/2352/2100 3082/2344/2100
f 2812/2286/2036 2964/2337/2036 2963/2330/2036
f 2891/2279/2034 3043/2339/2034 3042/2319/2034
f 2910/2283/2090 3062/2318/2090 3061/2330/2090
f 2822/2296/2101 2974/2320/2101 2973/2325/2101
f 2807/2285/2038 2959/2330/2038 2958/2337/2038
f 2892/2278/2040 3044/2319/2040 3043/2339/2040
f 2909/2285/2038 3061/2330/2038 3060/2337/2038
f 2872/2294/2054 3024/2348/2054 3023/2347/2054
f 2890/2278/2041 3042/2319/2041 3041/2331/2041
f 2819/2297/2084 2971/2325/2084 2970/2320/2084
f 2875/2293/2042 3027/2347/2042 3026/2348/2042
f 2802/2282/2093 2954/2344/2093 2964/2337/2093
f 2821/2297/2086 2973/2325/2086 2972/2323/2086
f 2930/2282/9 3082/2344/9 3081/2344/9
f 2806/2286/2095 2958/2337/2095 2957/2344/2095
f 2915/2282/2093 3067/2344/2093 3066/2337/2093
f 2820/2298/2087 2972/2323/2087 2971/2325/2087
f 2893/2280/2022 3045/2331/2022 3044/2319/2022
f 2908/2286/2095 3060/2337/2095 3059/2344/2095
f 2858/2279/7 3010/2339/7 3009/2323/7
f 2873/2295/2055 3025/2350/2055 3024/2348/2055
f 2825/2282/7 2977/2344/7 2976/2328/7
f 2889/2280/2096 3041/2331/2096 3040/2326/2096
f 2874/2294/2035 3026/2348/2035 3025/2350/2035
f 2951/2316/2058 3103/2354/2058 3102/2353/2058
f 2917/2298/6 3069/2323/6 3068/2323/6
f 2859/2279/9 3011/2339/9 3010/2339/9
f 2916/2298/3 3068/2323/3 3067/2344/3
f 2952/2317/2084 3104/2357/2084 3103/2354/2084
f 2803/2288/3 2955/2356/3 2954/2344/3
f 2894/2281/2033 3046/2326/2033 3045/2331/2033
f 2907/2282/7 3059/2344/7 3058/2323/7
f 2860/2299/3 3012/2327/3 3011/2339/3
f 2903/2291/2098 3055/2336/2098 3054/2320/2098
f 2940/2315/6 3092/2355/6 3105/2355/6
f 2805/2282/7 2957/2344/7 2956/2356/7
f 2888/2281/2052 3040/2326/2052 3039/2344/2052
f 2864/2279/2091 3016/2339/2091 3015/2335/2091
f 2953/2315/2087 3105/2355/2087 3104/2357/2087
f 2906/2298/6 3058/2323/6 3057/2323/6
f 2942/2298/6 3094/2323/6 3093/2323/6
f 2905/2298/3 3057/2323/3 3056/2344/3
f 2865/2278/2040 3017/2319/2040 3016/2339/2040
f 2898/2296/2099 3050/2320/2099 3049/2336/2099
f 2941/2298/3 3093/2323/3 3092/2355/3
f 2834/2289/3 2986/2324/3 2985/2344/3
f 2883/2283/2094 3035/2318/2094 3034/2342/2094
f 2943/2303/7 3095/2321/7 3094/2323/7
f 2863/2300/2042 3015/2335/2042 3014/2340/2042
f 2902/2296/2101 3054/2320/2101 3053/2325/2101
f 2804/2288/9 2956/2356/9 2955/2356/9
s 2
g payphone_stand_metal_rough
usemtl metal_rough
f 4/3/2 5/4/2 3/5/2
s 3
f 6/6/3 7/7/3 5/4/3
s 4
f 8/8/4 9/9/4 7/7/4
s 5
f 10/10/5 11/7/5 9/9/5
s 6
f 3/5/6 5/4/6 3107/11/6
s 7
f 12/8/7 13/4/7 11/7/7
s 8
f 14/6/8 3/5/8 13/4/8
s 9
f 93/6/9 95/8/9 3108/12/9
s 10
f 85/13/10 19/14/11 15/15/12
f 15/15/12 20/16/13 86/17/14
f 84/18/15 65/19/9 17/20/16
f 86/17/14 21/21/17 16/22/18
f 84/18/15 18/23/19 85/13/10
f 16/22/18 22/24/20 87/25/21
f 17/20/16 65/19/9 23/26/22
f 20/16/13 27/27/23 21/21/17
f 18/23/19 23/26/22 24/28/24
f 22/24/20 27/27/23 28/29/25
f 19/14/11 24/28/24 25/30/26
f 19/14/11 26/31/27 20/16/13
f 25/30/26 32/32/28 26/31/27
f 23/26/22 65/19/9 29/33/29
f 27/27/23 32/32/28 33/34/30
f 23/26/22 30/35/31 24/28/24
f 28/29/25 33/34/30 34/36/32
f 24/28/24 31/37/33 25/30/26
f 30/35/31 35/38/34 36/39/35
f 33/34/30 40/40/36 34/36/32
f 31/37/33 36/39/35 37/41/37
f 32/32/28 37/41/37 38/42/38
f 29/33/29 65/19/9 35/38/34
f 33/34/30 38/42/38 39/43/39
f 35/38/34 65/19/9 41/44/40
f 39/43/39 44/45/41 45/46/42
f 35/38/34 42/47/43 36/39/35
f 39/43/39 46/48/44 40/40/36
f 36/39/35 43/49/45 37/41/37
f 38/42/38 43/49/45 44/45/41
f 42/47/43 49/50/46 43/49/45
f 44/45/41 49/50/46 50/51/47
f 41/44/40 65/19/9 47/52/48
f 45/46/42 50/51/47 51/53/49
f 42/47/43 47/52/48 48/54/50
f 46/48/44 51/53/49 52/55/51
f 47/52/48 54/47/52 48/54/50
f 52/55/51 57/46/53 58/48/54
f 49/50/46 54/47/52 55/49/55
f 50/51/47 55/49/55 56/45/56
f 47/52/48 65/19/9 53/44/57
f 50/51/47 57/46/53 51/53/49
f 55/49/55 62/42/58 56/45/56
f 53/44/57 65/19/9 59/38/59
f 56/45/56 63/43/60 57/46/53
f 54/47/52 59/38/59 60/39/61
f 58/48/54 63/43/60 64/40/62
f 55/49/55 60/39/61 61/41/63
f 60/39/61 68/37/64 61/41/63
f 62/42/58 68/37/64 69/32/65
f 59/38/59 65/19/9 66/33/66
f 62/42/58 70/34/67 63/43/60
f 59/38/59 67/35/68 60/39/61
f 63/43/60 71/36/69 64/40/62
f 70/34/67 75/31/70 76/27/71
f 66/33/66 73/28/72 67/35/68
f 70/34/67 77/29/73 71/36/69
f 68/37/64 73/28/72 74/30/74
f 68/37/64 75/31/70 69/32/65
f 66/33/66 65/19/9 72/26/75
f 75/31/70 80/14/76 81/16/77
f 72/26/75 65/19/9 78/20/78
f 76/27/71 81/16/77 82/21/79
f 72/26/75 79/23/80 73/28/72
f 76/27/71 83/24/81 77/29/73
f 73/28/72 80/14/76 74/30/74
f 82/21/79 87/25/21 83/24/81
f 80/14/76 85/13/10 15/15/12
f 80/14/76 86/17/14 81/16/77
f 78/20/78 65/19/9 84/18/15
f 82/21/79 86/17/14 16/22/18
f 79/23/80 84/18/15 85/13/10
s 12
f 92/4/8 91/3/8 90/5/8
s 13
f 94/7/7 93/6/7 92/4/7
s 14
f 96/9/5 95/8/5 94/7/5
s 15
f 98/7/4 97/10/4 96/9/4
s 16
f 90/5/6 100/4/6 3109/11/6
s 17
f 100/4/3 99/8/3 98/7/3
s 18
f 90/5/2 101/6/2 100/4/2
s 19
f 180/58/9 182/59/9 3110/60/9
s 20
f 106/14/76 172/13/10 102/15/12
f 107/16/77 102/15/12 173/17/14
f 171/18/15 104/20/78 152/19/9
f 108/21/79 173/17/14 103/22/18
f 105/23/80 171/18/15 172/13/10
f 109/24/81 103/22/18 174/25/21
f 104/20/78 110/26/75 152/19/9
f 114/27/71 107/16/77 108/21/79
f 105/23/80 110/26/75 104/20/78
f 109/24/81 114/27/71 108/21/79
f 106/14/76 111/28/72 105/23/80
f 113/31/70 106/14/76 107/16/77
f 113/31/70 118/37/64 112/30/74
f 110/26/75 116/33/66 152/19/9
f 114/27/71 119/32/65 113/31/70
f 111/28/72 116/33/66 110/26/75
f 115/29/73 120/34/67 114/27/71
f 118/37/64 111/28/72 112/30/74
f 117/35/68 122/38/59 116/33/66
f 127/40/62 120/34/67 121/36/69
f 118/37/64 123/39/61 117/35/68
f 119/32/65 124/41/63 118/37/64
f 116/33/66 122/38/59 152/19/9
f 120/34/67 125/42/58 119/32/65
f 122/38/59 128/44/57 152/19/9
f 126/43/60 131/45/56 125/42/58
f 129/47/52 122/38/59 123/39/61
f 133/48/54 126/43/60 127/40/62
f 130/49/55 123/39/61 124/41/63
f 125/42/58 130/49/55 124/41/63
f 130/49/55 135/54/50 129/47/52
f 131/45/56 136/50/46 130/49/55
f 128/44/57 134/52/48 152/19/9
f 132/46/53 137/51/47 131/45/56
f 129/47/52 134/52/48 128/44/57
f 139/55/51 132/46/53 133/48/54
f 141/47/43 134/52/48 135/54/50
f 145/48/44 138/53/49 139/55/51
f 136/50/46 141/47/43 135/54/50
f 137/51/47 142/49/45 136/50/46
f 134/52/48 140/44/40 152/19/9
f 144/46/42 137/51/47 138/53/49
f 149/42/38 142/49/45 143/45/41
f 140/44/40 146/38/34 152/19/9
f 150/43/39 143/45/41 144/46/42
f 141/47/43 146/38/34 140/44/40
f 151/40/36 144/46/42 145/48/44
f 142/49/45 147/39/35 141/47/43
f 155/37/33 147/39/35 148/41/37
f 149/42/38 155/37/33 148/41/37
f 146/38/34 153/33/29 152/19/9
f 157/34/30 149/42/38 150/43/39
f 154/35/31 146/38/34 147/39/35
f 158/36/32 150/43/39 151/40/36
f 157/34/30 162/31/27 156/32/28
f 160/28/24 153/33/29 154/35/31
f 164/29/25 157/34/30 158/36/32
f 161/30/26 154/35/31 155/37/33
f 162/31/27 155/37/33 156/32/28
f 153/33/29 159/26/22 152/19/9
f 162/31/27 167/14/11 161/30/26
f 159/26/22 165/20/16 152/19/9
f 163/27/23 168/16/13 162/31/27
f 160/28/24 165/20/16 159/26/22
f 170/24/20 163/27/23 164/29/25
f 167/14/11 160/28/24 161/30/26
f 174/25/21 169/21/17 170/24/20
f 167/14/11 172/13/10 166/23/19
f 168/16/13 102/15/12 167/14/11
f 165/20/16 171/18/15 152/19/9
f 169/21/17 173/17/14 168/16/13
f 166/23/19 171/18/15 165/20/16
s 24
f 179/61/4 178/62/4 177/63/4
s 25
f 181/64/3 180/58/3 179/61/3
s 26
f 183/65/2 182/59/2 181/64/2
s 27
f 185/64/8 184/66/8 183/65/8
s 28
f 177/63/6 187/61/6 3111/67/6
s 29
f 187/61/7 186/59/7 185/64/7
s 30
f 177/63/5 188/58/5 187/61/5
s 31
f 267/58/9 265/62/9 3112/68/9
s 32
f 193/69/45 259/70/50 189/71/46
f 194/72/41 189/71/46 260/73/47
f 258/74/48 191/75/40 239/76/9
f 195/77/42 260/73/47 190/78/49
f 192/79/43 258/74/48 259/70/50
f 196/80/44 190/78/49 261/81/51
f 191/75/40 197/82/34 239/76/9
f 201/83/39 194/72/41 195/77/42
f 192/79/43 197/82/34 191/75/40
f 196/80/44 201/83/39 195/77/42
f 193/69/45 198/84/35 192/79/43
f 200/85/38 193/69/45 194/72/41
f 200/85/38 205/86/33 199/87/37
f 197/82/34 203/88/29 239/76/9
f 201/83/39 206/89/28 200/85/38
f 198/84/35 203/88/29 197/82/34
f 202/90/36 207/91/30 201/83/39
f 205/86/33 198/84/35 199/87/37
f 204/92/31 209/93/22 203/88/29
f 214/94/25 207/91/30 208/95/32
f 205/86/33 210/96/24 204/92/31
f 206/89/28 211/97/26 205/86/33
f 203/88/29 209/93/22 239/76/9
f 207/91/30 212/98/27 206/89/28
f 209/93/22 215/99/16 239/76/9
f 213/100/23 218/101/13 212/98/27
f 216/102/19 209/93/22 210/96/24
f 220/103/20 213/100/23 214/94/25
f 217/104/11 210/96/24 211/97/26
f 212/98/27 217/104/11 211/97/26
f 217/104/11 222/105/10 216/102/19
f 218/101/13 223/106/12 217/104/11
f 215/99/16 221/107/15 239/76/9
f 219/108/17 224/109/14 218/101/13
f 216/102/19 221/107/15 215/99/16
f 226/110/21 219/108/17 220/103/20
f 228/102/80 221/107/15 222/105/10
f 232/103/81 225/111/18 226/110/21
f 223/106/12 228/102/80 222/105/10
f 224/109/14 229/104/76 223/106/12
f 221/107/15 227/99/78 239/76/9
f 231/108/79 224/109/14 225/111/18
f 236/98/70 229/104/76 230/101/77
f 227/99/78 233/93/75 239/76/9
f 237/100/71 230/101/77 231/108/79
f 228/102/80 233/93/75 227/99/78
f 238/94/73 231/108/79 232/103/81
f 229/104/76 234/96/72 228/102/80
f 242/86/64 234/96/72 235/97/74
f 236/98/70 242/86/64 235/97/74
f 233/93/75 240/88/66 239/76/9
f 244/91/67 236/98/70 237/100/71
f 241/92/68 233/93/75 234/96/72
f 245/95/69 237/100/71 238/94/73
f 244/91/67 249/85/58 243/89/65
f 247/84/61 240/88/66 241/92/68
f 251/90/62 244/91/67 245/95/69
f 248/87/63 241/92/68 242/86/64
f 249/85/58 242/86/64 243/89/65
f 240/88/66 246/82/59 239/76/9
f 249/85/58 254/69/55 248/87/63
f 246/82/59 252/75/57 239/76/9
f 250/83/60 255/72/56 249/85/58
f 247/84/61 252/75/57 246/82/59
f 257/80/54 250/83/60 251/90/62
f 254/69/55 247/84/61 248/87/63
f 261/81/51 256/77/53 257/80/54
f 254/69/55 259/70/50 253/79/52
f 255/72/56 189/71/46 254/69/55
f 252/75/57 258/74/48 239/76/9
f 256/77/53 260/73/47 255/72/56
f 253/79/52 258/74/48 252/75/57
s 33
f 265/62/5 266/61/5 264/63/5
s 34
f 267/58/7 268/64/7 266/61/7
s 35
f 269/59/8 270/65/8 268/64/8
s 36
f 271/66/2 272/64/2 270/65/2
s 37
f 264/63/6 266/61/6 3113/67/6
s 38
f 273/59/3 274/61/3 272/64/3
s 39
f 275/58/4 264/63/4 274/61/4
s 40
f 346/70/50 280/69/55 276/71/46
f 276/71/46 281/72/56 347/73/47
f 345/74/48 326/76/9 278/75/57
f 347/73/47 282/77/53 277/78/49
f 345/74/48 279/79/52 346/70/50
f 277/78/49 283/80/54 348/81/51
f 278/75/57 326/76/9 284/82/59
f 281/72/56 288/83/60 282/77/53
f 279/79/52 284/82/59 285/84/61
f 283/80/54 288/83/60 289/90/62
f 280/69/55 285/84/61 286/87/63
f 280/69/55 287/85/58 281/72/56
f 286/87/63 293/89/65 287/85/58
f 284/82/59 326/76/9 290/88/66
f 288/83/60 293/89/65 294/91/67
f 284/82/59 291/92/68 285/84/61
f 289/90/62 294/91/67 295/95/69
f 285/84/61 292/86/64 286/87/63
f 291/92/68 296/93/75 297/96/72
f 294/91/67 301/94/73 295/95/69
f 292/86/64 297/96/72 298/97/74
f 293/89/65 298/97/74 299/98/70
f 290/88/66 326/76/9 296/93/75
f 294/91/67 299/98/70 300/100/71
f 296/93/75 326/76/9 302/99/78
f 300/100/71 305/101/77 306/108/79
f 296/93/75 303/102/80 297/96/72
f 300/100/71 307/103/81 301/94/73
f 297/96/72 304/104/76 298/97/74
f 299/98/70 304/104/76 305/101/77
f 303/102/80 310/106/12 304/104/76
f 305/101/77 310/106/12 311/109/14
f 302/99/78 326/76/9 308/107/15
f 306/108/79 311/109/14 312/111/18
f 303/102/80 308/107/15 309/105/10
f 307/103/81 312/111/18 313/110/21
f 308/107/15 315/102/19 309/105/10
f 313/110/21 318/108/17 319/103/20
f 310/106/12 315/102/19 316/104/11
f 311/109/14 316/104/11 317/101/13
f 308/107/15 326/76/9 314/99/16
f 311/109/14 318/108/17 312/111/18
f 316/104/11 323/98/27 317/101/13
f 314/99/16 326/76/9 320/93/22
f 317/101/13 324/100/23 318/108/17
f 315/102/19 320/93/22 321/96/24
f 319/103/20 324/100/23 325/94/25
f 316/104/11 321/96/24 322/97/26
f 321/96/24 329/86/33 322/97/26
f 323/98/27 329/86/33 330/89/28
f 320/93/22 326/76/9 327/88/29
f 323/98/27 331/91/30 324/100/23
f 320/93/22 328/92/31 321/96/24
f 324/100/23 332/95/32 325/94/25
f 331/91/30 336/85/38 337/83/39
f 327/88/29 334/84/35 328/92/31
f 331/91/30 338/90/36 332/95/32
f 329/86/33 334/84/35 335/87/37
f 329/86/33 336/85/38 330/89/28
f 327/88/29 326/76/9 333/82/34
f 336/85/38 341/69/45 342/72/41
f 333/82/34 326/76/9 339/75/40
f 337/83/39 342/72/41 343/77/42
f 333/82/34 340/79/43 334/84/35
f 337/83/39 344/80/44 338/90/36
f 334/84/35 341/69/45 335/87/37
f 343/77/42 348/81/51 344/80/44
f 341/69/45 346/70/50 276/71/46
f 341/69/45 347/73/47 342/72/41
f 339/75/40 326/76/9 345/74/48
f 343/77/42 347/73/47 277/78/49
f 340/79/43 345/74/48 346/70/50
s 111
f 1708/1300/1146 1781/1301/6 1779/1301/1147
s 112
f 1710/1302/1148 1782/1303/9 1780/1303/1149
s 113
f 1717/1304/1150 1784/1305/1151 1783/1306/1152
f 1737/1307/1153 1725/1308/1154 1726/1307/1155
f 1785/1309/1156 1730/1310/1157 1786/1311/1158
s 114
f 1787/1312/1 1734/1313/1 1788/1314/1
f 1789/1315/1 1737/1307/1 1790/1316/1
s 113
f 1722/1317/1159 1734/1313/1160 1733/1317/1161
f 1812/1318/1162 1718/1319/1163 1798/1320/1164
f 1715/1321/1165 1786/1311/1158 1783/1306/1152
f 1799/1322/1166 1711/1323/1167 1802/1322/1167
f 1722/1317/1159 1737/1307/1153 1726/1307/1155
f 1725/1308/1154 1714/1302/1168 1710/1302/1169
f 1785/1309/1156 1705/1324/1170 1778/1325/1171
s 114
f 1787/1312/1 1735/1326/1 1790/1316/1
s 115
f 1739/1327/82 1801/1328/82 1804/1329/82
s 114
f 1788/1314/1 1802/1322/1 1811/1330/1
f 1736/1331/1 1782/1303/1 1789/1315/1
s 111
f 1791/1332/1172 1746/1333/1173 1792/1334/1174
f 1746/1333/1173 1793/1335/1175 1792/1334/1174
s 112
f 1750/1336/1176 1795/1337/1177 1794/1338/1178
f 1752/1339/1179 1796/1340/1180 1795/1337/1177
s 113
f 1756/1341/1181 1755/1342/1182 1754/1343/1183
f 1755/1342/1182 1757/1344/1184 1753/1345/1185
f 1760/1346/1186 1764/1347/1187 1761/1348/1188
f 1764/1347/1187 1759/1349/1189 1761/1348/1188
f 1766/1350/1190 1770/1351/1191 1767/1352/1192
f 1767/1352/1192 1769/1353/1193 1765/1354/1194
f 1774/1355/1195 1773/1356/1196 1772/1357/1197
f 1776/1358/1198 1771/1359/1199 1773/1356/1196
f 1756/1341/1181 1767/1352/1192 1758/1360/1200
f 1758/1360/1200 1765/1354/1194 1757/1344/1184
f 1754/1343/1183 1806/1361/1201 1805/1362/1202
f 1806/1361/1201 1753/1345/1185 1807/1363/1203
f 1760/1346/1186 1776/1358/1198 1774/1355/1195
f 1761/1348/1188 1775/1364/1204 1776/1358/1198
f 1808/1365/1205 1746/1333/1206 1809/1366/1207
f 1809/1366/1207 1744/1367/1208 1810/1368/1209
f 1748/1369/1210 1773/1356/1196 1771/1359/1199
f 1749/1370/1211 1772/1357/1197 1773/1356/1196
f 1750/1336/1212 1770/1351/1191 1752/1339/1213
f 1752/1339/1213 1768/1371/1214 1751/1372/1215
f 1807/1363/1203 1716/1373/1216 1797/1374/1217
s 111
f 1791/1332/1172 1703/1375/1218 1777/1376/1219
f 1745/1377/1220 1779/1301/1147 1793/1335/1175
s 113
f 1741/1378/1221 1799/1322/1166 1805/1362/1202
f 1808/1365/1205 1720/1379/1222 1800/1380/1223
f 1744/1367/1208 1798/1320/1164 1810/1368/1209
s 112
f 1796/1340/1180 1710/1302/1148 1780/1303/1149
f 1794/1338/1178 1706/1381/1224 1778/1325/1225
s 113
f 1747/1382/1226 1723/1331/1227 1772/1357/1197
f 1771/1359/1199 1706/1381/1228 1748/1369/1210
f 1751/1372/1215 1725/1308/1154 1710/1302/1169
f 1769/1353/1193 1705/1324/1170 1728/1383/1229
f 1754/1343/1183 1722/1317/1159 1756/1341/1181
f 1715/1321/1165 1753/1345/1185 1757/1344/1184
f 1766/1350/1190 1722/1317/1159 1726/1307/1155
f 1757/1344/1184 1727/1384/1230 1715/1321/1165
f 1762/1385/1231 1719/1386/1232 1720/1379/1222
f 1774/1355/1195 1719/1386/1232 1760/1346/1186
f 1763/1387/1233 1717/1304/1150 1759/1349/1189
f 1759/1349/1189 1730/1310/1157 1775/1364/1204
f 1726/1307/1155 1768/1371/1214 1766/1350/1190
f 1728/1383/1229 1765/1354/1194 1769/1353/1193
f 1729/1388/1234 1775/1364/1204 1730/1310/1157
f 1772/1357/1197 1724/1326/1235 1774/1355/1195
s 112
f 1794/1338/1178 1705/1324/1236 1750/1336/1176
f 1747/1382/1237 1780/1303/1149 1709/1389/1238
s 111
f 1793/1335/1175 1707/1323/1239 1741/1378/1240
f 1744/1367/1241 1777/1376/1219 1704/1390/1242
s 112
f 1795/1337/1177 1747/1382/1237 1749/1370/1243
f 1794/1338/1178 1749/1370/1243 1748/1369/1244
s 111
f 1743/1391/1245 1793/1335/1175 1741/1378/1240
f 1742/1392/1246 1792/1334/1174 1743/1391/1245
s 114
f 1789/1315/1 1714/1302/1 1738/1308/1
f 1731/1379/1 1811/1330/1 1803/1380/1
f 1733/1317/1 1790/1316/1 1737/1307/1
s 113
f 1729/1388/1234 1778/1325/1171 1706/1381/1228
f 1783/1306/1152 1730/1310/1157 1717/1304/1150
f 1797/1374/1217 1784/1305/1151 1812/1318/1162
s 114
f 1736/1331/1 1790/1316/1 1735/1326/1
f 1732/1386/1 1788/1314/1 1731/1379/1
s 113
f 1785/1309/1156 1727/1384/1230 1728/1383/1229
f 1783/1306/1152 1716/1373/1216 1715/1321/1165
s 112
f 1780/1303/1149 1713/1389/9 1709/1389/1238
s 111
f 1779/1301/1147 1711/1323/6 1707/1323/1239
s 113
f 1703/1375/1247 1812/1318/1162 1777/1376/1248
s 114
f 1803/1380/1 1781/1301/1 1712/1393/1
s 113
f 1763/1387/1233 1798/1320/1164 1718/1319/1163
f 1745/1377/1249 1800/1380/1223 1708/1300/1250
f 1805/1362/1202 1721/1313/1251 1754/1343/1183
f 1742/1392/1252 1797/1374/1217 1703/1375/1247
f 1809/1366/1207 1763/1387/1233 1764/1347/1187
f 1762/1385/1231 1809/1366/1207 1764/1347/1187
f 1743/1391/1253 1807/1363/1203 1742/1392/1252
f 1805/1362/1202 1743/1391/1253 1741/1378/1221
s 114
f 1811/1330/1 1711/1323/1 1781/1301/1
s 113
f 1799/1322/1166 1734/1313/1160 1721/1313/1251
f 1777/1376/1248 1798/1320/1164 1704/1390/1254
s 111
f 1889/1394/6 1818/1395/1146 1887/1394/1147
s 112
f 1890/1396/9 1820/1397/1148 1888/1396/1149
s 116
f 1931/1329/9 1801/1328/9 1932/1328/9
s 117
f 1929/1398/6 1739/1327/6 1930/1327/6
s 118
f 1892/1399/1255 1827/1400/1256 1891/1401/1257
f 1835/1402/1258 1847/1403/1259 1836/1403/1260
f 1893/1404/1261 1840/1405/1262 1839/1406/1263
s 114
f 1895/1407/1 1844/1408/1 1843/1409/1
f 1897/1410/1 1847/1403/1 1848/1402/1
s 118
f 1844/1408/1264 1832/1409/1265 1843/1409/1266
f 1918/1411/1267 1828/1412/1268 1892/1399/1255
f 1894/1413/1269 1825/1414/1270 1891/1401/1257
f 1907/1415/1271 1821/1416/1272 1817/1416/1273
f 1847/1403/1259 1832/1409/1265 1836/1403/1260
s 119
f 1930/1327/7 1804/1329/7 1931/1329/7
s 118
f 1824/1397/1274 1835/1402/1258 1820/1397/1275
f 1893/1404/1261 1815/1417/1276 1838/1418/1277
s 114
f 1895/1407/1 1845/1419/1 1842/1420/1
f 1909/1415/1 1896/1421/1 1917/1422/1
f 1890/1396/1 1846/1423/1 1897/1410/1
s 111
f 1899/1424/1278 1854/1425/1279 1852/1426/1280
f 1901/1427/1281 1854/1425/1279 1900/1428/1282
s 112
f 1903/1429/1177 1858/1430/1176 1902/1431/1283
f 1904/1432/1180 1860/1433/1179 1903/1429/1177
s 118
f 1863/1434/1284 1864/1435/1285 1862/1436/1286
f 1863/1434/1284 1865/1437/1287 1866/1438/1288
f 1868/1439/1289 1872/1440/1290 1870/1441/1291
f 1867/1442/1292 1872/1440/1290 1869/1443/1293
f 1874/1444/1294 1878/1445/1295 1876/1446/1296
f 1875/1447/1297 1877/1448/1298 1878/1445/1295
f 1881/1449/1299 1882/1450/1300 1880/1451/1301
f 1879/1452/1302 1884/1453/1303 1881/1449/1299
f 1864/1435/1285 1875/1447/1297 1874/1444/1294
f 1866/1438/1288 1873/1454/1304 1875/1447/1297
f 1912/1455/1305 1862/1436/1286 1911/1456/1306
f 1912/1455/1305 1861/1457/1307 1863/1434/1284
f 1884/1453/1303 1868/1439/1289 1882/1450/1300
f 1883/1458/1308 1869/1443/1293 1884/1453/1303
f 1914/1459/1309 1854/1425/1310 1853/1460/1311
f 1915/1461/1312 1852/1426/1313 1854/1425/1310
f 1881/1449/1299 1856/1462/1314 1879/1452/1302
f 1880/1451/1301 1857/1463/1315 1881/1449/1299
f 1858/1430/1316 1878/1445/1295 1877/1448/1298
f 1860/1433/1317 1876/1446/1296 1878/1445/1295
f 1913/1464/1318 1826/1465/1319 1861/1457/1307
s 111
f 1899/1424/1278 1813/1466/1320 1850/1467/1321
f 1887/1394/1147 1853/1460/1220 1901/1427/1281
s 118
f 1907/1415/1271 1849/1468/1322 1911/1456/1306
f 1914/1459/1309 1830/1469/1323 1870/1441/1291
f 1906/1470/1324 1852/1426/1313 1916/1471/1325
s 112
f 1904/1432/1180 1820/1397/1148 1859/1472/1326
f 1902/1431/1283 1816/1473/1327 1856/1462/1244
s 118
f 1833/1423/1328 1855/1474/1329 1880/1451/1301
f 1879/1452/1302 1816/1473/1330 1839/1406/1263
f 1859/1472/1331 1835/1402/1258 1876/1446/1296
f 1815/1417/1276 1877/1448/1298 1838/1418/1277
f 1862/1436/1286 1832/1409/1265 1831/1408/1332
f 1861/1457/1307 1825/1414/1270 1865/1437/1287
f 1874/1444/1294 1832/1409/1265 1864/1435/1285
f 1837/1475/1333 1865/1437/1287 1825/1414/1270
f 1829/1420/1334 1870/1441/1291 1830/1469/1323
f 1829/1420/1334 1882/1450/1300 1868/1439/1289
f 1871/1476/1335 1827/1400/1256 1828/1412/1268
f 1867/1442/1292 1840/1405/1262 1827/1400/1256
f 1876/1446/1296 1836/1403/1260 1874/1444/1294
f 1873/1454/1304 1838/1418/1277 1877/1448/1298
f 1839/1406/1263 1883/1458/1308 1879/1452/1302
f 1880/1451/1301 1834/1419/1336 1833/1423/1328
s 112
f 1815/1417/1236 1902/1431/1283 1858/1430/1176
f 1855/1474/1237 1888/1396/1149 1904/1432/1180
s 111
f 1817/1416/1239 1901/1427/1281 1849/1468/1240
f 1852/1426/1280 1885/1477/1337 1899/1424/1278
s 112
f 1855/1474/1237 1903/1429/1177 1857/1463/1243
f 1857/1463/1243 1902/1431/1283 1856/1462/1244
s 111
f 1851/1478/1338 1901/1427/1281 1900/1428/1282
f 1850/1467/1321 1900/1428/1282 1899/1424/1278
s 114
f 1824/1397/1 1897/1410/1 1848/1402/1
f 1917/1422/1 1841/1469/1 1910/1479/1
f 1843/1409/1 1898/1480/1 1895/1407/1
s 118
f 1839/1406/1263 1886/1481/1339 1893/1404/1261
f 1840/1405/1262 1891/1401/1257 1827/1400/1256
f 1905/1482/1340 1892/1399/1255 1826/1465/1319
s 114
f 1846/1423/1 1898/1480/1 1897/1410/1
f 1842/1420/1 1896/1421/1 1895/1407/1
s 118
f 1837/1475/1333 1893/1404/1261 1838/1418/1277
f 1826/1465/1319 1891/1401/1257 1825/1414/1270
s 112
f 1823/1483/9 1888/1396/1149 1819/1483/1238
s 111
f 1821/1416/6 1887/1394/1147 1817/1416/1239
s 118
f 1813/1466/1341 1918/1411/1267 1905/1482/1340
s 114
f 1889/1394/1 1910/1479/1 1822/1484/1
s 118
f 1871/1476/1335 1906/1470/1324 1916/1471/1325
f 1853/1460/1311 1908/1479/1342 1914/1459/1309
f 1831/1408/1332 1911/1456/1306 1862/1436/1286
f 1850/1467/1343 1905/1482/1340 1913/1464/1318
f 1871/1476/1335 1915/1461/1312 1872/1440/1290
f 1870/1441/1291 1915/1461/1312 1914/1459/1309
f 1851/1478/1344 1913/1464/1318 1912/1455/1305
f 1851/1478/1344 1911/1456/1306 1849/1468/1322
s 114
f 1821/1416/1 1917/1422/1 1889/1394/1
s 118
f 1844/1408/1264 1907/1415/1271 1831/1408/1332
f 1885/1477/1345 1906/1470/1324 1918/1411/1267
s 111
f 1923/1485/6 1919/1486/6 1920/1485/6
s 112
f 1925/1487/9 1921/1488/9 1922/1487/9
s 114
f 1941/1489/1 1939/1490/1 1940/1491/1
f 1937/1492/1 1935/1493/1 1936/1494/1
s 120
f 1933/1495/82 1931/1329/82 1932/1328/82
f 1929/1398/82 1927/1496/82 1928/1497/82
f 1920/1485/82 1943/1498/82 1944/1499/82
s 121
f 1932/1328/3 1740/1398/3 1929/1398/3
s 120
f 1934/1500/82 1922/1487/82 1921/1488/82
s 114
f 1940/1491/1 1938/1501/1 1937/1492/1
f 1936/1494/1 1945/1498/1 1946/1499/1
f 1926/1488/1 1942/1502/1 1941/1489/1
s 120
f 1944/1499/82 1928/1497/82 1927/1496/82
s 114
f 1946/1499/1 1924/1486/1 1923/1485/1
s 111
f 1822/1484/6 1920/1485/6 1818/1395/1146
f 1712/1393/6 1919/1486/6 1924/1486/6
s 120
f 1800/1380/82 1919/1486/82 1708/1300/82
f 1920/1485/82 1908/1479/82 1818/1395/82
s 112
f 1921/1488/9 1823/1483/9 1819/1483/1238
f 1713/1389/9 1922/1487/9 1709/1389/1238
s 120
f 1709/1389/82 1933/1495/82 1723/1331/82
f 1934/1500/82 1819/1483/82 1833/1423/82
s 114
f 1712/1393/1 1945/1498/1 1803/1380/1
f 1946/1499/1 1822/1484/1 1910/1479/1
f 1713/1389/1 1942/1502/1 1925/1487/1
f 1823/1483/1 1941/1489/1 1846/1423/1
s 120
f 1830/1469/82 1930/1327/82 1829/1420/82
f 1929/1398/82 1720/1379/82 1719/1386/82
f 1800/1380/82 1928/1497/82 1943/1498/82
f 1908/1479/82 1927/1496/82 1830/1469/82
f 1719/1386/82 1932/1328/82 1929/1398/82
f 1829/1420/82 1931/1329/82 1834/1419/82
f 1931/1329/82 1833/1423/82 1834/1419/82
f 1932/1328/82 1723/1331/82 1933/1495/82
s 114
f 1803/1380/1 1935/1493/1 1731/1379/1
f 1731/1379/1 1938/1501/1 1732/1386/1
f 1936/1494/1 1910/1479/1 1841/1469/1
f 1841/1469/1 1937/1492/1 1936/1494/1
f 1732/1386/1 1939/1490/1 1735/1326/1
f 1940/1491/1 1842/1420/1 1845/1419/1
f 1941/1489/1 1845/1419/1 1846/1423/1
f 1942/1502/1 1735/1326/1 1939/1490/1
s 131
f 1959/1514/1346 1982/1515/1347 1970/1516/1348
f 1960/1517/1349 1971/1518/1350 1959/1519/1346
f 1961/1520/1351 1972/1521/1352 1960/1517/1349
f 1962/1522/1353 1973/1523/1354 1961/1520/1351
f 1975/1524/1355 1962/1522/1353 1963/1525/1356
f 1976/1526/1357 1963/1525/1356 1964/1527/1358
f 1977/1528/1359 1964/1527/1358 1965/1529/1360
f 1978/1530/1361 1965/1529/1360 1966/1531/1362
f 1979/1532/1363 1966/1531/1362 1967/1533/1364
f 1980/1534/1365 1967/1533/1364 1968/1535/1366
f 1969/1536/1367 1980/1534/1365 1968/1535/1366
f 1970/1516/1348 1981/1537/1368 1969/1536/1367
f 1971/1538/1350 1994/1539/1369 1982/1515/1347
f 1972/1521/1352 1983/1540/1370 1971/1518/1350
f 1973/1523/1354 1984/1541/1371 1972/1521/1352
f 1974/1542/1372 1985/1543/1373 1973/1523/1354
f 1987/1544/1374 1974/1542/1372 1975/1524/1355
f 1988/1545/1375 1975/1524/1355 1976/1526/1357
f 1989/1546/1376 1976/1526/1357 1977/1528/1359
f 1990/1547/1377 1977/1528/1359 1978/1530/1361
f 1991/1548/1378 1978/1530/1361 1979/1532/1363
f 1992/1549/1379 1979/1532/1363 1980/1534/1365
f 1981/1537/1368 1992/1549/1379 1980/1534/1365
f 1982/1515/1347 1993/1550/1380 1981/1537/1368
f 1983/1551/1370 2006/1552/1381 1994/1539/1369
f 1984/1541/1371 1995/1553/1382 1983/1540/1370
f 1985/1543/1373 1996/1554/1383 1984/1541/1371
f 1986/1555/1384 1997/1556/1385 1985/1543/1373
f 1999/1557/1386 1986/1555/1384 1987/1544/1374
f 2000/1558/1387 1987/1544/1374 1988/1545/1375
f 2001/1559/1388 1988/1545/1375 1989/1546/1376
f 2002/1560/1389 1989/1546/1376 1990/1547/1377
f 2003/1561/1390 1990/1547/1377 1991/1548/1378
f 2004/1562/1391 1991/1548/1378 1992/1549/1379
f 1993/1550/1380 2004/1562/1391 1992/1549/1379
f 1994/1539/1369 2005/1563/1392 1993/1550/1380
f 2007/1564/1393 2006/1552/1381 1995/1565/1382
f 2008/1566/1394 1995/1553/1382 1996/1554/1383
f 2009/1567/1395 1996/1554/1383 1997/1556/1385
f 2010/1568/1396 1997/1556/1385 1998/1569/1397
f 1999/1557/1386 2010/1568/1396 1998/1569/1397
f 2000/1558/1387 2011/1570/1398 1999/1557/1386
f 2001/1559/1388 2012/1571/1399 2000/1558/1387
f 2002/1560/1389 2013/1572/1400 2001/1559/1388
f 2003/1561/1390 2014/1573/1401 2002/1560/1389
f 2004/1562/1391 2015/1574/1402 2003/1561/1390
f 2017/1575/1403 2004/1562/1391 2005/1563/1392
f 2018/1576/1404 2005/1563/1392 2006/1552/1381
f 2019/1577/1405 2018/1576/1404 2007/1564/1393
f 2020/1578/1406 2007/1579/1393 2008/1566/1394
f 2021/1580/1407 2008/1566/1394 2009/1567/1395
f 2022/1581/1408 2009/1567/1395 2010/1568/1396
f 2011/1570/1398 2022/1581/1408 2010/1568/1396
f 2012/1571/1399 2023/1582/1409 2011/1570/1398
f 2013/1572/1400 2024/1583/1410 2012/1571/1399
f 2014/1573/1401 2025/1584/1411 2013/1572/1400
f 2015/1574/1402 2026/1585/1412 2014/1573/1401
f 2016/1586/1413 2027/1587/1414 2015/1574/1402
f 2029/1588/1415 2016/1586/1413 2017/1575/1403
f 2030/1589/1416 2017/1575/1403 2018/1576/1404
f 2031/1590/1417 2030/1589/1416 2019/1577/1405
f 2032/1591/1418 2019/1592/1405 2020/1578/1406
f 2033/1593/1419 2020/1578/1406 2021/1580/1407
f 2034/1594/1420 2021/1580/1407 2022/1581/1408
f 2023/1582/1409 2034/1594/1420 2022/1581/1408
f 2024/1583/1410 2035/1595/1421 2023/1582/1409
f 2025/1584/1411 2036/1596/1422 2024/1583/1410
f 2026/1585/1412 2037/1597/1423 2025/1584/1411
f 2027/1587/1414 2038/1598/1424 2026/1585/1412
f 2028/1599/1425 2039/1600/1426 2027/1587/1414
f 2041/1601/1427 2028/1599/1425 2029/1588/1415
f 2042/1602/1428 2029/1588/1415 2030/1589/1416
f 2043/1603/1429 2042/1602/1428 2031/1590/1417
f 2044/1604/1430 2031/1605/1417 2032/1591/1418
f 2045/1606/1431 2032/1591/1418 2033/1593/1419
f 2046/1607/1432 2033/1593/1419 2034/1594/1420
f 2035/1595/1421 2046/1607/1432 2034/1594/1420
f 2036/1596/1422 2047/1608/1433 2035/1595/1421
f 2037/1597/1423 2048/1609/1434 2036/1596/1422
f 2038/1598/1424 2049/1610/1435 2037/1597/1423
f 2039/1600/1426 2050/1611/1436 2038/1598/1424
f 2040/1612/1437 2051/1613/1438 2039/1600/1426
f 2053/1614/1439 2040/1612/1437 2041/1601/1427
f 2054/1615/1440 2041/1601/1427 2042/1602/1428
f 2055/1616/1441 2054/1615/1440 2043/1603/1429
f 2056/1617/1442 2043/1618/1429 2044/1604/1430
f 2057/1619/1443 2044/1604/1430 2045/1606/1431
f 2058/1620/1444 2045/1606/1431 2046/1607/1432
f 2047/1608/1433 2058/1620/1444 2046/1607/1432
f 2048/1609/1434 2059/1621/1445 2047/1608/1433
f 2049/1610/1435 2060/1622/1446 2048/1609/1434
f 2050/1611/1436 2061/1623/1447 2049/1610/1435
f 2051/1613/1438 2062/1624/1448 2050/1611/1436
f 2052/1625/1449 2063/1626/1450 2051/1613/1438
f 2065/1627/1451 2052/1625/1449 2053/1614/1439
f 2066/1628/1452 2053/1614/1439 2054/1615/1440
f 2067/1629/1453 2066/1628/1452 2055/1616/1441
f 2068/1630/1454 2055/1631/1441 2056/1617/1442
f 2069/1632/1455 2056/1617/1442 2057/1619/1443
f 2070/1633/1456 2057/1619/1443 2058/1620/1444
f 2059/1621/1445 2070/1633/1456 2058/1620/1444
f 2060/1622/1446 2071/1634/1457 2059/1621/1445
f 2061/1623/1447 2072/1635/1458 2060/1622/1446
f 2062/1624/1448 2073/1636/1459 2061/1623/1447
f 2063/1626/1450 2074/1637/1460 2062/1624/1448
f 2064/1638/1461 2075/1639/1462 2063/1626/1450
f 2077/1640/1463 2064/1638/1461 2065/1627/1451
f 2078/1641/1464 2065/1627/1451 2066/1628/1452
f 2079/1642/1465 2078/1641/1464 2067/1629/1453
f 2080/1643/1466 2067/1644/1453 2068/1630/1454
f 2081/1645/1467 2068/1630/1454 2069/1632/1455
f 2082/1646/1468 2069/1632/1455 2070/1633/1456
f 2071/1634/1457 2082/1646/1468 2070/1633/1456
f 2072/1635/1458 2083/1647/1469 2071/1634/1457
f 2073/1636/1459 2084/1648/1470 2072/1635/1458
f 2074/1637/1460 2085/1649/1471 2073/1636/1459
f 2075/1639/1462 2086/1650/1472 2074/1637/1460
f 2076/1651/1473 2087/1652/1474 2075/1639/1462
f 2089/1653/1475 2076/1651/1473 2077/1640/1463
f 2090/1654/1476 2077/1640/1463 2078/1641/1464
f 2091/1655/1477 2090/1654/1476 2079/1642/1465
f 2092/1656/1478 2079/1657/1465 2080/1643/1466
f 2093/1658/1479 2080/1643/1466 2081/1645/1467
f 2094/1659/1480 2081/1645/1467 2082/1646/1468
f 2095/1660/1481 2082/1646/1468 2083/1647/1469
f 2084/1648/1470 2095/1660/1481 2083/1647/1469
f 2085/1649/1471 2096/1661/1482 2084/1648/1470
f 2086/1650/1472 2097/1662/1483 2085/1649/1471
f 2087/1652/1474 2098/1663/1484 2086/1650/1472
f 2088/1664/1485 2099/1665/1486 2087/1652/1474
f 2089/1653/1475 2100/1666/1487 2088/1664/1485
f 2102/1667/1488 2089/1653/1475 2090/1654/1476
f 2103/1668/1489 2102/1667/1488 2091/1655/1477
f 2104/1669/1490 2091/1670/1477 2092/1656/1478
f 2105/1671/1491 2092/1656/1478 2093/1658/1479
f 2106/1672/1492 2093/1658/1479 2094/1659/1480
f 2107/1673/1493 2094/1659/1480 2095/1660/1481
f 2096/1661/1482 2107/1673/1493 2095/1660/1481
f 2097/1662/1483 2108/1674/1494 2096/1661/1482
f 2098/1663/1484 2109/1675/1495 2097/1662/1483
f 2099/1665/1486 2110/1676/1496 2098/1663/1484
f 2100/1666/1487 2111/1677/1497 2099/1665/1486
f 2101/1678/1498 2112/1679/1499 2100/1666/1487
f 2114/1680/1500 2101/1678/1498 2102/1667/1488
f 2115/1681/1501 2114/1680/1500 2103/1668/1489
f 2116/1682/1502 2103/1683/1489 2104/1669/1490
f 2117/1684/1503 2104/1669/1490 2105/1671/1491
f 2118/1685/1504 2105/1671/1491 2106/1672/1492
f 2119/1686/1505 2106/1672/1492 2107/1673/1493
f 2108/1674/1494 2119/1686/1505 2107/1673/1493
f 2109/1675/1495 2120/1687/1506 2108/1674/1494
f 2110/1676/1496 2121/1688/1507 2109/1675/1495
f 2111/1677/1497 2122/1689/1508 2110/1676/1496
f 2112/1679/1499 2123/1690/1509 2111/1677/1497
f 2113/1691/1510 2124/1692/1511 2112/1679/1499
f 2126/1693/1512 2113/1691/1510 2114/1680/1500
f 2127/1694/1513 2126/1693/1512 2115/1681/1501
f 2128/1695/1514 2115/1696/1501 2116/1682/1502
f 2129/1697/1515 2116/1682/1502 2117/1684/1503
f 2130/1698/1516 2117/1684/1503 2118/1685/1504
f 2131/1699/1517 2118/1685/1504 2119/1686/1505
f 2120/1687/1506 2131/1699/1517 2119/1686/1505
f 2121/1688/1507 2132/1700/1518 2120/1687/1506
f 2122/1689/1508 2133/1701/1519 2121/1688/1507
f 2123/1690/1509 2134/1702/1520 2122/1689/1508
f 2124/1692/1511 2135/1703/1521 2123/1690/1509
f 2125/1704/1522 2136/1705/1523 2124/1692/1511
f 2138/1706/1524 2125/1704/1522 2126/1693/1512
f 2139/1707/1525 2138/1706/1524 2127/1694/1513
f 2140/1708/1526 2127/1709/1513 2128/1695/1514
f 2141/1710/1527 2128/1695/1514 2129/1697/1515
f 2142/1711/1528 2129/1697/1515 2130/1698/1516
f 2143/1712/1529 2130/1698/1516 2131/1699/1517
f 2132/1700/1518 2143/1712/1529 2131/1699/1517
f 2133/1701/1519 2144/1713/1530 2132/1700/1518
f 2134/1702/1520 2145/1714/1531 2133/1701/1519
f 2135/1703/1521 2146/1715/1532 2134/1702/1520
f 2136/1705/1523 2147/1716/1533 2135/1703/1521
f 2137/1717/1534 2148/1718/1535 2136/1705/1523
f 2150/1719/1536 2137/1717/1534 2138/1706/1524
f 2151/1720/1537 2150/1719/1536 2139/1707/1525
f 2152/1721/1538 2139/1722/1525 2140/1708/1526
f 2153/1723/1539 2140/1708/1526 2141/1710/1527
f 2154/1724/1540 2141/1710/1527 2142/1711/1528
f 2155/1725/1541 2142/1711/1528 2143/1712/1529
f 2144/1713/1530 2155/1725/1541 2143/1712/1529
f 2145/1714/1531 2156/1726/1542 2144/1713/1530
f 2146/1715/1532 2157/1727/1543 2145/1714/1531
f 2147/1716/1533 2158/1728/1544 2146/1715/1532
f 2148/1718/1535 2159/1729/1545 2147/1716/1533
f 2149/1730/1546 2160/1731/1547 2148/1718/1535
f 2162/1732/1548 2149/1730/1546 2150/1719/1536
f 2163/1733/1549 2162/1732/1548 2151/1720/1537
f 2164/1734/1550 2151/1735/1537 2152/1721/1538
f 2165/1736/1551 2152/1721/1538 2153/1723/1539
f 2166/1737/1552 2153/1723/1539 2154/1724/1540
f 2167/1738/1553 2154/1724/1540 2155/1725/1541
f 2156/1726/1542 2167/1738/1553 2155/1725/1541
f 2157/1727/1543 2168/1739/1554 2156/1726/1542
f 2158/1728/1544 2169/1740/1555 2157/1727/1543
f 2159/1729/1545 2170/1741/1556 2158/1728/1544
f 2160/1731/1547 2171/1742/1557 2159/1729/1545
f 2161/1743/1558 2172/1744/1559 2160/1731/1547
f 2174/1745/1560 2161/1743/1558 2162/1732/1548
f 2175/1746/1561 2174/1745/1560 2163/1733/1549
f 2176/1747/1562 2163/1748/1549 2164/1734/1550
f 2177/1749/1563 2164/1734/1550 2165/1736/1551
f 2178/1750/1564 2165/1736/1551 2166/1737/1552
f 2179/1751/1565 2166/1737/1552 2167/1738/1553
f 2168/1739/1554 2179/1751/1565 2167/1738/1553
f 2169/1740/1555 2180/1752/1566 2168/1739/1554
f 2170/1741/1556 2181/1753/1567 2169/1740/1555
f 2171/1742/1557 2182/1754/1568 2170/1741/1556
f 2172/1744/1559 2183/1755/1569 2171/1742/1557
f 2173/1756/1570 2184/1757/1571 2172/1744/1559
f 2186/1758/1572 2173/1756/1570 2174/1745/1560
f 2187/1759/1573 2186/1758/1572 2175/1746/1561
f 2188/1760/1574 2175/1761/1561 2176/1747/1562
f 2189/1762/1575 2176/1747/1562 2177/1749/1563
f 2190/1763/1576 2177/1749/1563 2178/1750/1564
f 2191/1764/1577 2178/1750/1564 2179/1751/1565
f 2180/1752/1566 2191/1764/1577 2179/1751/1565
f 2181/1753/1567 2192/1765/1578 2180/1752/1566
f 2182/1754/1568 2193/1766/1579 2181/1753/1567
f 2183/1755/1569 2194/1767/1580 2182/1754/1568
f 2184/1757/1571 2195/1768/1581 2183/1755/1569
f 2185/1769/1582 2196/1770/1583 2184/1757/1571
f 2198/1771/1584 2185/1769/1582 2186/1758/1572
f 2199/1772/1585 2198/1771/1584 2187/1759/1573
f 2200/1773/1586 2187/1774/1573 2188/1760/1574
f 2201/1775/1587 2188/1760/1574 2189/1762/1575
f 2202/1776/1588 2189/1762/1575 2190/1763/1576
f 2203/1777/1589 2190/1763/1576 2191/1764/1577
f 2192/1765/1578 2203/1777/1589 2191/1764/1577
f 2193/1766/1579 2204/1778/1590 2192/1765/1578
f 2194/1767/1580 2205/1779/1591 2193/1766/1579
f 2195/1768/1581 2206/1780/1592 2194/1767/1580
f 2196/1770/1583 2207/1781/1593 2195/1768/1581
f 2197/1782/1594 2208/1783/1595 2196/1770/1583
f 2210/1784/1596 2197/1782/1594 2198/1771/1584
f 2211/1785/1597 2210/1784/1596 2199/1772/1585
f 2212/1786/1598 2199/1787/1585 2200/1773/1586
f 2213/1788/1599 2200/1773/1586 2201/1775/1587
f 2214/1789/1600 2201/1775/1587 2202/1776/1588
f 2215/1790/1601 2202/1776/1588 2203/1777/1589
f 2204/1778/1590 2215/1790/1601 2203/1777/1589
f 2205/1779/1591 2216/1791/1602 2204/1778/1590
f 2206/1780/1592 2217/1792/1603 2205/1779/1591
f 2207/1781/1593 2218/1793/1604 2206/1780/1592
f 2208/1783/1595 2219/1794/1605 2207/1781/1593
f 2209/1795/1606 2220/1796/1607 2208/1783/1595
f 2222/1797/1608 2209/1795/1606 2210/1784/1596
f 2223/1798/1609 2222/1797/1608 2211/1785/1597
f 2224/1799/1610 2211/1800/1597 2212/1786/1598
f 2225/1801/1611 2212/1786/1598 2213/1788/1599
f 2226/1802/1612 2213/1788/1599 2214/1789/1600
f 2227/1803/1613 2214/1789/1600 2215/1790/1601
f 2216/1791/1602 2227/1803/1613 2215/1790/1601
f 2217/1792/1603 2228/1804/1614 2216/1791/1602
f 2218/1793/1604 2229/1805/1615 2217/1792/1603
f 2219/1794/1605 2230/1806/1616 2218/1793/1604
f 2220/1796/1607 2231/1807/1617 2219/1794/1605
f 2221/1808/1618 2232/1809/1619 2220/1796/1607
f 2234/1810/1620 2221/1808/1618 2222/1797/1608
f 2235/1811/1621 2234/1810/1620 2223/1798/1609
f 2236/1812/1622 2223/1813/1609 2224/1799/1610
f 2237/1814/1623 2224/1799/1610 2225/1801/1611
f 2238/1815/1624 2225/1801/1611 2226/1802/1612
f 2239/1816/1625 2226/1802/1612 2227/1803/1613
f 2228/1804/1614 2239/1816/1625 2227/1803/1613
f 2229/1805/1615 2240/1817/1626 2228/1804/1614
f 2230/1806/1616 2241/1818/1627 2229/1805/1615
f 2231/1807/1617 2242/1819/1628 2230/1806/1616
f 2232/1809/1619 2243/1820/1629 2231/1807/1617
f 2233/1821/1630 2244/1822/1631 2232/1809/1619
f 2246/1823/1632 2233/1821/1630 2234/1810/1620
f 2235/1811/1621 2258/1824/1633 2246/1823/1632
f 2236/1812/1622 2247/1825/1634 2235/1826/1621
f 2237/1814/1623 2248/1827/1635 2236/1812/1622
f 2238/1815/1624 2249/1828/1636 2237/1814/1623
f 2239/1816/1625 2250/1829/1637 2238/1815/1624
f 2252/1830/1638 2239/1816/1625 2240/1817/1626
f 2253/1831/1639 2240/1817/1626 2241/1818/1627
f 2254/1832/1640 2241/1818/1627 2242/1819/1628
f 2255/1833/1641 2242/1819/1628 2243/1820/1629
f 2256/1834/1642 2243/1820/1629 2244/1822/1631
f 2257/1835/1643 2244/1822/1631 2245/1836/1644
f 2246/1823/1632 2257/1835/1643 2245/1836/1644
f 2247/1837/1634 2270/1838/1645 2258/1824/1633
f 2248/1827/1635 2259/1839/1646 2247/1825/1634
f 2249/1828/1636 2260/1840/1647 2248/1827/1635
f 2250/1829/1637 2261/1841/1648 2249/1828/1636
f 2251/1842/1649 2262/1843/1650 2250/1829/1637
f 2264/1844/1651 2251/1842/1649 2252/1830/1638
f 2265/1845/1652 2252/1830/1638 2253/1831/1639
f 2266/1846/1653 2253/1831/1639 2254/1832/1640
f 2267/1847/1654 2254/1832/1640 2255/1833/1641
f 2268/1848/1655 2255/1833/1641 2256/1834/1642
f 2269/1849/1656 2256/1834/1642 2257/1835/1643
f 2258/1824/1633 2269/1849/1656 2257/1835/1643
f 2259/1850/1646 2282/1851/1657 2270/1838/1645
f 2272/1852/1658 2259/1839/1646 2260/1840/1647
f 2273/1853/1659 2260/1840/1647 2261/1841/1648
f 2274/1854/1660 2261/1841/1648 2262/1843/1650
f 2275/1855/1661 2262/1843/1650 2263/1856/1662
f 2276/1857/1663 2263/1856/1662 2264/1844/1651
f 2277/1858/1664 2264/1844/1651 2265/1845/1652
f 2266/1846/1653 2277/1858/1664 2265/1845/1652
f 2267/1847/1654 2278/1859/1665 2266/1846/1653
f 2268/1848/1655 2279/1860/1666 2267/1847/1654
f 2269/1849/1656 2280/1861/1667 2268/1848/1655
f 2270/1838/1645 2281/1862/1668 2269/1849/1656
f 2283/1863/1669 2282/1851/1657 2271/1864/1670
f 2284/1865/1671 2271/1866/1670 2272/1852/1658
f 2285/1867/1672 2272/1852/1658 2273/1853/1659
f 2286/1868/1673 2273/1853/1659 2274/1854/1660
f 2287/1869/1674 2274/1854/1660 2275/1855/1661
f 2288/1870/1675 2275/1855/1661 2276/1857/1663
f 2277/1858/1664 2288/1870/1675 2276/1857/1663
f 2278/1859/1665 2289/1871/1676 2277/1858/1664
f 2279/1860/1666 2290/1872/1677 2278/1859/1665
f 2280/1861/1667 2291/1873/1678 2279/1860/1666
f 2281/1862/1668 2292/1874/1679 2280/1861/1667
f 2282/1851/1657 2293/1875/1680 2281/1862/1668
f 2295/1876/1681 2294/1877/1682 2283/1863/1669
f 2296/1878/1683 2283/1879/1669 2284/1865/1671
f 2297/1880/1684 2284/1865/1671 2285/1867/1672
f 2298/1881/1685 2285/1867/1672 2286/1868/1673
f 2299/1882/1686 2286/1868/1673 2287/1869/1674
f 2300/1883/1687 2287/1869/1674 2288/1870/1675
f 2289/1871/1676 2300/1883/1687 2288/1870/1675
f 2290/1872/1677 2301/1884/1688 2289/1871/1676
f 2291/1873/1678 2302/1885/1689 2290/1872/1677
f 2292/1874/1679 2303/1886/1690 2291/1873/1678
f 2293/1875/1680 2304/1887/1691 2292/1874/1679
f 2294/1877/1682 2305/1888/1692 2293/1875/1680
f 2295/1876/1681 2318/1889/1693 2306/1890/1694
f 2308/1891/1695 2295/1892/1681 2296/1878/1683
f 2309/1893/1696 2296/1878/1683 2297/1880/1684
f 2310/1894/1697 2297/1880/1684 2298/1881/1685
f 2311/1895/1698 2298/1881/1685 2299/1882/1686
f 2312/1896/1699 2299/1882/1686 2300/1883/1687
f 2313/1897/1700 2300/1883/1687 2301/1884/1688
f 2302/1885/1689 2313/1897/1700 2301/1884/1688
f 2303/1886/1690 2314/1898/1701 2302/1885/1689
f 2304/1887/1691 2315/1899/1702 2303/1886/1690
f 2305/1888/1692 2316/1900/1703 2304/1887/1691
f 2306/1890/1694 2317/1901/1704 2305/1888/1692
f 2307/1902/1705 2330/1903/1706 2318/1889/1693
f 2308/1891/1695 2319/1904/1707 2307/1905/1705
f 2309/1893/1696 2320/1906/1708 2308/1891/1695
f 2310/1894/1697 2321/1907/1709 2309/1893/1696
f 2311/1895/1698 2322/1908/1710 2310/1894/1697
f 2324/1909/1711 2311/1895/1698 2312/1896/1699
f 2325/1910/1712 2312/1896/1699 2313/1897/1700
f 2326/1911/1713 2313/1897/1700 2314/1898/1701
f 2327/1912/1714 2314/1898/1701 2315/1899/1702
f 2328/1913/1715 2315/1899/1702 2316/1900/1703
f 2329/1914/1716 2316/1900/1703 2317/1901/1704
f 2318/1889/1693 2329/1914/1716 2317/1901/1704
f 2319/1915/1707 2342/1916/1717 2330/1903/1706
f 2320/1906/1708 2331/1917/1718 2319/1904/1707
f 2321/1907/1709 2332/1918/1719 2320/1906/1708
f 2322/1908/1710 2333/1919/1720 2321/1907/1709
f 2323/1920/1721 2334/1921/1722 2322/1908/1710
f 2336/1922/1723 2323/1920/1721 2324/1909/1711
f 2337/1923/1724 2324/1909/1711 2325/1910/1712
f 2338/1924/1725 2325/1910/1712 2326/1911/1713
f 2339/1925/1726 2326/1911/1713 2327/1912/1714
f 2340/1926/1727 2327/1912/1714 2328/1913/1715
f 2341/1927/1728 2328/1913/1715 2329/1914/1716
f 2330/1903/1706 2341/1927/1728 2329/1914/1716
f 2331/1928/1718 2354/1929/1729 2342/1916/1717
f 2332/1918/1719 2343/1930/1730 2331/1917/1718
f 2333/1919/1720 2344/1931/1731 2332/1918/1719
f 2334/1921/1722 2345/1932/1732 2333/1919/1720
f 2335/1933/1733 2346/1934/1734 2334/1921/1722
f 2348/1935/1735 2335/1933/1733 2336/1922/1723
f 2349/1936/1736 2336/1922/1723 2337/1923/1724
f 2350/1937/1737 2337/1923/1724 2338/1924/1725
f 2351/1938/1738 2338/1924/1725 2339/1925/1726
f 2352/1939/1739 2339/1925/1726 2340/1926/1727
f 2353/1940/1740 2340/1926/1727 2341/1927/1728
f 2342/1916/1717 2353/1940/1740 2341/1927/1728
f 2343/1941/1730 2366/1942/1741 2354/1929/1729
f 2344/1931/1731 2355/1943/1742 2343/1930/1730
f 2345/1932/1732 2356/1944/1743 2344/1931/1731
f 2346/1934/1734 2357/1945/1744 2345/1932/1732
f 2347/1946/1745 2358/1947/1746 2346/1934/1734
f 2360/1948/1747 2347/1946/1745 2348/1935/1735
f 2361/1949/1748 2348/1935/1735 2349/1936/1736
f 2362/1950/1749 2349/1936/1736 2350/1937/1737
f 2363/1951/1750 2350/1937/1737 2351/1938/1738
f 2364/1952/1751 2351/1938/1738 2352/1939/1739
f 2365/1953/1752 2352/1939/1739 2353/1940/1740
f 2354/1929/1729 2365/1953/1752 2353/1940/1740
f 2355/1954/1742 2378/1955/1753 2366/1942/1741
f 2356/1944/1743 2367/1956/1754 2355/1943/1742
f 2357/1945/1744 2368/1957/1755 2356/1944/1743
f 2358/1947/1746 2369/1958/1756 2357/1945/1744
f 2359/1959/1757 2370/1960/1758 2358/1947/1746
f 2372/1961/1759 2359/1959/1757 2360/1948/1747
f 2373/1962/1760 2360/1948/1747 2361/1949/1748
f 2374/1963/1761 2361/1949/1748 2362/1950/1749
f 2375/1964/1762 2362/1950/1749 2363/1951/1750
f 2376/1965/1763 2363/1951/1750 2364/1952/1751
f 2377/1966/1764 2364/1952/1751 2365/1953/1752
f 2366/1942/1741 2377/1966/1764 2365/1953/1752
f 2367/1967/1754 2390/1968/1765 2378/1955/1753
f 2368/1957/1755 2379/1969/1766 2367/1956/1754
f 2369/1958/1756 2380/1970/1767 2368/1957/1755
f 2370/1960/1758 2381/1971/1768 2369/1958/1756
f 2371/1972/1769 2382/1973/1770 2370/1960/1758
f 2384/1974/1771 2371/1972/1769 2372/1961/1759
f 2385/1975/1772 2372/1961/1759 2373/1962/1760
f 2386/1976/1773 2373/1962/1760 2374/1963/1761
f 2387/1977/1774 2374/1963/1761 2375/1964/1762
f 2388/1978/1775 2375/1964/1762 2376/1965/1763
f 2389/1979/1776 2376/1965/1763 2377/1966/1764
f 2378/1955/1753 2389/1979/1776 2377/1966/1764
f 2379/1980/1766 2402/1981/1777 2390/1968/1765
f 2380/1970/1767 2391/1982/1778 2379/1969/1766
f 2381/1971/1768 2392/1983/1779 2380/1970/1767
f 2382/1973/1770 2393/1984/1780 2381/1971/1768
f 2383/1985/1781 2394/1986/1782 2382/1973/1770
f 2384/1974/1771 2395/1987/1783 2383/1985/1781
f 2397/1988/1784 2384/1974/1771 2385/1975/1772
f 2398/1989/1785 2385/1975/1772 2386/1976/1773
f 2399/1990/1786 2386/1976/1773 2387/1977/1774
f 2400/1991/1787 2387/1977/1774 2388/1978/1775
f 2401/1992/1788 2388/1978/1775 2389/1979/1776
f 2402/1981/1777 2389/1979/1776 2390/1968/1765
f 2403/1993/1789 2402/1981/1777 2391/1994/1778
f 2392/1983/1779 2403/1995/1789 2391/1982/1778
f 2393/1984/1780 2404/1996/1790 2392/1983/1779
f 2394/1986/1782 2405/1997/1791 2393/1984/1780
f 2395/1987/1783 2406/1998/1792 2394/1986/1782
f 2396/1999/1793 2407/2000/1794 2395/1987/1783
f 2397/1988/1784 2408/2001/1795 2396/1999/1793
f 2410/2002/1796 2397/1988/1784 2398/1989/1785
f 2411/2003/1797 2398/1989/1785 2399/1990/1786
f 2412/2004/1798 2399/1990/1786 2400/1991/1787
f 2413/2005/1799 2400/1991/1787 2401/1992/1788
f 2414/2006/1800 2401/1992/1788 2402/1981/1777
f 2403/1993/1789 2426/2007/1801 2414/2006/1800
f 2404/1996/1790 2415/2008/1802 2403/1995/1789
f 2405/1997/1791 2416/2009/1803 2404/1996/1790
f 2406/1998/1792 2417/2010/1804 2405/1997/1791
f 2407/2000/1794 2418/2011/1805 2406/1998/1792
f 2408/2001/1795 2419/2012/1806 2407/2000/1794
f 2421/2013/1807 2408/2001/1795 2409/2014/1808
f 2422/2015/1809 2409/2014/1808 2410/2002/1796
f 2423/2016/1810 2410/2002/1796 2411/2003/1797
f 2424/2017/1811 2411/2003/1797 2412/2004/1798
f 2425/2018/1812 2412/2004/1798 2413/2005/1799
f 2426/2007/1801 2413/2005/1799 2414/2006/1800
f 2415/2019/1802 2438/2020/1813 2426/2007/1801
f 2416/2009/1803 2427/2021/1814 2415/2008/1802
f 2417/2010/1804 2428/2022/1815 2416/2009/1803
f 2418/2011/1805 2429/2023/1816 2417/2010/1804
f 2419/2012/1806 2430/2024/1817 2418/2011/1805
f 2432/2025/1818 2419/2012/1806 2420/2026/1819
f 2433/2027/1820 2420/2026/1819 2421/2013/1807
f 2434/2028/1821 2421/2013/1807 2422/2015/1809
f 2435/2029/1822 2422/2015/1809 2423/2016/1810
f 2436/2030/1823 2423/2016/1810 2424/2017/1811
f 2437/2031/1824 2424/2017/1811 2425/2018/1812
f 2426/2007/1801 2437/2031/1824 2425/2018/1812
f 2427/2032/1814 2450/2033/1825 2438/2020/1813
f 2428/2022/1815 2439/2034/1826 2427/2021/1814
f 2429/2023/1816 2440/2035/1827 2428/2022/1815
f 2430/2024/1817 2441/2036/1828 2429/2023/1816
f 2431/2037/1829 2442/2038/1830 2430/2024/1817
f 2444/2039/1831 2431/2037/1829 2432/2025/1818
f 2445/2040/1832 2432/2025/1818 2433/2027/1820
f 2446/2041/1833 2433/2027/1820 2434/2028/1821
f 2447/2042/1834 2434/2028/1821 2435/2029/1822
f 2448/2043/1835 2435/2029/1822 2436/2030/1823
f 2449/2044/1836 2436/2030/1823 2437/2031/1824
f 2438/2020/1813 2449/2044/1836 2437/2031/1824
f 2439/2045/1826 2462/2046/1837 2450/2033/1825
f 2440/2035/1827 2451/2047/1838 2439/2034/1826
f 2441/2036/1828 2452/2048/1839 2440/2035/1827
f 2442/2038/1830 2453/2049/1840 2441/2036/1828
f 2443/2050/1841 2454/2051/1842 2442/2038/1830
f 2456/2052/1843 2443/2050/1841 2444/2039/1831
f 2457/2053/1844 2444/2039/1831 2445/2040/1832
f 2458/2054/1845 2445/2040/1832 2446/2041/1833
f 2459/2055/1846 2446/2041/1833 2447/2042/1834
f 2460/2056/1847 2447/2042/1834 2448/2043/1835
f 2461/2057/1848 2448/2043/1835 2449/2044/1836
f 2450/2033/1825 2461/2057/1848 2449/2044/1836
f 2451/2058/1838 2474/2059/1849 2462/2046/1837
f 2452/2048/1839 2463/2060/1850 2451/2047/1838
f 2453/2049/1840 2464/2061/1851 2452/2048/1839
f 2454/2051/1842 2465/2062/1852 2453/2049/1840
f 2455/2063/1853 2466/2064/1854 2454/2051/1842
f 2468/2065/1855 2455/2063/1853 2456/2052/1843
f 2469/2066/1856 2456/2052/1843 2457/2053/1844
f 2470/2067/1857 2457/2053/1844 2458/2054/1845
f 2471/2068/1858 2458/2054/1845 2459/2055/1846
f 2472/2069/1859 2459/2055/1846 2460/2056/1847
f 2473/2070/1860 2460/2056/1847 2461/2057/1848
f 2462/2046/1837 2473/2070/1860 2461/2057/1848
f 2463/2071/1850 2486/2072/1861 2474/2059/1849
f 2464/2061/1851 2475/2073/1862 2463/2060/1850
f 2465/2062/1852 2476/2074/1863 2464/2061/1851
f 2466/2064/1854 2477/2075/1864 2465/2062/1852
f 2467/2076/1865 2478/2077/1866 2466/2064/1854
f 2480/2078/1867 2467/2076/1865 2468/2065/1855
f 2481/2079/1868 2468/2065/1855 2469/2066/1856
f 2482/2080/1869 2469/2066/1856 2470/2067/1857
f 2483/2081/1870 2470/2067/1857 2471/2068/1858
f 2484/2082/1871 2471/2068/1858 2472/2069/1859
f 2485/2083/1872 2472/2069/1859 2473/2070/1860
f 2474/2059/1849 2485/2083/1872 2473/2070/1860
f 2475/2084/1862 2498/2085/1873 2486/2072/1861
f 2476/2074/1863 2487/2086/1874 2475/2073/1862
f 2477/2075/1864 2488/2087/1875 2476/2074/1863
f 2478/2077/1866 2489/2088/1876 2477/2075/1864
f 2479/2089/1877 2490/2090/1878 2478/2077/1866
f 2492/2091/1879 2479/2089/1877 2480/2078/1867
f 2493/2092/1880 2480/2078/1867 2481/2079/1868
f 2494/2093/1881 2481/2079/1868 2482/2080/1869
f 2495/2094/1882 2482/2080/1869 2483/2081/1870
f 2496/2095/1883 2483/2081/1870 2484/2082/1871
f 2497/2096/1884 2484/2082/1871 2485/2083/1872
f 2486/2072/1861 2497/2096/1884 2485/2083/1872
f 2487/2097/1874 2510/2098/1885 2498/2085/1873
f 2488/2087/1875 2499/2099/1886 2487/2086/1874
f 2489/2088/1876 2500/2100/1887 2488/2087/1875
f 2490/2090/1878 2501/2101/1888 2489/2088/1876
f 2503/2102/1889 2490/2090/1878 2491/2103/1890
f 2504/2104/1891 2491/2103/1890 2492/2091/1879
f 2505/2105/1892 2492/2091/1879 2493/2092/1880
f 2506/2106/1893 2493/2092/1880 2494/2093/1881
f 2507/2107/1894 2494/2093/1881 2495/2094/1882
f 2508/2108/1895 2495/2094/1882 2496/2095/1883
f 2497/2096/1884 2508/2108/1895 2496/2095/1883
f 2498/2085/1873 2509/2109/1896 2497/2096/1884
f 2499/2110/1886 2522/2111/1897 2510/2098/1885
f 2512/2112/1898 2499/2099/1886 2500/2100/1887
f 2513/2113/1899 2500/2100/1887 2501/2101/1888
f 2514/2114/1900 2501/2101/1888 2502/2115/1901
f 2515/2116/1902 2502/2115/1901 2503/2102/1889
f 2516/2117/1903 2503/2102/1889 2504/2104/1891
f 2517/2118/1904 2504/2104/1891 2505/2105/1892
f 2506/2106/1893 2517/2118/1904 2505/2105/1892
f 2507/2107/1894 2518/2119/1905 2506/2106/1893
f 2508/2108/1895 2519/2120/1906 2507/2107/1894
f 2509/2109/1896 2520/2121/1907 2508/2108/1895
f 2510/2098/1885 2521/2122/1908 2509/2109/1896
s 136
f 2572/2160/1 2573/2161/2003 2571/2160/1
f 2574/2161/2003 2575/2162/2004 2573/2161/2003
f 2576/2162/2004 2577/2163/9 2575/2162/2004
f 2578/2163/9 2579/2164/2005 2577/2163/9
f 2580/2164/2005 2581/2165/2006 2579/2164/2005
f 2582/2165/2006 2583/2166/82 2581/2165/2006
f 2584/2166/82 2585/2167/2007 2583/2166/82
f 2586/2167/2007 2587/2168/2008 2585/2167/2007
f 2588/2168/2008 2589/2169/6 2587/2168/2008
f 2590/2169/6 2591/2170/2009 2589/2169/6
f 2592/2170/2009 2593/2171/2010 2591/2170/2009
f 2594/2171/2010 2571/2160/1 2593/2171/2010
s 137
f 2574/2161/7 2572/2160/7 2595/2172/7
f 2572/2160/7 2594/2171/7 2595/2172/7
f 2594/2171/7 2592/2170/7 2595/2172/7
f 2592/2170/7 2590/2169/7 2595/2172/7
f 2590/2169/7 2588/2168/7 2595/2172/7
f 2588/2168/7 2586/2167/7 2595/2172/7
f 2586/2167/7 2584/2166/7 2595/2172/7
f 2584/2166/7 2582/2165/7 2595/2172/7
f 2582/2165/7 2580/2164/7 2595/2172/7
f 2580/2164/7 2578/2163/7 2595/2172/7
f 2578/2163/7 2576/2162/7 2595/2172/7
f 2576/2162/7 2574/2161/7 2595/2172/7
s 0
f 2698/2224/7 2699/2225/7 2697/2225/7
f 2704/2226/3 2701/2227/3 2703/2227/3
f 2702/2226/82 2697/2225/82 2701/2227/82
f 2703/2227/6 2697/2225/6 2699/2225/6
f 2700/2224/9 2702/2226/9 2704/2226/9
f 2706/2228/7 2707/2229/7 2705/2229/7
f 2712/2230/3 2709/2231/3 2711/2231/3
f 2710/2230/82 2705/2229/82 2709/2231/82
f 2711/2231/6 2705/2229/6 2707/2229/6
f 2708/2228/9 2710/2230/9 2712/2230/9
f 2714/2232/7 2715/2233/7 2713/2233/7
f 2720/2234/3 2717/2235/3 2719/2235/3
f 2718/2234/82 2713/2233/82 2717/2235/82
f 2719/2235/6 2713/2233/6 2715/2233/6
f 2716/2232/9 2718/2234/9 2720/2234/9
f 2722/2236/7 2723/2237/7 2721/2237/7
f 2728/2238/3 2725/2239/3 2727/2239/3
f 2726/2238/82 2721/2237/82 2725/2239/82
f 2727/2239/6 2721/2237/6 2723/2237/6
f 2724/2236/9 2726/2238/9 2728/2238/9
f 2730/2240/7 2731/2241/7 2729/2241/7
f 2736/2242/3 2733/2243/3 2735/2243/3
f 2734/2242/82 2729/2241/82 2733/2243/82
f 2735/2243/6 2729/2241/6 2731/2241/6
f 2732/2240/9 2734/2242/9 2736/2242/9
f 2738/2244/7 2739/2245/7 2737/2245/7
f 2744/2246/3 2741/2247/3 2743/2247/3
f 2742/2246/82 2737/2245/82 2741/2247/82
f 2743/2247/6 2737/2245/6 2739/2245/6
f 2740/2244/9 2742/2246/9 2744/2246/9
f 2746/2248/7 2747/2249/7 2745/2249/7
f 2752/2250/3 2749/2251/3 2751/2251/3
f 2750/2250/82 2745/2249/82 2749/2251/82
f 2751/2251/6 2745/2249/6 2747/2249/6
f 2748/2248/9 2750/2250/9 2752/2250/9
f 2754/2252/7 2755/2253/7 2753/2253/7
f 2760/2254/3 2757/2255/3 2759/2255/3
f 2758/2254/82 2753/2253/82 2757/2255/82
f 2759/2255/6 2753/2253/6 2755/2253/6
f 2756/2252/9 2758/2254/9 2760/2254/9
f 2762/2256/7 2763/2257/7 2761/2257/7
f 2768/2258/3 2765/2259/3 2767/2259/3
f 2766/2258/82 2761/2257/82 2765/2259/82
f 2767/2259/6 2761/2257/6 2763/2257/6
f 2764/2256/9 2766/2258/9 2768/2258/9
f 2770/2260/7 2771/2261/7 2769/2261/7
f 2776/2262/3 2773/2263/3 2775/2263/3
f 2774/2262/82 2769/2261/82 2773/2263/82
f 2775/2263/6 2769/2261/6 2771/2261/6
f 2772/2260/9 2774/2262/9 2776/2262/9
f 2778/2264/7 2779/2265/7 2777/2265/7
f 2784/2266/3 2781/2267/3 2783/2267/3
f 2782/2266/82 2777/2265/82 2781/2267/82
f 2783/2267/6 2777/2265/6 2779/2265/6
f 2780/2264/9 2782/2266/9 2784/2266/9
f 2786/2268/7 2787/2269/7 2785/2269/7
f 2792/2270/3 2789/2271/3 2791/2271/3
f 2790/2270/82 2785/2269/82 2789/2271/82
f 2791/2271/6 2785/2269/6 2787/2269/6
f 2788/2268/9 2790/2270/9 2792/2270/9
s 508
f 6/6/9 4/3/9 3106/2358/9
f 4/3/9 14/6/9 3106/2358/9
f 14/6/9 12/8/9 3106/2358/9
f 12/8/9 10/10/9 3106/2358/9
f 10/10/9 8/8/9 3106/2358/9
f 8/8/9 6/6/9 3106/2358/9
s 6
f 5/4/6 7/7/6 3107/11/6
f 7/7/6 9/9/6 3107/11/6
f 9/9/6 11/7/6 3107/11/6
f 11/7/6 13/4/6 3107/11/6
f 13/4/6 3/5/6 3107/11/6
s 9
f 95/8/9 97/10/9 3108/12/9
f 97/10/9 99/8/9 3108/12/9
f 99/8/9 101/6/9 3108/12/9
f 101/6/9 91/3/9 3108/12/9
f 91/3/9 93/6/9 3108/12/9
s 16
f 100/4/6 98/7/6 3109/11/6
f 98/7/6 96/9/6 3109/11/6
f 96/9/6 94/7/6 3109/11/6
f 94/7/6 92/4/6 3109/11/6
f 92/4/6 90/5/6 3109/11/6
s 19
f 182/59/9 184/66/9 3110/60/9
f 184/66/9 186/59/9 3110/60/9
f 186/59/9 188/58/9 3110/60/9
f 188/58/9 178/62/9 3110/60/9
f 178/62/9 180/58/9 3110/60/9
s 28
f 187/61/6 185/64/6 3111/67/6
f 185/64/6 183/65/6 3111/67/6
f 183/65/6 181/64/6 3111/67/6
f 181/64/6 179/61/6 3111/67/6
f 179/61/6 177/63/6 3111/67/6
s 31
f 265/62/9 275/58/9 3112/68/9
f 275/58/9 273/59/9 3112/68/9
f 273/59/9 271/66/9 3112/68/9
f 271/66/9 269/59/9 3112/68/9
f 269/59/9 267/58/9 3112/68/9
s 37
f 266/61/6 268/64/6 3113/67/6
f 268/64/6 270/65/6 3113/67/6
f 270/65/6 272/64/6 3113/67/6
f 272/64/6 274/61/6 3113/67/6
f 274/61/6 264/63/6 3113/67/6
s 2
f 4/3/2 6/6/2 5/4/2
s 3
f 6/6/3 8/8/3 7/7/3
s 4
f 8/8/4 10/10/4 9/9/4
s 5
f 10/10/5 12/8/5 11/7/5
s 7
f 12/8/7 14/6/7 13/4/7
s 8
f 14/6/8 4/3/8 3/5/8
s 10
f 85/13/10 18/23/19 19/14/11
f 15/15/12 19/14/11 20/16/13
f 86/17/14 20/16/13 21/21/17
f 84/18/15 17/20/16 18/23/19
f 16/22/18 21/21/17 22/24/20
f 20/16/13 26/31/27 27/27/23
f 18/23/19 17/20/16 23/26/22
f 22/24/20 21/21/17 27/27/23
f 19/14/11 18/23/19 24/28/24
f 19/14/11 25/30/26 26/31/27
f 25/30/26 31/37/33 32/32/28
f 27/27/23 26/31/27 32/32/28
f 23/26/22 29/33/29 30/35/31
f 28/29/25 27/27/23 33/34/30
f 24/28/24 30/35/31 31/37/33
f 30/35/31 29/33/29 35/38/34
f 33/34/30 39/43/39 40/40/36
f 31/37/33 30/35/31 36/39/35
f 32/32/28 31/37/33 37/41/37
f 33/34/30 32/32/28 38/42/38
f 39/43/39 38/42/38 44/45/41
f 35/38/34 41/44/40 42/47/43
f 39/43/39 45/46/42 46/48/44
f 36/39/35 42/47/43 43/49/45
f 38/42/38 37/41/37 43/49/45
f 42/47/43 48/54/50 49/50/46
f 44/45/41 43/49/45 49/50/46
f 45/46/42 44/45/41 50/51/47
f 42/47/43 41/44/40 47/52/48
f 46/48/44 45/46/42 51/53/49
f 47/52/48 53/44/57 54/47/52
f 52/55/51 51/53/49 57/46/53
f 49/50/46 48/54/50 54/47/52
f 50/51/47 49/50/46 55/49/55
f 50/51/47 56/45/56 57/46/53
f 55/49/55 61/41/63 62/42/58
f 56/45/56 62/42/58 63/43/60
f 54/47/52 53/44/57 59/38/59
f 58/48/54 57/46/53 63/43/60
f 55/49/55 54/47/52 60/39/61
f 60/39/61 67/35/68 68/37/64
f 62/42/58 61/41/63 68/37/64
f 62/42/58 69/32/65 70/34/67
f 59/38/59 66/33/66 67/35/68
f 63/43/60 70/34/67 71/36/69
f 70/34/67 69/32/65 75/31/70
f 66/33/66 72/26/75 73/28/72
f 70/34/67 76/27/71 77/29/73
f 68/37/64 67/35/68 73/28/72
f 68/37/64 74/30/74 75/31/70
f 75/31/70 74/30/74 80/14/76
f 76/27/71 75/31/70 81/16/77
f 72/26/75 78/20/78 79/23/80
f 76/27/71 82/21/79 83/24/81
f 73/28/72 79/23/80 80/14/76
f 82/21/79 16/22/18 87/25/21
f 80/14/76 79/23/80 85/13/10
f 80/14/76 15/15/12 86/17/14
f 82/21/79 81/16/77 86/17/14
f 79/23/80 78/20/78 84/18/15
s 12
f 92/4/8 93/6/8 91/3/8
s 13
f 94/7/7 95/8/7 93/6/7
s 14
f 96/9/5 97/10/5 95/8/5
s 15
f 98/7/4 99/8/4 97/10/4
s 17
f 100/4/3 101/6/3 99/8/3
s 18
f 90/5/2 91/3/2 101/6/2
s 20
f 106/14/76 105/23/80 172/13/10
f 107/16/77 106/14/76 102/15/12
f 108/21/79 107/16/77 173/17/14
f 105/23/80 104/20/78 171/18/15
f 109/24/81 108/21/79 103/22/18
f 114/27/71 113/31/70 107/16/77
f 105/23/80 111/28/72 110/26/75
f 109/24/81 115/29/73 114/27/71
f 106/14/76 112/30/74 111/28/72
f 113/31/70 112/30/74 106/14/76
f 113/31/70 119/32/65 118/37/64
f 114/27/71 120/34/67 119/32/65
f 111/28/72 117/35/68 116/33/66
f 115/29/73 121/36/69 120/34/67
f 118/37/64 117/35/68 111/28/72
f 117/35/68 123/39/61 122/38/59
f 127/40/62 126/43/60 120/34/67
f 118/37/64 124/41/63 123/39/61
f 119/32/65 125/42/58 124/41/63
f 120/34/67 126/43/60 125/42/58
f 126/43/60 132/46/53 131/45/56
f 129/47/52 128/44/57 122/38/59
f 133/48/54 132/46/53 126/43/60
f 130/49/55 129/47/52 123/39/61
f 125/42/58 131/45/56 130/49/55
f 130/49/55 136/50/46 135/54/50
f 131/45/56 137/51/47 136/50/46
f 132/46/53 138/53/49 137/51/47
f 129/47/52 135/54/50 134/52/48
f 139/55/51 138/53/49 132/46/53
f 141/47/43 140/44/40 134/52/48
f 145/48/44 144/46/42 138/53/49
f 136/50/46 142/49/45 141/47/43
f 137/51/47 143/45/41 142/49/45
f 144/46/42 143/45/41 137/51/47
f 149/42/38 148/41/37 142/49/45
f 150/43/39 149/42/38 143/45/41
f 141/47/43 147/39/35 146/38/34
f 151/40/36 150/43/39 144/46/42
f 142/49/45 148/41/37 147/39/35
f 155/37/33 154/35/31 147/39/35
f 149/42/38 156/32/28 155/37/33
f 157/34/30 156/32/28 149/42/38
f 154/35/31 153/33/29 146/38/34
f 158/36/32 157/34/30 150/43/39
f 157/34/30 163/27/23 162/31/27
f 160/28/24 159/26/22 153/33/29
f 164/29/25 163/27/23 157/34/30
f 161/30/26 160/28/24 154/35/31
f 162/31/27 161/30/26 155/37/33
f 162/31/27 168/16/13 167/14/11
f 163/27/23 169/21/17 168/16/13
f 160/28/24 166/23/19 165/20/16
f 170/24/20 169/21/17 163/27/23
f 167/14/11 166/23/19 160/28/24
f 174/25/21 103/22/18 169/21/17
f 167/14/11 102/15/12 172/13/10
f 168/16/13 173/17/14 102/15/12
f 169/21/17 103/22/18 173/17/14
f 166/23/19 172/13/10 171/18/15
s 24
f 179/61/4 180/58/4 178/62/4
s 25
f 181/64/3 182/59/3 180/58/3
s 26
f 183/65/2 184/66/2 182/59/2
s 27
f 185/64/8 186/59/8 184/66/8
s 29
f 187/61/7 188/58/7 186/59/7
s 30
f 177/63/5 178/62/5 188/58/5
s 32
f 193/69/45 192/79/43 259/70/50
f 194/72/41 193/69/45 189/71/46
f 195/77/42 194/72/41 260/73/47
f 192/79/43 191/75/40 258/74/48
f 196/80/44 195/77/42 190/78/49
f 201/83/39 200/85/38 194/72/41
f 192/79/43 198/84/35 197/82/34
f 196/80/44 202/90/36 201/83/39
f 193/69/45 199/87/37 198/84/35
f 200/85/38 199/87/37 193/69/45
f 200/85/38 206/89/28 205/86/33
f 201/83/39 207/91/30 206/89/28
f 198/84/35 204/92/31 203/88/29
f 202/90/36 208/95/32 207/91/30
f 205/86/33 204/92/31 198/84/35
f 204/92/31 210/96/24 209/93/22
f 214/94/25 213/100/23 207/91/30
f 205/86/33 211/97/26 210/96/24
f 206/89/28 212/98/27 211/97/26
f 207/91/30 213/100/23 212/98/27
f 213/100/23 219/108/17 218/101/13
f 216/102/19 215/99/16 209/93/22
f 220/103/20 219/108/17 213/100/23
f 217/104/11 216/102/19 210/96/24
f 212/98/27 218/101/13 217/104/11
f 217/104/11 223/106/12 222/105/10
f 218/101/13 224/109/14 223/106/12
f 219/108/17 225/111/18 224/109/14
f 216/102/19 222/105/10 221/107/15
f 226/110/21 225/111/18 219/108/17
f 228/102/80 227/99/78 221/107/15
f 232/103/81 231/108/79 225/111/18
f 223/106/12 229/104/76 228/102/80
f 224/109/14 230/101/77 229/104/76
f 231/108/79 230/101/77 224/109/14
f 236/98/70 235/97/74 229/104/76
f 237/100/71 236/98/70 230/101/77
f 228/102/80 234/96/72 233/93/75
f 238/94/73 237/100/71 231/108/79
f 229/104/76 235/97/74 234/96/72
f 242/86/64 241/92/68 234/96/72
f 236/98/70 243/89/65 242/86/64
f 244/91/67 243/89/65 236/98/70
f 241/92/68 240/88/66 233/93/75
f 245/95/69 244/91/67 237/100/71
f 244/91/67 250/83/60 249/85/58
f 247/84/61 246/82/59 240/88/66
f 251/90/62 250/83/60 244/91/67
f 248/87/63 247/84/61 241/92/68
f 249/85/58 248/87/63 242/86/64
f 249/85/58 255/72/56 254/69/55
f 250/83/60 256/77/53 255/72/56
f 247/84/61 253/79/52 252/75/57
f 257/80/54 256/77/53 250/83/60
f 254/69/55 253/79/52 247/84/61
f 261/81/51 190/78/49 256/77/53
f 254/69/55 189/71/46 259/70/50
f 255/72/56 260/73/47 189/71/46
f 256/77/53 190/78/49 260/73/47
f 253/79/52 259/70/50 258/74/48
s 33
f 265/62/5 267/58/5 266/61/5
s 34
f 267/58/7 269/59/7 268/64/7
s 35
f 269/59/8 271/66/8 270/65/8
s 36
f 271/66/2 273/59/2 272/64/2
s 38
f 273/59/3 275/58/3 274/61/3
s 39
f 275/58/4 265/62/4 264/63/4
s 40
f 346/70/50 279/79/52 280/69/55
f 276/71/46 280/69/55 281/72/56
f 347/73/47 281/72/56 282/77/53
f 345/74/48 278/75/57 279/79/52
f 277/78/49 282/77/53 283/80/54
f 281/72/56 287/85/58 288/83/60
f 279/79/52 278/75/57 284/82/59
f 283/80/54 282/77/53 288/83/60
f 280/69/55 279/79/52 285/84/61
f 280/69/55 286/87/63 287/85/58
f 286/87/63 292/86/64 293/89/65
f 288/83/60 287/85/58 293/89/65
f 284/82/59 290/88/66 291/92/68
f 289/90/62 288/83/60 294/91/67
f 285/84/61 291/92/68 292/86/64
f 291/92/68 290/88/66 296/93/75
f 294/91/67 300/100/71 301/94/73
f 292/86/64 291/92/68 297/96/72
f 293/89/65 292/86/64 298/97/74
f 294/91/67 293/89/65 299/98/70
f 300/100/71 299/98/70 305/101/77
f 296/93/75 302/99/78 303/102/80
f 300/100/71 306/108/79 307/103/81
f 297/96/72 303/102/80 304/104/76
f 299/98/70 298/97/74 304/104/76
f 303/102/80 309/105/10 310/106/12
f 305/101/77 304/104/76 310/106/12
f 306/108/79 305/101/77 311/109/14
f 303/102/80 302/99/78 308/107/15
f 307/103/81 306/108/79 312/111/18
f 308/107/15 314/99/16 315/102/19
f 313/110/21 312/111/18 318/108/17
f 310/106/12 309/105/10 315/102/19
f 311/109/14 310/106/12 316/104/11
f 311/109/14 317/101/13 318/108/17
f 316/104/11 322/97/26 323/98/27
f 317/101/13 323/98/27 324/100/23
f 315/102/19 314/99/16 320/93/22
f 319/103/20 318/108/17 324/100/23
f 316/104/11 315/102/19 321/96/24
f 321/96/24 328/92/31 329/86/33
f 323/98/27 322/97/26 329/86/33
f 323/98/27 330/89/28 331/91/30
f 320/93/22 327/88/29 328/92/31
f 324/100/23 331/91/30 332/95/32
f 331/91/30 330/89/28 336/85/38
f 327/88/29 333/82/34 334/84/35
f 331/91/30 337/83/39 338/90/36
f 329/86/33 328/92/31 334/84/35
f 329/86/33 335/87/37 336/85/38
f 336/85/38 335/87/37 341/69/45
f 337/83/39 336/85/38 342/72/41
f 333/82/34 339/75/40 340/79/43
f 337/83/39 343/77/42 344/80/44
f 334/84/35 340/79/43 341/69/45
f 343/77/42 277/78/49 348/81/51
f 341/69/45 340/79/43 346/70/50
f 341/69/45 276/71/46 347/73/47
f 343/77/42 342/72/41 347/73/47
f 340/79/43 339/75/40 345/74/48
s 111
f 1708/1300/1146 1712/1393/6 1781/1301/6
s 112
f 1710/1302/1148 1714/1302/9 1782/1303/9
s 113
f 1717/1304/1150 1718/1319/1163 1784/1305/1151
f 1737/1307/1153 1738/1308/2071 1725/1308/1154
f 1785/1309/1156 1729/1388/1234 1730/1310/1157
s 114
f 1787/1312/1 1733/1317/1 1734/1313/1
f 1789/1315/1 1738/1308/1 1737/1307/1
s 113
f 1722/1317/1159 1721/1313/1251 1734/1313/1160
f 1812/1318/1162 1784/1305/1151 1718/1319/1163
f 1715/1321/1165 1727/1384/1230 1786/1311/1158
f 1799/1322/1166 1707/1323/2072 1711/1323/1167
f 1722/1317/1159 1733/1317/1161 1737/1307/1153
f 1725/1308/1154 1738/1308/2071 1714/1302/1168
f 1785/1309/1156 1728/1383/1229 1705/1324/1170
s 114
f 1787/1312/1 1732/1386/1 1735/1326/1
s 115
f 1739/1327/82 1740/1398/82 1801/1328/82
s 114
f 1788/1314/1 1734/1313/1 1802/1322/1
f 1736/1331/1 1713/1389/1 1782/1303/1
s 111
f 1791/1332/1172 1744/1367/1241 1746/1333/1173
f 1746/1333/1173 1745/1377/1220 1793/1335/1175
s 112
f 1750/1336/1176 1752/1339/1179 1795/1337/1177
f 1752/1339/1179 1751/1372/1326 1796/1340/1180
s 113
f 1756/1341/1181 1758/1360/1200 1755/1342/1182
f 1755/1342/1182 1758/1360/1200 1757/1344/1184
f 1760/1346/1186 1762/1385/1231 1764/1347/1187
f 1764/1347/1187 1763/1387/1233 1759/1349/1189
f 1766/1350/1190 1768/1371/1214 1770/1351/1191
f 1767/1352/1192 1770/1351/1191 1769/1353/1193
f 1774/1355/1195 1776/1358/1198 1773/1356/1196
f 1776/1358/1198 1775/1364/1204 1771/1359/1199
f 1756/1341/1181 1766/1350/1190 1767/1352/1192
f 1758/1360/1200 1767/1352/1192 1765/1354/1194
f 1754/1343/1183 1755/1342/1182 1806/1361/1201
f 1806/1361/1201 1755/1342/1182 1753/1345/1185
f 1760/1346/1186 1761/1348/1188 1776/1358/1198
f 1761/1348/1188 1759/1349/1189 1775/1364/1204
f 1808/1365/1205 1745/1377/1249 1746/1333/1206
f 1809/1366/1207 1746/1333/1206 1744/1367/1208
f 1748/1369/1210 1749/1370/1211 1773/1356/1196
f 1749/1370/1211 1747/1382/1226 1772/1357/1197
f 1750/1336/1212 1769/1353/1193 1770/1351/1191
f 1752/1339/1213 1770/1351/1191 1768/1371/1214
f 1807/1363/1203 1753/1345/1185 1716/1373/1216
s 111
f 1791/1332/1172 1742/1392/1246 1703/1375/1218
f 1745/1377/1220 1708/1300/1146 1779/1301/1147
s 113
f 1741/1378/1221 1707/1323/2072 1799/1322/1166
f 1808/1365/1205 1762/1385/1231 1720/1379/1222
f 1744/1367/1208 1704/1390/1254 1798/1320/1164
s 112
f 1796/1340/1180 1751/1372/1326 1710/1302/1148
f 1794/1338/1178 1748/1369/1244 1706/1381/1224
s 113
f 1747/1382/1226 1709/1389/2073 1723/1331/1227
f 1771/1359/1199 1729/1388/1234 1706/1381/1228
f 1751/1372/1215 1768/1371/1214 1725/1308/1154
f 1769/1353/1193 1750/1336/1212 1705/1324/1170
f 1754/1343/1183 1721/1313/1251 1722/1317/1159
f 1715/1321/1165 1716/1373/1216 1753/1345/1185
f 1766/1350/1190 1756/1341/1181 1722/1317/1159
f 1757/1344/1184 1765/1354/1194 1727/1384/1230
f 1762/1385/1231 1760/1346/1186 1719/1386/1232
f 1774/1355/1195 1724/1326/1235 1719/1386/1232
f 1763/1387/1233 1718/1319/1163 1717/1304/1150
f 1759/1349/1189 1717/1304/1150 1730/1310/1157
f 1726/1307/1155 1725/1308/1154 1768/1371/1214
f 1728/1383/1229 1727/1384/1230 1765/1354/1194
f 1729/1388/1234 1771/1359/1199 1775/1364/1204
f 1772/1357/1197 1723/1331/1227 1724/1326/1235
s 112
f 1794/1338/1178 1778/1325/1225 1705/1324/1236
f 1747/1382/1237 1796/1340/1180 1780/1303/1149
s 111
f 1793/1335/1175 1779/1301/1147 1707/1323/1239
f 1744/1367/1241 1791/1332/1172 1777/1376/1219
s 112
f 1795/1337/1177 1796/1340/1180 1747/1382/1237
f 1794/1338/1178 1795/1337/1177 1749/1370/1243
s 111
f 1743/1391/1245 1792/1334/1174 1793/1335/1175
f 1742/1392/1246 1791/1332/1172 1792/1334/1174
s 114
f 1789/1315/1 1782/1303/1 1714/1302/1
f 1731/1379/1 1788/1314/1 1811/1330/1
f 1733/1317/1 1787/1312/1 1790/1316/1
s 113
f 1729/1388/1234 1785/1309/1156 1778/1325/1171
f 1783/1306/1152 1786/1311/1158 1730/1310/1157
f 1797/1374/1217 1716/1373/1216 1784/1305/1151
s 114
f 1736/1331/1 1789/1315/1 1790/1316/1
f 1732/1386/1 1787/1312/1 1788/1314/1
s 113
f 1785/1309/1156 1786/1311/1158 1727/1384/1230
f 1783/1306/1152 1784/1305/1151 1716/1373/1216
s 112
f 1780/1303/1149 1782/1303/9 1713/1389/9
s 111
f 1779/1301/1147 1781/1301/6 1711/1323/6
s 113
f 1703/1375/1247 1797/1374/1217 1812/1318/1162
s 114
f 1803/1380/1 1811/1330/1 1781/1301/1
s 113
f 1763/1387/1233 1810/1368/1209 1798/1320/1164
f 1745/1377/1249 1808/1365/1205 1800/1380/1223
f 1805/1362/1202 1799/1322/1166 1721/1313/1251
f 1742/1392/1252 1807/1363/1203 1797/1374/1217
f 1809/1366/1207 1810/1368/1209 1763/1387/1233
f 1762/1385/1231 1808/1365/1205 1809/1366/1207
f 1743/1391/1253 1806/1361/1201 1807/1363/1203
f 1805/1362/1202 1806/1361/1201 1743/1391/1253
s 114
f 1811/1330/1 1802/1322/1 1711/1323/1
s 113
f 1799/1322/1166 1802/1322/1167 1734/1313/1160
f 1777/1376/1248 1812/1318/1162 1798/1320/1164
s 111
f 1889/1394/6 1822/1484/6 1818/1395/1146
s 112
f 1890/1396/9 1824/1397/9 1820/1397/1148
s 116
f 1931/1329/9 1804/1329/9 1801/1328/9
s 117
f 1929/1398/6 1740/1398/6 1739/1327/6
s 118
f 1892/1399/1255 1828/1412/1268 1827/1400/1256
f 1835/1402/1258 1848/1402/2074 1847/1403/1259
f 1893/1404/1261 1894/1413/1269 1840/1405/1262
s 114
f 1895/1407/1 1896/1421/1 1844/1408/1
f 1897/1410/1 1898/1480/1 1847/1403/1
s 118
f 1844/1408/1264 1831/1408/1332 1832/1409/1265
f 1918/1411/1267 1906/1470/1324 1828/1412/1268
f 1894/1413/1269 1837/1475/1333 1825/1414/1270
f 1907/1415/1271 1909/1415/1272 1821/1416/1272
f 1847/1403/1259 1843/1409/1266 1832/1409/1265
s 119
f 1930/1327/7 1739/1327/7 1804/1329/7
s 118
f 1824/1397/1274 1848/1402/2074 1835/1402/1258
f 1893/1404/1261 1886/1481/1339 1815/1417/1276
s 114
f 1895/1407/1 1898/1480/1 1845/1419/1
f 1909/1415/1 1844/1408/1 1896/1421/1
f 1890/1396/1 1823/1483/1 1846/1423/1
s 111
f 1899/1424/1278 1900/1428/1282 1854/1425/1279
f 1901/1427/1281 1853/1460/1220 1854/1425/1279
s 112
f 1903/1429/1177 1860/1433/1179 1858/1430/1176
f 1904/1432/1180 1859/1472/1326 1860/1433/1179
s 118
f 1863/1434/1284 1866/1438/1288 1864/1435/1285
f 1863/1434/1284 1861/1457/1307 1865/1437/1287
f 1868/1439/1289 1869/1443/1293 1872/1440/1290
f 1867/1442/1292 1871/1476/1335 1872/1440/1290
f 1874/1444/1294 1875/1447/1297 1878/1445/1295
f 1875/1447/1297 1873/1454/1304 1877/1448/1298
f 1881/1449/1299 1884/1453/1303 1882/1450/1300
f 1879/1452/1302 1883/1458/1308 1884/1453/1303
f 1864/1435/1285 1866/1438/1288 1875/1447/1297
f 1866/1438/1288 1865/1437/1287 1873/1454/1304
f 1912/1455/1305 1863/1434/1284 1862/1436/1286
f 1912/1455/1305 1913/1464/1318 1861/1457/1307
f 1884/1453/1303 1869/1443/1293 1868/1439/1289
f 1883/1458/1308 1867/1442/1292 1869/1443/1293
f 1914/1459/1309 1915/1461/1312 1854/1425/1310
f 1915/1461/1312 1916/1471/1325 1852/1426/1313
f 1881/1449/1299 1857/1463/1315 1856/1462/1314
f 1880/1451/1301 1855/1474/1329 1857/1463/1315
f 1858/1430/1316 1860/1433/1317 1878/1445/1295
f 1860/1433/1317 1859/1472/1331 1876/1446/1296
f 1913/1464/1318 1905/1482/1340 1826/1465/1319
s 111
f 1899/1424/1278 1885/1477/1337 1813/1466/1320
f 1887/1394/1147 1818/1395/1146 1853/1460/1220
s 118
f 1907/1415/1271 1817/1416/1273 1849/1468/1322
f 1914/1459/1309 1908/1479/1342 1830/1469/1323
f 1906/1470/1324 1814/2369/2075 1852/1426/1313
s 112
f 1904/1432/1180 1888/1396/1149 1820/1397/1148
f 1902/1431/1283 1886/1481/2076 1816/1473/1327
s 118
f 1833/1423/1328 1819/1483/2077 1855/1474/1329
f 1879/1452/1302 1856/1462/1314 1816/1473/1330
f 1859/1472/1331 1820/1397/1275 1835/1402/1258
f 1815/1417/1276 1858/1430/1316 1877/1448/1298
f 1862/1436/1286 1864/1435/1285 1832/1409/1265
f 1861/1457/1307 1826/1465/1319 1825/1414/1270
f 1874/1444/1294 1836/1403/1260 1832/1409/1265
f 1837/1475/1333 1873/1454/1304 1865/1437/1287
f 1829/1420/1334 1868/1439/1289 1870/1441/1291
f 1829/1420/1334 1834/1419/1336 1882/1450/1300
f 1871/1476/1335 1867/1442/1292 1827/1400/1256
f 1867/1442/1292 1883/1458/1308 1840/1405/1262
f 1876/1446/1296 1835/1402/1258 1836/1403/1260
f 1873/1454/1304 1837/1475/1333 1838/1418/1277
f 1839/1406/1263 1840/1405/1262 1883/1458/1308
f 1880/1451/1301 1882/1450/1300 1834/1419/1336
s 112
f 1815/1417/1236 1886/1481/2076 1902/1431/1283
f 1855/1474/1237 1819/1483/1238 1888/1396/1149
s 111
f 1817/1416/1239 1887/1394/1147 1901/1427/1281
f 1852/1426/1280 1814/2369/2078 1885/1477/1337
s 112
f 1855/1474/1237 1904/1432/1180 1903/1429/1177
f 1857/1463/1243 1903/1429/1177 1902/1431/1283
s 111
f 1851/1478/1338 1849/1468/1240 1901/1427/1281
f 1850/1467/1321 1851/1478/1338 1900/1428/1282
s 114
f 1824/1397/1 1890/1396/1 1897/1410/1
f 1917/1422/1 1896/1421/1 1841/1469/1
f 1843/1409/1 1847/1403/1 1898/1480/1
s 118
f 1839/1406/1263 1816/1473/1330 1886/1481/1339
f 1840/1405/1262 1894/1413/1269 1891/1401/1257
f 1905/1482/1340 1918/1411/1267 1892/1399/1255
s 114
f 1846/1423/1 1845/1419/1 1898/1480/1
f 1842/1420/1 1841/1469/1 1896/1421/1
s 118
f 1837/1475/1333 1894/1413/1269 1893/1404/1261
f 1826/1465/1319 1892/1399/1255 1891/1401/1257
s 112
f 1823/1483/9 1890/1396/9 1888/1396/1149
s 111
f 1821/1416/6 1889/1394/6 1887/1394/1147
s 118
f 1813/1466/1341 1885/1477/1345 1918/1411/1267
s 114
f 1889/1394/1 1917/1422/1 1910/1479/1
s 118
f 1871/1476/1335 1828/1412/1268 1906/1470/1324
f 1853/1460/1311 1818/1395/2079 1908/1479/1342
f 1831/1408/1332 1907/1415/1271 1911/1456/1306
f 1850/1467/1343 1813/1466/1341 1905/1482/1340
f 1871/1476/1335 1916/1471/1325 1915/1461/1312
f 1870/1441/1291 1872/1440/1290 1915/1461/1312
f 1851/1478/1344 1850/1467/1343 1913/1464/1318
f 1851/1478/1344 1912/1455/1305 1911/1456/1306
s 114
f 1821/1416/1 1909/1415/1 1917/1422/1
s 118
f 1844/1408/1264 1909/1415/1272 1907/1415/1271
f 1885/1477/1345 1814/2369/2075 1906/1470/1324
s 111
f 1923/1485/6 1924/1486/6 1919/1486/6
s 112
f 1925/1487/9 1926/1488/9 1921/1488/9
s 114
f 1941/1489/1 1942/1502/1 1939/1490/1
f 1937/1492/1 1938/1501/1 1935/1493/1
s 120
f 1933/1495/82 1934/1500/82 1931/1329/82
f 1929/1398/82 1930/1327/82 1927/1496/82
f 1920/1485/82 1919/1486/82 1943/1498/82
s 121
f 1932/1328/3 1801/1328/3 1740/1398/3
s 120
f 1934/1500/82 1933/1495/82 1922/1487/82
s 114
f 1940/1491/1 1939/1490/1 1938/1501/1
f 1936/1494/1 1935/1493/1 1945/1498/1
f 1926/1488/1 1925/1487/1 1942/1502/1
s 120
f 1944/1499/82 1943/1498/82 1928/1497/82
s 114
f 1946/1499/1 1945/1498/1 1924/1486/1
s 111
f 1822/1484/6 1923/1485/6 1920/1485/6
f 1712/1393/6 1708/1300/1146 1919/1486/6
s 120
f 1800/1380/82 1943/1498/82 1919/1486/82
f 1920/1485/82 1944/1499/82 1908/1479/82
s 112
f 1921/1488/9 1926/1488/9 1823/1483/9
f 1713/1389/9 1925/1487/9 1922/1487/9
s 120
f 1709/1389/82 1922/1487/82 1933/1495/82
f 1934/1500/82 1921/1488/82 1819/1483/82
s 114
f 1712/1393/1 1924/1486/1 1945/1498/1
f 1946/1499/1 1923/1485/1 1822/1484/1
f 1713/1389/1 1736/1331/1 1942/1502/1
f 1823/1483/1 1926/1488/1 1941/1489/1
s 120
f 1830/1469/82 1927/1496/82 1930/1327/82
f 1929/1398/82 1928/1497/82 1720/1379/82
f 1800/1380/82 1720/1379/82 1928/1497/82
f 1908/1479/82 1944/1499/82 1927/1496/82
f 1719/1386/82 1724/1326/82 1932/1328/82
f 1829/1420/82 1930/1327/82 1931/1329/82
f 1931/1329/82 1934/1500/82 1833/1423/82
f 1932/1328/82 1724/1326/82 1723/1331/82
s 114
f 1803/1380/1 1945/1498/1 1935/1493/1
f 1731/1379/1 1935/1493/1 1938/1501/1
f 1936/1494/1 1946/1499/1 1910/1479/1
f 1841/1469/1 1842/1420/1 1937/1492/1
f 1732/1386/1 1938/1501/1 1939/1490/1
f 1940/1491/1 1937/1492/1 1842/1420/1
f 1941/1489/1 1940/1491/1 1845/1419/1
f 1942/1502/1 1736/1331/1 1735/1326/1
s 131
f 1959/1514/1346 1971/1538/1350 1982/1515/1347
f 1960/1517/1349 1972/1521/1352 1971/1518/1350
f 1961/1520/1351 1973/1523/1354 1972/1521/1352
f 1962/1522/1353 1974/1542/1372 1973/1523/1354
f 1975/1524/1355 1974/1542/1372 1962/1522/1353
f 1976/1526/1357 1975/1524/1355 1963/1525/1356
f 1977/1528/1359 1976/1526/1357 1964/1527/1358
f 1978/1530/1361 1977/1528/1359 1965/1529/1360
f 1979/1532/1363 1978/1530/1361 1966/1531/1362
f 1980/1534/1365 1979/1532/1363 1967/1533/1364
f 1969/1536/1367 1981/1537/1368 1980/1534/1365
f 1970/1516/1348 1982/1515/1347 1981/1537/1368
f 1971/1538/1350 1983/1551/1370 1994/1539/1369
f 1972/1521/1352 1984/1541/1371 1983/1540/1370
f 1973/1523/1354 1985/1543/1373 1984/1541/1371
f 1974/1542/1372 1986/1555/1384 1985/1543/1373
f 1987/1544/1374 1986/1555/1384 1974/1542/1372
f 1988/1545/1375 1987/1544/1374 1975/1524/1355
f 1989/1546/1376 1988/1545/1375 1976/1526/1357
f 1990/1547/1377 1989/1546/1376 1977/1528/1359
f 1991/1548/1378 1990/1547/1377 1978/1530/1361
f 1992/1549/1379 1991/1548/1378 1979/1532/1363
f 1981/1537/1368 1993/1550/1380 1992/1549/1379
f 1982/1515/1347 1994/1539/1369 1993/1550/1380
f 1983/1551/1370 1995/1565/1382 2006/1552/1381
f 1984/1541/1371 1996/1554/1383 1995/1553/1382
f 1985/1543/1373 1997/1556/1385 1996/1554/1383
f 1986/1555/1384 1998/1569/1397 1997/1556/1385
f 1999/1557/1386 1998/1569/1397 1986/1555/1384
f 2000/1558/1387 1999/1557/1386 1987/1544/1374
f 2001/1559/1388 2000/1558/1387 1988/1545/1375
f 2002/1560/1389 2001/1559/1388 1989/1546/1376
f 2003/1561/1390 2002/1560/1389 1990/1547/1377
f 2004/1562/1391 2003/1561/1390 1991/1548/1378
f 1993/1550/1380 2005/1563/1392 2004/1562/1391
f 1994/1539/1369 2006/1552/1381 2005/1563/1392
f 2007/1564/1393 2018/1576/1404 2006/1552/1381
f 2008/1566/1394 2007/1579/1393 1995/1553/1382
f 2009/1567/1395 2008/1566/1394 1996/1554/1383
f 2010/1568/1396 2009/1567/1395 1997/1556/1385
f 1999/1557/1386 2011/1570/1398 2010/1568/1396
f 2000/1558/1387 2012/1571/1399 2011/1570/1398
f 2001/1559/1388 2013/1572/1400 2012/1571/1399
f 2002/1560/1389 2014/1573/1401 2013/1572/1400
f 2003/1561/1390 2015/1574/1402 2014/1573/1401
f 2004/1562/1391 2016/1586/1413 2015/1574/1402
f 2017/1575/1403 2016/1586/1413 2004/1562/1391
f 2018/1576/1404 2017/1575/1403 2005/1563/1392
f 2019/1577/1405 2030/1589/1416 2018/1576/1404
f 2020/1578/1406 2019/1592/1405 2007/1579/1393
f 2021/1580/1407 2020/1578/1406 2008/1566/1394
f 2022/1581/1408 2021/1580/1407 2009/1567/1395
f 2011/1570/1398 2023/1582/1409 2022/1581/1408
f 2012/1571/1399 2024/1583/1410 2023/1582/1409
f 2013/1572/1400 2025/1584/1411 2024/1583/1410
f 2014/1573/1401 2026/1585/1412 2025/1584/1411
f 2015/1574/1402 2027/1587/1414 2026/1585/1412
f 2016/1586/1413 2028/1599/1425 2027/1587/1414
f 2029/1588/1415 2028/1599/1425 2016/1586/1413
f 2030/1589/1416 2029/1588/1415 2017/1575/1403
f 2031/1590/1417 2042/1602/1428 2030/1589/1416
f 2032/1591/1418 2031/1605/1417 2019/1592/1405
f 2033/1593/1419 2032/1591/1418 2020/1578/1406
f 2034/1594/1420 2033/1593/1419 2021/1580/1407
f 2023/1582/1409 2035/1595/1421 2034/1594/1420
f 2024/1583/1410 2036/1596/1422 2035/1595/1421
f 2025/1584/1411 2037/1597/1423 2036/1596/1422
f 2026/1585/1412 2038/1598/1424 2037/1597/1423
f 2027/1587/1414 2039/1600/1426 2038/1598/1424
f 2028/1599/1425 2040/1612/1437 2039/1600/1426
f 2041/1601/1427 2040/1612/1437 2028/1599/1425
f 2042/1602/1428 2041/1601/1427 2029/1588/1415
f 2043/1603/1429 2054/1615/1440 2042/1602/1428
f 2044/1604/1430 2043/1618/1429 2031/1605/1417
f 2045/1606/1431 2044/1604/1430 2032/1591/1418
f 2046/1607/1432 2045/1606/1431 2033/1593/1419
f 2035/1595/1421 2047/1608/1433 2046/1607/1432
f 2036/1596/1422 2048/1609/1434 2047/1608/1433
f 2037/1597/1423 2049/1610/1435 2048/1609/1434
f 2038/1598/1424 2050/1611/1436 2049/1610/1435
f 2039/1600/1426 2051/1613/1438 2050/1611/1436
f 2040/1612/1437 2052/1625/1449 2051/1613/1438
f 2053/1614/1439 2052/1625/1449 2040/1612/1437
f 2054/1615/1440 2053/1614/1439 2041/1601/1427
f 2055/1616/1441 2066/1628/1452 2054/1615/1440
f 2056/1617/1442 2055/1631/1441 2043/1618/1429
f 2057/1619/1443 2056/1617/1442 2044/1604/1430
f 2058/1620/1444 2057/1619/1443 2045/1606/1431
f 2047/1608/1433 2059/1621/1445 2058/1620/1444
f 2048/1609/1434 2060/1622/1446 2059/1621/1445
f 2049/1610/1435 2061/1623/1447 2060/1622/1446
f 2050/1611/1436 2062/1624/1448 2061/1623/1447
f 2051/1613/1438 2063/1626/1450 2062/1624/1448
f 2052/1625/1449 2064/1638/1461 2063/1626/1450
f 2065/1627/1451 2064/1638/1461 2052/1625/1449
f 2066/1628/1452 2065/1627/1451 2053/1614/1439
f 2067/1629/1453 2078/1641/1464 2066/1628/1452
f 2068/1630/1454 2067/1644/1453 2055/1631/1441
f 2069/1632/1455 2068/1630/1454 2056/1617/1442
f 2070/1633/1456 2069/1632/1455 2057/1619/1443
f 2059/1621/1445 2071/1634/1457 2070/1633/1456
f 2060/1622/1446 2072/1635/1458 2071/1634/1457
f 2061/1623/1447 2073/1636/1459 2072/1635/1458
f 2062/1624/1448 2074/1637/1460 2073/1636/1459
f 2063/1626/1450 2075/1639/1462 2074/1637/1460
f 2064/1638/1461 2076/1651/1473 2075/1639/1462
f 2077/1640/1463 2076/1651/1473 2064/1638/1461
f 2078/1641/1464 2077/1640/1463 2065/1627/1451
f 2079/1642/1465 2090/1654/1476 2078/1641/1464
f 2080/1643/1466 2079/1657/1465 2067/1644/1453
f 2081/1645/1467 2080/1643/1466 2068/1630/1454
f 2082/1646/1468 2081/1645/1467 2069/1632/1455
f 2071/1634/1457 2083/1647/1469 2082/1646/1468
f 2072/1635/1458 2084/1648/1470 2083/1647/1469
f 2073/1636/1459 2085/1649/1471 2084/1648/1470
f 2074/1637/1460 2086/1650/1472 2085/1649/1471
f 2075/1639/1462 2087/1652/1474 2086/1650/1472
f 2076/1651/1473 2088/1664/1485 2087/1652/1474
f 2089/1653/1475 2088/1664/1485 2076/1651/1473
f 2090/1654/1476 2089/1653/1475 2077/1640/1463
f 2091/1655/1477 2102/1667/1488 2090/1654/1476
f 2092/1656/1478 2091/1670/1477 2079/1657/1465
f 2093/1658/1479 2092/1656/1478 2080/1643/1466
f 2094/1659/1480 2093/1658/1479 2081/1645/1467
f 2095/1660/1481 2094/1659/1480 2082/1646/1468
f 2084/1648/1470 2096/1661/1482 2095/1660/1481
f 2085/1649/1471 2097/1662/1483 2096/1661/1482
f 2086/1650/1472 2098/1663/1484 2097/1662/1483
f 2087/1652/1474 2099/1665/1486 2098/1663/1484
f 2088/1664/1485 2100/1666/1487 2099/1665/1486
f 2089/1653/1475 2101/1678/1498 2100/1666/1487
f 2102/1667/1488 2101/1678/1498 2089/1653/1475
f 2103/1668/1489 2114/1680/1500 2102/1667/1488
f 2104/1669/1490 2103/1683/1489 2091/1670/1477
f 2105/1671/1491 2104/1669/1490 2092/1656/1478
f 2106/1672/1492 2105/1671/1491 2093/1658/1479
f 2107/1673/1493 2106/1672/1492 2094/1659/1480
f 2096/1661/1482 2108/1674/1494 2107/1673/1493
f 2097/1662/1483 2109/1675/1495 2108/1674/1494
f 2098/1663/1484 2110/1676/1496 2109/1675/1495
f 2099/1665/1486 2111/1677/1497 2110/1676/1496
f 2100/1666/1487 2112/1679/1499 2111/1677/1497
f 2101/1678/1498 2113/1691/1510 2112/1679/1499
f 2114/1680/1500 2113/1691/1510 2101/1678/1498
f 2115/1681/1501 2126/1693/1512 2114/1680/1500
f 2116/1682/1502 2115/1696/1501 2103/1683/1489
f 2117/1684/1503 2116/1682/1502 2104/1669/1490
f 2118/1685/1504 2117/1684/1503 2105/1671/1491
f 2119/1686/1505 2118/1685/1504 2106/1672/1492
f 2108/1674/1494 2120/1687/1506 2119/1686/1505
f 2109/1675/1495 2121/1688/1507 2120/1687/1506
f 2110/1676/1496 2122/1689/1508 2121/1688/1507
f 2111/1677/1497 2123/1690/1509 2122/1689/1508
f 2112/1679/1499 2124/1692/1511 2123/1690/1509
f 2113/1691/1510 2125/1704/1522 2124/1692/1511
f 2126/1693/1512 2125/1704/1522 2113/1691/1510
f 2127/1694/1513 2138/1706/1524 2126/1693/1512
f 2128/1695/1514 2127/1709/1513 2115/1696/1501
f 2129/1697/1515 2128/1695/1514 2116/1682/1502
f 2130/1698/1516 2129/1697/1515 2117/1684/1503
f 2131/1699/1517 2130/1698/1516 2118/1685/1504
f 2120/1687/1506 2132/1700/1518 2131/1699/1517
f 2121/1688/1507 2133/1701/1519 2132/1700/1518
f 2122/1689/1508 2134/1702/1520 2133/1701/1519
f 2123/1690/1509 2135/1703/1521 2134/1702/1520
f 2124/1692/1511 2136/1705/1523 2135/1703/1521
f 2125/1704/1522 2137/1717/1534 2136/1705/1523
f 2138/1706/1524 2137/1717/1534 2125/1704/1522
f 2139/1707/1525 2150/1719/1536 2138/1706/1524
f 2140/1708/1526 2139/1722/1525 2127/1709/1513
f 2141/1710/1527 2140/1708/1526 2128/1695/1514
f 2142/1711/1528 2141/1710/1527 2129/1697/1515
f 2143/1712/1529 2142/1711/1528 2130/1698/1516
f 2132/1700/1518 2144/1713/1530 2143/1712/1529
f 2133/1701/1519 2145/1714/1531 2144/1713/1530
f 2134/1702/1520 2146/1715/1532 2145/1714/1531
f 2135/1703/1521 2147/1716/1533 2146/1715/1532
f 2136/1705/1523 2148/1718/1535 2147/1716/1533
f 2137/1717/1534 2149/1730/1546 2148/1718/1535
f 2150/1719/1536 2149/1730/1546 2137/1717/1534
f 2151/1720/1537 2162/1732/1548 2150/1719/1536
f 2152/1721/1538 2151/1735/1537 2139/1722/1525
f 2153/1723/1539 2152/1721/1538 2140/1708/1526
f 2154/1724/1540 2153/1723/1539 2141/1710/1527
f 2155/1725/1541 2154/1724/1540 2142/1711/1528
f 2144/1713/1530 2156/1726/1542 2155/1725/1541
f 2145/1714/1531 2157/1727/1543 2156/1726/1542
f 2146/1715/1532 2158/1728/1544 2157/1727/1543
f 2147/1716/1533 2159/1729/1545 2158/1728/1544
f 2148/1718/1535 2160/1731/1547 2159/1729/1545
f 2149/1730/1546 2161/1743/1558 2160/1731/1547
f 2162/1732/1548 2161/1743/1558 2149/1730/1546
f 2163/1733/1549 2174/1745/1560 2162/1732/1548
f 2164/1734/1550 2163/1748/1549 2151/1735/1537
f 2165/1736/1551 2164/1734/1550 2152/1721/1538
f 2166/1737/1552 2165/1736/1551 2153/1723/1539
f 2167/1738/1553 2166/1737/1552 2154/1724/1540
f 2156/1726/1542 2168/1739/1554 2167/1738/1553
f 2157/1727/1543 2169/1740/1555 2168/1739/1554
f 2158/1728/1544 2170/1741/1556 2169/1740/1555
f 2159/1729/1545 2171/1742/1557 2170/1741/1556
f 2160/1731/1547 2172/1744/1559 2171/1742/1557
f 2161/1743/1558 2173/1756/1570 2172/1744/1559
f 2174/1745/1560 2173/1756/1570 2161/1743/1558
f 2175/1746/1561 2186/1758/1572 2174/1745/1560
f 2176/1747/1562 2175/1761/1561 2163/1748/1549
f 2177/1749/1563 2176/1747/1562 2164/1734/1550
f 2178/1750/1564 2177/1749/1563 2165/1736/1551
f 2179/1751/1565 2178/1750/1564 2166/1737/1552
f 2168/1739/1554 2180/1752/1566 2179/1751/1565
f 2169/1740/1555 2181/1753/1567 2180/1752/1566
f 2170/1741/1556 2182/1754/1568 2181/1753/1567
f 2171/1742/1557 2183/1755/1569 2182/1754/1568
f 2172/1744/1559 2184/1757/1571 2183/1755/1569
f 2173/1756/1570 2185/1769/1582 2184/1757/1571
f 2186/1758/1572 2185/1769/1582 2173/1756/1570
f 2187/1759/1573 2198/1771/1584 2186/1758/1572
f 2188/1760/1574 2187/1774/1573 2175/1761/1561
f 2189/1762/1575 2188/1760/1574 2176/1747/1562
f 2190/1763/1576 2189/1762/1575 2177/1749/1563
f 2191/1764/1577 2190/1763/1576 2178/1750/1564
f 2180/1752/1566 2192/1765/1578 2191/1764/1577
f 2181/1753/1567 2193/1766/1579 2192/1765/1578
f 2182/1754/1568 2194/1767/1580 2193/1766/1579
f 2183/1755/1569 2195/1768/1581 2194/1767/1580
f 2184/1757/1571 2196/1770/1583 2195/1768/1581
f 2185/1769/1582 2197/1782/1594 2196/1770/1583
f 2198/1771/1584 2197/1782/1594 2185/1769/1582
f 2199/1772/1585 2210/1784/1596 2198/1771/1584
f 2200/1773/1586 2199/1787/1585 2187/1774/1573
f 2201/1775/1587 2200/1773/1586 2188/1760/1574
f 2202/1776/1588 2201/1775/1587 2189/1762/1575
f 2203/1777/1589 2202/1776/1588 2190/1763/1576
f 2192/1765/1578 2204/1778/1590 2203/1777/1589
f 2193/1766/1579 2205/1779/1591 2204/1778/1590
f 2194/1767/1580 2206/1780/1592 2205/1779/1591
f 2195/1768/1581 2207/1781/1593 2206/1780/1592
f 2196/1770/1583 2208/1783/1595 2207/1781/1593
f 2197/1782/1594 2209/1795/1606 2208/1783/1595
f 2210/1784/1596 2209/1795/1606 2197/1782/1594
f 2211/1785/1597 2222/1797/1608 2210/1784/1596
f 2212/1786/1598 2211/1800/1597 2199/1787/1585
f 2213/1788/1599 2212/1786/1598 2200/1773/1586
f 2214/1789/1600 2213/1788/1599 2201/1775/1587
f 2215/1790/1601 2214/1789/1600 2202/1776/1588
f 2204/1778/1590 2216/1791/1602 2215/1790/1601
f 2205/1779/1591 2217/1792/1603 2216/1791/1602
f 2206/1780/1592 2218/1793/1604 2217/1792/1603
f 2207/1781/1593 2219/1794/1605 2218/1793/1604
f 2208/1783/1595 2220/1796/1607 2219/1794/1605
f 2209/1795/1606 2221/1808/1618 2220/1796/1607
f 2222/1797/1608 2221/1808/1618 2209/1795/1606
f 2223/1798/1609 2234/1810/1620 2222/1797/1608
f 2224/1799/1610 2223/1813/1609 2211/1800/1597
f 2225/1801/1611 2224/1799/1610 2212/1786/1598
f 2226/1802/1612 2225/1801/1611 2213/1788/1599
f 2227/1803/1613 2226/1802/1612 2214/1789/1600
f 2216/1791/1602 2228/1804/1614 2227/1803/1613
f 2217/1792/1603 2229/1805/1615 2228/1804/1614
f 2218/1793/1604 2230/1806/1616 2229/1805/1615
f 2219/1794/1605 2231/1807/1617 2230/1806/1616
f 2220/1796/1607 2232/1809/1619 2231/1807/1617
f 2221/1808/1618 2233/1821/1630 2232/1809/1619
f 2234/1810/1620 2233/1821/1630 2221/1808/1618
f 2235/1811/1621 2246/1823/1632 2234/1810/1620
f 2236/1812/1622 2235/1826/1621 2223/1813/1609
f 2237/1814/1623 2236/1812/1622 2224/1799/1610
f 2238/1815/1624 2237/1814/1623 2225/1801/1611
f 2239/1816/1625 2238/1815/1624 2226/1802/1612
f 2228/1804/1614 2240/1817/1626 2239/1816/1625
f 2229/1805/1615 2241/1818/1627 2240/1817/1626
f 2230/1806/1616 2242/1819/1628 2241/1818/1627
f 2231/1807/1617 2243/1820/1629 2242/1819/1628
f 2232/1809/1619 2244/1822/1631 2243/1820/1629
f 2233/1821/1630 2245/1836/1644 2244/1822/1631
f 2246/1823/1632 2245/1836/1644 2233/1821/1630
f 2235/1811/1621 2247/1837/1634 2258/1824/1633
f 2236/1812/1622 2248/1827/1635 2247/1825/1634
f 2237/1814/1623 2249/1828/1636 2248/1827/1635
f 2238/1815/1624 2250/1829/1637 2249/1828/1636
f 2239/1816/1625 2251/1842/1649 2250/1829/1637
f 2252/1830/1638 2251/1842/1649 2239/1816/1625
f 2253/1831/1639 2252/1830/1638 2240/1817/1626
f 2254/1832/1640 2253/1831/1639 2241/1818/1627
f 2255/1833/1641 2254/1832/1640 2242/1819/1628
f 2256/1834/1642 2255/1833/1641 2243/1820/1629
f 2257/1835/1643 2256/1834/1642 2244/1822/1631
f 2246/1823/1632 2258/1824/1633 2257/1835/1643
f 2247/1837/1634 2259/1850/1646 2270/1838/1645
f 2248/1827/1635 2260/1840/1647 2259/1839/1646
f 2249/1828/1636 2261/1841/1648 2260/1840/1647
f 2250/1829/1637 2262/1843/1650 2261/1841/1648
f 2251/1842/1649 2263/1856/1662 2262/1843/1650
f 2264/1844/1651 2263/1856/1662 2251/1842/1649
f 2265/1845/1652 2264/1844/1651 2252/1830/1638
f 2266/1846/1653 2265/1845/1652 2253/1831/1639
f 2267/1847/1654 2266/1846/1653 2254/1832/1640
f 2268/1848/1655 2267/1847/1654 2255/1833/1641
f 2269/1849/1656 2268/1848/1655 2256/1834/1642
f 2258/1824/1633 2270/1838/1645 2269/1849/1656
f 2259/1850/1646 2271/1864/1670 2282/1851/1657
f 2272/1852/1658 2271/1866/1670 2259/1839/1646
f 2273/1853/1659 2272/1852/1658 2260/1840/1647
f 2274/1854/1660 2273/1853/1659 2261/1841/1648
f 2275/1855/1661 2274/1854/1660 2262/1843/1650
f 2276/1857/1663 2275/1855/1661 2263/1856/1662
f 2277/1858/1664 2276/1857/1663 2264/1844/1651
f 2266/1846/1653 2278/1859/1665 2277/1858/1664
f 2267/1847/1654 2279/1860/1666 2278/1859/1665
f 2268/1848/1655 2280/1861/1667 2279/1860/1666
f 2269/1849/1656 2281/1862/1668 2280/1861/1667
f 2270/1838/1645 2282/1851/1657 2281/1862/1668
f 2283/1863/1669 2294/1877/1682 2282/1851/1657
f 2284/1865/1671 2283/1879/1669 2271/1866/1670
f 2285/1867/1672 2284/1865/1671 2272/1852/1658
f 2286/1868/1673 2285/1867/1672 2273/1853/1659
f 2287/1869/1674 2286/1868/1673 2274/1854/1660
f 2288/1870/1675 2287/1869/1674 2275/1855/1661
f 2277/1858/1664 2289/1871/1676 2288/1870/1675
f 2278/1859/1665 2290/1872/1677 2289/1871/1676
f 2279/1860/1666 2291/1873/1678 2290/1872/1677
f 2280/1861/1667 2292/1874/1679 2291/1873/1678
f 2281/1862/1668 2293/1875/1680 2292/1874/1679
f 2282/1851/1657 2294/1877/1682 2293/1875/1680
f 2295/1876/1681 2306/1890/1694 2294/1877/1682
f 2296/1878/1683 2295/1892/1681 2283/1879/1669
f 2297/1880/1684 2296/1878/1683 2284/1865/1671
f 2298/1881/1685 2297/1880/1684 2285/1867/1672
f 2299/1882/1686 2298/1881/1685 2286/1868/1673
f 2300/1883/1687 2299/1882/1686 2287/1869/1674
f 2289/1871/1676 2301/1884/1688 2300/1883/1687
f 2290/1872/1677 2302/1885/1689 2301/1884/1688
f 2291/1873/1678 2303/1886/1690 2302/1885/1689
f 2292/1874/1679 2304/1887/1691 2303/1886/1690
f 2293/1875/1680 2305/1888/1692 2304/1887/1691
f 2294/1877/1682 2306/1890/1694 2305/1888/1692
f 2295/1876/1681 2307/1902/1705 2318/1889/1693
f 2308/1891/1695 2307/1905/1705 2295/1892/1681
f 2309/1893/1696 2308/1891/1695 2296/1878/1683
f 2310/1894/1697 2309/1893/1696 2297/1880/1684
f 2311/1895/1698 2310/1894/1697 2298/1881/1685
f 2312/1896/1699 2311/1895/1698 2299/1882/1686
f 2313/1897/1700 2312/1896/1699 2300/1883/1687
f 2302/1885/1689 2314/1898/1701 2313/1897/1700
f 2303/1886/1690 2315/1899/1702 2314/1898/1701
f 2304/1887/1691 2316/1900/1703 2315/1899/1702
f 2305/1888/1692 2317/1901/1704 2316/1900/1703
f 2306/1890/1694 2318/1889/1693 2317/1901/1704
f 2307/1902/1705 2319/1915/1707 2330/1903/1706
f 2308/1891/1695 2320/1906/1708 2319/1904/1707
f 2309/1893/1696 2321/1907/1709 2320/1906/1708
f 2310/1894/1697 2322/1908/1710 2321/1907/1709
f 2311/1895/1698 2323/1920/1721 2322/1908/1710
f 2324/1909/1711 2323/1920/1721 2311/1895/1698
f 2325/1910/1712 2324/1909/1711 2312/1896/1699
f 2326/1911/1713 2325/1910/1712 2313/1897/1700
f 2327/1912/1714 2326/1911/1713 2314/1898/1701
f 2328/1913/1715 2327/1912/1714 2315/1899/1702
f 2329/1914/1716 2328/1913/1715 2316/1900/1703
f 2318/1889/1693 2330/1903/1706 2329/1914/1716
f 2319/1915/1707 2331/1928/1718 2342/1916/1717
f 2320/1906/1708 2332/1918/1719 2331/1917/1718
f 2321/1907/1709 2333/1919/1720 2332/1918/1719
f 2322/1908/1710 2334/1921/1722 2333/1919/1720
f 2323/1920/1721 2335/1933/1733 2334/1921/1722
f 2336/1922/1723 2335/1933/1733 2323/1920/1721
f 2337/1923/1724 2336/1922/1723 2324/1909/1711
f 2338/1924/1725 2337/1923/1724 2325/1910/1712
f 2339/1925/1726 2338/1924/1725 2326/1911/1713
f 2340/1926/1727 2339/1925/1726 2327/1912/1714
f 2341/1927/1728 2340/1926/1727 2328/1913/1715
f 2330/1903/1706 2342/1916/1717 2341/1927/1728
f 2331/1928/1718 2343/1941/1730 2354/1929/1729
f 2332/1918/1719 2344/1931/1731 2343/1930/1730
f 2333/1919/1720 2345/1932/1732 2344/1931/1731
f 2334/1921/1722 2346/1934/1734 2345/1932/1732
f 2335/1933/1733 2347/1946/1745 2346/1934/1734
f 2348/1935/1735 2347/1946/1745 2335/1933/1733
f 2349/1936/1736 2348/1935/1735 2336/1922/1723
f 2350/1937/1737 2349/1936/1736 2337/1923/1724
f 2351/1938/1738 2350/1937/1737 2338/1924/1725
f 2352/1939/1739 2351/1938/1738 2339/1925/1726
f 2353/1940/1740 2352/1939/1739 2340/1926/1727
f 2342/1916/1717 2354/1929/1729 2353/1940/1740
f 2343/1941/1730 2355/1954/1742 2366/1942/1741
f 2344/1931/1731 2356/1944/1743 2355/1943/1742
f 2345/1932/1732 2357/1945/1744 2356/1944/1743
f 2346/1934/1734 2358/1947/1746 2357/1945/1744
f 2347/1946/1745 2359/1959/1757 2358/1947/1746
f 2360/1948/1747 2359/1959/1757 2347/1946/1745
f 2361/1949/1748 2360/1948/1747 2348/1935/1735
f 2362/1950/1749 2361/1949/1748 2349/1936/1736
f 2363/1951/1750 2362/1950/1749 2350/1937/1737
f 2364/1952/1751 2363/1951/1750 2351/1938/1738
f 2365/1953/1752 2364/1952/1751 2352/1939/1739
f 2354/1929/1729 2366/1942/1741 2365/1953/1752
f 2355/1954/1742 2367/1967/1754 2378/1955/1753
f 2356/1944/1743 2368/1957/1755 2367/1956/1754
f 2357/1945/1744 2369/1958/1756 2368/1957/1755
f 2358/1947/1746 2370/1960/1758 2369/1958/1756
f 2359/1959/1757 2371/1972/1769 2370/1960/1758
f 2372/1961/1759 2371/1972/1769 2359/1959/1757
f 2373/1962/1760 2372/1961/1759 2360/1948/1747
f 2374/1963/1761 2373/1962/1760 2361/1949/1748
f 2375/1964/1762 2374/1963/1761 2362/1950/1749
f 2376/1965/1763 2375/1964/1762 2363/1951/1750
f 2377/1966/1764 2376/1965/1763 2364/1952/1751
f 2366/1942/1741 2378/1955/1753 2377/1966/1764
f 2367/1967/1754 2379/1980/1766 2390/1968/1765
f 2368/1957/1755 2380/1970/1767 2379/1969/1766
f 2369/1958/1756 2381/1971/1768 2380/1970/1767
f 2370/1960/1758 2382/1973/1770 2381/1971/1768
f 2371/1972/1769 2383/1985/1781 2382/1973/1770
f 2384/1974/1771 2383/1985/1781 2371/1972/1769
f 2385/1975/1772 2384/1974/1771 2372/1961/1759
f 2386/1976/1773 2385/1975/1772 2373/1962/1760
f 2387/1977/1774 2386/1976/1773 2374/1963/1761
f 2388/1978/1775 2387/1977/1774 2375/1964/1762
f 2389/1979/1776 2388/1978/1775 2376/1965/1763
f 2378/1955/1753 2390/1968/1765 2389/1979/1776
f 2379/1980/1766 2391/1994/1778 2402/1981/1777
f 2380/1970/1767 2392/1983/1779 2391/1982/1778
f 2381/1971/1768 2393/1984/1780 2392/1983/1779
f 2382/1973/1770 2394/1986/1782 2393/1984/1780
f 2383/1985/1781 2395/1987/1783 2394/1986/1782
f 2384/1974/1771 2396/1999/1793 2395/1987/1783
f 2397/1988/1784 2396/1999/1793 2384/1974/1771
f 2398/1989/1785 2397/1988/1784 2385/1975/1772
f 2399/1990/1786 2398/1989/1785 2386/1976/1773
f 2400/1991/1787 2399/1990/1786 2387/1977/1774
f 2401/1992/1788 2400/1991/1787 2388/1978/1775
f 2402/1981/1777 2401/1992/1788 2389/1979/1776
f 2403/1993/1789 2414/2006/1800 2402/1981/1777
f 2392/1983/1779 2404/1996/1790 2403/1995/1789
f 2393/1984/1780 2405/1997/1791 2404/1996/1790
f 2394/1986/1782 2406/1998/1792 2405/1997/1791
f 2395/1987/1783 2407/2000/1794 2406/1998/1792
f 2396/1999/1793 2408/2001/1795 2407/2000/1794
f 2397/1988/1784 2409/2014/1808 2408/2001/1795
f 2410/2002/1796 2409/2014/1808 2397/1988/1784
f 2411/2003/1797 2410/2002/1796 2398/1989/1785
f 2412/2004/1798 2411/2003/1797 2399/1990/1786
f 2413/2005/1799 2412/2004/1798 2400/1991/1787
f 2414/2006/1800 2413/2005/1799 2401/1992/1788
f 2403/1993/1789 2415/2019/1802 2426/2007/1801
f 2404/1996/1790 2416/2009/1803 2415/2008/1802
f 2405/1997/1791 2417/2010/1804 2416/2009/1803
f 2406/1998/1792 2418/2011/1805 2417/2010/1804
f 2407/2000/1794 2419/2012/1806 2418/2011/1805
f 2408/2001/1795 2420/2026/1819 2419/2012/1806
f 2421/2013/1807 2420/2026/1819 2408/2001/1795
f 2422/2015/1809 2421/2013/1807 2409/2014/1808
f 2423/2016/1810 2422/2015/1809 2410/2002/1796
f 2424/2017/1811 2423/2016/1810 2411/2003/1797
f 2425/2018/1812 2424/2017/1811 2412/2004/1798
f 2426/2007/1801 2425/2018/1812 2413/2005/1799
f 2415/2019/1802 2427/2032/1814 2438/2020/1813
f 2416/2009/1803 2428/2022/1815 2427/2021/1814
f 2417/2010/1804 2429/2023/1816 2428/2022/1815
f 2418/2011/1805 2430/2024/1817 2429/2023/1816
f 2419/2012/1806 2431/2037/1829 2430/2024/1817
f 2432/2025/1818 2431/2037/1829 2419/2012/1806
f 2433/2027/1820 2432/2025/1818 2420/2026/1819
f 2434/2028/1821 2433/2027/1820 2421/2013/1807
f 2435/2029/1822 2434/2028/1821 2422/2015/1809
f 2436/2030/1823 2435/2029/1822 2423/2016/1810
f 2437/2031/1824 2436/2030/1823 2424/2017/1811
f 2426/2007/1801 2438/2020/1813 2437/2031/1824
f 2427/2032/1814 2439/2045/1826 2450/2033/1825
f 2428/2022/1815 2440/2035/1827 2439/2034/1826
f 2429/2023/1816 2441/2036/1828 2440/2035/1827
f 2430/2024/1817 2442/2038/1830 2441/2036/1828
f 2431/2037/1829 2443/2050/1841 2442/2038/1830
f 2444/2039/1831 2443/2050/1841 2431/2037/1829
f 2445/2040/1832 2444/2039/1831 2432/2025/1818
f 2446/2041/1833 2445/2040/1832 2433/2027/1820
f 2447/2042/1834 2446/2041/1833 2434/2028/1821
f 2448/2043/1835 2447/2042/1834 2435/2029/1822
f 2449/2044/1836 2448/2043/1835 2436/2030/1823
f 2438/2020/1813 2450/2033/1825 2449/2044/1836
f 2439/2045/1826 2451/2058/1838 2462/2046/1837
f 2440/2035/1827 2452/2048/1839 2451/2047/1838
f 2441/2036/1828 2453/2049/1840 2452/2048/1839
f 2442/2038/1830 2454/2051/1842 2453/2049/1840
f 2443/2050/1841 2455/2063/1853 2454/2051/1842
f 2456/2052/1843 2455/2063/1853 2443/2050/1841
f 2457/2053/1844 2456/2052/1843 2444/2039/1831
f 2458/2054/1845 2457/2053/1844 2445/2040/1832
f 2459/2055/1846 2458/2054/1845 2446/2041/1833
f 2460/2056/1847 2459/2055/1846 2447/2042/1834
f 2461/2057/1848 2460/2056/1847 2448/2043/1835
f 2450/2033/1825 2462/2046/1837 2461/2057/1848
f 2451/2058/1838 2463/2071/1850 2474/2059/1849
f 2452/2048/1839 2464/2061/1851 2463/2060/1850
f 2453/2049/1840 2465/2062/1852 2464/2061/1851
f 2454/2051/1842 2466/2064/1854 2465/2062/1852
f 2455/2063/1853 2467/2076/1865 2466/2064/1854
f 2468/2065/1855 2467/2076/1865 2455/2063/1853
f 2469/2066/1856 2468/2065/1855 2456/2052/1843
f 2470/2067/1857 2469/2066/1856 2457/2053/1844
f 2471/2068/1858 2470/2067/1857 2458/2054/1845
f 2472/2069/1859 2471/2068/1858 2459/2055/1846
f 2473/2070/1860 2472/2069/1859 2460/2056/1847
f 2462/2046/1837 2474/2059/1849 2473/2070/1860
f 2463/2071/1850 2475/2084/1862 2486/2072/1861
f 2464/2061/1851 2476/2074/1863 2475/2073/1862
f 2465/2062/1852 2477/2075/1864 2476/2074/1863
f 2466/2064/1854 2478/2077/1866 2477/2075/1864
f 2467/2076/1865 2479/2089/1877 2478/2077/1866
f 2480/2078/1867 2479/2089/1877 2467/2076/1865
f 2481/2079/1868 2480/2078/1867 2468/2065/1855
f 2482/2080/1869 2481/2079/1868 2469/2066/1856
f 2483/2081/1870 2482/2080/1869 2470/2067/1857
f 2484/2082/1871 2483/2081/1870 2471/2068/1858
f 2485/2083/1872 2484/2082/1871 2472/2069/1859
f 2474/2059/1849 2486/2072/1861 2485/2083/1872
f 2475/2084/1862 2487/2097/1874 2498/2085/1873
f 2476/2074/1863 2488/2087/1875 2487/2086/1874
f 2477/2075/1864 2489/2088/1876 2488/2087/1875
f 2478/2077/1866 2490/2090/1878 2489/2088/1876
f 2479/2089/1877 2491/2103/1890 2490/2090/1878
f 2492/2091/1879 2491/2103/1890 2479/2089/1877
f 2493/2092/1880 2492/2091/1879 2480/2078/1867
f 2494/2093/1881 2493/2092/1880 2481/2079/1868
f 2495/2094/1882 2494/2093/1881 2482/2080/1869
f 2496/2095/1883 2495/2094/1882 2483/2081/1870
f 2497/2096/1884 2496/2095/1883 2484/2082/1871
f 2486/2072/1861 2498/2085/1873 2497/2096/1884
f 2487/2097/1874 2499/2110/1886 2510/2098/1885
f 2488/2087/1875 2500/2100/1887 2499/2099/1886
f 2489/2088/1876 2501/2101/1888 2500/2100/1887
f 2490/2090/1878 2502/2115/1901 2501/2101/1888
f 2503/2102/1889 2502/2115/1901 2490/2090/1878
f 2504/2104/1891 2503/2102/1889 2491/2103/1890
f 2505/2105/1892 2504/2104/1891 2492/2091/1879
f 2506/2106/1893 2505/2105/1892 2493/2092/1880
f 2507/2107/1894 2506/2106/1893 2494/2093/1881
f 2508/2108/1895 2507/2107/1894 2495/2094/1882
f 2497/2096/1884 2509/2109/1896 2508/2108/1895
f 2498/2085/1873 2510/2098/1885 2509/2109/1896
f 2499/2110/1886 2511/2371/2080 2522/2111/1897
f 2512/2112/1898 2511/2372/2080 2499/2099/1886
f 2513/2113/1899 2512/2112/1898 2500/2100/1887
f 2514/2114/1900 2513/2113/1899 2501/2101/1888
f 2515/2116/1902 2514/2114/1900 2502/2115/1901
f 2516/2117/1903 2515/2116/1902 2503/2102/1889
f 2517/2118/1904 2516/2117/1903 2504/2104/1891
f 2506/2106/1893 2518/2119/1905 2517/2118/1904
f 2507/2107/1894 2519/2120/1906 2518/2119/1905
f 2508/2108/1895 2520/2121/1907 2519/2120/1906
f 2509/2109/1896 2521/2122/1908 2520/2121/1907
f 2510/2098/1885 2522/2111/1897 2521/2122/1908
s 136
f 2572/2160/1 2574/2161/2003 2573/2161/2003
f 2574/2161/2003 2576/2162/2004 2575/2162/2004
f 2576/2162/2004 2578/2163/9 2577/2163/9
f 2578/2163/9 2580/2164/2005 2579/2164/2005
f 2580/2164/2005 2582/2165/2006 2581/2165/2006
f 2582/2165/2006 2584/2166/82 2583/2166/82
f 2584/2166/82 2586/2167/2007 2585/2167/2007
f 2586/2167/2007 2588/2168/2008 2587/2168/2008
f 2588/2168/2008 2590/2169/6 2589/2169/6
f 2590/2169/6 2592/2170/2009 2591/2170/2009
f 2592/2170/2009 2594/2171/2010 2593/2171/2010
f 2594/2171/2010 2572/2160/1 2571/2160/1
s 0
f 2698/2224/7 2700/2224/7 2699/2225/7
f 2704/2226/3 2702/2226/3 2701/2227/3
f 2702/2226/82 2698/2224/82 2697/2225/82
f 2703/2227/6 2701/2227/6 2697/2225/6
f 2700/2224/9 2698/2224/9 2702/2226/9
f 2706/2228/7 2708/2228/7 2707/2229/7
f 2712/2230/3 2710/2230/3 2709/2231/3
f 2710/2230/82 2706/2228/82 2705/2229/82
f 2711/2231/6 2709/2231/6 2705/2229/6
f 2708/2228/9 2706/2228/9 2710/2230/9
f 2714/2232/7 2716/2232/7 2715/2233/7
f 2720/2234/3 2718/2234/3 2717/2235/3
f 2718/2234/82 2714/2232/82 2713/2233/82
f 2719/2235/6 2717/2235/6 2713/2233/6
f 2716/2232/9 2714/2232/9 2718/2234/9
f 2722/2236/7 2724/2236/7 2723/2237/7
f 2728/2238/3 2726/2238/3 2725/2239/3
f 2726/2238/82 2722/2236/82 2721/2237/82
f 2727/2239/6 2725/2239/6 2721/2237/6
f 2724/2236/9 2722/2236/9 2726/2238/9
f 2730/2240/7 2732/2240/7 2731/2241/7
f 2736/2242/3 2734/2242/3 2733/2243/3
f 2734/2242/82 2730/2240/82 2729/2241/82
f 2735/2243/6 2733/2243/6 2729/2241/6
f 2732/2240/9 2730/2240/9 2734/2242/9
f 2738/2244/7 2740/2244/7 2739/2245/7
f 2744/2246/3 2742/2246/3 2741/2247/3
f 2742/2246/82 2738/2244/82 2737/2245/82
f 2743/2247/6 2741/2247/6 2737/2245/6
f 2740/2244/9 2738/2244/9 2742/2246/9
f 2746/2248/7 2748/2248/7 2747/2249/7
f 2752/2250/3 2750/2250/3 2749/2251/3
f 2750/2250/82 2746/2248/82 2745/2249/82
f 2751/2251/6 2749/2251/6 2745/2249/6
f 2748/2248/9 2746/2248/9 2750/2250/9
f 2754/2252/7 2756/2252/7 2755/2253/7
f 2760/2254/3 2758/2254/3 2757/2255/3
f 2758/2254/82 2754/2252/82 2753/2253/82
f 2759/2255/6 2757/2255/6 2753/2253/6
f 2756/2252/9 2754/2252/9 2758/2254/9
f 2762/2256/7 2764/2256/7 2763/2257/7
f 2768/2258/3 2766/2258/3 2765/2259/3
f 2766/2258/82 2762/2256/82 2761/2257/82
f 2767/2259/6 2765/2259/6 2761/2257/6
f 2764/2256/9 2762/2256/9 2766/2258/9
f 2770/2260/7 2772/2260/7 2771/2261/7
f 2776/2262/3 2774/2262/3 2773/2263/3
f 2774/2262/82 2770/2260/82 2769/2261/82
f 2775/2263/6 2773/2263/6 2769/2261/6
f 2772/2260/9 2770/2260/9 2774/2262/9
f 2778/2264/7 2780/2264/7 2779/2265/7
f 2784/2266/3 2782/2266/3 2781/2267/3
f 2782/2266/82 2778/2264/82 2777/2265/82
f 2783/2267/6 2781/2267/6 2777/2265/6
f 2780/2264/9 2778/2264/9 2782/2266/9
f 2786/2268/7 2788/2268/7 2787/2269/7
f 2792/2270/3 2790/2270/3 2789/2271/3
f 2790/2270/82 2786/2268/82 2785/2269/82
f 2791/2271/6 2789/2271/6 2785/2269/6
f 2788/2268/9 2786/2268/9 2790/2270/9
s 56
g payphone_stand_metal_shiny
usemtl metal_shiny
f 1466/182/82 1453/183/82 2797/184/82
s 95
f 1444/1087/7 1468/1088/7 1467/1087/7
s 96
f 1445/182/6 1467/1087/6 1466/182/6
s 97
f 1442/1089/3 1466/182/3 1469/1089/3
s 98
f 1445/182/82 1443/1088/82 1444/1087/82
s 99
f 1443/1088/9 1469/1089/9 1468/1088/9
s 100
f 1470/1090/9 1449/1091/9 1471/1092/9
f 1472/1093/6 1447/1094/6 1473/1095/6
s 56
f 1467/1087/82 1453/183/82 1466/182/82
f 1450/1096/82 1468/1088/82 1469/1089/82
f 1454/1097/82 1466/182/82 1455/1098/82
f 1468/1088/82 1476/1099/82 1467/1087/82
s 100
f 1477/1100/3 1461/1101/3 1456/1102/3
f 1475/1103/7 1459/1104/7 1474/1104/7
s 101
f 1485/1105/7 1480/1106/7 1481/1105/7
s 102
f 1492/1098/7 1454/1097/7 1455/1098/7
s 103
f 1470/1090/82 1464/1107/82 1465/1108/82
f 1472/1093/82 1462/1109/82 1463/1110/82
f 1475/1103/82 1479/1111/82 1478/1112/82
f 1477/1100/82 1481/1105/82 1480/1106/82
s 102
f 1490/1096/6 1451/1113/6 1450/1096/6
f 1488/1114/9 1453/183/9 1452/1114/9
s 104
f 1482/1106/82 1486/1099/82 1493/1115/82
f 1484/1112/82 1487/1097/82 1492/1098/82
f 1497/1110/82 1491/1113/82 1490/1096/82
f 1496/1108/82 1489/183/82 1488/1114/82
s 102
f 1493/1115/3 1476/1099/3 1457/1115/3
s 101
f 1483/1111/3 1478/1112/3 1479/1111/3
f 1494/1109/9 1463/1110/9 1462/1109/9
f 1495/1107/6 1465/1108/6 1464/1107/6
s 100
f 1529/1120/1023 1551/1121/1024 1527/1122/1024
f 1530/1123/1025 1553/1124/1023 1529/1120/1023
f 1528/1125/1026 1554/1126/1025 1530/1123/1025
f 1541/1127/1027 1543/1128/1028 1539/1129/1028
f 1542/1130/1029 1545/1131/1027 1541/1127/1027
f 1542/1130/1029 1544/1132/1030 1546/1133/1029
f 1550/1134/1031 1532/1135/1032 1548/1135/1032
f 1549/1136/1033 1534/1137/1031 1550/1134/1031
f 1547/1138/1034 1533/1139/1033 1549/1136/1033
f 1558/1140/1035 1536/1141/1036 1556/1141/1036
f 1557/1142/1037 1538/1143/1035 1558/1140/1035
f 1555/1144/1038 1537/1145/1037 1557/1142/1037
s 103
f 1555/1144/82 1573/1146/82 1571/1147/82
f 1557/1142/82 1574/1148/82 1573/1146/82
f 1556/1141/82 1574/1148/82 1558/1140/82
f 1547/1138/82 1565/1149/82 1563/1150/82
f 1549/1136/82 1566/1151/82 1565/1149/82
f 1548/1135/82 1566/1151/82 1550/1134/82
s 101
f 1562/1152/1039 1575/1153/1040 1560/1153/1040
f 1561/1154/1041 1577/1155/1042 1562/1152/1039
f 1559/1156/1043 1578/1157/1041 1561/1154/1041
f 1565/1149/1044 1579/1158/1045 1563/1150/1045
f 1566/1151/1046 1581/1159/1044 1565/1149/1044
f 1564/1160/1047 1582/1161/1048 1566/1151/1046
s 102
f 1598/1162/1049 1524/1163/1050 1596/1164/1050
f 1597/1165/1051 1526/1166/1052 1598/1162/1049
f 1595/1167/1053 1525/1168/1051 1597/1165/1051
s 103
f 1561/1154/82 1544/1132/82 1559/1156/82
f 1562/1152/82 1546/1133/82 1561/1154/82
f 1562/1152/82 1543/1128/82 1545/1131/82
s 101
f 1586/1169/1054 1567/1170/1055 1584/1171/1055
f 1585/1172/1056 1569/1173/1054 1586/1169/1054
f 1583/1174/1057 1570/1175/1056 1585/1172/1056
s 103
f 1569/1173/82 1552/1125/82 1567/1170/82
f 1570/1175/82 1554/1126/82 1569/1173/82
f 1570/1175/82 1551/1121/82 1553/1124/82
s 104
f 1594/1176/82 1584/1171/82 1592/1177/82
f 1593/1178/82 1586/1169/82 1594/1176/82
f 1593/1178/82 1583/1174/82 1585/1172/82
f 1597/1165/82 1576/1179/82 1595/1167/82
f 1598/1162/82 1578/1157/82 1597/1165/82
f 1598/1162/82 1575/1153/82 1577/1155/82
f 1579/1158/82 1601/1180/82 1599/1181/82
f 1581/1159/82 1602/1182/82 1601/1180/82
f 1580/1183/82 1602/1182/82 1582/1161/82
f 1588/1147/82 1605/1184/82 1603/1185/82
f 1590/1186/82 1606/1187/82 1605/1184/82
f 1587/1188/82 1606/1187/82 1589/1189/82
s 102
f 1517/1190/1058 1600/1191/1059 1515/1192/1059
f 1518/1193/1060 1602/1182/1058 1517/1190/1058
f 1516/1194/1061 1601/1180/1060 1518/1193/1060
f 1593/1178/1062 1512/1195/1063 1591/1195/1063
f 1594/1176/1064 1514/1196/1065 1593/1178/1062
f 1592/1177/1066 1513/1197/1064 1594/1176/1064
f 1521/1198/1067 1604/1199/1068 1519/1200/1068
f 1522/1201/1069 1606/1187/1070 1521/1198/1067
f 1520/1202/1071 1605/1184/1069 1522/1201/1069
s 101
f 1589/1189/1072 1572/1203/1073 1587/1188/1073
f 1590/1186/1074 1574/1148/1072 1589/1189/1072
f 1588/1147/1075 1573/1146/1074 1590/1186/1074
s 102
f 1489/183/9 1512/1195/1063 1453/183/9
s 56
f 1450/1096/82 1469/1089/82 2798/1204/82
s 102
f 1592/1177/1066 1455/1098/7 1511/1205/1066
f 1600/1191/1059 1450/1096/6 1515/1192/1059
s 56
f 1476/1099/82 1520/1202/82 2799/1206/82
s 102
f 1487/1097/7 1516/1194/1061 1454/1097/7
f 1604/1199/1068 1452/1114/9 1519/1200/1068
s 56
f 1523/1167/82 1457/1115/82 2800/1207/82
s 102
f 1486/1099/3 1520/1202/1071 1476/1099/3
f 1491/1113/6 1524/1163/1050 1451/1113/6
s 105
f 1623/1208/82 1628/1209/82 2801/1210/82
s 102
f 1595/1167/1053 1457/1115/3 1523/1167/1053
s 100
f 1528/1125/1026 1475/1103/7 1552/1125/1026
f 1449/1091/9 1551/1121/1024 1471/1092/9
f 1459/1104/7 1547/1138/1034 1474/1104/7
f 1532/1135/1032 1472/1093/6 1548/1135/1032
f 1461/1101/3 1555/1144/1038 1456/1102/3
f 1536/1141/1036 1470/1090/9 1556/1141/1036
f 1540/1211/1030 1477/1100/3 1544/1132/1030
f 1447/1094/6 1543/1128/1028 1473/1095/6
s 103
f 1559/1156/82 1477/1100/82 1480/1106/82
f 1473/1095/82 1560/1153/82 1462/1109/82
f 1564/1160/82 1472/1093/82 1463/1110/82
f 1474/1104/82 1563/1150/82 1479/1111/82
f 1567/1170/82 1475/1103/82 1478/1112/82
f 1471/1092/82 1568/1174/82 1464/1107/82
f 1572/1203/82 1470/1090/82 1465/1108/82
f 1456/1102/82 1571/1147/82 1481/1105/82
s 101
f 1482/1106/7 1559/1156/1043 1480/1106/7
f 1575/1153/1040 1462/1109/9 1560/1153/1040
f 1497/1110/9 1564/1160/1047 1463/1110/9
f 1579/1158/1045 1479/1111/3 1563/1150/1045
f 1484/1112/3 1567/1170/1055 1478/1112/3
f 1583/1174/1057 1464/1107/6 1568/1174/1057
f 1588/1147/1075 1481/1105/7 1571/1147/1075
f 1496/1108/6 1572/1203/1073 1465/1108/6
s 104
f 1595/1167/82 1482/1106/82 1493/1115/82
f 1494/1109/82 1596/1164/82 1491/1113/82
f 1483/1111/82 1599/1181/82 1487/1097/82
f 1600/1191/82 1497/1110/82 1490/1096/82
f 1592/1177/82 1484/1112/82 1492/1098/82
f 1495/1107/82 1591/1195/82 1489/183/82
f 1485/1105/82 1603/1185/82 1486/1099/82
f 1604/1199/82 1496/1108/82 1488/1114/82
s 106
f 1616/1212/82 1641/1213/82 1639/1214/82
f 1618/1215/82 1642/1216/82 1641/1213/82
f 1615/1217/82 1642/1216/82 1617/1218/82
f 1646/1219/82 1611/1220/82 1644/1221/82
f 1645/1222/82 1613/1223/82 1646/1219/82
f 1645/1222/82 1612/1224/82 1614/1225/82
f 1608/1226/82 1649/1227/82 1647/1228/82
f 1610/1229/82 1650/1230/82 1649/1227/82
f 1607/1231/82 1650/1230/82 1609/1232/82
f 1654/1233/82 1619/1234/82 1652/1235/82
f 1653/1236/82 1621/1237/82 1654/1233/82
f 1653/1236/82 1620/1238/82 1622/1239/82
s 107
f 1643/1240/1076 1661/1241/591 1659/1240/1076
f 1645/1222/591 1662/1242/593 1661/1241/591
f 1644/1221/1077 1662/1242/593 1646/1219/593
s 108
f 1623/1208/1078 1673/1243/1079 1671/1244/1080
f 1625/1245/1081 1674/1246/1082 1673/1243/1079
f 1624/1247/1083 1674/1246/1082 1626/1248/1084
f 1686/1249/1085 1636/1250/1086 1684/1251/1087
f 1686/1249/1085 1637/1252/1088 1638/1253/1089
f 1685/1254/1090 1635/1255/1091 1637/1252/1088
f 1631/1256/1092 1681/1257/1093 1679/1258/1094
f 1634/1259/1095 1681/1257/1093 1633/1260/1096
f 1632/1261/1097 1682/1262/1098 1634/1259/1095
s 109
f 1656/1214/82 1674/1246/82 1672/1263/82
f 1657/1264/82 1674/1246/82 1658/1265/82
f 1655/1266/82 1673/1243/82 1657/1264/82
f 1678/1267/82 1660/1221/82 1676/1268/82
f 1678/1267/82 1661/1241/82 1662/1242/82
f 1677/1269/82 1659/1240/82 1661/1241/82
f 1664/1270/82 1682/1262/82 1680/1271/82
f 1665/1272/82 1682/1262/82 1666/1273/82
f 1663/1274/82 1681/1257/82 1665/1272/82
f 1685/1254/82 1667/1235/82 1683/1275/82
f 1685/1254/82 1670/1276/82 1669/1277/82
f 1686/1249/82 1668/1278/82 1670/1276/82
s 107
f 1669/1277/525 1652/1235/1099 1667/1235/1100
f 1670/1276/580 1654/1233/525 1669/1277/525
f 1668/1278/32 1653/1236/580 1670/1276/580
f 1641/1213/586 1656/1214/1101 1639/1214/1101
f 1642/1216/588 1658/1265/586 1641/1213/586
f 1640/1266/1102 1657/1264/588 1642/1216/588
s 108
f 1677/1269/1103 1628/1209/1104 1675/1279/1105
f 1677/1269/1103 1629/1280/1106 1630/1281/1107
f 1678/1267/1108 1627/1282/1109 1629/1280/1106
s 107
f 1665/1272/583 1648/1274/69 1663/1274/69
f 1666/1273/528 1650/1230/583 1665/1272/583
f 1664/1270/1110 1649/1227/528 1666/1273/528
s 110
f 1695/1283/1111 1618/1215/1112 1616/1212/1113
f 1698/1284/1114 1618/1215/1112 1697/1285/1115
f 1696/1286/1116 1617/1218/1117 1698/1284/1114
f 1613/1223/1118 1692/1287/1119 1611/1220/1120
f 1613/1223/1118 1693/1288/1121 1694/1289/1122
f 1614/1225/1123 1691/1290/1124 1693/1288/1121
f 1687/1291/1125 1610/1229/1126 1608/1226/1127
f 1689/1292/1128 1609/1232/1129 1610/1229/1126
f 1688/1293/1130 1609/1232/1129 1690/1294/1131
f 1621/1237/1132 1700/1295/1133 1619/1234/1134
f 1621/1237/1132 1701/1296/1135 1702/1297/1136
f 1622/1239/1137 1699/1298/1138 1701/1296/1135
f 1688/1293/1130 1616/1212/1113 1607/1231/1139
s 106
f 1619/1234/82 1647/1228/82 1652/1235/82
f 1607/1231/82 1639/1214/82 1648/1274/82
s 110
f 1619/1234/1134 1687/1291/1125 1608/1226/1127
f 1696/1286/1116 1612/1224/1140 1615/1217/1141
s 106
f 1640/1266/82 1612/1224/82 1643/1240/82
s 110
f 1692/1287/1119 1620/1238/1142 1611/1220/1120
s 106
f 1611/1220/82 1651/1299/82 1644/1221/82
s 108
f 1671/1244/1080 1628/1209/1104 1623/1208/1078
f 1679/1258/1094 1624/1247/1083 1631/1256/1092
f 1676/1268/1143 1636/1250/1086 1627/1282/1109
f 1683/1275/1144 1632/1261/1097 1635/1255/1091
s 107
f 1659/1240/1076 1640/1266/1102 1643/1240/1076
f 1656/1214/1101 1648/1274/69 1639/1214/1101
f 1668/1278/32 1644/1221/1077 1651/1299/32
f 1664/1270/1110 1652/1235/1099 1647/1228/1145
s 109
f 1655/1266/82 1675/1279/82 1671/1244/82
f 1679/1258/82 1656/1214/82 1672/1263/82
f 1660/1221/82 1684/1251/82 1676/1268/82
f 1683/1275/82 1664/1270/82 1680/1271/82
s 0
f 1956/1503/7 1949/1504/7 1955/1504/7
f 1954/1505/3 1958/1506/3 1953/1506/3
f 1953/1506/6 1955/1504/6 1949/1504/6
f 1950/1503/9 1957/1505/9 1954/1505/9
f 1948/1510/82 1955/1504/82 1947/1511/82
f 1951/1512/82 1957/1505/82 1952/1513/82
f 1947/1511/82 1958/1506/82 1951/1512/82
f 1952/1513/82 1956/1503/82 1948/1510/82
s 138
f 2637/2173/9 2621/2174/525 2620/2173/9
f 2636/2174/525 2622/2175/2011 2621/2174/525
f 2638/2175/580 2623/2176/2012 2622/2175/2011
f 2639/2176/3 2624/2177/593 2623/2176/2012
f 2640/2177/593 2625/2178/591 2624/2177/593
f 2641/2178/591 2626/2179/6 2625/2178/591
f 2642/2179/6 2627/2180/588 2626/2179/6
f 2643/2180/588 2628/2181/586 2627/2180/588
f 2644/2181/586 2629/2182/7 2628/2181/586
f 2645/2182/7 2630/2183/583 2629/2182/7
s 139
f 2613/2184/580 2669/2185/3 2615/2185/3
s 138
f 2646/2183/583 2631/2186/528 2630/2183/583
f 2647/2186/528 2620/2173/9 2631/2186/528
f 2631/2186/528 2596/2173/9 2618/2186/528
f 2630/2183/583 2618/2186/528 2616/2183/583
f 2629/2182/7 2616/2183/583 2614/2182/7
f 2628/2181/586 2614/2182/7 2612/2181/586
f 2627/2180/588 2612/2181/586 2610/2180/588
f 2626/2179/6 2610/2180/588 2608/2179/6
f 2625/2178/591 2608/2179/6 2606/2178/591
f 2624/2177/593 2606/2178/591 2604/2177/593
f 2623/2176/2012 2604/2177/593 2602/2176/594
s 140
f 2600/2175/2013 2632/2187/2014 2633/2187/2015
s 138
f 2621/2174/525 2600/2175/581 2598/2174/525
f 2620/2173/9 2598/2174/525 2596/2173/9
s 141
f 2632/2187/579 2634/2188/579 2633/2187/579
s 142
f 2622/2175/2016 2635/2188/2016 2632/2187/2016
s 143
f 2623/2176/2017 2634/2188/2017 2635/2188/2017
s 140
f 2600/2175/2013 2634/2188/2018 2602/2176/2018
s 144
f 2599/2189/82 2637/2173/82 2597/2190/82
f 2601/2191/82 2636/2174/82 2599/2189/82
f 2603/2192/82 2638/2175/82 2601/2191/82
f 2605/2193/82 2639/2176/82 2603/2192/82
f 2607/2194/82 2640/2177/82 2605/2193/82
f 2607/2194/82 2642/2179/82 2641/2178/82
f 2611/2195/82 2642/2179/82 2609/2196/82
f 2611/2195/82 2644/2181/82 2643/2180/82
f 2613/2184/82 2645/2182/82 2644/2181/82
f 2615/2185/82 2646/2183/82 2645/2182/82
f 2617/2197/82 2647/2186/82 2646/2183/82
f 2619/2198/82 2637/2173/82 2647/2186/82
s 145
f 2652/2199/593 2689/2200/591 2653/2200/591
s 139
f 2607/2194/528 2666/2196/9 2609/2196/9
f 2601/2191/586 2663/2192/7 2603/2192/7
f 2615/2185/3 2670/2197/593 2617/2197/593
f 2609/2196/9 2667/2195/525 2611/2195/525
f 2603/2192/7 2664/2193/583 2605/2193/583
f 2617/2197/593 2671/2198/591 2619/2198/591
f 2597/2190/6 2660/2189/588 2599/2189/588
f 2611/2195/525 2668/2184/580 2613/2184/580
f 2605/2193/583 2665/2194/528 2607/2194/528
f 2619/2198/591 2661/2190/6 2597/2190/6
f 2599/2189/588 2662/2191/586 2601/2191/586
s 146
f 2648/2201/82 2661/2190/82 2649/2202/82
f 2648/2201/82 2662/2191/82 2660/2189/82
f 2650/2203/82 2663/2192/82 2662/2191/82
f 2651/2204/82 2664/2193/82 2663/2192/82
f 2652/2199/82 2665/2194/82 2664/2193/82
f 2654/2205/82 2665/2194/82 2653/2200/82
f 2654/2205/82 2667/2195/82 2666/2196/82
f 2656/2206/82 2667/2195/82 2655/2207/82
f 2657/2208/82 2668/2184/82 2656/2206/82
f 2658/2209/82 2669/2185/82 2657/2208/82
f 2659/2210/82 2670/2197/82 2658/2209/82
f 2659/2210/82 2661/2190/82 2671/2198/82
s 145
f 2659/2210/528 2685/2202/9 2649/2202/9
f 2648/2201/525 2686/2203/580 2650/2203/580
f 2656/2206/586 2693/2208/7 2657/2208/7
f 2653/2200/591 2690/2205/6 2654/2205/6
f 2650/2203/580 2687/2204/3 2651/2204/3
f 2657/2208/7 2694/2209/583 2658/2209/583
f 2654/2205/6 2691/2207/588 2655/2207/588
f 2651/2204/3 2688/2199/593 2652/2199/593
f 2658/2209/583 2695/2210/528 2659/2210/528
f 2649/2202/9 2684/2201/525 2648/2201/525
f 2655/2207/588 2692/2206/586 2656/2206/586
s 147
f 2673/2211/82 2684/2201/82 2685/2202/82
f 2674/2212/82 2684/2201/82 2672/2213/82
f 2675/2214/82 2686/2203/82 2674/2212/82
f 2676/2215/82 2687/2204/82 2675/2214/82
f 2676/2215/82 2689/2200/82 2688/2199/82
f 2677/2216/82 2690/2205/82 2689/2200/82
f 2679/2217/82 2690/2205/82 2678/2218/82
f 2680/2219/82 2691/2207/82 2679/2217/82
f 2680/2219/82 2693/2208/82 2692/2206/82
f 2681/2220/82 2694/2209/82 2693/2208/82
f 2682/2221/82 2695/2210/82 2694/2209/82
f 2673/2211/82 2695/2210/82 2683/2222/82
f 2672/2213/82 2673/2211/82 2696/2223/82
f 2673/2211/82 2683/2222/82 2696/2223/82
f 2683/2222/82 2682/2221/82 2696/2223/82
f 2682/2221/82 2681/2220/82 2696/2223/82
f 2681/2220/82 2680/2219/82 2696/2223/82
f 2680/2219/82 2679/2217/82 2696/2223/82
f 2679/2217/82 2678/2218/82 2696/2223/82
f 2678/2218/82 2677/2216/82 2696/2223/82
f 2677/2216/82 2676/2215/82 2696/2223/82
f 2676/2215/82 2675/2214/82 2696/2223/82
f 2675/2214/82 2674/2212/82 2696/2223/82
f 2674/2212/82 2672/2213/82 2696/2223/82
s 56
f 1453/183/82 1512/1195/82 2797/184/82
f 1512/1195/82 1514/1196/82 2797/184/82
f 1514/1196/82 1513/1197/82 2797/184/82
f 1513/1197/82 1511/1205/82 2797/184/82
f 1511/1205/82 1455/1098/82 2797/184/82
f 1455/1098/82 1466/182/82 2797/184/82
f 1469/1089/82 1454/1097/82 2798/1204/82
f 1454/1097/82 1516/1194/82 2798/1204/82
f 1516/1194/82 1518/1193/82 2798/1204/82
f 1518/1193/82 1517/1190/82 2798/1204/82
f 1517/1190/82 1515/1192/82 2798/1204/82
f 1515/1192/82 1450/1096/82 2798/1204/82
f 1520/1202/82 1522/1201/82 2799/1206/82
f 1522/1201/82 1521/1198/82 2799/1206/82
f 1521/1198/82 1519/1200/82 2799/1206/82
f 1519/1200/82 1452/1114/82 2799/1206/82
f 1452/1114/82 1467/1087/82 2799/1206/82
f 1467/1087/82 1476/1099/82 2799/1206/82
f 1457/1115/82 1468/1088/82 2800/1207/82
f 1468/1088/82 1451/1113/82 2800/1207/82
f 1451/1113/82 1524/1163/82 2800/1207/82
f 1524/1163/82 1526/1166/82 2800/1207/82
f 1526/1166/82 1525/1168/82 2800/1207/82
f 1525/1168/82 1523/1167/82 2800/1207/82
s 105
f 1628/1209/82 1630/1281/82 2801/1210/82
f 1630/1281/82 1629/1280/82 2801/1210/82
f 1629/1280/82 1627/1282/82 2801/1210/82
f 1627/1282/82 1636/1250/82 2801/1210/82
f 1636/1250/82 1638/1253/82 2801/1210/82
f 1638/1253/82 1637/1252/82 2801/1210/82
f 1637/1252/82 1635/1255/82 2801/1210/82
f 1635/1255/82 1632/1261/82 2801/1210/82
f 1632/1261/82 1634/1259/82 2801/1210/82
f 1634/1259/82 1633/1260/82 2801/1210/82
f 1633/1260/82 1631/1256/82 2801/1210/82
f 1631/1256/82 1624/1247/82 2801/1210/82
f 1624/1247/82 1626/1248/82 2801/1210/82
f 1626/1248/82 1625/1245/82 2801/1210/82
f 1625/1245/82 1623/1208/82 2801/1210/82
s 95
f 1444/1087/7 1443/1088/7 1468/1088/7
s 96
f 1445/182/6 1444/1087/6 1467/1087/6
s 97
f 1442/1089/3 1445/182/3 1466/182/3
s 98
f 1445/182/82 1442/1089/82 1443/1088/82
s 99
f 1443/1088/9 1442/1089/9 1469/1089/9
s 100
f 1470/1090/9 1448/2365/9 1449/1091/9
f 1472/1093/6 1446/2366/6 1447/1094/6
s 56
f 1467/1087/82 1452/1114/82 1453/183/82
f 1450/1096/82 1451/1113/82 1468/1088/82
f 1454/1097/82 1469/1089/82 1466/182/82
f 1468/1088/82 1457/1115/82 1476/1099/82
s 100
f 1477/1100/3 1460/1100/3 1461/1101/3
f 1475/1103/7 1458/2367/7 1459/1104/7
s 101
f 1485/1105/7 1482/1106/7 1480/1106/7
s 102
f 1492/1098/7 1487/1097/7 1454/1097/7
s 103
f 1470/1090/82 1471/1092/82 1464/1107/82
f 1472/1093/82 1473/1095/82 1462/1109/82
f 1475/1103/82 1474/1104/82 1479/1111/82
f 1477/1100/82 1456/1102/82 1481/1105/82
s 102
f 1490/1096/6 1491/1113/6 1451/1113/6
f 1488/1114/9 1489/183/9 1453/183/9
s 104
f 1482/1106/82 1485/1105/82 1486/1099/82
f 1484/1112/82 1483/1111/82 1487/1097/82
f 1497/1110/82 1494/1109/82 1491/1113/82
f 1496/1108/82 1495/1107/82 1489/183/82
s 102
f 1493/1115/3 1486/1099/3 1476/1099/3
s 101
f 1483/1111/3 1484/1112/3 1478/1112/3
f 1494/1109/9 1497/1110/9 1463/1110/9
f 1495/1107/6 1496/1108/6 1465/1108/6
s 100
f 1529/1120/1023 1553/1124/1023 1551/1121/1024
f 1530/1123/1025 1554/1126/1025 1553/1124/1023
f 1528/1125/1026 1552/1125/1026 1554/1126/1025
f 1541/1127/1027 1545/1131/1027 1543/1128/1028
f 1542/1130/1029 1546/1133/1029 1545/1131/1027
f 1542/1130/1029 1540/1211/1030 1544/1132/1030
f 1550/1134/1031 1534/1137/1031 1532/1135/1032
f 1549/1136/1033 1533/1139/1033 1534/1137/1031
f 1547/1138/1034 1531/1138/1034 1533/1139/1033
f 1558/1140/1035 1538/1143/1035 1536/1141/1036
f 1557/1142/1037 1537/1145/1037 1538/1143/1035
f 1555/1144/1038 1535/2368/1038 1537/1145/1037
s 103
f 1555/1144/82 1557/1142/82 1573/1146/82
f 1557/1142/82 1558/1140/82 1574/1148/82
f 1556/1141/82 1572/1203/82 1574/1148/82
f 1547/1138/82 1549/1136/82 1565/1149/82
f 1549/1136/82 1550/1134/82 1566/1151/82
f 1548/1135/82 1564/1160/82 1566/1151/82
s 101
f 1562/1152/1039 1577/1155/1042 1575/1153/1040
f 1561/1154/1041 1578/1157/1041 1577/1155/1042
f 1559/1156/1043 1576/1179/1043 1578/1157/1041
f 1565/1149/1044 1581/1159/1044 1579/1158/1045
f 1566/1151/1046 1582/1161/1048 1581/1159/1044
f 1564/1160/1047 1580/1183/1047 1582/1161/1048
s 102
f 1598/1162/1049 1526/1166/1052 1524/1163/1050
f 1597/1165/1051 1525/1168/1051 1526/1166/1052
f 1595/1167/1053 1523/1167/1053 1525/1168/1051
s 103
f 1561/1154/82 1546/1133/82 1544/1132/82
f 1562/1152/82 1545/1131/82 1546/1133/82
f 1562/1152/82 1560/1153/82 1543/1128/82
s 101
f 1586/1169/1054 1569/1173/1054 1567/1170/1055
f 1585/1172/1056 1570/1175/1056 1569/1173/1054
f 1583/1174/1057 1568/1174/1057 1570/1175/1056
s 103
f 1569/1173/82 1554/1126/82 1552/1125/82
f 1570/1175/82 1553/1124/82 1554/1126/82
f 1570/1175/82 1568/1174/82 1551/1121/82
s 104
f 1594/1176/82 1586/1169/82 1584/1171/82
f 1593/1178/82 1585/1172/82 1586/1169/82
f 1593/1178/82 1591/1195/82 1583/1174/82
f 1597/1165/82 1578/1157/82 1576/1179/82
f 1598/1162/82 1577/1155/82 1578/1157/82
f 1598/1162/82 1596/1164/82 1575/1153/82
f 1579/1158/82 1581/1159/82 1601/1180/82
f 1581/1159/82 1582/1161/82 1602/1182/82
f 1580/1183/82 1600/1191/82 1602/1182/82
f 1588/1147/82 1590/1186/82 1605/1184/82
f 1590/1186/82 1589/1189/82 1606/1187/82
f 1587/1188/82 1604/1199/82 1606/1187/82
s 102
f 1517/1190/1058 1602/1182/1058 1600/1191/1059
f 1518/1193/1060 1601/1180/1060 1602/1182/1058
f 1516/1194/1061 1599/1181/1061 1601/1180/1060
f 1593/1178/1062 1514/1196/1065 1512/1195/1063
f 1594/1176/1064 1513/1197/1064 1514/1196/1065
f 1592/1177/1066 1511/1205/1066 1513/1197/1064
f 1521/1198/1067 1606/1187/1070 1604/1199/1068
f 1522/1201/1069 1605/1184/1069 1606/1187/1070
f 1520/1202/1071 1603/1185/1071 1605/1184/1069
s 101
f 1589/1189/1072 1574/1148/1072 1572/1203/1073
f 1590/1186/1074 1573/1146/1074 1574/1148/1072
f 1588/1147/1075 1571/1147/1075 1573/1146/1074
s 102
f 1489/183/9 1591/1195/1063 1512/1195/1063
f 1592/1177/1066 1492/1098/7 1455/1098/7
f 1600/1191/1059 1490/1096/6 1450/1096/6
f 1487/1097/7 1599/1181/1061 1516/1194/1061
f 1604/1199/1068 1488/1114/9 1452/1114/9
f 1486/1099/3 1603/1185/1071 1520/1202/1071
f 1491/1113/6 1596/1164/1050 1524/1163/1050
f 1595/1167/1053 1493/1115/3 1457/1115/3
s 100
f 1528/1125/1026 1458/2367/7 1475/1103/7
f 1449/1091/9 1527/1122/1024 1551/1121/1024
f 1459/1104/7 1531/1138/1034 1547/1138/1034
f 1532/1135/1032 1446/2366/6 1472/1093/6
f 1461/1101/3 1535/2368/1038 1555/1144/1038
f 1536/1141/1036 1448/2365/9 1470/1090/9
f 1540/1211/1030 1460/1100/3 1477/1100/3
f 1447/1094/6 1539/1129/1028 1543/1128/1028
s 103
f 1559/1156/82 1544/1132/82 1477/1100/82
f 1473/1095/82 1543/1128/82 1560/1153/82
f 1564/1160/82 1548/1135/82 1472/1093/82
f 1474/1104/82 1547/1138/82 1563/1150/82
f 1567/1170/82 1552/1125/82 1475/1103/82
f 1471/1092/82 1551/1121/82 1568/1174/82
f 1572/1203/82 1556/1141/82 1470/1090/82
f 1456/1102/82 1555/1144/82 1571/1147/82
s 101
f 1482/1106/7 1576/1179/1043 1559/1156/1043
f 1575/1153/1040 1494/1109/9 1462/1109/9
f 1497/1110/9 1580/1183/1047 1564/1160/1047
f 1579/1158/1045 1483/1111/3 1479/1111/3
f 1484/1112/3 1584/1171/1055 1567/1170/1055
f 1583/1174/1057 1495/1107/6 1464/1107/6
f 1588/1147/1075 1485/1105/7 1481/1105/7
f 1496/1108/6 1587/1188/1073 1572/1203/1073
s 104
f 1595/1167/82 1576/1179/82 1482/1106/82
f 1494/1109/82 1575/1153/82 1596/1164/82
f 1483/1111/82 1579/1158/82 1599/1181/82
f 1600/1191/82 1580/1183/82 1497/1110/82
f 1592/1177/82 1584/1171/82 1484/1112/82
f 1495/1107/82 1583/1174/82 1591/1195/82
f 1485/1105/82 1588/1147/82 1603/1185/82
f 1604/1199/82 1587/1188/82 1496/1108/82
s 106
f 1616/1212/82 1618/1215/82 1641/1213/82
f 1618/1215/82 1617/1218/82 1642/1216/82
f 1615/1217/82 1640/1266/82 1642/1216/82
f 1646/1219/82 1613/1223/82 1611/1220/82
f 1645/1222/82 1614/1225/82 1613/1223/82
f 1645/1222/82 1643/1240/82 1612/1224/82
f 1608/1226/82 1610/1229/82 1649/1227/82
f 1610/1229/82 1609/1232/82 1650/1230/82
f 1607/1231/82 1648/1274/82 1650/1230/82
f 1654/1233/82 1621/1237/82 1619/1234/82
f 1653/1236/82 1622/1239/82 1621/1237/82
f 1653/1236/82 1651/1299/82 1620/1238/82
s 107
f 1643/1240/1076 1645/1222/591 1661/1241/591
f 1645/1222/591 1646/1219/593 1662/1242/593
f 1644/1221/1077 1660/1221/1077 1662/1242/593
s 108
f 1623/1208/1078 1625/1245/1081 1673/1243/1079
f 1625/1245/1081 1626/1248/1084 1674/1246/1082
f 1624/1247/1083 1672/1263/2069 1674/1246/1082
f 1686/1249/1085 1638/1253/1089 1636/1250/1086
f 1686/1249/1085 1685/1254/1090 1637/1252/1088
f 1685/1254/1090 1683/1275/1144 1635/1255/1091
f 1631/1256/1092 1633/1260/1096 1681/1257/1093
f 1634/1259/1095 1682/1262/1098 1681/1257/1093
f 1632/1261/1097 1680/1271/2070 1682/1262/1098
s 109
f 1656/1214/82 1658/1265/82 1674/1246/82
f 1657/1264/82 1673/1243/82 1674/1246/82
f 1655/1266/82 1671/1244/82 1673/1243/82
f 1678/1267/82 1662/1242/82 1660/1221/82
f 1678/1267/82 1677/1269/82 1661/1241/82
f 1677/1269/82 1675/1279/82 1659/1240/82
f 1664/1270/82 1666/1273/82 1682/1262/82
f 1665/1272/82 1681/1257/82 1682/1262/82
f 1663/1274/82 1679/1258/82 1681/1257/82
f 1685/1254/82 1669/1277/82 1667/1235/82
f 1685/1254/82 1686/1249/82 1670/1276/82
f 1686/1249/82 1684/1251/82 1668/1278/82
s 107
f 1669/1277/525 1654/1233/525 1652/1235/1099
f 1670/1276/580 1653/1236/580 1654/1233/525
f 1668/1278/32 1651/1299/32 1653/1236/580
f 1641/1213/586 1658/1265/586 1656/1214/1101
f 1642/1216/588 1657/1264/588 1658/1265/586
f 1640/1266/1102 1655/1266/1102 1657/1264/588
s 108
f 1677/1269/1103 1630/1281/1107 1628/1209/1104
f 1677/1269/1103 1678/1267/1108 1629/1280/1106
f 1678/1267/1108 1676/1268/1143 1627/1282/1109
s 107
f 1665/1272/583 1650/1230/583 1648/1274/69
f 1666/1273/528 1649/1227/528 1650/1230/583
f 1664/1270/1110 1647/1228/1145 1649/1227/528
s 110
f 1695/1283/1111 1697/1285/1115 1618/1215/1112
f 1698/1284/1114 1617/1218/1117 1618/1215/1112
f 1696/1286/1116 1615/1217/1141 1617/1218/1117
f 1613/1223/1118 1694/1289/1122 1692/1287/1119
f 1613/1223/1118 1614/1225/1123 1693/1288/1121
f 1614/1225/1123 1612/1224/1140 1691/1290/1124
f 1687/1291/1125 1689/1292/1128 1610/1229/1126
f 1689/1292/1128 1690/1294/1131 1609/1232/1129
f 1688/1293/1130 1607/1231/1139 1609/1232/1129
f 1621/1237/1132 1702/1297/1136 1700/1295/1133
f 1621/1237/1132 1622/1239/1137 1701/1296/1135
f 1622/1239/1137 1620/1238/1142 1699/1298/1138
f 1688/1293/1130 1695/1283/1111 1616/1212/1113
s 106
f 1619/1234/82 1608/1226/82 1647/1228/82
f 1607/1231/82 1616/1212/82 1639/1214/82
s 110
f 1619/1234/1134 1700/1295/1133 1687/1291/1125
f 1696/1286/1116 1691/1290/1124 1612/1224/1140
s 106
f 1640/1266/82 1615/1217/82 1612/1224/82
s 110
f 1692/1287/1119 1699/1298/1138 1620/1238/1142
s 106
f 1611/1220/82 1620/1238/82 1651/1299/82
s 108
f 1671/1244/1080 1675/1279/1105 1628/1209/1104
f 1679/1258/1094 1672/1263/2069 1624/1247/1083
f 1676/1268/1143 1684/1251/1087 1636/1250/1086
f 1683/1275/1144 1680/1271/2070 1632/1261/1097
s 107
f 1659/1240/1076 1655/1266/1102 1640/1266/1102
f 1656/1214/1101 1663/1274/69 1648/1274/69
f 1668/1278/32 1660/1221/1077 1644/1221/1077
f 1664/1270/1110 1667/1235/1100 1652/1235/1099
s 109
f 1655/1266/82 1659/1240/82 1675/1279/82
f 1679/1258/82 1663/1274/82 1656/1214/82
f 1660/1221/82 1668/1278/82 1684/1251/82
f 1683/1275/82 1667/1235/82 1664/1270/82
s 0
f 1956/1503/7 1950/1503/7 1949/1504/7
f 1954/1505/3 1957/1505/3 1958/1506/3
f 1953/1506/6 1958/1506/6 1955/1504/6
f 1950/1503/9 1956/1503/9 1957/1505/9
f 1948/1510/82 1956/1503/82 1955/1504/82
f 1951/1512/82 1958/1506/82 1957/1505/82
f 1947/1511/82 1955/1504/82 1958/1506/82
f 1952/1513/82 1957/1505/82 1956/1503/82
s 138
f 2637/2173/9 2636/2174/525 2621/2174/525
f 2636/2174/525 2638/2175/580 2622/2175/2011
f 2638/2175/580 2639/2176/3 2623/2176/2012
f 2639/2176/3 2640/2177/593 2624/2177/593
f 2640/2177/593 2641/2178/591 2625/2178/591
f 2641/2178/591 2642/2179/6 2626/2179/6
f 2642/2179/6 2643/2180/588 2627/2180/588
f 2643/2180/588 2644/2181/586 2628/2181/586
f 2644/2181/586 2645/2182/7 2629/2182/7
f 2645/2182/7 2646/2183/583 2630/2183/583
s 139
f 2613/2184/580 2668/2184/580 2669/2185/3
s 138
f 2646/2183/583 2647/2186/528 2631/2186/528
f 2647/2186/528 2637/2173/9 2620/2173/9
f 2631/2186/528 2620/2173/9 2596/2173/9
f 2630/2183/583 2631/2186/528 2618/2186/528
f 2629/2182/7 2630/2183/583 2616/2183/583
f 2628/2181/586 2629/2182/7 2614/2182/7
f 2627/2180/588 2628/2181/586 2612/2181/586
f 2626/2179/6 2627/2180/588 2610/2180/588
f 2625/2178/591 2626/2179/6 2608/2179/6
f 2624/2177/593 2625/2178/591 2606/2178/591
f 2623/2176/2012 2624/2177/593 2604/2177/593
s 140
f 2600/2175/2013 2622/2175/2014 2632/2187/2014
s 138
f 2621/2174/525 2622/2175/2011 2600/2175/581
f 2620/2173/9 2621/2174/525 2598/2174/525
s 141
f 2632/2187/579 2635/2188/579 2634/2188/579
s 142
f 2622/2175/2016 2623/2176/2016 2635/2188/2016
s 143
f 2623/2176/2017 2602/2176/2017 2634/2188/2017
s 140
f 2600/2175/2013 2633/2187/2015 2634/2188/2018
s 144
f 2599/2189/82 2636/2174/82 2637/2173/82
f 2601/2191/82 2638/2175/82 2636/2174/82
f 2603/2192/82 2639/2176/82 2638/2175/82
f 2605/2193/82 2640/2177/82 2639/2176/82
f 2607/2194/82 2641/2178/82 2640/2177/82
f 2607/2194/82 2609/2196/82 2642/2179/82
f 2611/2195/82 2643/2180/82 2642/2179/82
f 2611/2195/82 2613/2184/82 2644/2181/82
f 2613/2184/82 2615/2185/82 2645/2182/82
f 2615/2185/82 2617/2197/82 2646/2183/82
f 2617/2197/82 2619/2198/82 2647/2186/82
f 2619/2198/82 2597/2190/82 2637/2173/82
s 145
f 2652/2199/593 2688/2199/593 2689/2200/591
s 139
f 2607/2194/528 2665/2194/528 2666/2196/9
f 2601/2191/586 2662/2191/586 2663/2192/7
f 2615/2185/3 2669/2185/3 2670/2197/593
f 2609/2196/9 2666/2196/9 2667/2195/525
f 2603/2192/7 2663/2192/7 2664/2193/583
f 2617/2197/593 2670/2197/593 2671/2198/591
f 2597/2190/6 2661/2190/6 2660/2189/588
f 2611/2195/525 2667/2195/525 2668/2184/580
f 2605/2193/583 2664/2193/583 2665/2194/528
f 2619/2198/591 2671/2198/591 2661/2190/6
f 2599/2189/588 2660/2189/588 2662/2191/586
s 146
f 2648/2201/82 2660/2189/82 2661/2190/82
f 2648/2201/82 2650/2203/82 2662/2191/82
f 2650/2203/82 2651/2204/82 2663/2192/82
f 2651/2204/82 2652/2199/82 2664/2193/82
f 2652/2199/82 2653/2200/82 2665/2194/82
f 2654/2205/82 2666/2196/82 2665/2194/82
f 2654/2205/82 2655/2207/82 2667/2195/82
f 2656/2206/82 2668/2184/82 2667/2195/82
f 2657/2208/82 2669/2185/82 2668/2184/82
f 2658/2209/82 2670/2197/82 2669/2185/82
f 2659/2210/82 2671/2198/82 2670/2197/82
f 2659/2210/82 2649/2202/82 2661/2190/82
s 145
f 2659/2210/528 2695/2210/528 2685/2202/9
f 2648/2201/525 2684/2201/525 2686/2203/580
f 2656/2206/586 2692/2206/586 2693/2208/7
f 2653/2200/591 2689/2200/591 2690/2205/6
f 2650/2203/580 2686/2203/580 2687/2204/3
f 2657/2208/7 2693/2208/7 2694/2209/583
f 2654/2205/6 2690/2205/6 2691/2207/588
f 2651/2204/3 2687/2204/3 2688/2199/593
f 2658/2209/583 2694/2209/583 2695/2210/528
f 2649/2202/9 2685/2202/9 2684/2201/525
f 2655/2207/588 2691/2207/588 2692/2206/586
s 147
f 2673/2211/82 2672/2213/82 2684/2201/82
f 2674/2212/82 2686/2203/82 2684/2201/82
f 2675/2214/82 2687/2204/82 2686/2203/82
f 2676/2215/82 2688/2199/82 2687/2204/82
f 2676/2215/82 2677/2216/82 2689/2200/82
f 2677/2216/82 2678/2218/82 2690/2205/82
f 2679/2217/82 2691/2207/82 2690/2205/82
f 2680/2219/82 2692/2206/82 2691/2207/82
f 2680/2219/82 2681/2220/82 2693/2208/82
f 2681/2220/82 2682/2221/82 2694/2209/82
f 2682/2221/82 2683/2222/82 2695/2210/82
f 2673/2211/82 2685/2202/82 2695/2210/82
