# Blender 4.5.2 LTS
# www.blender.org
mtllib pedestrian_traffic_light_02_base_large_yellow.mtl
g pedestrian_light_traffic_01_yellow_medium.001_Mesh
v -0.278083 -0.128185 0.679864
v -0.280842 -0.142748 0.677104
v -0.298679 -0.157311 0.659268
v -0.288381 -0.153409 0.669566
v -0.500555 0.128185 0.457392
v -0.497795 0.142748 0.460151
v -0.479959 0.157311 0.477988
v -0.490257 0.153409 0.467690
v -0.500555 -0.128185 0.457392
v -0.497795 -0.142748 0.460151
v -0.490257 -0.153409 0.467690
v -0.479959 -0.157311 0.477988
v -0.473784 -0.146594 0.484163
v -0.492976 -0.119452 0.464970
v -0.483380 -0.142958 0.474567
v -0.490405 -0.133023 0.467542
v -0.492976 0.119452 0.464970
v -0.473784 0.146594 0.484163
v -0.490405 0.133023 0.467542
v -0.483380 0.142958 0.474567
v -0.285661 -0.119452 0.672285
v -0.304854 -0.146594 0.653093
v -0.288233 -0.133023 0.669714
v -0.295258 -0.142958 0.662689
v -0.304854 0.146594 0.653093
v -0.285661 0.119452 0.672285
v -0.295258 0.142958 0.662689
v -0.288233 0.133023 0.669714
v -0.499969 -0.111977 0.484936
v -0.481977 -0.137421 0.502927
v -0.497559 -0.124699 0.487346
v -0.490973 -0.134012 0.493932
v -0.481977 0.137421 0.502927
v -0.499969 0.111977 0.484936
v -0.490973 0.134012 0.493932
v -0.497559 0.124699 0.487346
v -0.305627 0.111977 0.679278
v -0.323618 0.137421 0.661286
v -0.308037 0.124699 0.676867
v -0.314623 0.134012 0.670282
v -0.323618 -0.137421 0.661286
v -0.305627 -0.111977 0.679278
v -0.314623 -0.134012 0.670282
v -0.308037 -0.124699 0.676867
v -0.298679 0.157311 0.659268
v -0.288381 0.153409 0.669566
v -0.280842 0.142748 0.677104
v -0.278083 0.128185 0.679864
v -0.312158 0.157311 0.672747
v -0.301860 0.153409 0.683045
v -0.294321 0.142748 0.690584
v -0.291562 0.128185 0.693343
v -0.301860 -0.153409 0.683045
v -0.312158 -0.157311 0.672747
v -0.294321 -0.142748 0.690584
v -0.291562 -0.128185 0.693343
v -0.493438 -0.157311 0.491467
v -0.503736 -0.153409 0.481169
v -0.511275 -0.142748 0.473630
v -0.514034 -0.128185 0.470871
v -0.503736 0.153409 0.481169
v -0.493438 0.157311 0.491467
v -0.511275 0.142748 0.473630
v -0.514034 0.128185 0.470871
v -0.355071 -0.104313 0.395561
v -0.382889 -0.146594 0.393268
v -0.370996 -0.137570 0.383055
v -0.376283 -0.144176 0.387111
v -0.359422 -0.098160 0.391210
v -0.402081 -0.119452 0.374075
v -0.384647 -0.118264 0.369404
v -0.393990 -0.119133 0.369404
v -0.357903 -0.103240 0.392729
v -0.392485 -0.142958 0.383671
v -0.378129 -0.134867 0.375922
v -0.385219 -0.140790 0.378175
v -0.358663 -0.102165 0.391969
v -0.399510 -0.133023 0.376646
v -0.382736 -0.128352 0.371315
v -0.391596 -0.131771 0.371798
v -0.359422 0.098160 0.391210
v -0.402081 0.119452 0.374075
v -0.384647 0.118264 0.369404
v -0.393990 0.119133 0.369404
v -0.355071 0.104313 0.395561
v -0.382889 0.146594 0.393268
v -0.370996 0.137570 0.383055
v -0.376283 0.144176 0.387111
v -0.358663 0.102165 0.391969
v -0.399510 0.133023 0.376646
v -0.382736 0.128352 0.371315
v -0.391596 0.131771 0.371798
v -0.357903 0.103240 0.392729
v -0.392485 0.142958 0.383671
v -0.378129 0.134867 0.375922
v -0.385219 0.140790 0.378175
v -0.211901 -0.098160 0.538731
v -0.194766 -0.119452 0.581390
v -0.190095 -0.118264 0.563956
v -0.190095 -0.119133 0.573299
v -0.216252 -0.104313 0.534380
v -0.213959 -0.146594 0.562198
v -0.203746 -0.137570 0.550305
v -0.207802 -0.144176 0.555592
v -0.212660 -0.102165 0.537972
v -0.197337 -0.133023 0.578819
v -0.192006 -0.128352 0.562045
v -0.192489 -0.131771 0.570905
v -0.213420 -0.103240 0.537212
v -0.204362 -0.142958 0.571794
v -0.196613 -0.134867 0.557438
v -0.198866 -0.140790 0.564528
v -0.216252 0.104313 0.534380
v -0.213959 0.146594 0.562198
v -0.203746 0.137570 0.550305
v -0.207802 0.144176 0.555592
v -0.211901 0.098160 0.538731
v -0.194766 0.119452 0.581390
v -0.190095 0.118264 0.563956
v -0.190095 0.119133 0.573299
v -0.213420 0.103240 0.537212
v -0.204362 0.142958 0.571794
v -0.196613 0.134867 0.557438
v -0.198866 0.140790 0.564528
v -0.212660 0.102165 0.537972
v -0.197337 0.133023 0.578819
v -0.192006 0.128352 0.562045
v -0.192489 0.131771 0.570905
v -0.373116 -0.126775 0.377515
v -0.368446 -0.128545 0.382185
v -0.375305 -0.123680 0.375327
v -0.376556 -0.117076 0.374075
v -0.368446 0.128545 0.382185
v -0.373116 0.126775 0.377515
v -0.375305 0.123680 0.375327
v -0.376556 0.117076 0.374075
v -0.202876 -0.128545 0.547755
v -0.198206 -0.126775 0.552425
v -0.196018 -0.123680 0.554614
v -0.194766 -0.117076 0.555865
v -0.198206 0.126775 0.552425
v -0.202876 0.128545 0.547755
v -0.196018 0.123680 0.554614
v -0.194766 0.117076 0.555865
v -0.353606 -0.103240 0.388432
v -0.350774 -0.104313 0.391264
v -0.354366 -0.102165 0.387672
v -0.355125 -0.098160 0.386913
v -0.350774 0.104313 0.391264
v -0.353606 0.103240 0.388432
v -0.354366 0.102165 0.387672
v -0.355125 0.098160 0.386913
v -0.211955 -0.104313 0.530083
v -0.209123 -0.103240 0.532915
v -0.208363 -0.102165 0.533675
v -0.207604 -0.098160 0.534434
v -0.209123 0.103240 0.532915
v -0.211955 0.104313 0.530083
v -0.208363 0.102165 0.533675
v -0.207604 0.098160 0.534434
v -0.281364 0.000000 0.460673
v -0.307496 0.137421 0.645164
v -0.298501 0.134012 0.654160
v -0.291915 0.124699 0.660745
v -0.289505 0.111977 0.663156
v -0.298501 -0.134012 0.654160
v -0.307496 -0.137421 0.645164
v -0.291915 -0.124699 0.660745
v -0.289505 -0.111977 0.663156
v -0.465855 -0.137421 0.486805
v -0.474851 -0.134012 0.477810
v -0.481436 -0.124699 0.471224
v -0.483847 -0.111977 0.468814
v -0.474851 0.134012 0.477810
v -0.465855 0.137421 0.486805
v -0.481436 0.124699 0.471224
v -0.483847 0.111977 0.468814
v -0.386676 0.000000 0.565985
vn 0.0923 0.9914 0.0923
vn 0.3536 0.8660 0.3536
vn -0.0923 0.9914 -0.0923
vn -0.3536 0.8660 -0.3536
vn -0.6124 -0.5000 -0.6124
vn -0.7011 -0.1305 -0.7011
vn -0.3536 -0.8660 -0.3536
vn -0.0923 -0.9914 -0.0923
vn 0.6124 -0.5000 0.6124
vn 0.7011 -0.1305 0.7011
vn 0.3536 -0.8660 0.3536
vn 0.0923 -0.9914 0.0923
vn 0.6124 0.5000 0.6124
vn 0.7011 0.1305 0.7011
vn -0.7071 -0.0000 0.7071
vn 0.7071 -0.0000 -0.7071
vn -0.7011 0.1305 -0.7011
vn -0.6124 0.5000 -0.6124
vn 0.6475 -0.1272 -0.7514
vn 0.5596 -0.5086 -0.6543
vn 0.4204 -0.4500 -0.7879
vn 0.2688 -0.8622 -0.4293
vn 0.0411 -0.7534 -0.6562
vn 0.0005 -0.9830 -0.1836
vn -0.2571 -0.8584 -0.4438
vn 0.2859 -0.2598 -0.9224
vn 0.6095 -0.0734 -0.7894
vn -0.1841 -0.4350 -0.8814
vn -0.5137 -0.4956 -0.7004
vn 0.2473 -0.0670 -0.9666
vn 0.6020 -0.0183 -0.7983
vn -0.2606 -0.1135 -0.9587
vn -0.6030 -0.1294 -0.7872
vn 0.6475 0.1272 -0.7514
vn 0.5596 0.5086 -0.6543
vn 0.6872 0.1388 -0.7131
vn 0.4204 0.4500 -0.7879
vn 0.2688 0.8622 -0.4293
vn 0.0411 0.7534 -0.6562
vn 0.0005 0.9830 -0.1836
vn 0.2859 0.2598 -0.9224
vn -0.1841 0.4350 -0.8814
vn -0.2571 0.8584 -0.4438
vn 0.6095 0.0734 -0.7894
vn 0.2473 0.0670 -0.9666
vn -0.2606 0.1135 -0.9587
vn -0.6030 0.1294 -0.7872
vn -0.5137 0.4956 -0.7004
vn 0.7514 -0.1272 -0.6475
vn 0.6543 -0.5086 -0.5596
vn 0.7131 -0.1388 -0.6872
vn 0.7879 -0.4500 -0.4204
vn 0.4293 -0.8622 -0.2688
vn 0.6562 -0.7534 -0.0411
vn 0.1836 -0.9830 -0.0005
vn 0.9224 -0.2598 -0.2859
vn 0.8814 -0.4350 0.1841
vn 0.4438 -0.8584 0.2571
vn 0.7894 -0.0734 -0.6095
vn 0.9666 -0.0670 -0.2473
vn 0.9587 -0.1135 0.2606
vn 0.7872 -0.1294 0.6030
vn 0.7004 -0.4956 0.5137
vn 0.7514 0.1272 -0.6475
vn 0.6543 0.5086 -0.5596
vn 0.7879 0.4500 -0.4204
vn 0.4293 0.8622 -0.2688
vn 0.6562 0.7534 -0.0411
vn 0.1836 0.9830 -0.0005
vn 0.4438 0.8584 0.2571
vn 0.9224 0.2598 -0.2859
vn 0.7894 0.0734 -0.6095
vn 0.8814 0.4350 0.1841
vn 0.7004 0.4956 0.5137
vn 0.9666 0.0670 -0.2473
vn 0.7983 0.0183 -0.6020
vn 0.9587 0.1135 0.2606
vn 0.7872 0.1294 0.6030
vn 0.6872 -0.1388 -0.7131
vn 0.6020 0.0183 -0.7983
vn 0.7131 0.1388 -0.6872
vn 0.7983 -0.0183 -0.6020
vt 0.028388 0.735565
vt 0.027229 0.735374
vt 0.027731 0.735565
vt 0.036569 0.735565
vt 0.037728 0.735374
vt 0.037226 0.735565
vt 0.038095 0.720936
vt 0.037573 0.721646
vt 0.037438 0.720936
vt 0.037728 0.720416
vt 0.037071 0.720416
vt 0.037226 0.720226
vt 0.036569 0.720226
vt 0.026861 0.720936
vt 0.027384 0.721646
vt 0.027518 0.720936
vt 0.027229 0.720416
vt 0.027886 0.720416
vt 0.027731 0.720226
vt 0.028388 0.720226
vt 0.027518 0.734855
vt 0.026727 0.734145
vt 0.026861 0.734855
vt 0.027886 0.735374
vt 0.037106 0.734429
vt 0.038095 0.734855
vt 0.037427 0.733975
vt 0.036735 0.734865
vt 0.036268 0.735042
vt 0.028508 0.721362
vt 0.028187 0.721816
vt 0.028947 0.734595
vt 0.036667 0.734595
vt 0.027564 0.734865
vt 0.027221 0.734381
vt 0.037078 0.721410
vt 0.037203 0.722072
vt 0.028032 0.735042
vt 0.027564 0.720926
vt 0.028032 0.720748
vt 0.037544 0.722436
vt 0.038230 0.734145
vt 0.038230 0.721646
vt 0.037427 0.721816
vt 0.036735 0.720926
vt 0.036667 0.721196
vt 0.028947 0.721196
vt 0.028187 0.733975
vt 0.027384 0.734145
vt 0.028069 0.722436
vt 0.027401 0.721816
vt 0.037071 0.735374
vt 0.037438 0.734855
vt 0.037573 0.734145
vt 0.026727 0.721646
vt 0.027096 0.733719
vt 0.027096 0.722072
vt 0.028069 0.733354
vt 0.037544 0.733354
vt 0.027221 0.721410
vt 0.028508 0.734429
vt 0.037106 0.721362
vt 0.036268 0.720748
vt 0.037203 0.733719
vt 0.037078 0.734381
vt 0.031360 0.721715
vt 0.031256 0.721188
vt 0.031604 0.721320
vt 0.031514 0.720866
vt 0.031950 0.721031
vt 0.031836 0.720748
vt 0.032304 0.720926
vt 0.031829 0.721638
vt 0.031466 0.721865
vt 0.032261 0.721471
vt 0.032646 0.721410
vt 0.031922 0.722130
vt 0.031527 0.722187
vt 0.032377 0.722087
vt 0.032772 0.722072
vt 0.031360 0.734076
vt 0.031256 0.734602
vt 0.031132 0.734162
vt 0.031604 0.734470
vt 0.031514 0.734924
vt 0.031950 0.734759
vt 0.031836 0.735042
vt 0.031829 0.734153
vt 0.032261 0.734320
vt 0.032304 0.734865
vt 0.031466 0.733925
vt 0.031922 0.733661
vt 0.032377 0.733703
vt 0.032772 0.733719
vt 0.032646 0.734381
vt 0.022832 0.721715
vt 0.023102 0.721188
vt 0.023060 0.721628
vt 0.022755 0.721320
vt 0.023300 0.720866
vt 0.022864 0.721031
vt 0.023600 0.720748
vt 0.022530 0.721638
vt 0.022554 0.721471
vt 0.023132 0.720926
vt 0.022726 0.721865
vt 0.022437 0.722130
vt 0.022437 0.722087
vt 0.022665 0.722072
vt 0.022790 0.721410
vt 0.022832 0.734076
vt 0.023102 0.734602
vt 0.022755 0.734470
vt 0.023300 0.734924
vt 0.022864 0.734759
vt 0.023600 0.735042
vt 0.023132 0.734865
vt 0.022530 0.734153
vt 0.022726 0.733925
vt 0.022554 0.734320
vt 0.022790 0.734381
vt 0.022437 0.733661
vt 0.022665 0.733603
vt 0.022437 0.733703
vt 0.022665 0.733719
vt 0.031132 0.721628
vt 0.031527 0.733603
vt 0.023060 0.734162
vt 0.030480 0.732981
vt 0.030408 0.732929
vt 0.030618 0.732929
vt 0.030618 0.722862
vt 0.030655 0.722914
vt 0.030692 0.723110
vt 0.030655 0.732876
vt 0.023574 0.722862
vt 0.023712 0.722810
vt 0.023537 0.722914
vt 0.022665 0.722187
vt 0.023574 0.732929
vt 0.023537 0.732876
vt 0.023500 0.732681
vt 0.030480 0.722810
vt 0.030692 0.732681
vt 0.023712 0.732981
vt 0.023500 0.723110
vt 0.023327 0.732876
vt 0.030446 0.732876
vt 0.023503 0.722810
vt 0.030483 0.732681
vt 0.030483 0.723110
vt 0.023364 0.722862
vt 0.030270 0.732981
vt 0.023327 0.722914
vt 0.030270 0.722810
vt 0.023290 0.732681
vt 0.023290 0.723110
vt 0.030408 0.722862
vt 0.023503 0.732981
vt 0.030446 0.722914
vt 0.023364 0.732929
vt 0.026886 0.727895
vt 0.027283 0.733354
vt 0.027283 0.722436
vt 0.035881 0.734595
vt 0.028160 0.721196
vt 0.036320 0.721362
vt 0.035881 0.721196
vt 0.027722 0.734429
vt 0.036758 0.733354
vt 0.036320 0.734429
vt 0.036641 0.721816
vt 0.027722 0.721362
vt 0.027401 0.733975
vt 0.028160 0.734595
vt 0.036641 0.733975
vt 0.036758 0.722436
vt 0.476068 0.751599
vt 0.487498 0.754661
vt 0.375465 0.875061
vt 0.495865 0.763028
vt 0.498928 0.774458
vt 0.498928 0.975664
vt 0.495865 0.987094
vt 0.487498 0.995461
vt 0.476069 0.998524
vt 0.274862 0.998524
vt 0.263433 0.995461
vt 0.255065 0.987094
vt 0.252003 0.975664
vt 0.252003 0.774458
vt 0.255065 0.763028
vt 0.263432 0.754661
vt 0.274862 0.751599
s 1
g pedestrian_light_traffic_01_yellow_medium.001_regular_material
usemtl regular_material
f 49/1/1 46/2/2 45/3/1
f 7/4/3 61/5/4 62/6/3
f 59/7/5 9/8/6 10/9/5
f 58/10/7 10/9/5 11/11/7
f 57/12/8 11/11/7 12/13/8
f 2/14/9 56/15/10 55/16/9
f 4/17/11 55/16/9 53/18/11
f 3/19/12 53/18/11 54/20/12
f 51/21/13 48/22/14 47/23/13
f 50/24/2 47/23/13 46/2/2
s 2
f 35/25/15 63/26/15 36/27/15
s 3
f 20/28/16 7/4/16 18/29/16
s 2
f 43/30/15 55/16/15 44/31/15
f 38/32/15 62/6/15 33/33/15
s 3
f 27/34/16 47/23/16 28/35/16
f 16/36/16 9/8/16 14/37/16
f 18/29/16 45/3/16 25/38/16
s 2
f 35/25/15 62/6/15 61/5/15
f 43/30/15 54/20/15 53/18/15
s 3
f 24/39/16 3/19/16 22/40/16
s 2
f 29/41/15 64/42/15 60/43/15
f 31/44/15 60/43/15 59/7/15
s 3
f 27/34/16 45/3/16 46/2/16
f 15/45/16 10/9/16 16/36/16
s 2
f 30/46/15 54/20/15 41/47/15
f 39/48/15 52/49/15 51/21/15
s 4
f 42/50/17 168/51/18 44/31/18
s 1
f 8/52/4 63/26/18 61/5/4
f 6/53/18 64/42/17 63/26/18
f 3/19/12 57/12/8 12/13/8
f 9/8/6 64/42/17 5/54/17
f 7/4/3 49/1/1 45/3/1
f 48/22/14 56/15/10 1/55/10
s 3
f 24/39/16 2/14/16 4/17/16
f 26/56/16 1/55/16 21/57/16
f 28/35/16 48/22/16 26/56/16
s 2
f 44/31/15 56/15/15 42/50/15
f 37/58/15 56/15/15 52/49/15
f 36/27/15 64/42/15 34/59/15
s 3
f 23/60/16 1/55/16 2/14/16
f 20/28/16 6/53/16 8/52/16
s 2
f 40/61/15 49/1/15 38/32/15
f 32/62/15 57/12/15 30/46/15
s 3
f 22/40/16 12/13/16 13/63/16
f 15/45/16 12/13/16 11/11/16
s 2
f 39/48/15 50/24/15 40/61/15
s 3
f 14/37/16 5/54/16 17/64/16
s 2
f 31/44/15 58/10/15 32/62/15
s 3
f 19/65/16 5/54/16 6/53/16
s 5
f 129/66/19 67/67/20 75/68/21
f 75/68/21 68/69/22 76/70/23
f 76/70/23 66/71/24 74/72/25
f 129/66/19 79/73/26 131/74/27
f 79/73/26 76/70/23 80/75/28
f 80/75/28 74/72/25 78/76/29
f 131/74/27 71/77/30 132/78/31
f 79/73/26 72/79/32 71/77/30
f 80/75/28 70/80/33 72/79/32
f 134/81/34 87/82/35 133/83/36
f 95/84/37 88/85/38 87/82/35
f 96/86/39 86/87/40 88/85/38
f 134/81/34 91/88/41 95/84/37
f 91/88/41 96/86/39 95/84/37
f 92/89/42 94/90/43 96/86/39
f 135/91/44 83/92/45 91/88/41
f 91/88/41 84/93/46 92/89/42
f 92/89/42 82/94/47 90/95/48
f 138/96/49 103/97/50 137/98/51
f 111/99/52 104/100/53 103/97/50
f 112/101/54 102/102/55 104/100/53
f 138/96/49 107/103/56 111/99/52
f 107/103/56 112/101/54 111/99/52
f 108/104/57 110/105/58 112/101/54
f 139/106/59 99/107/60 107/103/56
f 107/103/56 100/108/61 108/104/57
f 108/104/57 98/109/62 106/110/63
f 141/111/64 115/112/65 123/113/66
f 123/113/66 116/114/67 124/115/68
f 124/115/68 114/116/69 122/117/70
f 141/111/64 127/118/71 143/119/72
f 127/118/71 124/115/68 128/120/73
f 128/120/73 122/117/70 126/121/74
f 143/119/72 119/122/75 144/123/76
f 127/118/71 120/124/77 119/122/75
f 128/120/73 118/125/78 120/124/77
f 137/98/51 67/67/20 130/126/79
f 103/97/50 68/69/22 67/67/20
f 104/100/53 66/71/24 68/69/22
f 132/78/31 83/92/45 136/127/80
f 71/77/30 84/93/46 83/92/45
f 72/79/32 82/94/47 84/93/46
f 133/83/36 115/112/65 142/128/81
f 87/82/35 116/114/67 115/112/65
f 88/85/38 114/116/69 116/114/67
f 98/109/62 120/124/77 118/125/78
f 100/108/61 119/122/75 120/124/77
f 99/107/60 144/123/76 119/122/75
s 6
f 85/129/3 150/130/4 93/131/4
s 5
f 13/63/8 74/72/25 66/71/24
f 102/102/55 13/63/8 66/71/24
f 16/36/5 70/80/33 78/76/29
f 17/64/17 70/80/33 14/37/6
f 15/45/7 78/76/29 74/72/25
f 90/95/48 17/64/17 19/65/18
f 86/87/40 25/38/1 114/116/69
f 86/87/40 20/28/4 18/29/3
f 94/90/43 19/65/18 20/28/4
f 106/110/63 21/57/10 23/60/9
f 118/125/78 21/57/10 98/109/62
f 102/102/55 24/39/11 22/40/12
f 110/105/58 23/60/9 24/39/11
f 25/38/1 122/117/70 114/116/69
f 28/35/13 118/125/78 126/121/74
f 27/34/2 126/121/74 122/117/70
f 73/132/16 130/126/79 129/66/19
f 73/132/16 131/74/27 77/133/16
f 77/133/16 132/78/31 69/134/16
f 93/131/16 133/83/36 85/129/16
f 89/135/16 134/81/34 93/131/16
f 89/135/16 136/127/80 135/91/44
f 109/136/16 137/98/51 101/137/16
f 105/138/16 138/96/49 109/136/16
f 105/138/16 140/139/82 139/106/59
f 121/140/16 142/128/81 141/111/64
f 121/140/16 143/119/72 125/141/16
f 125/141/16 144/123/76 117/142/16
f 101/137/16 130/126/79 65/143/16
f 69/134/16 136/127/80 81/144/16
f 85/129/16 142/128/81 113/145/16
f 117/142/16 140/139/82 97/146/16
s 6
f 117/142/14 159/147/13 125/141/13
f 93/131/4 151/148/18 89/135/18
f 65/143/8 153/149/12 101/137/12
f 89/135/18 152/150/17 81/144/17
f 81/144/17 148/151/6 69/134/6
f 101/137/12 154/152/11 109/136/11
f 113/145/1 149/153/3 85/129/3
f 109/136/11 155/154/9 105/138/9
f 73/132/7 146/155/8 65/143/8
f 97/146/10 160/156/14 117/142/14
f 105/138/9 156/157/10 97/146/10
f 77/133/5 145/158/7 73/132/7
f 121/140/2 158/159/1 113/145/1
f 69/134/6 147/160/5 77/133/5
f 125/141/13 157/161/2 121/140/2
s 7
f 146/155/16 145/158/16 161/162/16
f 145/158/16 147/160/16 161/162/16
f 147/160/16 148/151/16 161/162/16
f 148/151/16 152/150/16 161/162/16
f 152/150/16 151/148/16 161/162/16
f 151/148/16 150/130/16 161/162/16
f 150/130/16 149/153/16 161/162/16
f 149/153/16 158/159/16 161/162/16
f 158/159/16 157/161/16 161/162/16
f 157/161/16 159/147/16 161/162/16
f 159/147/16 160/156/16 161/162/16
f 160/156/16 156/157/16 161/162/16
f 156/157/16 155/154/16 161/162/16
f 155/154/16 154/152/16 161/162/16
f 154/152/16 153/149/16 161/162/16
f 153/149/16 146/155/16 161/162/16
s 4
f 39/48/5 165/163/6 37/58/6
f 37/58/6 169/164/17 42/50/17
f 35/25/11 175/165/12 33/33/12
f 43/30/4 167/166/3 41/47/3
f 30/46/1 171/167/2 32/62/2
f 41/47/3 170/168/1 30/46/1
f 38/32/8 163/169/7 40/61/7
f 29/41/14 177/170/10 34/59/10
f 36/27/9 174/171/11 35/25/11
f 32/62/2 172/172/13 31/44/13
f 44/31/18 166/173/4 43/30/4
f 40/61/7 164/174/5 39/48/5
f 33/33/12 162/175/8 38/32/8
f 34/59/10 176/176/9 36/27/9
f 31/44/13 173/177/14 29/41/14
s 1
f 49/1/1 50/24/2 46/2/2
f 7/4/3 8/52/4 61/5/4
f 59/7/5 60/43/6 9/8/6
f 58/10/7 59/7/5 10/9/5
f 57/12/8 58/10/7 11/11/7
f 2/14/9 1/55/10 56/15/10
f 4/17/11 2/14/9 55/16/9
f 3/19/12 4/17/11 53/18/11
f 51/21/13 52/49/14 48/22/14
f 50/24/2 51/21/13 47/23/13
s 2
f 35/25/15 61/5/15 63/26/15
s 3
f 20/28/16 8/52/16 7/4/16
s 2
f 43/30/15 53/18/15 55/16/15
f 38/32/15 49/1/15 62/6/15
s 3
f 27/34/16 46/2/16 47/23/16
f 16/36/16 10/9/16 9/8/16
f 18/29/16 7/4/16 45/3/16
s 2
f 35/25/15 33/33/15 62/6/15
f 43/30/15 41/47/15 54/20/15
s 3
f 24/39/16 4/17/16 3/19/16
s 2
f 29/41/15 34/59/15 64/42/15
f 31/44/15 29/41/15 60/43/15
s 3
f 27/34/16 25/38/16 45/3/16
f 15/45/16 11/11/16 10/9/16
s 2
f 30/46/15 57/12/15 54/20/15
f 39/48/15 37/58/15 52/49/15
s 4
f 42/50/17 169/164/17 168/51/18
s 1
f 8/52/4 6/53/18 63/26/18
f 6/53/18 5/54/17 64/42/17
f 3/19/12 54/20/12 57/12/8
f 9/8/6 60/43/6 64/42/17
f 7/4/3 62/6/3 49/1/1
f 48/22/14 52/49/14 56/15/10
s 3
f 24/39/16 23/60/16 2/14/16
f 26/56/16 48/22/16 1/55/16
f 28/35/16 47/23/16 48/22/16
s 2
f 44/31/15 55/16/15 56/15/15
f 37/58/15 42/50/15 56/15/15
f 36/27/15 63/26/15 64/42/15
s 3
f 23/60/16 21/57/16 1/55/16
f 20/28/16 19/65/16 6/53/16
s 2
f 40/61/15 50/24/15 49/1/15
f 32/62/15 58/10/15 57/12/15
s 3
f 22/40/16 3/19/16 12/13/16
f 15/45/16 13/63/16 12/13/16
s 2
f 39/48/15 51/21/15 50/24/15
s 3
f 14/37/16 9/8/16 5/54/16
s 2
f 31/44/15 59/7/15 58/10/15
s 3
f 19/65/16 17/64/16 5/54/16
s 5
f 129/66/19 130/126/79 67/67/20
f 75/68/21 67/67/20 68/69/22
f 76/70/23 68/69/22 66/71/24
f 129/66/19 75/68/21 79/73/26
f 79/73/26 75/68/21 76/70/23
f 80/75/28 76/70/23 74/72/25
f 131/74/27 79/73/26 71/77/30
f 79/73/26 80/75/28 72/79/32
f 80/75/28 78/76/29 70/80/33
f 134/81/34 95/84/37 87/82/35
f 95/84/37 96/86/39 88/85/38
f 96/86/39 94/90/43 86/87/40
f 134/81/34 135/91/44 91/88/41
f 91/88/41 92/89/42 96/86/39
f 92/89/42 90/95/48 94/90/43
f 135/91/44 136/127/80 83/92/45
f 91/88/41 83/92/45 84/93/46
f 92/89/42 84/93/46 82/94/47
f 138/96/49 111/99/52 103/97/50
f 111/99/52 112/101/54 104/100/53
f 112/101/54 110/105/58 102/102/55
f 138/96/49 139/106/59 107/103/56
f 107/103/56 108/104/57 112/101/54
f 108/104/57 106/110/63 110/105/58
f 139/106/59 140/139/82 99/107/60
f 107/103/56 99/107/60 100/108/61
f 108/104/57 100/108/61 98/109/62
f 141/111/64 142/128/81 115/112/65
f 123/113/66 115/112/65 116/114/67
f 124/115/68 116/114/67 114/116/69
f 141/111/64 123/113/66 127/118/71
f 127/118/71 123/113/66 124/115/68
f 128/120/73 124/115/68 122/117/70
f 143/119/72 127/118/71 119/122/75
f 127/118/71 128/120/73 120/124/77
f 128/120/73 126/121/74 118/125/78
f 137/98/51 103/97/50 67/67/20
f 103/97/50 104/100/53 68/69/22
f 104/100/53 102/102/55 66/71/24
f 132/78/31 71/77/30 83/92/45
f 71/77/30 72/79/32 84/93/46
f 72/79/32 70/80/33 82/94/47
f 133/83/36 87/82/35 115/112/65
f 87/82/35 88/85/38 116/114/67
f 88/85/38 86/87/40 114/116/69
f 98/109/62 100/108/61 120/124/77
f 100/108/61 99/107/60 119/122/75
f 99/107/60 140/139/82 144/123/76
s 6
f 85/129/3 149/153/3 150/130/4
s 5
f 13/63/8 15/45/7 74/72/25
f 102/102/55 22/40/12 13/63/8
f 16/36/5 14/37/6 70/80/33
f 17/64/17 82/94/47 70/80/33
f 15/45/7 16/36/5 78/76/29
f 90/95/48 82/94/47 17/64/17
f 86/87/40 18/29/3 25/38/1
f 86/87/40 94/90/43 20/28/4
f 94/90/43 90/95/48 19/65/18
f 106/110/63 98/109/62 21/57/10
f 118/125/78 26/56/14 21/57/10
f 102/102/55 110/105/58 24/39/11
f 110/105/58 106/110/63 23/60/9
f 25/38/1 27/34/2 122/117/70
f 28/35/13 26/56/14 118/125/78
f 27/34/2 28/35/13 126/121/74
f 73/132/16 65/143/16 130/126/79
f 73/132/16 129/66/19 131/74/27
f 77/133/16 131/74/27 132/78/31
f 93/131/16 134/81/34 133/83/36
f 89/135/16 135/91/44 134/81/34
f 89/135/16 81/144/16 136/127/80
f 109/136/16 138/96/49 137/98/51
f 105/138/16 139/106/59 138/96/49
f 105/138/16 97/146/16 140/139/82
f 121/140/16 113/145/16 142/128/81
f 121/140/16 141/111/64 143/119/72
f 125/141/16 143/119/72 144/123/76
f 101/137/16 137/98/51 130/126/79
f 69/134/16 132/78/31 136/127/80
f 85/129/16 133/83/36 142/128/81
f 117/142/16 144/123/76 140/139/82
s 6
f 117/142/14 160/156/14 159/147/13
f 93/131/4 150/130/4 151/148/18
f 65/143/8 146/155/8 153/149/12
f 89/135/18 151/148/18 152/150/17
f 81/144/17 152/150/17 148/151/6
f 101/137/12 153/149/12 154/152/11
f 113/145/1 158/159/1 149/153/3
f 109/136/11 154/152/11 155/154/9
f 73/132/7 145/158/7 146/155/8
f 97/146/10 156/157/10 160/156/14
f 105/138/9 155/154/9 156/157/10
f 77/133/5 147/160/5 145/158/7
f 121/140/2 157/161/2 158/159/1
f 69/134/6 148/151/6 147/160/5
f 125/141/13 159/147/13 157/161/2
s 4
f 39/48/5 164/174/5 165/163/6
f 37/58/6 165/163/6 169/164/17
f 35/25/11 174/171/11 175/165/12
f 43/30/4 166/173/4 167/166/3
f 30/46/1 170/168/1 171/167/2
f 41/47/3 167/166/3 170/168/1
f 38/32/8 162/175/8 163/169/7
f 29/41/14 173/177/14 177/170/10
f 36/27/9 176/176/9 174/171/11
f 32/62/2 171/167/2 172/172/13
f 44/31/18 168/51/18 166/173/4
f 40/61/7 163/169/7 164/174/5
f 33/33/12 175/165/12 162/175/8
f 34/59/10 177/170/10 176/176/9
f 31/44/13 172/172/13 173/177/14
s 8
g pedestrian_light_traffic_01_yellow_medium.001_pedestrian_traffic_light
usemtl pedestrian_traffic_light
f 167/178/15 166/179/15 178/180/15
f 166/179/15 168/181/15 178/180/15
f 168/181/15 169/182/15 178/180/15
f 169/182/15 165/183/15 178/180/15
f 165/183/15 164/184/15 178/180/15
f 164/184/15 163/185/15 178/180/15
f 163/185/15 162/186/15 178/180/15
f 162/186/15 175/187/15 178/180/15
f 175/187/15 174/188/15 178/180/15
f 174/188/15 176/189/15 178/180/15
f 176/189/15 177/190/15 178/180/15
f 177/190/15 173/191/15 178/180/15
f 173/191/15 172/192/15 178/180/15
f 172/192/15 171/193/15 178/180/15
f 171/193/15 170/194/15 178/180/15
f 170/194/15 167/178/15 178/180/15
g pedestrian_traffic_light_02_base_large_yellow_Mesh
v 0.009302 0.206414 0.076965
v 0.017188 0.201145 0.076965
v 0.022457 0.193259 0.076965
v 0.024307 0.183958 0.076965
v 0.022457 0.174656 0.076965
v 0.017188 0.166770 0.076965
v 0.009302 0.161501 0.076965
v -0.000000 0.159651 0.076965
v -0.009302 0.161501 0.076965
v -0.017188 0.166770 0.076965
v -0.022457 0.174656 0.076965
v -0.024307 0.183958 0.076965
v -0.022457 0.193259 0.076965
v -0.017188 0.201145 0.076965
v -0.009302 0.206414 0.076965
v -0.000000 0.208264 0.076965
v -0.000000 0.204493 0.081749
v -0.007858 0.202929 0.081749
v -0.014520 0.198478 0.081749
v -0.018972 0.191816 0.081749
v -0.020535 0.183958 0.081749
v -0.018972 0.176099 0.081749
v -0.014520 0.169437 0.081749
v -0.007858 0.164986 0.081749
v -0.000000 0.163423 0.081749
v 0.007858 0.164986 0.081749
v 0.014520 0.169437 0.081749
v 0.018972 0.176099 0.081749
v 0.020535 0.183958 0.081749
v 0.018972 0.191816 0.081749
v 0.014520 0.198478 0.081749
v 0.007858 0.202929 0.081749
v -0.009302 0.206414 0.033620
v -0.000000 0.208264 0.033620
v -0.017188 0.201145 0.033620
v -0.022457 0.193259 0.033620
v -0.024307 0.183958 0.033620
v -0.022457 0.174656 0.033620
v -0.017188 0.166770 0.033620
v -0.009302 0.161501 0.033620
v -0.000000 0.159651 0.033620
v 0.009302 0.161501 0.033620
v 0.017188 0.166770 0.033620
v 0.022457 0.174656 0.033620
v 0.024307 0.183958 0.033620
v 0.022457 0.193259 0.033620
v 0.017188 0.201145 0.033620
v 0.009302 0.206414 0.033620
v -0.000000 0.210204 0.076965
v -0.010044 0.208206 0.076965
v -0.024248 0.194002 0.076965
v -0.026246 0.183958 0.076965
v -0.024248 0.173914 0.076965
v -0.018559 0.165399 0.076965
v -0.010044 0.159709 0.076965
v -0.000000 0.157711 0.076965
v 0.010044 0.159709 0.076965
v 0.018559 0.165399 0.076965
v 0.024248 0.173914 0.076965
v 0.026246 0.183958 0.076965
v 0.024248 0.194002 0.076965
v 0.018559 0.202516 0.076965
v 0.010044 0.208206 0.076965
v -0.018559 0.202516 0.076965
v -0.010044 0.208206 0.081749
v -0.018559 0.202516 0.081749
v -0.024248 0.194002 0.081749
v -0.026246 0.183958 0.081749
v -0.024248 0.173914 0.081749
v -0.018559 0.165399 0.081749
v -0.010044 0.159709 0.081749
v -0.000000 0.157711 0.081749
v 0.010044 0.159709 0.081749
v 0.018559 0.165399 0.081749
v 0.024248 0.173914 0.081749
v 0.026246 0.183958 0.081749
v 0.024248 0.194002 0.081749
v 0.018559 0.202516 0.081749
v 0.010044 0.208206 0.081749
v -0.000000 0.210204 0.081749
v -0.030077 0.151222 0.032972
v 0.001329 0.182628 0.109098
v -0.032736 0.153881 0.032972
v -0.001330 0.185287 0.109098
v 0.032736 0.214035 0.032972
v 0.030077 0.216694 0.032972
v -0.032736 0.214035 0.032972
v -0.001330 0.182628 0.109098
v -0.030077 0.216694 0.032972
v 0.001329 0.185287 0.109098
v 0.030077 0.151222 0.032972
v 0.032736 0.153881 0.032972
v -0.047997 0.105540 0.011478
v -0.047997 0.262375 0.011478
v -0.000000 0.105540 0.022736
v -0.000000 0.262375 0.022736
v 0.047997 0.262375 0.000000
v 0.047997 0.105540 0.000000
v -0.047997 0.262375 0.000000
v -0.047997 0.105540 0.000000
v 0.047997 0.105540 0.011478
v 0.047997 0.262375 0.011478
v 0.044344 0.105540 0.022727
v 0.044344 0.262375 0.022727
v 0.033939 0.105540 0.032263
v 0.033939 0.262375 0.032263
v 0.018368 0.105540 0.038635
v 0.018368 0.262375 0.038635
v -0.000000 0.105540 0.040872
v -0.000000 0.262375 0.040872
v -0.018368 0.105540 0.038635
v -0.018368 0.262375 0.038635
v -0.033939 0.105540 0.032263
v -0.033939 0.262375 0.032263
v -0.044344 0.105540 0.022727
v -0.044344 0.262375 0.022727
v -0.010682 0.233104 0.048687
v -0.010682 0.233104 0.033744
v -0.005341 0.223854 0.048687
v -0.005341 0.223854 0.033744
v 0.005341 0.223854 0.048687
v 0.005341 0.223854 0.033744
v 0.010682 0.233104 0.048687
v 0.010682 0.233104 0.033744
v 0.005341 0.242355 0.048687
v 0.005341 0.242355 0.033744
v -0.005341 0.242355 0.048687
v -0.005341 0.242355 0.033744
v -0.010682 0.134811 0.048687
v -0.010682 0.134811 0.033744
v -0.005341 0.144061 0.048687
v -0.005341 0.144061 0.033744
v 0.005341 0.144061 0.048687
v 0.005341 0.144061 0.033744
v 0.010682 0.134811 0.048687
v 0.010682 0.134811 0.033744
v 0.005341 0.125560 0.048687
v 0.005341 0.125560 0.033744
v -0.005341 0.125560 0.048687
v -0.005341 0.125560 0.033744
v -0.000000 0.204493 0.165839
v -0.018972 0.191816 0.165839
v -0.014520 0.198478 0.165839
v 0.007858 0.202929 0.165839
v -0.007858 0.202929 0.165839
v 0.014520 0.198478 0.165839
v 0.020535 0.183958 0.165839
v 0.018972 0.191816 0.165839
v -0.020535 0.183958 0.165839
v -0.018972 0.176099 0.165839
v -0.014520 0.169437 0.165839
v -0.007858 0.164986 0.165839
v -0.000000 0.163423 0.165839
v 0.007858 0.164986 0.165839
v 0.014520 0.169437 0.165839
v 0.018972 0.176099 0.165839
v 0.316913 0.204493 0.500699
v 0.322470 0.202929 0.495143
v 0.327181 0.198478 0.490432
v 0.330328 0.191816 0.487284
v 0.331434 0.183958 0.486179
v 0.330328 0.176099 0.487284
v 0.327181 0.169437 0.490432
v 0.322470 0.164986 0.495143
v 0.316913 0.163423 0.500699
v 0.311357 0.164986 0.506256
v 0.306646 0.169437 0.510967
v 0.303498 0.176099 0.514114
v 0.302393 0.183958 0.515220
v 0.303498 0.191816 0.514114
v 0.306646 0.198478 0.510967
v 0.311357 0.202929 0.506256
v 0.310616 0.205459 0.506997
v 0.305277 0.200414 0.512336
v 0.301709 0.192864 0.515903
v 0.300456 0.183958 0.517156
v 0.301709 0.175051 0.515903
v 0.305277 0.167501 0.512336
v 0.310616 0.162456 0.506997
v 0.316913 0.160684 0.500699
v 0.323211 0.162456 0.494402
v 0.328550 0.167501 0.489063
v 0.332117 0.175051 0.485495
v 0.333370 0.183958 0.484243
v 0.332117 0.192864 0.485495
v 0.328550 0.200414 0.489063
v 0.323211 0.205459 0.494402
v 0.316913 0.207231 0.500699
v 0.352866 0.183958 0.536652
v 0.352866 0.205827 0.536652
v 0.350697 0.207231 0.534483
v 0.352231 0.206820 0.536017
v 0.344399 0.205459 0.540781
v 0.346948 0.204162 0.542570
v 0.346044 0.205079 0.542203
v 0.339060 0.200414 0.546120
v 0.341932 0.199421 0.547587
v 0.340800 0.200124 0.547448
v 0.335493 0.192864 0.549687
v 0.338579 0.192327 0.550939
v 0.337295 0.192707 0.550952
v 0.334240 0.183958 0.550940
v 0.337402 0.183958 0.552116
v 0.336065 0.183958 0.552183
v 0.335493 0.175051 0.549687
v 0.338579 0.175589 0.550939
v 0.337295 0.175209 0.550952
v 0.339060 0.167501 0.546120
v 0.341932 0.168494 0.547587
v 0.340800 0.167792 0.547448
v 0.344399 0.162456 0.540781
v 0.346948 0.163753 0.542570
v 0.346044 0.162836 0.542203
v 0.350697 0.160684 0.534483
v 0.352866 0.162088 0.536652
v 0.352231 0.161095 0.536017
v 0.356995 0.162456 0.528185
v 0.358784 0.163753 0.530735
v 0.358417 0.162836 0.529831
v 0.362334 0.167501 0.522846
v 0.363801 0.168494 0.525718
v 0.363662 0.167792 0.524586
v 0.365901 0.175051 0.519279
v 0.367153 0.175589 0.522366
v 0.367166 0.175209 0.521082
v 0.367154 0.183958 0.518026
v 0.368330 0.183958 0.521188
v 0.368397 0.183958 0.519851
v 0.365901 0.192864 0.519279
v 0.367153 0.192327 0.522366
v 0.367166 0.192707 0.521082
v 0.362334 0.200414 0.522846
v 0.363801 0.199421 0.525718
v 0.363662 0.200124 0.524586
v 0.356995 0.205459 0.528185
v 0.358784 0.204162 0.530735
v 0.358417 0.205079 0.529831
v 0.000063 0.204493 0.183656
v -0.013546 0.191816 0.197071
v -0.010398 0.198478 0.193923
v 0.005426 0.202929 0.178099
v -0.005687 0.202929 0.189212
v 0.010137 0.198478 0.173388
v 0.014390 0.183958 0.169135
v 0.013285 0.191816 0.170241
v -0.014651 0.183958 0.198176
v -0.013546 0.176099 0.197071
v -0.010398 0.169437 0.193923
v -0.005687 0.164986 0.189212
v 0.000063 0.163423 0.183656
v 0.005426 0.164986 0.178099
v 0.010137 0.169437 0.173388
v 0.013285 0.176099 0.170241
v 0.333037 0.137221 0.508070
v 0.333037 0.167369 0.508070
v 0.336379 0.137221 0.508735
v 0.336379 0.167369 0.508735
v 0.339212 0.137221 0.510628
v 0.339212 0.167369 0.510628
v 0.341105 0.137221 0.513461
v 0.341105 0.167369 0.513461
v 0.341770 0.137221 0.516802
v 0.341770 0.167369 0.516802
v 0.341105 0.137221 0.520144
v 0.341105 0.167369 0.520144
v 0.339212 0.137221 0.522977
v 0.339212 0.167369 0.522977
v 0.336379 0.137221 0.524870
v 0.336379 0.167369 0.524870
v 0.333037 0.137221 0.525535
v 0.333037 0.167369 0.525535
v 0.329696 0.137221 0.524870
v 0.329696 0.167369 0.524870
v 0.326863 0.137221 0.522977
v 0.326863 0.167369 0.522977
v 0.324970 0.137221 0.520144
v 0.324970 0.167369 0.520144
v 0.324305 0.137221 0.516802
v 0.324305 0.167369 0.516802
v 0.324970 0.137221 0.513461
v 0.324970 0.167369 0.513461
v 0.326863 0.137221 0.510628
v 0.326863 0.167369 0.510628
v 0.329696 0.137221 0.508735
v 0.329696 0.167369 0.508735
v 0.333037 0.167369 0.516802
v 0.333037 0.137221 0.516802
v -0.316788 0.204493 0.500699
v -0.322345 0.202929 0.495143
v -0.327055 0.198478 0.490432
v -0.330203 0.191816 0.487284
v -0.331308 0.183958 0.486179
v -0.330203 0.176099 0.487284
v -0.327055 0.169437 0.490432
v -0.322345 0.164986 0.495143
v -0.316788 0.163423 0.500699
v -0.311231 0.164986 0.506256
v -0.306520 0.169437 0.510967
v -0.303373 0.176099 0.514114
v -0.302267 0.183958 0.515220
v -0.303373 0.191816 0.514114
v -0.306520 0.198478 0.510967
v -0.311231 0.202929 0.506256
v -0.310490 0.205459 0.506997
v -0.305151 0.200414 0.512336
v -0.301584 0.192864 0.515903
v -0.300331 0.183958 0.517156
v -0.301584 0.175051 0.515903
v -0.305151 0.167501 0.512336
v -0.310490 0.162456 0.506997
v -0.316788 0.160684 0.500699
v -0.323086 0.162456 0.494402
v -0.328425 0.167501 0.489063
v -0.331992 0.175051 0.485495
v -0.333245 0.183958 0.484243
v -0.331992 0.192864 0.485495
v -0.328425 0.200414 0.489063
v -0.323086 0.205459 0.494402
v -0.316788 0.207231 0.500699
v -0.352741 0.183958 0.536652
v -0.352741 0.205827 0.536652
v -0.350572 0.207231 0.534483
v -0.352105 0.206820 0.536017
v -0.344274 0.205459 0.540781
v -0.346823 0.204162 0.542570
v -0.345919 0.205079 0.542203
v -0.338935 0.200414 0.546120
v -0.341806 0.199421 0.547587
v -0.340674 0.200124 0.547448
v -0.335367 0.192864 0.549687
v -0.338454 0.192327 0.550939
v -0.337170 0.192707 0.550952
v -0.334115 0.183958 0.550940
v -0.337277 0.183958 0.552116
v -0.335939 0.183958 0.552183
v -0.335367 0.175051 0.549687
v -0.338454 0.175589 0.550939
v -0.337170 0.175209 0.550952
v -0.338935 0.167501 0.546120
v -0.341806 0.168494 0.547587
v -0.340674 0.167792 0.547448
v -0.344274 0.162456 0.540781
v -0.346823 0.163753 0.542570
v -0.345919 0.162836 0.542203
v -0.350572 0.160684 0.534483
v -0.352741 0.162088 0.536652
v -0.352105 0.161095 0.536017
v -0.356869 0.162456 0.528185
v -0.358659 0.163753 0.530735
v -0.358292 0.162836 0.529831
v -0.362208 0.167501 0.522846
v -0.363675 0.168494 0.525718
v -0.363537 0.167792 0.524586
v -0.365776 0.175051 0.519279
v -0.367028 0.175589 0.522366
v -0.367041 0.175209 0.521082
v -0.367028 0.183958 0.518026
v -0.368205 0.183958 0.521188
v -0.368271 0.183958 0.519851
v -0.365776 0.192864 0.519279
v -0.367028 0.192327 0.522366
v -0.367041 0.192707 0.521082
v -0.362208 0.200414 0.522846
v -0.363675 0.199421 0.525718
v -0.363537 0.200124 0.524586
v -0.356869 0.205459 0.528185
v -0.358659 0.204162 0.530735
v -0.358292 0.205079 0.529831
v 0.013671 0.191816 0.197071
v 0.010523 0.198478 0.193923
v -0.005301 0.202929 0.178099
v 0.005813 0.202929 0.189212
v -0.010012 0.198478 0.173388
v -0.014264 0.183958 0.169135
v -0.013159 0.191816 0.170241
v 0.014776 0.183958 0.198176
v 0.013671 0.176099 0.197071
v 0.010523 0.169437 0.193923
v 0.005813 0.164986 0.189212
v -0.005301 0.164986 0.178099
v -0.010012 0.169437 0.173388
v -0.013159 0.176099 0.170241
v -0.332912 0.137221 0.508070
v -0.332912 0.167369 0.508070
v -0.336254 0.137221 0.508735
v -0.336254 0.167369 0.508735
v -0.339087 0.137221 0.510628
v -0.339087 0.167369 0.510628
v -0.340980 0.137221 0.513460
v -0.340980 0.167369 0.513460
v -0.341644 0.137221 0.516802
v -0.341644 0.167369 0.516802
v -0.340980 0.137221 0.520144
v -0.340980 0.167369 0.520144
v -0.339087 0.137221 0.522977
v -0.339087 0.167369 0.522977
v -0.336254 0.137221 0.524870
v -0.336254 0.167369 0.524870
v -0.332912 0.137221 0.525535
v -0.332912 0.167369 0.525535
v -0.329570 0.137221 0.524870
v -0.329570 0.167369 0.524870
v -0.326737 0.137221 0.522977
v -0.326737 0.167369 0.522977
v -0.324844 0.137221 0.520144
v -0.324844 0.167369 0.520144
v -0.324180 0.137221 0.516802
v -0.324180 0.167369 0.516802
v -0.324844 0.137221 0.513460
v -0.324844 0.167369 0.513460
v -0.326737 0.137221 0.510628
v -0.326737 0.167369 0.510628
v -0.329570 0.137221 0.508735
v -0.329570 0.167369 0.508735
v -0.332912 0.167369 0.516802
v -0.332912 0.137221 0.516802
v -0.000000 0.156924 0.152075
v -0.000000 0.210991 0.152075
v 0.012127 0.156924 0.154487
v 0.012127 0.210991 0.154487
v 0.022408 0.156924 0.161357
v 0.022408 0.210991 0.161357
v 0.029277 0.156924 0.171638
v 0.029277 0.210991 0.171638
v 0.031690 0.156924 0.183765
v 0.031690 0.210991 0.183765
v 0.029277 0.156924 0.195892
v 0.029277 0.210991 0.195892
v 0.022408 0.156924 0.206173
v 0.022408 0.210991 0.206173
v 0.012127 0.156924 0.213042
v 0.012127 0.210991 0.213042
v -0.000000 0.156924 0.215454
v -0.000000 0.210991 0.215454
v -0.012127 0.156924 0.213042
v -0.012127 0.210991 0.213042
v -0.022408 0.156924 0.206173
v -0.022408 0.210991 0.206173
v -0.029278 0.156924 0.195892
v -0.029278 0.210991 0.195892
v -0.031690 0.156924 0.183765
v -0.031690 0.210991 0.183765
v -0.029278 0.156924 0.171638
v -0.029278 0.210991 0.171638
v -0.022408 0.156924 0.161357
v -0.022408 0.210991 0.161357
v -0.012127 0.156924 0.154487
v -0.012127 0.210991 0.154487
v -0.000000 0.210991 0.183765
v -0.000000 0.156924 0.183765
v -0.000000 0.233104 0.048687
v -0.000000 0.134811 0.048687
v 0.009302 -0.206414 0.076965
v 0.017188 -0.201145 0.076965
v 0.022457 -0.193259 0.076965
v 0.024307 -0.183958 0.076965
v 0.022457 -0.174656 0.076965
v 0.017188 -0.166770 0.076965
v 0.009302 -0.161501 0.076965
v -0.000000 -0.159651 0.076965
v -0.009302 -0.161501 0.076965
v -0.017188 -0.166770 0.076965
v -0.022457 -0.174656 0.076965
v -0.024307 -0.183958 0.076965
v -0.022457 -0.193259 0.076965
v -0.017188 -0.201145 0.076965
v -0.009302 -0.206414 0.076965
v -0.000000 -0.208264 0.076965
v -0.000000 -0.204493 0.081749
v -0.007858 -0.202929 0.081749
v -0.014520 -0.198478 0.081749
v -0.018972 -0.191816 0.081749
v -0.020535 -0.183958 0.081749
v -0.018972 -0.176099 0.081749
v -0.014520 -0.169437 0.081749
v -0.007858 -0.164986 0.081749
v -0.000000 -0.163423 0.081749
v 0.007858 -0.164986 0.081749
v 0.014520 -0.169437 0.081749
v 0.018972 -0.176099 0.081749
v 0.020535 -0.183958 0.081749
v 0.018972 -0.191816 0.081749
v 0.014520 -0.198478 0.081749
v 0.007858 -0.202929 0.081749
v -0.009302 -0.206414 0.033620
v -0.000000 -0.208264 0.033620
v -0.017188 -0.201145 0.033620
v -0.022457 -0.193259 0.033620
v -0.024307 -0.183958 0.033620
v -0.022457 -0.174656 0.033620
v -0.017188 -0.166770 0.033620
v -0.009302 -0.161501 0.033620
v -0.000000 -0.159651 0.033620
v 0.009302 -0.161501 0.033620
v 0.017188 -0.166770 0.033620
v 0.022457 -0.174656 0.033620
v 0.024307 -0.183958 0.033620
v 0.022457 -0.193259 0.033620
v 0.017188 -0.201145 0.033620
v 0.009302 -0.206414 0.033620
v -0.000000 -0.210204 0.076965
v -0.010044 -0.208206 0.076965
v -0.024248 -0.194002 0.076965
v -0.026246 -0.183958 0.076965
v -0.024248 -0.173914 0.076965
v -0.018559 -0.165399 0.076965
v -0.010044 -0.159709 0.076965
v -0.000000 -0.157711 0.076965
v 0.010044 -0.159709 0.076965
v 0.018559 -0.165399 0.076965
v 0.024248 -0.173914 0.076965
v 0.026246 -0.183958 0.076965
v 0.024248 -0.194002 0.076965
v 0.018559 -0.202516 0.076965
v 0.010044 -0.208206 0.076965
v -0.018559 -0.202516 0.076965
v -0.010044 -0.208206 0.081749
v -0.018559 -0.202516 0.081749
v -0.024248 -0.194002 0.081749
v -0.026246 -0.183958 0.081749
v -0.024248 -0.173914 0.081749
v -0.018559 -0.165399 0.081749
v -0.010044 -0.159709 0.081749
v -0.000000 -0.157711 0.081749
v 0.010044 -0.159709 0.081749
v 0.018559 -0.165399 0.081749
v 0.024248 -0.173914 0.081749
v 0.026246 -0.183958 0.081749
v 0.024248 -0.194002 0.081749
v 0.018559 -0.202516 0.081749
v 0.010044 -0.208206 0.081749
v -0.000000 -0.210204 0.081749
v -0.030077 -0.151222 0.032972
v 0.001329 -0.182628 0.109098
v -0.032736 -0.153881 0.032972
v -0.001330 -0.185287 0.109098
v 0.032736 -0.214035 0.032972
v 0.030077 -0.216694 0.032972
v -0.032736 -0.214035 0.032972
v -0.001330 -0.182628 0.109098
v -0.030077 -0.216694 0.032972
v 0.001329 -0.185287 0.109098
v 0.030077 -0.151222 0.032972
v 0.032736 -0.153881 0.032972
v -0.047997 -0.105540 0.011478
v -0.047997 -0.262375 0.011478
v -0.000000 -0.105540 0.022736
v -0.000000 -0.262375 0.022736
v 0.047997 -0.262375 0.000000
v 0.047997 -0.105540 0.000000
v -0.047997 -0.262375 0.000000
v -0.047997 -0.105540 0.000000
v 0.047997 -0.105540 0.011478
v 0.047997 -0.262375 0.011478
v 0.044344 -0.105540 0.022727
v 0.044344 -0.262375 0.022727
v 0.033939 -0.105540 0.032263
v 0.033939 -0.262375 0.032263
v 0.018368 -0.105540 0.038635
v 0.018368 -0.262375 0.038635
v -0.000000 -0.105540 0.040872
v -0.000000 -0.262375 0.040872
v -0.018368 -0.105540 0.038635
v -0.018368 -0.262375 0.038635
v -0.033939 -0.105540 0.032263
v -0.033939 -0.262375 0.032263
v -0.044344 -0.105540 0.022727
v -0.044344 -0.262375 0.022727
v -0.010682 -0.233104 0.048687
v -0.010682 -0.233104 0.033744
v -0.005341 -0.223854 0.048687
v -0.005341 -0.223854 0.033744
v 0.005341 -0.223854 0.048687
v 0.005341 -0.223854 0.033744
v 0.010682 -0.233104 0.048687
v 0.010682 -0.233104 0.033744
v 0.005341 -0.242355 0.048687
v 0.005341 -0.242355 0.033744
v -0.005341 -0.242355 0.048687
v -0.005341 -0.242355 0.033744
v -0.010682 -0.134811 0.048687
v -0.010682 -0.134811 0.033744
v -0.005341 -0.144061 0.048687
v -0.005341 -0.144061 0.033744
v 0.005341 -0.144061 0.048687
v 0.005341 -0.144061 0.033744
v 0.010682 -0.134811 0.048687
v 0.010682 -0.134811 0.033744
v 0.005341 -0.125560 0.048687
v 0.005341 -0.125560 0.033744
v -0.005341 -0.125560 0.048687
v -0.005341 -0.125560 0.033744
v -0.000000 -0.204493 0.165839
v -0.018972 -0.191816 0.165839
v -0.014520 -0.198478 0.165839
v 0.007858 -0.202929 0.165839
v -0.007858 -0.202929 0.165839
v 0.014520 -0.198478 0.165839
v 0.020535 -0.183958 0.165839
v 0.018972 -0.191816 0.165839
v -0.020535 -0.183958 0.165839
v -0.018972 -0.176099 0.165839
v -0.014520 -0.169437 0.165839
v -0.007858 -0.164986 0.165839
v -0.000000 -0.163423 0.165839
v 0.007858 -0.164986 0.165839
v 0.014520 -0.169437 0.165839
v 0.018972 -0.176099 0.165839
v 0.316913 -0.204493 0.500699
v 0.322470 -0.202929 0.495143
v 0.327181 -0.198478 0.490432
v 0.330328 -0.191816 0.487284
v 0.331434 -0.183958 0.486179
v 0.330328 -0.176099 0.487284
v 0.327181 -0.169437 0.490432
v 0.322470 -0.164986 0.495143
v 0.316913 -0.163423 0.500699
v 0.311357 -0.164986 0.506256
v 0.306646 -0.169437 0.510967
v 0.303498 -0.176099 0.514114
v 0.302393 -0.183958 0.515220
v 0.303498 -0.191816 0.514114
v 0.306646 -0.198478 0.510967
v 0.311357 -0.202929 0.506256
v 0.310616 -0.205459 0.506997
v 0.305277 -0.200414 0.512336
v 0.301709 -0.192864 0.515903
v 0.300456 -0.183958 0.517156
v 0.301709 -0.175051 0.515903
v 0.305277 -0.167501 0.512336
v 0.310616 -0.162456 0.506997
v 0.316913 -0.160684 0.500699
v 0.323211 -0.162456 0.494402
v 0.328550 -0.167501 0.489063
v 0.332117 -0.175051 0.485495
v 0.333370 -0.183958 0.484243
v 0.332117 -0.192864 0.485495
v 0.328550 -0.200414 0.489063
v 0.323211 -0.205459 0.494402
v 0.316913 -0.207231 0.500699
v 0.352866 -0.183958 0.536652
v 0.352866 -0.205827 0.536652
v 0.350697 -0.207231 0.534483
v 0.352231 -0.206820 0.536017
v 0.344399 -0.205459 0.540781
v 0.346948 -0.204162 0.542570
v 0.346044 -0.205079 0.542203
v 0.339060 -0.200414 0.546120
v 0.341932 -0.199421 0.547587
v 0.340800 -0.200124 0.547448
v 0.335493 -0.192864 0.549687
v 0.338579 -0.192327 0.550939
v 0.337295 -0.192707 0.550952
v 0.334240 -0.183958 0.550940
v 0.337402 -0.183958 0.552116
v 0.336065 -0.183958 0.552183
v 0.335493 -0.175051 0.549687
v 0.338579 -0.175589 0.550939
v 0.337295 -0.175209 0.550952
v 0.339060 -0.167501 0.546120
v 0.341932 -0.168494 0.547587
v 0.340800 -0.167792 0.547448
v 0.344399 -0.162456 0.540781
v 0.346948 -0.163753 0.542570
v 0.346044 -0.162836 0.542203
v 0.350697 -0.160684 0.534483
v 0.352866 -0.162088 0.536652
v 0.352231 -0.161095 0.536017
v 0.356995 -0.162456 0.528185
v 0.358784 -0.163753 0.530735
v 0.358417 -0.162836 0.529831
v 0.362334 -0.167501 0.522846
v 0.363801 -0.168494 0.525718
v 0.363662 -0.167792 0.524586
v 0.365901 -0.175051 0.519279
v 0.367153 -0.175589 0.522366
v 0.367166 -0.175209 0.521082
v 0.367154 -0.183958 0.518026
v 0.368330 -0.183958 0.521188
v 0.368397 -0.183958 0.519851
v 0.365901 -0.192864 0.519279
v 0.367153 -0.192327 0.522366
v 0.367166 -0.192707 0.521082
v 0.362334 -0.200414 0.522846
v 0.363801 -0.199421 0.525718
v 0.363662 -0.200124 0.524586
v 0.356995 -0.205459 0.528185
v 0.358784 -0.204162 0.530735
v 0.358417 -0.205079 0.529831
v 0.000063 -0.204493 0.183656
v -0.013546 -0.191816 0.197071
v -0.010398 -0.198478 0.193923
v 0.005426 -0.202929 0.178099
v -0.005687 -0.202929 0.189212
v 0.010137 -0.198478 0.173388
v 0.014390 -0.183958 0.169135
v 0.013285 -0.191816 0.170241
v -0.014651 -0.183958 0.198176
v -0.013546 -0.176099 0.197071
v -0.010398 -0.169437 0.193923
v -0.005687 -0.164986 0.189212
v 0.000063 -0.163423 0.183656
v 0.005426 -0.164986 0.178099
v 0.010137 -0.169437 0.173388
v 0.013285 -0.176099 0.170241
v 0.333037 -0.137221 0.508070
v 0.333037 -0.167369 0.508070
v 0.336379 -0.137221 0.508735
v 0.336379 -0.167369 0.508735
v 0.339212 -0.137221 0.510628
v 0.339212 -0.167369 0.510628
v 0.341105 -0.137221 0.513461
v 0.341105 -0.167369 0.513461
v 0.341770 -0.137221 0.516802
v 0.341770 -0.167369 0.516802
v 0.341105 -0.137221 0.520144
v 0.341105 -0.167369 0.520144
v 0.339212 -0.137221 0.522977
v 0.339212 -0.167369 0.522977
v 0.336379 -0.137221 0.524870
v 0.336379 -0.167369 0.524870
v 0.333037 -0.137221 0.525535
v 0.333037 -0.167369 0.525535
v 0.329696 -0.137221 0.524870
v 0.329696 -0.167369 0.524870
v 0.326863 -0.137221 0.522977
v 0.326863 -0.167369 0.522977
v 0.324970 -0.137221 0.520144
v 0.324970 -0.167369 0.520144
v 0.324305 -0.137221 0.516802
v 0.324305 -0.167369 0.516802
v 0.324970 -0.137221 0.513461
v 0.324970 -0.167369 0.513461
v 0.326863 -0.137221 0.510628
v 0.326863 -0.167369 0.510628
v 0.329696 -0.137221 0.508735
v 0.329696 -0.167369 0.508735
v 0.333037 -0.167369 0.516802
v 0.333037 -0.137221 0.516802
v -0.316788 -0.204493 0.500699
v -0.322345 -0.202929 0.495143
v -0.327055 -0.198478 0.490432
v -0.330203 -0.191816 0.487284
v -0.331308 -0.183958 0.486179
v -0.330203 -0.176099 0.487284
v -0.327055 -0.169437 0.490432
v -0.322345 -0.164986 0.495143
v -0.316788 -0.163423 0.500699
v -0.311231 -0.164986 0.506256
v -0.306520 -0.169437 0.510967
v -0.303373 -0.176099 0.514114
v -0.302267 -0.183958 0.515220
v -0.303373 -0.191816 0.514114
v -0.306520 -0.198478 0.510967
v -0.311231 -0.202929 0.506256
v -0.310490 -0.205459 0.506997
v -0.305151 -0.200414 0.512336
v -0.301584 -0.192864 0.515903
v -0.300331 -0.183958 0.517156
v -0.301584 -0.175051 0.515903
v -0.305151 -0.167501 0.512336
v -0.310490 -0.162456 0.506997
v -0.316788 -0.160684 0.500699
v -0.323086 -0.162456 0.494402
v -0.328425 -0.167501 0.489063
v -0.331992 -0.175051 0.485495
v -0.333245 -0.183958 0.484243
v -0.331992 -0.192864 0.485495
v -0.328425 -0.200414 0.489063
v -0.323086 -0.205459 0.494402
v -0.316788 -0.207231 0.500699
v -0.352741 -0.183958 0.536652
v -0.352741 -0.205827 0.536652
v -0.350572 -0.207231 0.534483
v -0.352105 -0.206820 0.536017
v -0.344274 -0.205459 0.540781
v -0.346823 -0.204162 0.542570
v -0.345919 -0.205079 0.542203
v -0.338935 -0.200414 0.546120
v -0.341806 -0.199421 0.547587
v -0.340674 -0.200124 0.547448
v -0.335367 -0.192864 0.549687
v -0.338454 -0.192327 0.550939
v -0.337170 -0.192707 0.550952
v -0.334115 -0.183958 0.550940
v -0.337277 -0.183958 0.552116
v -0.335939 -0.183958 0.552183
v -0.335367 -0.175051 0.549687
v -0.338454 -0.175589 0.550939
v -0.337170 -0.175209 0.550952
v -0.338935 -0.167501 0.546120
v -0.341806 -0.168494 0.547587
v -0.340674 -0.167792 0.547448
v -0.344274 -0.162456 0.540781
v -0.346823 -0.163753 0.542570
v -0.345919 -0.162836 0.542203
v -0.350572 -0.160684 0.534483
v -0.352741 -0.162088 0.536652
v -0.352105 -0.161095 0.536017
v -0.356869 -0.162456 0.528185
v -0.358659 -0.163753 0.530735
v -0.358292 -0.162836 0.529831
v -0.362208 -0.167501 0.522846
v -0.363675 -0.168494 0.525718
v -0.363537 -0.167792 0.524586
v -0.365776 -0.175051 0.519279
v -0.367028 -0.175589 0.522366
v -0.367041 -0.175209 0.521082
v -0.367028 -0.183958 0.518026
v -0.368205 -0.183958 0.521188
v -0.368271 -0.183958 0.519851
v -0.365776 -0.192864 0.519279
v -0.367028 -0.192327 0.522366
v -0.367041 -0.192707 0.521082
v -0.362208 -0.200414 0.522846
v -0.363675 -0.199421 0.525718
v -0.363537 -0.200124 0.524586
v -0.356869 -0.205459 0.528185
v -0.358659 -0.204162 0.530735
v -0.358292 -0.205079 0.529831
v 0.013671 -0.191816 0.197071
v 0.010523 -0.198478 0.193923
v -0.005301 -0.202929 0.178099
v 0.005813 -0.202929 0.189212
v -0.010012 -0.198478 0.173388
v -0.014264 -0.183958 0.169135
v -0.013159 -0.191816 0.170241
v 0.014776 -0.183958 0.198176
v 0.013671 -0.176099 0.197071
v 0.010523 -0.169437 0.193923
v 0.005813 -0.164986 0.189212
v -0.005301 -0.164986 0.178099
v -0.010012 -0.169437 0.173388
v -0.013159 -0.176099 0.170241
v -0.332912 -0.137221 0.508070
v -0.332912 -0.167369 0.508070
v -0.336254 -0.137221 0.508735
v -0.336254 -0.167369 0.508735
v -0.339087 -0.137221 0.510628
v -0.339087 -0.167369 0.510628
v -0.340980 -0.137221 0.513460
v -0.340980 -0.167369 0.513460
v -0.341644 -0.137221 0.516802
v -0.341644 -0.167369 0.516802
v -0.340980 -0.137221 0.520144
v -0.340980 -0.167369 0.520144
v -0.339087 -0.137221 0.522977
v -0.339087 -0.167369 0.522977
v -0.336254 -0.137221 0.524870
v -0.336254 -0.167369 0.524870
v -0.332912 -0.137221 0.525535
v -0.332912 -0.167369 0.525535
v -0.329570 -0.137221 0.524870
v -0.329570 -0.167369 0.524870
v -0.326737 -0.137221 0.522977
v -0.326737 -0.167369 0.522977
v -0.324844 -0.137221 0.520144
v -0.324844 -0.167369 0.520144
v -0.324180 -0.137221 0.516802
v -0.324180 -0.167369 0.516802
v -0.324844 -0.137221 0.513460
v -0.324844 -0.167369 0.513460
v -0.326737 -0.137221 0.510628
v -0.326737 -0.167369 0.510628
v -0.329570 -0.137221 0.508735
v -0.329570 -0.167369 0.508735
v -0.332912 -0.167369 0.516802
v -0.332912 -0.137221 0.516802
v -0.000000 -0.156924 0.152075
v -0.000000 -0.210991 0.152075
v 0.012127 -0.156924 0.154487
v 0.012127 -0.210991 0.154487
v 0.022408 -0.156924 0.161357
v 0.022408 -0.210991 0.161357
v 0.029277 -0.156924 0.171638
v 0.029277 -0.210991 0.171638
v 0.031690 -0.156924 0.183765
v 0.031690 -0.210991 0.183765
v 0.029277 -0.156924 0.195892
v 0.029277 -0.210991 0.195892
v 0.022408 -0.156924 0.206173
v 0.022408 -0.210991 0.206173
v 0.012127 -0.156924 0.213042
v 0.012127 -0.210991 0.213042
v -0.000000 -0.156924 0.215454
v -0.000000 -0.210991 0.215454
v -0.012127 -0.156924 0.213042
v -0.012127 -0.210991 0.213042
v -0.022408 -0.156924 0.206173
v -0.022408 -0.210991 0.206173
v -0.029278 -0.156924 0.195892
v -0.029278 -0.210991 0.195892
v -0.031690 -0.156924 0.183765
v -0.031690 -0.210991 0.183765
v -0.029278 -0.156924 0.171638
v -0.029278 -0.210991 0.171638
v -0.022408 -0.156924 0.161357
v -0.022408 -0.210991 0.161357
v -0.012127 -0.156924 0.154487
v -0.012127 -0.210991 0.154487
v -0.000000 -0.210991 0.183765
v -0.000000 -0.156924 0.183765
v -0.000000 -0.233104 0.048687
v -0.000000 -0.134811 0.048687
vn -0.0000 -0.0000 1.0000
vn -0.0000 -0.0000 -1.0000
vn 0.7071 0.7071 -0.0000
vn 0.3827 0.9239 -0.0000
vn -0.0000 1.0000 -0.0000
vn 0.9239 0.3827 -0.0000
vn 1.0000 -0.0000 -0.0000
vn 0.9239 -0.3827 -0.0000
vn 0.7071 -0.7071 -0.0000
vn 0.3827 -0.9239 -0.0000
vn -0.0000 -1.0000 -0.0000
vn -0.3827 -0.9239 -0.0000
vn -0.7071 -0.7071 -0.0000
vn -0.9239 -0.3827 -0.0000
vn -1.0000 -0.0000 -0.0000
vn -0.9239 0.3827 -0.0000
vn -0.7071 0.7071 -0.0000
vn -0.3827 0.9239 -0.0000
vn -0.6108 -0.6108 0.5039
vn 0.6107 0.6108 0.5039
vn 0.6108 0.6108 0.5039
vn -0.6108 0.6108 0.5039
vn 0.6108 -0.6108 0.5039
vn 0.9877 -0.0000 0.1564
vn 0.8411 -0.0000 0.5409
vn 0.5355 -0.0000 0.8445
vn 0.2521 -0.0000 0.9677
vn -0.2521 -0.0000 0.9677
vn -0.5355 -0.0000 0.8445
vn -0.8411 -0.0000 0.5409
vn -0.9877 -0.0000 0.1564
vn -0.8660 -0.5000 -0.0000
vn 0.8660 -0.5000 -0.0000
vn 0.8660 0.5000 -0.0000
vn -0.8660 0.5000 -0.0000
vn -0.7071 -0.0000 -0.7071
vn -0.2040 0.9199 0.3348
vn 0.1317 0.9825 0.1317
vn 0.0654 0.9957 0.0654
vn 0.3427 0.6199 0.7059
vn 0.5243 0.6709 0.5243
vn -0.4325 0.7041 0.5633
vn -0.1341 0.9077 0.3976
vn 0.1889 0.4744 0.8598
vn -0.5851 0.3810 0.7159
vn -0.3595 0.6947 0.6230
vn 0.0860 0.2568 0.9626
vn -0.5630 -0.0000 0.8264
vn -0.5101 0.3760 0.7736
vn 0.0499 -0.0000 0.9988
vn -0.5851 -0.3810 0.7159
vn -0.6387 -0.0000 0.7695
vn 0.0860 -0.2568 0.9626
vn -0.4325 -0.7041 0.5633
vn -0.5101 -0.3760 0.7736
vn 0.1889 -0.4744 0.8598
vn -0.1342 -0.9077 0.3976
vn -0.3595 -0.6947 0.6230
vn 0.3428 -0.6199 0.7059
vn -0.2040 -0.9199 0.3348
vn 0.1317 -0.9825 0.1317
vn 0.5243 -0.6710 0.5243
vn 0.3348 -0.9199 -0.2040
vn 0.0654 -0.9957 0.0654
vn 0.7059 -0.6199 0.3428
vn 0.6230 -0.6947 -0.3595
vn 0.3976 -0.9077 -0.1341
vn 0.8598 -0.4744 0.1888
vn 0.5632 -0.7041 -0.4325
vn 0.7736 -0.3760 -0.5101
vn 0.9626 -0.2568 0.0860
vn 0.7695 -0.0000 -0.6387
vn 0.7159 -0.3810 -0.5851
vn 0.9988 -0.0000 0.0498
vn 0.7159 0.3810 -0.5851
vn 0.8265 -0.0000 -0.5630
vn 0.9626 0.2568 0.0860
vn 0.6230 0.6947 -0.3595
vn 0.7736 0.3760 -0.5101
vn 0.8598 0.4744 0.1888
vn 0.5633 0.7041 -0.4325
vn 0.3976 0.9077 -0.1341
vn 0.7059 0.6199 0.3428
vn 0.3348 0.9199 -0.2040
vn 0.7059 0.6199 0.3427
vn 0.7071 -0.0000 0.7071
vn 0.2706 0.9239 -0.2706
vn -0.5000 0.7071 0.5000
vn -0.6533 0.3827 0.6533
vn -0.7071 -0.0000 0.7071
vn -0.5000 -0.7071 0.5000
vn -0.2706 -0.9239 0.2706
vn 0.2706 -0.9239 -0.2706
vn 0.5000 -0.7071 -0.5000
vn 0.7071 -0.0000 -0.7071
vn 0.5000 0.7071 -0.5000
vn 0.0024 1.0000 -0.0024
vn -0.2706 0.9239 0.2706
vn -0.2702 0.9241 0.2702
vn -0.6533 -0.3827 0.6533
vn 0.0024 -1.0000 -0.0024
vn 0.2724 -0.9228 -0.2724
vn 0.6533 -0.3827 -0.6533
vn 0.6533 0.3827 -0.6533
vn 0.3827 -0.0000 -0.9239
vn 0.9239 -0.0000 -0.3827
vn 0.9239 -0.0000 0.3827
vn 0.3827 -0.0000 0.9239
vn -0.3827 -0.0000 0.9239
vn -0.9239 -0.0000 0.3827
vn -0.9239 -0.0000 -0.3827
vn -0.3827 -0.0000 -0.9239
vn -0.0654 0.9957 0.0654
vn 0.1341 0.9077 0.3976
vn 0.2040 0.9199 0.3348
vn -0.5243 0.6710 0.5243
vn -0.3428 0.6199 0.7059
vn 0.3595 0.6947 0.6230
vn 0.4325 0.7041 0.5632
vn -0.1889 0.4744 0.8598
vn 0.5851 0.3810 0.7159
vn -0.0860 0.2568 0.9626
vn 0.5102 0.3760 0.7736
vn 0.6387 -0.0000 0.7695
vn -0.0499 -0.0000 0.9988
vn 0.5102 -0.3760 0.7735
vn 0.5851 -0.3810 0.7159
vn -0.0860 -0.2568 0.9626
vn 0.3595 -0.6947 0.6230
vn 0.4325 -0.7041 0.5633
vn -0.1889 -0.4744 0.8598
vn 0.1341 -0.9077 0.3976
vn 0.2040 -0.9199 0.3348
vn -0.3427 -0.6199 0.7059
vn -0.0654 -0.9957 0.0654
vn -0.5243 -0.6710 0.5243
vn -0.3976 -0.9077 -0.1341
vn -0.3348 -0.9199 -0.2040
vn -0.7059 -0.6199 0.3428
vn -0.5632 -0.7041 -0.4325
vn -0.8598 -0.4744 0.1888
vn -0.6230 -0.6947 -0.3595
vn -0.7159 -0.3810 -0.5851
vn -0.9626 -0.2568 0.0860
vn -0.7736 -0.3760 -0.5101
vn -0.7695 -0.0000 -0.6387
vn -0.9988 -0.0000 0.0498
vn -0.7736 0.3760 -0.5101
vn -0.7159 0.3810 -0.5851
vn -0.9626 0.2568 0.0860
vn -0.6230 0.6947 -0.3595
vn -0.5633 0.7041 -0.4325
vn -0.8598 0.4744 0.1888
vn -0.3976 0.9077 -0.1341
vn -0.3348 0.9199 -0.2040
vn -0.7059 0.6199 0.3428
vn -0.1317 0.9825 0.1317
vn 0.2706 0.9239 0.2706
vn -0.2706 0.9239 -0.2706
vn 0.5000 0.7071 0.5000
vn 0.6533 0.3827 0.6533
vn 0.5000 -0.7071 0.5000
vn 0.6533 -0.3827 0.6533
vn 0.2706 -0.9239 0.2706
vn -0.2706 -0.9239 -0.2706
vn -0.5000 -0.7071 -0.5000
vn -0.6533 -0.3827 -0.6533
vn -0.6533 0.3827 -0.6533
vn -0.5000 0.7071 -0.5000
vn -0.0024 1.0000 -0.0024
vn 0.2702 0.9241 0.2702
vn 0.2702 -0.9241 0.2702
vn -0.0024 -1.0000 -0.0024
vn -0.2724 -0.9228 -0.2724
vn -0.2724 0.9228 -0.2724
vn 0.6107 -0.6108 0.5039
vn 0.3427 -0.6199 0.7059
vn 0.5243 -0.6709 0.5243
vn -0.1341 -0.9077 0.3976
vn -0.1342 0.9077 0.3976
vn 0.5632 0.7041 -0.4325
vn 0.5633 -0.7041 -0.4325
vn 0.8598 -0.4744 0.1889
vn 0.7059 -0.6199 0.3427
vn -0.2702 -0.9241 0.2702
vn 0.2724 0.9228 -0.2724
vn -0.1317 -0.9825 0.1317
vn -0.3428 -0.6199 0.7059
vn 0.5102 -0.3760 0.7736
vn 0.5102 0.3760 0.7735
vn 0.5630 -0.0000 0.8265
vn -0.3427 0.6199 0.7059
vn -0.5632 0.7041 -0.4325
vn -0.8264 -0.0000 -0.5630
vn -0.5633 -0.7041 -0.4325
vt 0.026397 0.735814
vt 0.026416 0.736302
vt 0.026213 0.735998
vt 0.025550 0.737769
vt 0.025092 0.737767
vt 0.025550 0.737858
vt 0.026656 0.736203
vt 0.026487 0.736661
vt 0.026334 0.735877
vt 0.026008 0.735555
vt 0.025975 0.735636
vt 0.026656 0.737119
vt 0.026416 0.737019
vt 0.026397 0.737507
vt 0.026213 0.737323
vt 0.026575 0.736236
vt 0.025192 0.737526
vt 0.025550 0.737597
vt 0.025909 0.737526
vt 0.024704 0.737507
vt 0.024888 0.737323
vt 0.026008 0.737767
vt 0.024685 0.737019
vt 0.024766 0.737445
vt 0.024444 0.737119
vt 0.025909 0.735795
vt 0.025550 0.735724
vt 0.025192 0.735795
vt 0.024888 0.735998
vt 0.024685 0.736302
vt 0.024614 0.736661
vt 0.025126 0.737685
vt 0.024526 0.737085
vt 0.024442 0.736661
vt 0.024526 0.736236
vt 0.024766 0.735877
vt 0.025126 0.735636
vt 0.025550 0.735552
vt 0.026659 0.736661
vt 0.026575 0.737085
vt 0.026334 0.737445
vt 0.025975 0.737685
vt 0.025550 0.735464
vt 0.024353 0.736661
vt 0.025092 0.735555
vt 0.024704 0.735814
vt 0.024444 0.736203
vt 0.026747 0.736661
vt 0.025611 0.736600
vt 0.024057 0.735289
vt 0.024178 0.735168
vt 0.025490 0.736721
vt 0.026922 0.738154
vt 0.027044 0.738033
vt 0.025490 0.736600
vt 0.024178 0.738154
vt 0.024057 0.738033
vt 0.025611 0.736721
vt 0.027043 0.735289
vt 0.026922 0.735168
vt 0.023528 0.733084
vt 0.023361 0.733084
vt 0.025550 0.733084
vt 0.026388 0.733084
vt 0.027098 0.740237
vt 0.027573 0.740237
vt 0.025550 0.740237
vt 0.026388 0.740237
vt 0.024713 0.740237
vt 0.027573 0.733084
vt 0.027098 0.733084
vt 0.024002 0.740237
vt 0.027740 0.740237
vt 0.027740 0.733084
vt 0.024713 0.733084
vt 0.024002 0.733084
vt 0.023528 0.740237
vt 0.023361 0.740237
vt 0.093978 0.085053
vt 0.094221 0.084631
vt 0.094709 0.084631
vt 0.094952 0.085053
vt 0.094709 0.085475
vt 0.094221 0.085475
vt 0.093978 0.080570
vt 0.094221 0.080148
vt 0.094465 0.080570
vt 0.094221 0.080992
vt 0.094709 0.080992
vt 0.094952 0.080570
vt 0.094709 0.080148
vt 0.039393 0.736302
vt 0.039255 0.736661
vt 0.039343 0.736661
vt 0.039537 0.735998
vt 0.039312 0.736254
vt 0.039752 0.735795
vt 0.039475 0.735910
vt 0.040005 0.735724
vt 0.039718 0.735680
vt 0.040293 0.735680
vt 0.040005 0.735599
vt 0.040259 0.735795
vt 0.040536 0.735910
vt 0.040617 0.736302
vt 0.040474 0.735998
vt 0.040668 0.736661
vt 0.040699 0.736254
vt 0.039393 0.737019
vt 0.039312 0.737067
vt 0.039537 0.737323
vt 0.039475 0.737411
vt 0.040005 0.737597
vt 0.040293 0.737641
vt 0.040259 0.737526
vt 0.039752 0.737526
vt 0.039718 0.737641
vt 0.040536 0.737411
vt 0.040474 0.737323
vt 0.040005 0.737722
vt 0.040617 0.737019
vt 0.040699 0.737067
vt 0.040756 0.736661
vt 0.041259 0.737641
vt 0.041616 0.737704
vt 0.041546 0.737722
vt 0.041334 0.737624
vt 0.041645 0.737658
vt 0.041016 0.737411
vt 0.041146 0.737366
vt 0.041375 0.737582
vt 0.040853 0.737067
vt 0.041095 0.737398
vt 0.040935 0.737060
vt 0.040879 0.736661
vt 0.040940 0.736661
vt 0.040994 0.737042
vt 0.040853 0.736254
vt 0.040796 0.736661
vt 0.040935 0.736262
vt 0.041016 0.735910
vt 0.041146 0.735955
vt 0.040994 0.736279
vt 0.041334 0.735697
vt 0.041095 0.735923
vt 0.041259 0.735680
vt 0.041616 0.735618
vt 0.041375 0.735739
vt 0.041834 0.735680
vt 0.041546 0.735599
vt 0.041898 0.735697
vt 0.041645 0.735663
vt 0.042138 0.735923
vt 0.042144 0.735955
vt 0.041915 0.735739
vt 0.042077 0.735910
vt 0.042298 0.736262
vt 0.042297 0.736661
vt 0.042240 0.736254
vt 0.042351 0.736661
vt 0.042297 0.736279
vt 0.042240 0.737067
vt 0.042354 0.736661
vt 0.042298 0.737060
vt 0.042138 0.737398
vt 0.042297 0.737042
vt 0.042077 0.737411
vt 0.041898 0.737624
vt 0.041915 0.737582
vt 0.042144 0.737366
vt 0.041834 0.737641
vt 0.041645 0.736661
vt 0.025553 0.737597
vt 0.025291 0.737526
vt 0.025076 0.737323
vt 0.024882 0.736661
vt 0.025076 0.735998
vt 0.025553 0.735724
vt 0.025798 0.735795
vt 0.026013 0.735998
vt 0.026156 0.736302
vt 0.026207 0.736661
vt 0.026156 0.737019
vt 0.026013 0.737323
vt 0.040741 0.735904
vt 0.040893 0.734529
vt 0.040741 0.734529
vt 0.040893 0.735904
vt 0.041022 0.734529
vt 0.041022 0.735904
vt 0.041109 0.734529
vt 0.041109 0.735904
vt 0.041139 0.734529
vt 0.041139 0.735904
vt 0.040588 0.734529
vt 0.040588 0.735904
vt 0.040459 0.734529
vt 0.040459 0.735904
vt 0.040373 0.734529
vt 0.040373 0.735904
vt 0.040342 0.734529
vt 0.040342 0.735904
vt 0.011852 0.736661
vt 0.011713 0.736302
vt 0.011763 0.736661
vt 0.011632 0.735910
vt 0.011569 0.735998
vt 0.011388 0.735680
vt 0.011355 0.735795
vt 0.011101 0.735724
vt 0.010814 0.735680
vt 0.010848 0.735795
vt 0.010633 0.735998
vt 0.010570 0.735910
vt 0.010489 0.736302
vt 0.010350 0.736661
vt 0.010439 0.736661
vt 0.011713 0.737019
vt 0.011632 0.737411
vt 0.011569 0.737323
vt 0.010814 0.737641
vt 0.011101 0.737597
vt 0.010848 0.737526
vt 0.011388 0.737641
vt 0.011355 0.737526
vt 0.010633 0.737323
vt 0.010489 0.737019
vt 0.010570 0.737411
vt 0.009560 0.737722
vt 0.009772 0.737624
vt 0.009847 0.737641
vt 0.009461 0.737658
vt 0.009490 0.737704
vt 0.010012 0.737398
vt 0.010091 0.737411
vt 0.009960 0.737366
vt 0.010254 0.737067
vt 0.010113 0.737042
vt 0.010171 0.737060
vt 0.010311 0.736661
vt 0.010167 0.736661
vt 0.010228 0.736661
vt 0.010171 0.736262
vt 0.010254 0.736254
vt 0.010012 0.735923
vt 0.010091 0.735910
vt 0.010113 0.736279
vt 0.009772 0.735697
vt 0.009847 0.735680
vt 0.009960 0.735955
vt 0.009560 0.735599
vt 0.009461 0.735663
vt 0.009490 0.735618
vt 0.009208 0.735697
vt 0.009273 0.735680
vt 0.009191 0.735739
vt 0.009029 0.735910
vt 0.008962 0.735955
vt 0.008969 0.735923
vt 0.008867 0.736254
vt 0.008809 0.736262
vt 0.008810 0.736661
vt 0.008756 0.736661
vt 0.008753 0.736661
vt 0.008809 0.737060
vt 0.008867 0.737067
vt 0.008969 0.737398
vt 0.009029 0.737411
vt 0.008962 0.737366
vt 0.009208 0.737624
vt 0.009273 0.737641
vt 0.009191 0.737582
vt 0.011101 0.737722
vt 0.009461 0.736661
vt 0.009731 0.737582
vt 0.011795 0.737067
vt 0.011795 0.736254
vt 0.009731 0.735739
vt 0.011101 0.735599
vt 0.008810 0.736279
vt 0.010408 0.736254
vt 0.008810 0.737042
vt 0.010408 0.737067
vt 0.025815 0.737526
vt 0.026174 0.737019
vt 0.026030 0.737323
vt 0.026224 0.736661
vt 0.026174 0.736302
vt 0.025815 0.735795
vt 0.026030 0.735998
vt 0.025309 0.735795
vt 0.025094 0.735998
vt 0.024950 0.736302
vt 0.024900 0.736661
vt 0.024950 0.737019
vt 0.025094 0.737323
vt 0.025309 0.737526
vt 0.010213 0.734529
vt 0.010366 0.735904
vt 0.010366 0.734529
vt 0.010084 0.734529
vt 0.010213 0.735904
vt 0.009998 0.734529
vt 0.010084 0.735904
vt 0.009967 0.734529
vt 0.009998 0.735904
vt 0.009967 0.735904
vt 0.010518 0.734529
vt 0.010647 0.734529
vt 0.010518 0.735904
vt 0.010734 0.734529
vt 0.010647 0.735904
vt 0.010764 0.734529
vt 0.010734 0.735904
vt 0.010764 0.735904
vt 0.025550 0.737894
vt 0.026103 0.735428
vt 0.025550 0.735428
vt 0.026103 0.737894
vt 0.026572 0.735428
vt 0.026572 0.737894
vt 0.026886 0.735428
vt 0.026886 0.737894
vt 0.026996 0.735428
vt 0.026996 0.737894
vt 0.024997 0.735428
vt 0.024997 0.737894
vt 0.024528 0.735428
vt 0.024528 0.737894
vt 0.024215 0.735428
vt 0.024215 0.737894
vt 0.024105 0.735428
vt 0.024105 0.737894
vt 0.094465 0.085053
vt 0.026416 0.720238
vt 0.026397 0.720726
vt 0.026213 0.720542
vt 0.025550 0.718771
vt 0.025092 0.718773
vt 0.025126 0.718855
vt 0.026487 0.719879
vt 0.026656 0.720338
vt 0.026008 0.720985
vt 0.026334 0.720663
vt 0.025975 0.720904
vt 0.026656 0.719421
vt 0.026747 0.719879
vt 0.026213 0.719217
vt 0.026416 0.719521
vt 0.026575 0.720304
vt 0.025192 0.719014
vt 0.025550 0.718682
vt 0.025550 0.718943
vt 0.025909 0.719014
vt 0.026397 0.719033
vt 0.024704 0.719033
vt 0.026008 0.718773
vt 0.024685 0.719521
vt 0.024888 0.719217
vt 0.024766 0.719095
vt 0.024444 0.719421
vt 0.024526 0.719455
vt 0.025909 0.720745
vt 0.025550 0.720816
vt 0.025192 0.720745
vt 0.024888 0.720542
vt 0.024685 0.720238
vt 0.024614 0.719879
vt 0.024442 0.719879
vt 0.024526 0.720304
vt 0.024766 0.720663
vt 0.025126 0.720904
vt 0.025550 0.720988
vt 0.026659 0.719879
vt 0.026575 0.719455
vt 0.026334 0.719095
vt 0.025975 0.718855
vt 0.025550 0.721077
vt 0.024353 0.719879
vt 0.025092 0.720985
vt 0.024704 0.720726
vt 0.024444 0.720338
vt 0.024178 0.721373
vt 0.025490 0.719819
vt 0.025611 0.719940
vt 0.024057 0.721251
vt 0.026922 0.718386
vt 0.027044 0.718508
vt 0.024057 0.718508
vt 0.025611 0.719819
vt 0.025490 0.719940
vt 0.024178 0.718386
vt 0.027043 0.721251
vt 0.026922 0.721373
vt 0.023528 0.723456
vt 0.025550 0.723456
vt 0.023361 0.723456
vt 0.026388 0.723456
vt 0.027098 0.716303
vt 0.025550 0.716303
vt 0.027573 0.716303
vt 0.026388 0.716303
vt 0.024713 0.716303
vt 0.027573 0.723456
vt 0.027098 0.723456
vt 0.024002 0.716303
vt 0.027740 0.716303
vt 0.027740 0.723456
vt 0.024713 0.723456
vt 0.024002 0.723456
vt 0.023528 0.716303
vt 0.023361 0.716303
vt 0.094221 0.064211
vt 0.093978 0.063789
vt 0.094709 0.064211
vt 0.094952 0.063789
vt 0.094709 0.063367
vt 0.094221 0.063367
vt 0.093978 0.068272
vt 0.094465 0.068272
vt 0.094221 0.068694
vt 0.094221 0.067850
vt 0.094709 0.067850
vt 0.094952 0.068272
vt 0.094709 0.068694
vt 0.039255 0.719879
vt 0.039393 0.720238
vt 0.039343 0.719879
vt 0.039312 0.720286
vt 0.039537 0.720542
vt 0.039475 0.720630
vt 0.039752 0.720745
vt 0.039718 0.720860
vt 0.040005 0.720816
vt 0.040293 0.720860
vt 0.040259 0.720745
vt 0.040536 0.720630
vt 0.040474 0.720542
vt 0.040617 0.720238
vt 0.040699 0.720286
vt 0.040668 0.719879
vt 0.039393 0.719521
vt 0.039537 0.719217
vt 0.039312 0.719473
vt 0.040293 0.718899
vt 0.040005 0.718943
vt 0.040259 0.719014
vt 0.039752 0.719014
vt 0.039475 0.719129
vt 0.040536 0.719129
vt 0.040474 0.719217
vt 0.039718 0.718899
vt 0.040617 0.719521
vt 0.040756 0.719879
vt 0.041616 0.718837
vt 0.041259 0.718899
vt 0.041546 0.718818
vt 0.041645 0.718882
vt 0.041334 0.718916
vt 0.041016 0.719129
vt 0.041146 0.719174
vt 0.041095 0.719142
vt 0.040853 0.719473
vt 0.040935 0.719480
vt 0.040796 0.719879
vt 0.040940 0.719879
vt 0.040879 0.719879
vt 0.040853 0.720286
vt 0.040935 0.720279
vt 0.041095 0.720617
vt 0.041016 0.720630
vt 0.040994 0.720261
vt 0.041334 0.720843
vt 0.041259 0.720860
vt 0.041146 0.720585
vt 0.041546 0.720941
vt 0.041645 0.720877
vt 0.041616 0.720922
vt 0.041834 0.720860
vt 0.041898 0.720843
vt 0.042077 0.720630
vt 0.042144 0.720585
vt 0.042138 0.720617
vt 0.042298 0.720279
vt 0.042240 0.720286
vt 0.042354 0.719879
vt 0.042297 0.719879
vt 0.042351 0.719879
vt 0.042240 0.719473
vt 0.042298 0.719480
vt 0.042138 0.719142
vt 0.042077 0.719129
vt 0.042144 0.719174
vt 0.041898 0.718916
vt 0.041834 0.718899
vt 0.041915 0.718958
vt 0.040005 0.718818
vt 0.041645 0.719879
vt 0.041375 0.718958
vt 0.040994 0.719498
vt 0.041375 0.720801
vt 0.040005 0.720941
vt 0.041915 0.720801
vt 0.042297 0.720261
vt 0.042297 0.719498
vt 0.040699 0.719473
vt 0.025553 0.718943
vt 0.025291 0.719014
vt 0.025076 0.719217
vt 0.024933 0.719521
vt 0.024933 0.720238
vt 0.024882 0.719879
vt 0.025076 0.720542
vt 0.025553 0.720816
vt 0.025291 0.720745
vt 0.025798 0.720745
vt 0.026013 0.720542
vt 0.026156 0.720238
vt 0.026207 0.719879
vt 0.026156 0.719521
vt 0.026013 0.719217
vt 0.025798 0.719014
vt 0.040893 0.722011
vt 0.040741 0.720636
vt 0.040741 0.722011
vt 0.041022 0.722011
vt 0.040893 0.720636
vt 0.041109 0.722011
vt 0.041022 0.720636
vt 0.041139 0.722011
vt 0.041109 0.720636
vt 0.041139 0.720636
vt 0.040588 0.722011
vt 0.040459 0.722011
vt 0.040588 0.720636
vt 0.040373 0.722011
vt 0.040459 0.720636
vt 0.040342 0.722011
vt 0.040373 0.720636
vt 0.040342 0.720636
vt 0.011713 0.720238
vt 0.011852 0.719879
vt 0.011763 0.719879
vt 0.011632 0.720630
vt 0.011795 0.720286
vt 0.011569 0.720542
vt 0.011388 0.720860
vt 0.011101 0.720816
vt 0.011355 0.720745
vt 0.010814 0.720860
vt 0.011101 0.720941
vt 0.010633 0.720542
vt 0.010848 0.720745
vt 0.010489 0.720238
vt 0.010570 0.720630
vt 0.010350 0.719879
vt 0.010408 0.720286
vt 0.011713 0.719521
vt 0.011795 0.719473
vt 0.011632 0.719129
vt 0.011569 0.719217
vt 0.011101 0.718943
vt 0.010814 0.718899
vt 0.010848 0.719014
vt 0.011388 0.718899
vt 0.011355 0.719014
vt 0.010633 0.719217
vt 0.010570 0.719129
vt 0.011101 0.718818
vt 0.010489 0.719521
vt 0.010408 0.719473
vt 0.010439 0.719879
vt 0.009560 0.718818
vt 0.009772 0.718916
vt 0.009490 0.718837
vt 0.009461 0.718882
vt 0.010091 0.719129
vt 0.009847 0.718899
vt 0.010012 0.719142
vt 0.009731 0.718958
vt 0.010254 0.719473
vt 0.010113 0.719498
vt 0.009960 0.719174
vt 0.010311 0.719879
vt 0.010171 0.719480
vt 0.010167 0.719879
vt 0.010171 0.720279
vt 0.010228 0.719879
vt 0.010254 0.720286
vt 0.010012 0.720617
vt 0.010113 0.720261
vt 0.009847 0.720860
vt 0.010091 0.720630
vt 0.009772 0.720843
vt 0.009960 0.720585
vt 0.009560 0.720941
vt 0.009461 0.720877
vt 0.009731 0.720801
vt 0.009208 0.720843
vt 0.009490 0.720922
vt 0.009191 0.720801
vt 0.009029 0.720630
vt 0.009273 0.720860
vt 0.008962 0.720585
vt 0.008867 0.720286
vt 0.008969 0.720617
vt 0.008809 0.720279
vt 0.008810 0.719879
vt 0.008756 0.719879
vt 0.008810 0.720261
vt 0.008809 0.719480
vt 0.008753 0.719879
vt 0.008867 0.719473
vt 0.008969 0.719142
vt 0.008962 0.719174
vt 0.008810 0.719498
vt 0.009029 0.719129
vt 0.009208 0.718916
vt 0.009191 0.718958
vt 0.009273 0.718899
vt 0.009461 0.719879
vt 0.025815 0.719014
vt 0.026174 0.719521
vt 0.026224 0.719879
vt 0.026174 0.720238
vt 0.025815 0.720745
vt 0.025309 0.720745
vt 0.025094 0.720542
vt 0.024950 0.720238
vt 0.024900 0.719879
vt 0.024950 0.719521
vt 0.025094 0.719217
vt 0.010366 0.720636
vt 0.010213 0.722011
vt 0.010366 0.722011
vt 0.010213 0.720636
vt 0.010084 0.722011
vt 0.010084 0.720636
vt 0.009998 0.722011
vt 0.009998 0.720636
vt 0.009967 0.722011
vt 0.009967 0.720636
vt 0.010518 0.722011
vt 0.010518 0.720636
vt 0.010647 0.722011
vt 0.010647 0.720636
vt 0.010734 0.722011
vt 0.010734 0.720636
vt 0.010764 0.722011
vt 0.010764 0.720636
vt 0.026103 0.721112
vt 0.025550 0.718646
vt 0.025550 0.721112
vt 0.026572 0.721112
vt 0.026103 0.718646
vt 0.026886 0.721112
vt 0.026572 0.718646
vt 0.026996 0.721112
vt 0.026886 0.718646
vt 0.026996 0.718646
vt 0.024997 0.721112
vt 0.024528 0.721112
vt 0.024997 0.718646
vt 0.024215 0.721112
vt 0.024528 0.718646
vt 0.024105 0.721112
vt 0.024215 0.718646
vt 0.024105 0.718646
vt 0.094465 0.063789
vt 0.024933 0.737019
vt 0.024933 0.736302
vt 0.025291 0.735795
vt 0.025798 0.737526
vt 0.026030 0.719217
vt 0.026030 0.720542
vt 0.025309 0.719014
s 1
g pedestrian_traffic_light_02_base_large_yellow_regular_material
usemtl regular_material
f 252/195/83 206/196/83 205/197/83
s 2
f 194/198/84 228/199/84 227/200/84
s 1
f 253/201/83 207/202/83 206/196/83
s 2
f 184/203/84 235/204/84 185/205/84
s 1
f 207/202/83 255/206/83 208/207/83
f 208/207/83 256/208/83 209/209/83
s 2
f 183/210/84 236/195/84 184/203/84
s 1
f 258/200/83 196/211/83 195/212/83
f 256/208/83 210/213/83 209/209/83
f 196/211/83 244/214/83 197/215/83
s 3
f 240/208/85 257/216/86 256/208/85
s 1
f 244/214/83 198/217/83 197/215/83
s 2
f 192/218/84 229/219/84 242/214/84
s 4
f 210/213/86 319/212/87 322/213/86
f 209/209/85 322/213/86 324/209/85
f 208/207/88 324/209/85 326/207/88
f 207/202/89 326/207/88 325/202/89
f 334/196/90 207/202/89 325/202/89
f 333/197/91 206/196/90 334/196/90
f 332/220/92 205/197/91 333/197/91
f 331/221/93 204/220/92 332/220/92
f 202/222/94 331/221/93 330/222/94
f 329/223/95 202/222/94 330/222/94
f 200/224/96 329/223/95 328/224/96
f 199/225/97 328/224/96 327/225/97
f 198/217/98 327/225/97 320/217/98
f 197/215/99 320/217/98 321/215/99
f 196/211/100 321/215/99 323/211/100
f 195/212/87 323/211/100 319/212/87
s 5
f 212/198/87 193/226/100 194/198/87
f 211/226/100 192/218/99 193/226/100
f 213/218/99 191/227/98 192/218/99
f 214/227/98 190/228/97 191/227/98
f 215/228/97 189/229/96 190/228/97
f 216/229/96 188/230/95 189/229/96
f 217/230/95 187/231/94 188/230/95
f 218/231/94 186/232/93 187/231/94
f 219/232/93 185/205/92 186/232/93
f 220/205/92 184/203/91 185/205/92
f 221/203/91 183/210/90 184/203/91
f 222/210/90 182/233/89 183/210/90
f 223/233/89 181/234/88 182/233/89
f 224/234/88 180/235/85 181/234/88
f 225/235/85 179/236/86 180/235/85
f 226/236/86 194/198/87 179/236/86
s 2
f 185/205/84 234/237/84 186/232/84
s 1
f 204/220/83 252/195/83 205/197/83
f 250/237/83 204/220/83 203/221/83
s 2
f 189/229/84 230/238/84 190/228/84
f 187/231/84 234/237/84 233/239/84
s 1
f 202/222/83 250/237/83 203/221/83
f 248/240/83 202/222/83 201/223/83
f 247/241/83 201/223/83 200/224/83
s 2
f 194/198/84 241/216/84 179/236/84
s 1
f 199/225/83 247/241/83 200/224/83
f 245/219/83 199/225/83 198/217/83
s 2
f 181/234/84 238/242/84 182/233/84
s 3
f 231/241/96 248/240/95 247/241/96
f 235/204/92 252/195/91 251/204/92
f 239/206/88 256/208/85 255/206/88
f 230/238/97 247/241/96 246/238/97
f 234/237/93 251/204/92 250/237/93
f 238/242/89 255/206/88 254/242/89
f 227/200/87 243/199/100 258/200/87
f 252/195/91 237/201/90 253/201/90
f 232/240/95 249/239/94 248/240/95
f 241/216/86 258/200/87 257/216/86
f 244/214/99 229/219/98 245/219/98
f 237/201/90 254/242/89 253/201/90
f 233/239/94 250/237/93 249/239/94
f 228/199/100 244/214/99 243/199/100
f 229/219/98 246/238/97 245/219/98
s 2
f 179/236/84 240/208/84 180/235/84
f 183/210/84 238/242/84 237/201/84
f 191/227/84 230/238/84 229/219/84
f 180/235/84 239/206/84 181/234/84
f 193/226/84 242/214/84 228/199/84
f 188/230/84 233/239/84 232/240/84
f 189/229/84 232/240/84 231/241/84
s 1
f 210/213/83 258/200/83 195/212/83
s 6
f 260/243/101 261/244/101 259/245/101
s 7
f 261/244/99 262/246/99 264/247/99
s 8
f 260/243/91 259/245/91 263/248/91
s 9
f 262/246/102 263/248/103 264/247/103
s 10
f 266/249/104 267/250/104 265/251/104
s 11
f 267/250/85 268/252/85 270/253/85
s 12
f 266/249/95 265/251/95 269/254/95
s 13
f 268/252/105 269/254/105 270/253/105
s 14
f 293/255/93 271/256/93 273/257/93
f 285/258/93 287/257/93 273/257/93
s 15
f 284/259/87 282/260/87 274/261/87
f 286/262/87 284/259/87 274/261/87
f 288/261/87 286/262/87 274/261/87
f 290/263/87 288/261/87 274/261/87
s 14
f 281/264/93 283/265/93 273/257/93
s 15
f 292/266/87 290/263/87 274/261/87
s 16
f 280/267/106 281/264/107 279/268/106
f 282/260/107 283/265/108 281/264/107
f 284/259/108 285/258/109 283/265/108
f 286/262/109 287/257/83 285/258/109
f 288/261/83 289/269/110 287/257/83
f 290/263/110 291/270/111 289/269/110
s 14
f 283/265/93 285/258/93 273/257/93
s 16
f 292/266/111 293/255/112 291/270/111
f 294/271/112 271/256/113 293/255/112
s 15
f 280/267/87 272/272/87 274/261/87
s 14
f 271/256/93 279/268/93 273/257/93
f 279/268/93 281/264/93 273/257/93
f 287/257/93 289/269/93 273/257/93
s 15
f 280/267/87 277/272/87 272/272/87
s 16
f 272/272/113 278/256/97 271/256/113
f 279/268/106 275/267/89 280/267/106
s 14
f 271/256/93 276/268/93 279/268/93
s 17
f 277/272/84 276/268/84 278/256/84
s 15
f 282/260/87 280/267/87 274/261/87
f 272/272/87 294/271/87 274/261/87
f 294/271/87 292/266/87 274/261/87
s 14
f 289/269/93 291/270/93 273/257/93
f 291/270/93 293/255/93 273/257/93
s 31
f 346/286/118 354/287/118 347/288/118
f 345/289/118 355/290/118 346/286/118
f 344/291/118 356/292/118 345/289/118
f 343/293/118 357/294/118 344/291/118
f 343/293/118 359/295/118 358/296/118
f 342/297/118 360/298/118 359/295/118
f 340/299/118 360/298/118 341/300/118
f 339/301/118 361/302/118 340/299/118
f 348/303/118 354/287/118 353/304/118
f 349/305/118 353/304/118 352/306/118
f 335/307/118 365/308/118 336/309/118
f 350/310/118 352/306/118 351/311/118
f 336/309/118 364/312/118 337/313/118
f 335/307/118 351/311/118 366/314/118
f 338/315/118 364/312/118 363/316/118
f 338/315/118 362/317/118 339/301/118
s 32
f 371/318/119 370/319/120 369/320/121
s 33
f 373/321/122 368/322/123 370/319/123
s 32
f 374/323/124 373/321/125 371/318/119
s 33
f 373/321/122 375/324/126 372/325/122
s 32
f 377/326/127 376/327/128 374/323/124
s 33
f 379/328/129 375/324/126 376/327/126
s 32
f 377/326/127 382/329/130 379/328/131
s 33
f 379/328/129 381/330/132 378/331/129
s 32
f 383/332/133 382/329/130 380/333/134
s 33
f 385/334/135 381/330/132 382/329/132
s 32
f 386/335/136 385/334/137 383/332/133
s 33
f 385/334/135 387/336/138 384/337/135
s 32
f 386/335/136 391/338/139 388/339/140
s 33
f 391/338/141 387/336/138 388/339/138
s 32
f 389/340/142 394/341/143 391/338/139
s 33
f 394/341/144 390/342/141 391/338/141
s 32
f 395/343/145 394/341/143 392/344/146
s 33
f 397/345/147 393/346/144 394/341/144
s 32
f 395/343/145 400/347/148 397/345/149
s 33
f 397/345/147 399/348/150 396/349/147
s 32
f 398/350/151 403/351/152 400/347/148
s 33
f 403/351/153 399/348/150 400/347/150
s 32
f 404/352/154 403/351/152 401/353/155
s 33
f 403/351/153 405/354/156 402/355/153
s 32
f 407/356/157 406/357/158 404/352/154
s 33
f 409/358/159 405/354/156 406/357/156
s 32
f 407/356/157 412/359/160 409/358/161
s 33
f 412/359/162 408/360/159 409/358/159
s 32
f 410/361/163 415/362/164 412/359/160
s 33
f 412/359/162 414/363/165 411/364/162
s 32
f 369/320/121 415/362/164 413/365/166
s 33
f 415/362/167 368/322/123 414/363/165
s 32
f 366/314/87 371/318/119 369/320/121
s 34
f 368/322/168 367/366/168 414/363/168
f 372/325/168 367/366/168 368/322/168
s 32
f 365/308/169 369/320/121 413/365/166
f 371/318/119 352/306/170 374/323/124
s 34
f 375/324/168 367/366/168 372/325/168
s 32
f 352/306/170 377/326/127 374/323/124
s 34
f 378/331/168 367/366/168 375/324/168
s 32
f 353/304/171 380/333/134 377/326/127
s 34
f 381/330/168 367/366/168 378/331/168
s 32
f 354/287/172 383/332/133 380/333/134
s 34
f 384/337/168 367/366/168 381/330/168
s 32
f 383/332/133 356/292/173 386/335/136
s 34
f 387/336/168 367/366/168 384/337/168
s 32
f 356/292/173 389/340/142 386/335/136
s 34
f 390/342/168 367/366/168 387/336/168
s 32
f 357/294/174 392/344/146 389/340/142
s 34
f 393/346/168 367/366/168 390/342/168
s 32
f 392/344/146 359/295/175 395/343/145
s 34
f 396/349/168 367/366/168 393/346/168
s 32
f 359/295/175 398/350/151 395/343/145
s 34
f 399/348/168 367/366/168 396/349/168
s 32
f 360/298/176 401/353/155 398/350/151
s 34
f 402/355/168 367/366/168 399/348/168
s 32
f 401/353/155 362/317/177 404/352/154
s 34
f 405/354/168 367/366/168 402/355/168
s 32
f 362/317/177 407/356/157 404/352/154
s 34
f 408/360/168 367/366/168 405/354/168
s 32
f 407/356/157 364/312/178 410/361/163
s 34
f 411/364/168 367/366/168 408/360/168
s 32
f 364/312/178 413/365/166 410/361/163
s 34
f 414/363/168 367/366/168 411/364/168
s 35
f 416/367/179 350/310/180 335/307/87
f 420/368/181 349/305/170 350/310/180
f 418/369/170 348/303/171 349/305/170
f 348/303/171 424/370/172 347/288/172
f 424/370/172 346/286/182 347/288/172
f 346/286/182 426/371/173 345/289/173
f 426/371/173 344/291/174 345/289/173
f 344/291/174 428/372/183 343/293/93
f 428/372/183 342/297/175 343/293/93
f 429/373/184 341/300/176 342/297/175
f 430/374/176 340/299/185 341/300/176
f 431/375/185 339/301/177 340/299/185
f 422/376/177 338/315/186 339/301/177
f 423/377/186 337/313/178 338/315/186
f 421/378/178 336/309/169 337/313/178
f 336/309/169 416/367/179 335/307/87
s 36
f 433/379/84 434/380/187 432/381/84
f 435/382/187 436/383/177 434/380/187
f 437/384/177 438/385/188 436/383/177
f 439/386/188 440/387/89 438/385/188
f 441/388/89 442/385/189 440/387/89
f 443/386/189 444/383/168 442/385/189
f 445/384/168 446/380/190 444/383/168
f 447/382/190 448/381/83 446/380/190
f 449/379/83 450/389/191 448/381/83
f 451/390/191 452/391/172 450/389/191
f 453/392/172 454/393/192 452/391/172
f 455/394/192 456/395/97 454/393/192
f 457/396/97 458/393/193 456/395/97
f 459/394/193 460/391/118 458/393/193
s 37
f 432/381/93 434/380/93 465/381/93
s 36
f 461/392/118 462/389/194 460/391/118
f 463/390/194 432/381/84 462/389/194
s 38
f 435/382/87 433/379/87 464/379/87
f 433/379/87 463/390/87 464/379/87
f 463/390/87 461/392/87 464/379/87
f 461/392/87 459/394/87 464/379/87
f 459/394/87 457/396/87 464/379/87
f 457/396/87 455/394/87 464/379/87
f 455/394/87 453/392/87 464/379/87
f 453/392/87 451/390/87 464/379/87
f 451/390/87 449/379/87 464/379/87
f 449/379/87 447/382/87 464/379/87
f 447/382/87 445/384/87 464/379/87
f 445/384/87 443/386/87 464/379/87
f 443/386/87 441/388/87 464/379/87
f 441/388/87 439/386/87 464/379/87
f 439/386/87 437/384/87 464/379/87
f 437/384/87 435/382/87 464/379/87
s 37
f 434/380/93 436/383/93 465/381/93
f 436/383/93 438/385/93 465/381/93
f 438/385/93 440/387/93 465/381/93
f 440/387/93 442/385/93 465/381/93
f 442/385/93 444/383/93 465/381/93
f 444/383/93 446/380/93 465/381/93
f 446/380/93 448/381/93 465/381/93
f 448/381/93 450/389/93 465/381/93
f 450/389/93 452/391/93 465/381/93
f 452/391/93 454/393/93 465/381/93
f 454/393/93 456/395/93 465/381/93
f 456/395/93 458/393/93 465/381/93
f 458/393/93 460/391/93 465/381/93
f 460/391/93 462/389/93 465/381/93
f 462/389/93 432/381/93 465/381/93
s 39
f 485/397/177 477/398/177 478/399/177
f 477/398/177 487/400/177 476/401/177
f 476/401/177 488/402/177 475/403/177
f 488/402/177 474/404/177 475/403/177
f 474/404/177 490/405/177 473/406/177
f 490/405/177 472/407/177 473/406/177
f 491/408/177 471/409/177 472/407/177
f 471/409/177 493/410/177 470/411/177
f 479/412/177 485/397/177 478/399/177
f 483/413/177 479/412/177 480/414/177
f 496/415/177 466/416/177 467/417/177
f 482/418/177 480/414/177 481/419/177
f 468/420/177 496/415/177 467/417/177
f 466/416/177 482/418/177 481/419/177
f 469/421/177 495/422/177 468/420/177
f 493/410/177 469/421/177 470/411/177
s 40
f 500/423/195 504/424/196 502/425/197
s 41
f 499/426/198 504/424/199 501/427/198
s 40
f 502/425/197 507/428/200 505/429/201
s 41
f 504/424/199 506/430/202 507/428/202
s 40
f 507/428/200 508/431/203 505/429/201
s 41
f 507/428/202 509/432/204 510/433/204
s 40
f 510/433/205 511/434/206 508/431/203
s 41
f 510/433/204 512/435/207 513/436/207
s 40
f 511/434/206 516/437/208 514/438/209
s 41
f 512/435/207 516/437/210 513/436/207
s 40
f 514/438/209 519/439/211 517/440/212
s 41
f 515/441/210 519/439/213 516/437/210
s 40
f 517/440/212 522/442/214 520/443/215
s 41
f 518/444/213 522/442/216 519/439/213
s 40
f 522/442/214 523/445/217 520/443/215
s 41
f 522/442/216 524/446/218 525/447/218
s 40
f 523/445/217 528/448/219 526/449/220
s 41
f 525/447/218 527/450/221 528/448/221
s 40
f 528/448/219 529/451/222 526/449/220
s 41
f 528/448/221 530/452/223 531/453/223
s 40
f 531/453/224 532/454/225 529/451/222
s 41
f 530/452/223 534/455/226 531/453/223
s 40
f 534/455/227 535/456/228 532/454/225
s 41
f 534/455/226 536/457/229 537/458/229
s 40
f 535/456/228 540/459/230 538/460/231
s 41
f 536/457/229 540/459/232 537/458/229
s 40
f 538/460/231 543/461/233 541/462/234
s 41
f 540/459/232 542/463/235 543/461/235
s 40
f 541/462/234 546/464/236 544/465/237
s 41
f 542/463/235 546/464/238 543/461/235
s 40
f 544/465/237 501/427/239 500/423/195
s 41
f 545/466/238 501/427/198 546/464/238
s 40
f 500/423/195 482/418/240 497/467/87
s 42
f 499/426/172 545/466/172 498/468/172
f 503/469/172 499/426/172 498/468/172
s 40
f 500/423/195 496/415/241 544/465/237
f 502/425/197 483/413/242 482/418/240
s 42
f 506/430/172 503/469/172 498/468/172
s 40
f 508/431/203 483/413/242 505/429/201
s 42
f 509/432/172 506/430/172 498/468/172
s 40
f 508/431/203 485/397/168 484/470/243
s 42
f 512/435/172 509/432/172 498/468/172
s 40
f 514/438/209 485/397/168 511/434/206
s 42
f 515/441/172 512/435/172 498/468/172
s 40
f 514/438/209 487/400/244 486/471/245
s 42
f 518/444/172 515/441/172 498/468/172
s 40
f 520/443/215 487/400/244 517/440/212
s 42
f 521/472/172 518/444/172 498/468/172
s 40
f 523/445/217 488/402/246 520/443/215
s 42
f 524/446/172 521/472/172 498/468/172
s 40
f 523/445/217 490/405/247 489/473/93
s 42
f 527/450/172 524/446/172 498/468/172
s 40
f 529/451/222 490/405/247 526/449/220
s 42
f 530/452/172 527/450/172 498/468/172
s 40
f 532/454/225 491/408/248 529/451/222
s 42
f 533/474/172 530/452/172 498/468/172
s 40
f 532/454/225 493/410/118 492/475/249
s 42
f 536/457/172 533/474/172 498/468/172
s 40
f 538/460/231 493/410/118 535/456/228
s 42
f 539/476/172 536/457/172 498/468/172
s 40
f 541/462/234 494/477/250 538/460/231
s 42
f 542/463/172 539/476/172 498/468/172
s 40
f 541/462/234 496/415/241 495/422/251
s 42
f 545/466/172 542/463/172 498/468/172
s 43
f 481/419/240 416/367/252 466/416/87
f 480/414/242 550/478/253 481/419/240
f 480/414/242 547/479/243 548/480/242
f 478/399/168 547/479/243 479/412/243
f 477/398/245 554/481/168 478/399/168
f 476/401/244 555/482/245 477/398/245
f 476/401/244 557/483/254 556/484/244
f 475/403/246 428/372/255 557/483/254
f 473/406/247 428/372/255 474/404/93
f 472/407/248 558/485/256 473/406/247
f 471/409/249 559/486/248 472/407/248
f 470/411/118 560/487/249 471/409/249
f 469/421/250 552/488/118 470/411/118
f 468/420/251 553/489/250 469/421/250
f 467/417/241 551/490/251 468/420/251
f 467/417/241 416/367/252 549/491/257
s 44
f 563/492/194 562/493/84 561/494/84
f 565/495/118 564/496/194 563/492/194
f 567/497/193 566/498/118 565/495/118
f 569/499/97 568/500/193 567/497/193
f 571/497/192 570/501/97 569/499/97
f 573/495/172 572/500/192 571/497/192
f 575/492/191 574/498/172 573/495/172
f 577/494/83 576/496/191 575/492/191
f 579/502/190 578/493/83 577/494/83
f 581/503/168 580/504/190 579/502/190
f 583/505/189 582/506/168 581/503/168
f 585/507/89 584/508/189 583/505/189
f 587/505/188 586/509/89 585/507/89
f 589/503/177 588/508/188 587/505/188
s 45
f 561/494/93 594/494/93 563/492/93
s 44
f 591/502/187 590/506/177 589/503/177
f 561/494/84 592/504/187 591/502/187
s 46
f 564/496/87 593/493/87 562/493/87
f 562/493/87 593/493/87 592/504/87
f 592/504/87 593/493/87 590/506/87
f 590/506/87 593/493/87 588/508/87
f 588/508/87 593/493/87 586/509/87
f 586/509/87 593/493/87 584/508/87
f 584/508/87 593/493/87 582/506/87
f 582/506/87 593/493/87 580/504/87
f 580/504/87 593/493/87 578/493/87
f 578/493/87 593/493/87 576/496/87
f 576/496/87 593/493/87 574/498/87
f 574/498/87 593/493/87 572/500/87
f 572/500/87 593/493/87 570/501/87
f 570/501/87 593/493/87 568/500/87
f 568/500/87 593/493/87 566/498/87
f 566/498/87 593/493/87 564/496/87
s 45
f 563/492/93 594/494/93 565/495/93
f 565/495/93 594/494/93 567/497/93
f 567/497/93 594/494/93 569/499/93
f 569/499/93 594/494/93 571/497/93
f 571/497/93 594/494/93 573/495/93
f 573/495/93 594/494/93 575/492/93
f 575/492/93 594/494/93 577/494/93
f 577/494/93 594/494/93 579/502/93
f 579/502/93 594/494/93 581/503/93
f 581/503/93 594/494/93 583/505/93
f 583/505/93 594/494/93 585/507/93
f 585/507/93 594/494/93 587/505/93
f 587/505/93 594/494/93 589/503/93
f 589/503/93 594/494/93 591/502/93
f 591/502/93 594/494/93 561/494/93
s 47
f 596/510/84 597/511/187 595/512/84
f 598/513/187 599/514/177 597/511/187
f 600/515/177 601/516/188 599/514/177
f 602/517/188 603/518/89 601/516/188
f 604/519/89 605/516/189 603/518/89
f 606/517/189 607/514/168 605/516/189
f 608/515/168 609/511/190 607/514/168
f 610/513/190 611/512/83 609/511/190
f 612/510/83 613/520/191 611/512/83
f 614/521/191 615/522/172 613/520/191
f 616/523/172 617/524/192 615/522/172
f 618/525/192 619/526/97 617/524/192
f 620/527/97 621/524/193 619/526/97
f 622/525/193 623/522/118 621/524/193
s 48
f 595/512/93 597/511/93 628/512/93
s 47
f 624/523/118 625/520/194 623/522/118
f 626/521/194 595/512/84 625/520/194
s 49
f 598/513/87 596/510/87 627/510/87
f 596/510/87 626/521/87 627/510/87
f 626/521/87 624/523/87 627/510/87
f 624/523/87 622/525/87 627/510/87
f 622/525/87 620/527/87 627/510/87
f 620/527/87 618/525/87 627/510/87
f 618/525/87 616/523/87 627/510/87
f 616/523/87 614/521/87 627/510/87
f 614/521/87 612/510/87 627/510/87
f 612/510/87 610/513/87 627/510/87
f 610/513/87 608/515/87 627/510/87
f 608/515/87 606/517/87 627/510/87
f 606/517/87 604/519/87 627/510/87
f 604/519/87 602/517/87 627/510/87
f 602/517/87 600/515/87 627/510/87
f 600/515/87 598/513/87 627/510/87
s 48
f 597/511/93 599/514/93 628/512/93
f 599/514/93 601/516/93 628/512/93
f 601/516/93 603/518/93 628/512/93
f 603/518/93 605/516/93 628/512/93
f 605/516/93 607/514/93 628/512/93
f 607/514/93 609/511/93 628/512/93
f 609/511/93 611/512/93 628/512/93
f 611/512/93 613/520/93 628/512/93
f 613/520/93 615/522/93 628/512/93
f 615/522/93 617/524/93 628/512/93
f 617/524/93 619/526/93 628/512/93
f 619/526/93 621/524/93 628/512/93
f 621/524/93 623/522/93 628/512/93
f 623/522/93 625/520/93 628/512/93
f 625/520/93 595/512/93 628/512/93
s 51
f 658/529/83 704/530/83 657/531/83
s 52
f 646/532/84 680/533/84 645/534/84
s 51
f 659/535/83 705/536/83 658/529/83
s 52
f 687/537/84 636/538/84 637/539/84
s 51
f 659/535/83 707/540/83 706/541/83
f 661/542/83 707/540/83 660/543/83
s 52
f 688/530/84 635/544/84 636/538/84
s 51
f 648/545/83 710/546/83 647/547/83
f 662/548/83 708/549/83 661/542/83
f 648/545/83 696/550/83 695/533/83
s 53
f 709/551/92 692/549/91 708/549/91
s 51
f 650/552/83 696/550/83 649/553/83
s 52
f 644/554/84 681/555/84 643/556/84
s 54
f 771/547/93 662/548/92 774/548/92
f 774/548/92 661/542/91 776/542/91
f 776/542/91 660/543/90 778/543/90
f 777/535/89 660/543/90 659/535/89
f 786/529/88 659/535/89 658/529/88
f 786/529/88 657/531/85 785/531/85
f 784/557/86 657/531/85 656/557/86
f 783/558/87 656/557/86 655/558/87
f 783/558/87 654/559/100 782/559/100
f 781/560/99 654/559/100 653/560/99
f 781/560/99 652/561/98 780/561/98
f 780/561/98 651/562/97 779/562/97
f 779/562/97 650/552/96 772/552/96
f 772/552/96 649/553/95 773/553/95
f 773/553/95 648/545/94 775/545/94
f 775/545/94 647/547/93 771/547/93
s 55
f 645/534/94 664/532/93 646/532/93
f 644/554/95 663/534/94 645/534/94
f 643/556/96 665/554/95 644/554/95
f 642/563/97 666/556/96 643/556/96
f 641/564/98 667/563/97 642/563/97
f 640/565/99 668/564/98 641/564/98
f 639/566/100 669/565/99 640/565/99
f 638/567/87 670/566/100 639/566/100
f 637/539/86 671/567/87 638/567/87
f 636/538/85 672/539/86 637/539/86
f 635/544/88 673/538/85 636/538/85
f 634/568/89 674/544/88 635/544/88
f 633/569/90 675/568/89 634/568/89
f 632/570/91 676/569/90 633/569/90
f 631/571/92 677/570/91 632/570/91
f 646/532/93 678/571/92 631/571/92
s 52
f 686/572/84 637/539/84 638/567/84
s 51
f 656/557/83 704/530/83 703/537/83
f 656/557/83 702/572/83 655/558/83
s 52
f 682/573/84 641/564/84 642/563/84
f 639/566/84 686/572/84 638/567/84
s 51
f 654/559/83 702/572/83 701/574/83
f 654/559/83 700/575/83 653/560/83
f 653/560/83 699/576/83 652/561/83
s 52
f 693/551/84 646/532/84 631/571/84
s 51
f 651/562/83 699/576/83 698/573/83
f 651/562/83 697/555/83 650/552/83
s 52
f 690/541/84 633/569/84 634/568/84
s 53
f 700/575/99 683/576/98 699/576/98
f 704/530/85 687/537/86 703/537/86
f 708/549/91 691/540/90 707/540/90
f 699/576/98 682/573/97 698/573/97
f 703/537/86 686/572/87 702/572/87
f 707/540/90 690/541/89 706/541/89
f 695/533/94 679/546/93 710/546/93
f 704/530/85 689/536/88 688/530/85
f 701/574/100 684/575/99 700/575/99
f 710/546/93 693/551/92 709/551/92
f 696/550/95 681/555/96 694/550/95
f 706/541/89 689/536/88 705/536/88
f 702/572/87 685/574/100 701/574/100
f 696/550/95 680/533/94 695/533/94
f 698/573/97 681/555/96 697/555/96
s 52
f 692/549/84 631/571/84 632/570/84
f 689/536/84 634/568/84 635/544/84
f 643/556/84 682/573/84 642/563/84
f 691/540/84 632/570/84 633/569/84
f 645/534/84 694/550/84 644/554/84
f 640/565/84 685/574/84 639/566/84
f 641/564/84 684/575/84 640/565/84
s 51
f 662/548/83 710/546/83 709/551/83
s 56
f 711/577/104 714/578/104 712/579/104
s 57
f 713/580/95 716/581/95 714/578/95
s 58
f 712/579/85 715/582/85 711/577/85
s 59
f 716/581/258 712/579/105 714/578/105
s 60
f 717/583/101 720/584/101 718/585/101
s 61
f 719/586/91 722/587/91 720/584/91
s 62
f 718/585/99 721/588/99 717/583/99
s 63
f 721/588/103 720/584/103 722/587/103
s 64
f 745/589/87 725/590/87 723/591/87
f 737/592/87 725/590/87 739/590/87
s 65
f 736/593/93 726/594/93 734/595/93
f 738/596/93 726/594/93 736/593/93
f 740/594/93 726/594/93 738/596/93
f 742/597/93 726/594/93 740/594/93
s 64
f 733/598/87 725/590/87 735/599/87
s 65
f 744/600/93 726/594/93 742/597/93
s 66
f 733/598/107 732/601/106 731/602/106
f 735/599/108 734/595/107 733/598/107
f 737/592/109 736/593/108 735/599/108
f 739/590/83 738/596/109 737/592/109
f 741/603/110 740/594/83 739/590/83
f 743/604/111 742/597/110 741/603/110
s 64
f 735/599/87 725/590/87 737/592/87
s 66
f 745/589/112 744/600/111 743/604/111
f 723/591/113 746/605/112 745/589/112
s 65
f 732/601/93 726/594/93 724/606/93
s 64
f 723/591/87 725/590/87 731/602/87
f 731/602/87 725/590/87 733/598/87
f 739/590/87 725/590/87 741/603/87
s 65
f 729/606/93 732/601/93 724/606/93
s 66
f 730/591/97 724/606/113 723/591/113
f 727/601/89 731/602/106 732/601/106
s 64
f 728/602/87 723/591/87 731/602/87
s 67
f 728/602/84 729/606/84 730/591/84
s 65
f 734/595/93 726/594/93 732/601/93
f 724/606/93 726/594/93 746/605/93
f 746/605/93 726/594/93 744/600/93
s 64
f 741/603/87 725/590/87 743/604/87
f 743/604/87 725/590/87 745/589/87
s 81
f 806/620/118 798/621/118 799/622/118
f 807/623/118 797/624/118 798/621/118
f 808/625/118 796/626/118 797/624/118
f 809/627/118 795/628/118 796/626/118
f 795/628/118 811/629/118 794/630/118
f 794/630/118 812/631/118 793/632/118
f 812/631/118 792/633/118 793/632/118
f 813/634/118 791/635/118 792/633/118
f 800/636/118 806/620/118 799/622/118
f 801/637/118 805/638/118 800/636/118
f 817/639/118 787/640/118 788/641/118
f 802/642/118 804/643/118 801/637/118
f 816/644/118 788/641/118 789/645/118
f 787/640/118 803/646/118 802/642/118
f 790/647/118 816/644/118 789/645/118
f 814/648/118 790/647/118 791/635/118
s 82
f 822/649/143 823/650/142 821/651/146
s 83
f 820/652/144 825/653/259 822/649/260
s 82
f 825/653/261 826/654/136 823/650/142
s 83
f 825/653/259 827/655/138 828/656/138
s 82
f 828/656/140 829/657/133 826/654/136
s 83
f 827/655/138 831/658/135 828/656/138
s 82
f 831/658/137 832/659/134 829/657/133
s 83
f 831/658/135 833/660/132 834/661/132
s 82
f 834/661/130 835/662/127 832/659/134
s 83
f 833/660/132 837/663/129 834/661/132
s 82
f 835/662/127 840/664/128 838/665/124
s 83
f 836/666/129 840/664/126 837/663/129
s 82
f 838/665/124 843/667/262 841/668/119
s 83
f 839/669/126 843/667/122 840/664/126
s 82
f 843/667/262 844/670/121 841/668/119
s 83
f 843/667/122 845/671/123 846/672/123
s 82
f 846/672/120 847/673/166 844/670/121
s 83
f 845/671/123 849/674/165 846/672/123
s 82
f 849/674/164 850/675/263 847/673/166
s 83
f 849/674/165 851/676/162 852/677/162
s 82
f 850/675/263 855/678/161 853/679/157
s 83
f 851/676/162 855/678/159 852/677/162
s 82
f 853/679/157 858/680/158 856/681/154
s 83
f 855/678/159 857/682/156 858/680/156
s 82
f 858/680/158 859/683/155 856/681/154
s 83
f 857/682/156 861/684/153 858/680/156
s 82
f 859/683/155 864/685/148 862/686/264
s 83
f 861/684/153 863/687/265 864/685/265
s 82
f 862/686/264 867/688/149 865/689/145
s 83
f 864/685/265 866/690/147 867/688/266
s 82
f 867/688/149 821/651/146 865/689/145
s 83
f 867/688/266 820/652/144 822/649/260
s 82
f 823/650/142 818/691/93 821/651/146
s 84
f 820/652/168 866/690/168 819/692/168
f 824/693/168 820/652/168 819/692/168
s 82
f 821/651/146 817/639/175 865/689/145
f 823/650/142 804/643/173 803/646/174
s 84
f 827/655/168 824/693/168 819/692/168
s 82
f 829/657/133 804/643/173 826/654/136
s 84
f 830/694/168 827/655/168 819/692/168
s 82
f 832/659/134 805/638/182 829/657/133
s 84
f 833/660/168 830/694/168 819/692/168
s 82
f 835/662/127 806/620/172 832/659/134
s 84
f 836/666/168 833/660/168 819/692/168
s 82
f 835/662/127 808/625/170 807/623/171
s 84
f 839/669/168 836/666/168 819/692/168
s 82
f 841/668/119 808/625/170 838/665/124
s 84
f 842/695/168 839/669/168 819/692/168
s 82
f 844/670/121 809/627/180 841/668/119
s 84
f 845/671/168 842/695/168 819/692/168
s 82
f 847/673/166 810/696/87 844/670/121
s 84
f 848/697/168 845/671/168 819/692/168
s 82
f 850/675/263 811/629/169 847/673/166
s 84
f 851/676/168 848/697/168 819/692/168
s 82
f 850/675/263 813/634/186 812/631/178
s 84
f 854/698/168 851/676/168 819/692/168
s 82
f 853/679/157 814/648/177 813/634/186
s 84
f 857/682/168 854/698/168 819/692/168
s 82
f 859/683/155 814/648/177 856/681/154
s 84
f 860/699/168 857/682/168 819/692/168
s 82
f 859/683/155 816/644/176 815/700/185
s 84
f 863/687/168 860/699/168 819/692/168
s 82
f 862/686/264 817/639/175 816/644/176
s 84
f 866/690/168 863/687/168 819/692/168
s 85
f 802/642/174 868/701/183 787/640/93
f 801/637/173 872/702/267 802/642/174
f 800/636/182 870/703/173 801/637/173
f 799/622/172 869/704/182 800/636/182
f 799/622/172 877/705/171 876/706/172
f 797/624/170 877/705/171 798/621/171
f 796/626/180 878/707/170 797/624/170
f 796/626/180 880/708/179 879/709/181
f 794/630/169 880/708/179 795/628/87
f 793/632/178 881/710/268 794/630/169
f 792/633/186 882/711/178 793/632/178
f 791/635/177 883/712/186 792/633/186
f 790/647/185 874/713/177 791/635/177
f 789/645/176 875/714/185 790/647/185
f 788/641/175 873/715/176 789/645/176
f 788/641/175 868/701/183 871/716/184
s 86
f 886/717/187 885/718/84 884/719/84
f 888/720/177 887/721/187 886/717/187
f 890/722/188 889/723/177 888/720/177
f 892/724/89 891/725/188 890/722/188
f 894/722/189 893/726/89 892/724/89
f 896/720/168 895/725/189 894/722/189
f 898/717/190 897/723/168 896/720/168
f 900/719/83 899/721/190 898/717/190
f 902/727/191 901/718/83 900/719/83
f 904/728/172 903/729/191 902/727/191
f 906/730/192 905/731/172 904/728/172
f 908/732/97 907/733/192 906/730/192
f 910/730/193 909/734/97 908/732/97
f 912/728/118 911/733/193 910/730/193
s 87
f 884/719/87 917/719/87 886/717/87
s 86
f 914/727/194 913/731/118 912/728/118
f 884/719/84 915/729/194 914/727/194
s 88
f 887/721/93 916/718/93 885/718/93
f 885/718/93 916/718/93 915/729/93
f 915/729/93 916/718/93 913/731/93
f 913/731/93 916/718/93 911/733/93
f 911/733/93 916/718/93 909/734/93
f 909/734/93 916/718/93 907/733/93
f 907/733/93 916/718/93 905/731/93
f 905/731/93 916/718/93 903/729/93
f 903/729/93 916/718/93 901/718/93
f 901/718/93 916/718/93 899/721/93
f 899/721/93 916/718/93 897/723/93
f 897/723/93 916/718/93 895/725/93
f 895/725/93 916/718/93 893/726/93
f 893/726/93 916/718/93 891/725/93
f 891/725/93 916/718/93 889/723/93
f 889/723/93 916/718/93 887/721/93
s 87
f 886/717/87 917/719/87 888/720/87
f 888/720/87 917/719/87 890/722/87
f 890/722/87 917/719/87 892/724/87
f 892/724/87 917/719/87 894/722/87
f 894/722/87 917/719/87 896/720/87
f 896/720/87 917/719/87 898/717/87
f 898/717/87 917/719/87 900/719/87
f 900/719/87 917/719/87 902/727/87
f 902/727/87 917/719/87 904/728/87
f 904/728/87 917/719/87 906/730/87
f 906/730/87 917/719/87 908/732/87
f 908/732/87 917/719/87 910/730/87
f 910/730/87 917/719/87 912/728/87
f 912/728/87 917/719/87 914/727/87
f 914/727/87 917/719/87 884/719/87
s 89
f 929/735/177 937/736/177 930/737/177
f 929/735/177 939/738/177 938/739/177
f 928/740/177 940/741/177 939/738/177
f 926/742/177 940/741/177 927/743/177
f 926/742/177 942/744/177 941/745/177
f 924/746/177 942/744/177 925/747/177
f 923/748/177 943/749/177 924/746/177
f 923/748/177 945/750/177 944/751/177
f 931/752/177 937/736/177 936/753/177
f 931/752/177 935/754/177 932/755/177
f 918/756/177 948/757/177 919/758/177
f 932/755/177 934/759/177 933/760/177
f 920/761/177 948/757/177 947/762/177
f 918/756/177 934/759/177 949/763/177
f 921/764/177 947/762/177 946/765/177
f 921/764/177 945/750/177 922/766/177
s 90
f 952/767/217 956/768/214 953/769/269
s 91
f 956/768/216 951/770/218 953/769/218
s 90
f 957/771/212 956/768/214 954/772/215
s 91
f 959/773/213 955/774/270 956/768/216
s 90
f 960/775/209 959/773/211 957/771/212
s 91
f 959/773/213 961/776/210 958/777/213
s 90
f 963/778/206 962/779/271 960/775/209
s 91
f 962/779/210 964/780/207 961/776/210
s 90
f 963/778/206 968/781/272 965/782/273
s 91
f 968/781/204 964/780/207 965/782/207
s 90
f 966/783/203 971/784/200 968/781/272
s 91
f 971/784/202 967/785/204 968/781/204
s 90
f 972/786/197 971/784/200 969/787/201
s 91
f 974/788/274 970/789/202 971/784/202
s 90
f 975/790/195 974/788/196 972/786/197
s 91
f 974/788/274 976/791/198 973/792/274
s 90
f 975/790/195 980/793/236 977/794/239
s 91
f 977/794/198 979/795/238 976/791/198
s 90
f 981/796/275 980/793/236 978/797/237
s 91
f 980/793/238 982/798/235 979/795/238
s 90
f 984/799/231 983/800/233 981/796/275
s 91
f 986/801/232 982/798/235 983/800/235
s 90
f 987/802/228 986/801/230 984/799/231
s 91
f 986/801/232 988/803/229 985/804/232
s 90
f 987/802/228 992/805/227 989/806/276
s 91
f 992/805/226 988/803/229 989/806/229
s 90
f 990/807/225 995/808/224 992/805/227
s 91
f 992/805/226 994/809/223 991/810/226
s 90
f 993/811/277 998/812/219 995/808/224
s 91
f 995/808/223 997/813/221 994/809/223
s 90
f 996/814/220 953/769/269 998/812/219
s 91
f 953/769/218 997/813/221 998/812/221
s 90
f 952/767/217 934/759/246 954/772/215
s 92
f 951/770/172 950/815/172 997/813/172
f 955/774/172 950/815/172 951/770/172
s 90
f 948/757/247 952/767/217 996/814/220
f 934/759/246 957/771/212 954/772/215
s 92
f 958/777/172 950/815/172 955/774/172
s 90
f 935/754/244 960/775/209 957/771/212
s 92
f 961/776/172 950/815/172 958/777/172
s 90
f 960/775/209 937/736/168 963/778/206
s 92
f 964/780/172 950/815/172 961/776/172
s 90
f 937/736/168 966/783/203 963/778/206
s 92
f 967/785/172 950/815/172 964/780/172
s 90
f 966/783/203 939/738/242 969/787/201
s 92
f 970/789/172 950/815/172 967/785/172
s 90
f 939/738/242 972/786/197 969/787/201
s 92
f 973/792/172 950/815/172 970/789/172
s 90
f 940/741/240 975/790/195 972/786/197
s 92
f 976/791/172 950/815/172 973/792/172
s 90
f 975/790/195 942/744/241 978/797/237
s 92
f 979/795/172 950/815/172 976/791/172
s 90
f 942/744/241 981/796/275 978/797/237
s 92
f 982/798/172 950/815/172 979/795/172
s 90
f 943/749/251 984/799/231 981/796/275
s 92
f 985/804/172 950/815/172 982/798/172
s 90
f 984/799/231 945/750/118 987/802/228
s 92
f 988/803/172 950/815/172 985/804/172
s 90
f 945/750/118 990/807/225 987/802/228
s 92
f 991/810/172 950/815/172 988/803/172
s 90
f 946/765/249 993/811/277 990/807/225
s 92
f 994/809/172 950/815/172 991/810/172
s 90
f 947/762/248 996/814/220 993/811/277
s 92
f 997/813/172 950/815/172 994/809/172
s 93
f 868/701/255 933/760/246 918/756/93
f 1002/816/254 932/755/244 933/760/246
f 932/755/244 999/817/245 931/752/245
f 999/817/245 930/737/168 931/752/245
f 1006/818/168 929/735/243 930/737/168
f 1007/819/243 928/740/242 929/735/243
f 928/740/242 1009/820/253 927/743/240
f 927/743/240 880/708/252 926/742/87
f 880/708/252 925/747/241 926/742/87
f 1010/821/257 924/746/251 925/747/241
f 1011/822/251 923/748/250 924/746/251
f 1012/823/250 922/766/118 923/748/250
f 1004/824/118 921/764/249 922/766/118
f 1005/825/249 920/761/248 921/764/249
f 1003/826/248 919/758/247 920/761/248
f 919/758/247 868/701/255 918/756/93
s 94
f 1014/827/84 1015/828/194 1013/829/84
f 1016/830/194 1017/831/118 1015/828/194
f 1018/832/118 1019/833/193 1017/831/118
f 1020/834/193 1021/835/97 1019/833/193
f 1022/836/97 1023/833/192 1021/835/97
f 1024/834/192 1025/831/172 1023/833/192
f 1026/832/172 1027/828/191 1025/831/172
f 1028/830/191 1029/829/83 1027/828/191
f 1030/827/83 1031/837/190 1029/829/83
f 1032/838/190 1033/839/168 1031/837/190
f 1034/840/168 1035/841/189 1033/839/168
f 1036/842/189 1037/843/89 1035/841/189
f 1038/844/89 1039/841/188 1037/843/89
f 1040/842/188 1041/839/177 1039/841/188
s 95
f 1013/829/87 1015/828/87 1046/829/87
s 94
f 1042/840/177 1043/837/187 1041/839/177
f 1044/838/187 1013/829/84 1043/837/187
s 96
f 1016/830/93 1014/827/93 1045/827/93
f 1014/827/93 1044/838/93 1045/827/93
f 1044/838/93 1042/840/93 1045/827/93
f 1042/840/93 1040/842/93 1045/827/93
f 1040/842/93 1038/844/93 1045/827/93
f 1038/844/93 1036/842/93 1045/827/93
f 1036/842/93 1034/840/93 1045/827/93
f 1034/840/93 1032/838/93 1045/827/93
f 1032/838/93 1030/827/93 1045/827/93
f 1030/827/93 1028/830/93 1045/827/93
f 1028/830/93 1026/832/93 1045/827/93
f 1026/832/93 1024/834/93 1045/827/93
f 1024/834/93 1022/836/93 1045/827/93
f 1022/836/93 1020/834/93 1045/827/93
f 1020/834/93 1018/832/93 1045/827/93
f 1018/832/93 1016/830/93 1045/827/93
s 95
f 1015/828/87 1017/831/87 1046/829/87
f 1017/831/87 1019/833/87 1046/829/87
f 1019/833/87 1021/835/87 1046/829/87
f 1021/835/87 1023/833/87 1046/829/87
f 1023/833/87 1025/831/87 1046/829/87
f 1025/831/87 1027/828/87 1046/829/87
f 1027/828/87 1029/829/87 1046/829/87
f 1029/829/87 1031/837/87 1046/829/87
f 1031/837/87 1033/839/87 1046/829/87
f 1033/839/87 1035/841/87 1046/829/87
f 1035/841/87 1037/843/87 1046/829/87
f 1037/843/87 1039/841/87 1046/829/87
f 1039/841/87 1041/839/87 1046/829/87
f 1041/839/87 1043/837/87 1046/829/87
f 1043/837/87 1013/829/87 1046/829/87
s 97
f 1049/845/187 1048/846/84 1047/847/84
f 1051/848/177 1050/849/187 1049/845/187
f 1053/850/188 1052/851/177 1051/848/177
f 1055/852/89 1054/853/188 1053/850/188
f 1057/850/189 1056/854/89 1055/852/89
f 1059/848/168 1058/853/189 1057/850/189
f 1061/845/190 1060/851/168 1059/848/168
f 1063/847/83 1062/849/190 1061/845/190
f 1065/855/191 1064/846/83 1063/847/83
f 1067/856/172 1066/857/191 1065/855/191
f 1069/858/192 1068/859/172 1067/856/172
f 1071/860/97 1070/861/192 1069/858/192
f 1073/858/193 1072/862/97 1071/860/97
f 1075/856/118 1074/861/193 1073/858/193
s 98
f 1047/847/87 1080/847/87 1049/845/87
s 97
f 1077/855/194 1076/859/118 1075/856/118
f 1047/847/84 1078/857/194 1077/855/194
s 99
f 1050/849/93 1079/846/93 1048/846/93
f 1048/846/93 1079/846/93 1078/857/93
f 1078/857/93 1079/846/93 1076/859/93
f 1076/859/93 1079/846/93 1074/861/93
f 1074/861/93 1079/846/93 1072/862/93
f 1072/862/93 1079/846/93 1070/861/93
f 1070/861/93 1079/846/93 1068/859/93
f 1068/859/93 1079/846/93 1066/857/93
f 1066/857/93 1079/846/93 1064/846/93
f 1064/846/93 1079/846/93 1062/849/93
f 1062/849/93 1079/846/93 1060/851/93
f 1060/851/93 1079/846/93 1058/853/93
f 1058/853/93 1079/846/93 1056/854/93
f 1056/854/93 1079/846/93 1054/853/93
f 1054/853/93 1079/846/93 1052/851/93
f 1052/851/93 1079/846/93 1050/849/93
s 98
f 1049/845/87 1080/847/87 1051/848/87
f 1051/848/87 1080/847/87 1053/850/87
f 1053/850/87 1080/847/87 1055/852/87
f 1055/852/87 1080/847/87 1057/850/87
f 1057/850/87 1080/847/87 1059/848/87
f 1059/848/87 1080/847/87 1061/845/87
f 1061/845/87 1080/847/87 1063/847/87
f 1063/847/87 1080/847/87 1065/855/87
f 1065/855/87 1080/847/87 1067/856/87
f 1067/856/87 1080/847/87 1069/858/87
f 1069/858/87 1080/847/87 1071/860/87
f 1071/860/87 1080/847/87 1073/858/87
f 1073/858/87 1080/847/87 1075/856/87
f 1075/856/87 1080/847/87 1077/855/87
f 1077/855/87 1080/847/87 1047/847/87
s 1
f 252/195/83 253/201/83 206/196/83
s 2
f 194/198/84 193/226/84 228/199/84
s 1
f 253/201/83 254/242/83 207/202/83
s 2
f 184/203/84 236/195/84 235/204/84
s 1
f 207/202/83 254/242/83 255/206/83
f 208/207/83 255/206/83 256/208/83
s 2
f 183/210/84 237/201/84 236/195/84
s 1
f 258/200/83 243/199/83 196/211/83
f 256/208/83 257/216/83 210/213/83
f 196/211/83 243/199/83 244/214/83
s 3
f 240/208/85 241/216/86 257/216/86
s 1
f 244/214/83 245/219/83 198/217/83
s 2
f 192/218/84 191/227/84 229/219/84
s 4
f 210/213/86 195/212/87 319/212/87
f 209/209/85 210/213/86 322/213/86
f 208/207/88 209/209/85 324/209/85
f 207/202/89 208/207/88 326/207/88
f 334/196/90 206/196/90 207/202/89
f 333/197/91 205/197/91 206/196/90
f 332/220/92 204/220/92 205/197/91
f 331/221/93 203/221/93 204/220/92
f 202/222/94 203/221/93 331/221/93
f 329/223/95 201/223/95 202/222/94
f 200/224/96 201/223/95 329/223/95
f 199/225/97 200/224/96 328/224/96
f 198/217/98 199/225/97 327/225/97
f 197/215/99 198/217/98 320/217/98
f 196/211/100 197/215/99 321/215/99
f 195/212/87 196/211/100 323/211/100
s 5
f 212/198/87 211/226/100 193/226/100
f 211/226/100 213/218/99 192/218/99
f 213/218/99 214/227/98 191/227/98
f 214/227/98 215/228/97 190/228/97
f 215/228/97 216/229/96 189/229/96
f 216/229/96 217/230/95 188/230/95
f 217/230/95 218/231/94 187/231/94
f 218/231/94 219/232/93 186/232/93
f 219/232/93 220/205/92 185/205/92
f 220/205/92 221/203/91 184/203/91
f 221/203/91 222/210/90 183/210/90
f 222/210/90 223/233/89 182/233/89
f 223/233/89 224/234/88 181/234/88
f 224/234/88 225/235/85 180/235/85
f 225/235/85 226/236/86 179/236/86
f 226/236/86 212/198/87 194/198/87
s 2
f 185/205/84 235/204/84 234/237/84
s 1
f 204/220/83 251/204/83 252/195/83
f 250/237/83 251/204/83 204/220/83
s 2
f 189/229/84 231/241/84 230/238/84
f 187/231/84 186/232/84 234/237/84
s 1
f 202/222/83 249/239/83 250/237/83
f 248/240/83 249/239/83 202/222/83
f 247/241/83 248/240/83 201/223/83
s 2
f 194/198/84 227/200/84 241/216/84
s 1
f 199/225/83 246/238/83 247/241/83
f 245/219/83 246/238/83 199/225/83
s 2
f 181/234/84 239/206/84 238/242/84
s 3
f 231/241/96 232/240/95 248/240/95
f 235/204/92 236/195/91 252/195/91
f 239/206/88 240/208/85 256/208/85
f 230/238/97 231/241/96 247/241/96
f 234/237/93 235/204/92 251/204/92
f 238/242/89 239/206/88 255/206/88
f 227/200/87 228/199/100 243/199/100
f 252/195/91 236/195/91 237/201/90
f 232/240/95 233/239/94 249/239/94
f 241/216/86 227/200/87 258/200/87
f 244/214/99 242/214/99 229/219/98
f 237/201/90 238/242/89 254/242/89
f 233/239/94 234/237/93 250/237/93
f 228/199/100 242/214/99 244/214/99
f 229/219/98 230/238/97 246/238/97
s 2
f 179/236/84 241/216/84 240/208/84
f 183/210/84 182/233/84 238/242/84
f 191/227/84 190/228/84 230/238/84
f 180/235/84 240/208/84 239/206/84
f 193/226/84 192/218/84 242/214/84
f 188/230/84 187/231/84 233/239/84
f 189/229/84 188/230/84 232/240/84
s 1
f 210/213/83 257/216/83 258/200/83
s 6
f 260/243/101 262/246/101 261/244/101
s 9
f 262/246/102 260/243/102 263/248/103
s 10
f 266/249/104 268/252/104 267/250/104
s 13
f 268/252/105 266/249/105 269/254/105
s 16
f 280/267/106 282/260/107 281/264/107
f 282/260/107 284/259/108 283/265/108
f 284/259/108 286/262/109 285/258/109
f 286/262/109 288/261/83 287/257/83
f 288/261/83 290/263/110 289/269/110
f 290/263/110 292/266/111 291/270/111
f 292/266/111 294/271/112 293/255/112
f 294/271/112 272/272/113 271/256/113
s 15
f 280/267/87 275/267/87 277/272/87
s 16
f 272/272/113 277/272/97 278/256/97
f 279/268/106 276/268/89 275/267/89
s 14
f 271/256/93 278/256/93 276/268/93
s 17
f 277/272/84 275/267/84 276/268/84
s 31
f 346/286/118 355/290/118 354/287/118
f 345/289/118 356/292/118 355/290/118
f 344/291/118 357/294/118 356/292/118
f 343/293/118 358/296/118 357/294/118
f 343/293/118 342/297/118 359/295/118
f 342/297/118 341/300/118 360/298/118
f 340/299/118 361/302/118 360/298/118
f 339/301/118 362/317/118 361/302/118
f 348/303/118 347/288/118 354/287/118
f 349/305/118 348/303/118 353/304/118
f 335/307/118 366/314/118 365/308/118
f 350/310/118 349/305/118 352/306/118
f 336/309/118 365/308/118 364/312/118
f 335/307/118 350/310/118 351/311/118
f 338/315/118 337/313/118 364/312/118
f 338/315/118 363/316/118 362/317/118
s 32
f 371/318/119 373/321/125 370/319/120
s 33
f 373/321/122 372/325/122 368/322/123
s 32
f 374/323/124 376/327/128 373/321/125
s 33
f 373/321/122 376/327/126 375/324/126
s 32
f 377/326/127 379/328/131 376/327/128
s 33
f 379/328/129 378/331/129 375/324/126
s 32
f 377/326/127 380/333/134 382/329/130
s 33
f 379/328/129 382/329/132 381/330/132
s 32
f 383/332/133 385/334/137 382/329/130
s 33
f 385/334/135 384/337/135 381/330/132
s 32
f 386/335/136 388/339/140 385/334/137
s 33
f 385/334/135 388/339/138 387/336/138
s 32
f 386/335/136 389/340/142 391/338/139
s 33
f 391/338/141 390/342/141 387/336/138
s 32
f 389/340/142 392/344/146 394/341/143
s 33
f 394/341/144 393/346/144 390/342/141
s 32
f 395/343/145 397/345/149 394/341/143
s 33
f 397/345/147 396/349/147 393/346/144
s 32
f 395/343/145 398/350/151 400/347/148
s 33
f 397/345/147 400/347/150 399/348/150
s 32
f 398/350/151 401/353/155 403/351/152
s 33
f 403/351/153 402/355/153 399/348/150
s 32
f 404/352/154 406/357/158 403/351/152
s 33
f 403/351/153 406/357/156 405/354/156
s 32
f 407/356/157 409/358/161 406/357/158
s 33
f 409/358/159 408/360/159 405/354/156
s 32
f 407/356/157 410/361/163 412/359/160
s 33
f 412/359/162 411/364/162 408/360/159
s 32
f 410/361/163 413/365/166 415/362/164
s 33
f 412/359/162 415/362/167 414/363/165
s 32
f 369/320/121 370/319/120 415/362/164
s 33
f 415/362/167 370/319/123 368/322/123
s 32
f 366/314/87 351/311/180 371/318/119
f 365/308/169 366/314/87 369/320/121
f 371/318/119 351/311/180 352/306/170
f 352/306/170 353/304/171 377/326/127
f 353/304/171 354/287/172 380/333/134
f 354/287/172 355/290/182 383/332/133
f 383/332/133 355/290/182 356/292/173
f 356/292/173 357/294/174 389/340/142
f 357/294/174 358/296/93 392/344/146
f 392/344/146 358/296/93 359/295/175
f 359/295/175 360/298/176 398/350/151
f 360/298/176 361/302/185 401/353/155
f 401/353/155 361/302/185 362/317/177
f 362/317/177 363/316/186 407/356/157
f 407/356/157 363/316/186 364/312/178
f 364/312/178 365/308/169 413/365/166
s 35
f 416/367/179 420/368/181 350/310/180
f 420/368/181 418/369/170 349/305/170
f 418/369/170 417/864/171 348/303/171
f 348/303/171 417/864/171 424/370/172
f 424/370/172 425/865/182 346/286/182
f 346/286/182 425/865/182 426/371/173
f 426/371/173 427/866/267 344/291/174
f 344/291/174 427/866/267 428/372/183
f 428/372/183 429/373/184 342/297/175
f 429/373/184 430/374/176 341/300/176
f 430/374/176 431/375/185 340/299/185
f 431/375/185 422/376/177 339/301/177
f 422/376/177 423/377/186 338/315/186
f 423/377/186 421/378/178 337/313/178
f 421/378/178 419/867/268 336/309/169
f 336/309/169 419/867/268 416/367/179
s 36
f 433/379/84 435/382/187 434/380/187
f 435/382/187 437/384/177 436/383/177
f 437/384/177 439/386/188 438/385/188
f 439/386/188 441/388/89 440/387/89
f 441/388/89 443/386/189 442/385/189
f 443/386/189 445/384/168 444/383/168
f 445/384/168 447/382/190 446/380/190
f 447/382/190 449/379/83 448/381/83
f 449/379/83 451/390/191 450/389/191
f 451/390/191 453/392/172 452/391/172
f 453/392/172 455/394/192 454/393/192
f 455/394/192 457/396/97 456/395/97
f 457/396/97 459/394/193 458/393/193
f 459/394/193 461/392/118 460/391/118
f 461/392/118 463/390/194 462/389/194
f 463/390/194 433/379/84 432/381/84
s 39
f 485/397/177 486/471/177 477/398/177
f 477/398/177 486/471/177 487/400/177
f 476/401/177 487/400/177 488/402/177
f 488/402/177 489/473/177 474/404/177
f 474/404/177 489/473/177 490/405/177
f 490/405/177 491/408/177 472/407/177
f 491/408/177 492/475/177 471/409/177
f 471/409/177 492/475/177 493/410/177
f 479/412/177 484/470/177 485/397/177
f 483/413/177 484/470/177 479/412/177
f 496/415/177 497/467/177 466/416/177
f 482/418/177 483/413/177 480/414/177
f 468/420/177 495/422/177 496/415/177
f 466/416/177 497/467/177 482/418/177
f 469/421/177 494/477/177 495/422/177
f 493/410/177 494/477/177 469/421/177
s 40
f 500/423/195 501/427/239 504/424/196
s 41
f 499/426/198 503/469/199 504/424/199
s 40
f 502/425/197 504/424/196 507/428/200
s 41
f 504/424/199 503/469/199 506/430/202
s 40
f 507/428/200 510/433/205 508/431/203
s 41
f 507/428/202 506/430/202 509/432/204
s 40
f 510/433/205 513/436/273 511/434/206
s 41
f 510/433/204 509/432/204 512/435/207
s 40
f 511/434/206 513/436/273 516/437/208
s 41
f 512/435/207 515/441/210 516/437/210
s 40
f 514/438/209 516/437/208 519/439/211
s 41
f 515/441/210 518/444/213 519/439/213
s 40
f 517/440/212 519/439/211 522/442/214
s 41
f 518/444/213 521/472/216 522/442/216
s 40
f 522/442/214 525/447/269 523/445/217
s 41
f 522/442/216 521/472/216 524/446/218
s 40
f 523/445/217 525/447/269 528/448/219
s 41
f 525/447/218 524/446/218 527/450/221
s 40
f 528/448/219 531/453/224 529/451/222
s 41
f 528/448/221 527/450/221 530/452/223
s 40
f 531/453/224 534/455/227 532/454/225
s 41
f 530/452/223 533/474/226 534/455/226
s 40
f 534/455/227 537/458/276 535/456/228
s 41
f 534/455/226 533/474/226 536/457/229
s 40
f 535/456/228 537/458/276 540/459/230
s 41
f 536/457/229 539/476/232 540/459/232
s 40
f 538/460/231 540/459/230 543/461/233
s 41
f 540/459/232 539/476/232 542/463/235
s 40
f 541/462/234 543/461/233 546/464/236
s 41
f 542/463/235 545/466/238 546/464/238
s 40
f 544/465/237 546/464/236 501/427/239
s 41
f 545/466/238 499/426/198 501/427/198
s 40
f 500/423/195 502/425/197 482/418/240
f 500/423/195 497/467/87 496/415/241
f 502/425/197 505/429/201 483/413/242
f 508/431/203 484/470/243 483/413/242
f 508/431/203 511/434/206 485/397/168
f 514/438/209 486/471/245 485/397/168
f 514/438/209 517/440/212 487/400/244
f 520/443/215 488/402/246 487/400/244
f 523/445/217 489/473/93 488/402/246
f 523/445/217 526/449/220 490/405/247
f 529/451/222 491/408/248 490/405/247
f 532/454/225 492/475/249 491/408/248
f 532/454/225 535/456/228 493/410/118
f 538/460/231 494/477/250 493/410/118
f 541/462/234 495/422/251 494/477/250
f 541/462/234 544/465/237 496/415/241
s 43
f 481/419/240 550/478/253 416/367/252
f 480/414/242 548/480/242 550/478/253
f 480/414/242 479/412/243 547/479/243
f 478/399/168 554/481/168 547/479/243
f 477/398/245 555/482/245 554/481/168
f 476/401/244 556/484/244 555/482/245
f 476/401/244 475/403/246 557/483/254
f 475/403/246 474/404/93 428/372/255
f 473/406/247 558/485/256 428/372/255
f 472/407/248 559/486/248 558/485/256
f 471/409/249 560/487/249 559/486/248
f 470/411/118 552/488/118 560/487/249
f 469/421/250 553/489/250 552/488/118
f 468/420/251 551/490/251 553/489/250
f 467/417/241 549/491/257 551/490/251
f 467/417/241 466/416/87 416/367/252
s 44
f 563/492/194 564/496/194 562/493/84
f 565/495/118 566/498/118 564/496/194
f 567/497/193 568/500/193 566/498/118
f 569/499/97 570/501/97 568/500/193
f 571/497/192 572/500/192 570/501/97
f 573/495/172 574/498/172 572/500/192
f 575/492/191 576/496/191 574/498/172
f 577/494/83 578/493/83 576/496/191
f 579/502/190 580/504/190 578/493/83
f 581/503/168 582/506/168 580/504/190
f 583/505/189 584/508/189 582/506/168
f 585/507/89 586/509/89 584/508/189
f 587/505/188 588/508/188 586/509/89
f 589/503/177 590/506/177 588/508/188
f 591/502/187 592/504/187 590/506/177
f 561/494/84 562/493/84 592/504/187
s 47
f 596/510/84 598/513/187 597/511/187
f 598/513/187 600/515/177 599/514/177
f 600/515/177 602/517/188 601/516/188
f 602/517/188 604/519/89 603/518/89
f 604/519/89 606/517/189 605/516/189
f 606/517/189 608/515/168 607/514/168
f 608/515/168 610/513/190 609/511/190
f 610/513/190 612/510/83 611/512/83
f 612/510/83 614/521/191 613/520/191
f 614/521/191 616/523/172 615/522/172
f 616/523/172 618/525/192 617/524/192
f 618/525/192 620/527/97 619/526/97
f 620/527/97 622/525/193 621/524/193
f 622/525/193 624/523/118 623/522/118
f 624/523/118 626/521/194 625/520/194
f 626/521/194 596/510/84 595/512/84
s 51
f 658/529/83 705/536/83 704/530/83
s 52
f 646/532/84 679/546/84 680/533/84
s 51
f 659/535/83 706/541/83 705/536/83
s 52
f 687/537/84 688/530/84 636/538/84
s 51
f 659/535/83 660/543/83 707/540/83
f 661/542/83 708/549/83 707/540/83
s 52
f 688/530/84 689/536/84 635/544/84
s 51
f 648/545/83 695/533/83 710/546/83
f 662/548/83 709/551/83 708/549/83
f 648/545/83 649/553/83 696/550/83
s 53
f 709/551/92 693/551/92 692/549/91
s 51
f 650/552/83 697/555/83 696/550/83
s 52
f 644/554/84 694/550/84 681/555/84
s 54
f 771/547/93 647/547/93 662/548/92
f 774/548/92 662/548/92 661/542/91
f 776/542/91 661/542/91 660/543/90
f 777/535/89 778/543/90 660/543/90
f 786/529/88 777/535/89 659/535/89
f 786/529/88 658/529/88 657/531/85
f 784/557/86 785/531/85 657/531/85
f 783/558/87 784/557/86 656/557/86
f 783/558/87 655/558/87 654/559/100
f 781/560/99 782/559/100 654/559/100
f 781/560/99 653/560/99 652/561/98
f 780/561/98 652/561/98 651/562/97
f 779/562/97 651/562/97 650/552/96
f 772/552/96 650/552/96 649/553/95
f 773/553/95 649/553/95 648/545/94
f 775/545/94 648/545/94 647/547/93
s 55
f 645/534/94 663/534/94 664/532/93
f 644/554/95 665/554/95 663/534/94
f 643/556/96 666/556/96 665/554/95
f 642/563/97 667/563/97 666/556/96
f 641/564/98 668/564/98 667/563/97
f 640/565/99 669/565/99 668/564/98
f 639/566/100 670/566/100 669/565/99
f 638/567/87 671/567/87 670/566/100
f 637/539/86 672/539/86 671/567/87
f 636/538/85 673/538/85 672/539/86
f 635/544/88 674/544/88 673/538/85
f 634/568/89 675/568/89 674/544/88
f 633/569/90 676/569/90 675/568/89
f 632/570/91 677/570/91 676/569/90
f 631/571/92 678/571/92 677/570/91
f 646/532/93 664/532/93 678/571/92
s 52
f 686/572/84 687/537/84 637/539/84
s 51
f 656/557/83 657/531/83 704/530/83
f 656/557/83 703/537/83 702/572/83
s 52
f 682/573/84 683/576/84 641/564/84
f 639/566/84 685/574/84 686/572/84
s 51
f 654/559/83 655/558/83 702/572/83
f 654/559/83 701/574/83 700/575/83
f 653/560/83 700/575/83 699/576/83
s 52
f 693/551/84 679/546/84 646/532/84
s 51
f 651/562/83 652/561/83 699/576/83
f 651/562/83 698/573/83 697/555/83
s 52
f 690/541/84 691/540/84 633/569/84
s 53
f 700/575/99 684/575/99 683/576/98
f 704/530/85 688/530/85 687/537/86
f 708/549/91 692/549/91 691/540/90
f 699/576/98 683/576/98 682/573/97
f 703/537/86 687/537/86 686/572/87
f 707/540/90 691/540/90 690/541/89
f 695/533/94 680/533/94 679/546/93
f 704/530/85 705/536/88 689/536/88
f 701/574/100 685/574/100 684/575/99
f 710/546/93 679/546/93 693/551/92
f 696/550/95 697/555/96 681/555/96
f 706/541/89 690/541/89 689/536/88
f 702/572/87 686/572/87 685/574/100
f 696/550/95 694/550/95 680/533/94
f 698/573/97 682/573/97 681/555/96
s 52
f 692/549/84 693/551/84 631/571/84
f 689/536/84 690/541/84 634/568/84
f 643/556/84 681/555/84 682/573/84
f 691/540/84 692/549/84 632/570/84
f 645/534/84 680/533/84 694/550/84
f 640/565/84 684/575/84 685/574/84
f 641/564/84 683/576/84 684/575/84
s 51
f 662/548/83 647/547/83 710/546/83
s 56
f 711/577/104 713/580/104 714/578/104
s 59
f 716/581/258 715/582/258 712/579/105
s 60
f 717/583/101 719/586/101 720/584/101
s 63
f 721/588/103 718/585/103 720/584/103
s 66
f 733/598/107 734/595/107 732/601/106
f 735/599/108 736/593/108 734/595/107
f 737/592/109 738/596/109 736/593/108
f 739/590/83 740/594/83 738/596/109
f 741/603/110 742/597/110 740/594/83
f 743/604/111 744/600/111 742/597/110
f 745/589/112 746/605/112 744/600/111
f 723/591/113 724/606/113 746/605/112
s 65
f 729/606/93 727/601/93 732/601/93
s 66
f 730/591/97 729/606/97 724/606/113
f 727/601/89 728/602/89 731/602/106
s 64
f 728/602/87 730/591/87 723/591/87
s 67
f 728/602/84 727/601/84 729/606/84
s 81
f 806/620/118 807/623/118 798/621/118
f 807/623/118 808/625/118 797/624/118
f 808/625/118 809/627/118 796/626/118
f 809/627/118 810/696/118 795/628/118
f 795/628/118 810/696/118 811/629/118
f 794/630/118 811/629/118 812/631/118
f 812/631/118 813/634/118 792/633/118
f 813/634/118 814/648/118 791/635/118
f 800/636/118 805/638/118 806/620/118
f 801/637/118 804/643/118 805/638/118
f 817/639/118 818/691/118 787/640/118
f 802/642/118 803/646/118 804/643/118
f 816/644/118 817/639/118 788/641/118
f 787/640/118 818/691/118 803/646/118
f 790/647/118 815/700/118 816/644/118
f 814/648/118 815/700/118 790/647/118
s 82
f 822/649/143 825/653/261 823/650/142
s 83
f 820/652/144 824/693/259 825/653/259
s 82
f 825/653/261 828/656/140 826/654/136
s 83
f 825/653/259 824/693/259 827/655/138
s 82
f 828/656/140 831/658/137 829/657/133
s 83
f 827/655/138 830/694/135 831/658/135
s 82
f 831/658/137 834/661/130 832/659/134
s 83
f 831/658/135 830/694/135 833/660/132
s 82
f 834/661/130 837/663/131 835/662/127
s 83
f 833/660/132 836/666/129 837/663/129
s 82
f 835/662/127 837/663/131 840/664/128
s 83
f 836/666/129 839/669/126 840/664/126
s 82
f 838/665/124 840/664/128 843/667/262
s 83
f 839/669/126 842/695/122 843/667/122
s 82
f 843/667/262 846/672/120 844/670/121
s 83
f 843/667/122 842/695/122 845/671/123
s 82
f 846/672/120 849/674/164 847/673/166
s 83
f 845/671/123 848/697/165 849/674/165
s 82
f 849/674/164 852/677/160 850/675/263
s 83
f 849/674/165 848/697/165 851/676/162
s 82
f 850/675/263 852/677/160 855/678/161
s 83
f 851/676/162 854/698/159 855/678/159
s 82
f 853/679/157 855/678/161 858/680/158
s 83
f 855/678/159 854/698/159 857/682/156
s 82
f 858/680/158 861/684/152 859/683/155
s 83
f 857/682/156 860/699/153 861/684/153
s 82
f 859/683/155 861/684/152 864/685/148
s 83
f 861/684/153 860/699/153 863/687/265
s 82
f 862/686/264 864/685/148 867/688/149
s 83
f 864/685/265 863/687/265 866/690/147
s 82
f 867/688/149 822/649/143 821/651/146
s 83
f 867/688/266 866/690/147 820/652/144
s 82
f 823/650/142 803/646/174 818/691/93
f 821/651/146 818/691/93 817/639/175
f 823/650/142 826/654/136 804/643/173
f 829/657/133 805/638/182 804/643/173
f 832/659/134 806/620/172 805/638/182
f 835/662/127 807/623/171 806/620/172
f 835/662/127 838/665/124 808/625/170
f 841/668/119 809/627/180 808/625/170
f 844/670/121 810/696/87 809/627/180
f 847/673/166 811/629/169 810/696/87
f 850/675/263 812/631/178 811/629/169
f 850/675/263 853/679/157 813/634/186
f 853/679/157 856/681/154 814/648/177
f 859/683/155 815/700/185 814/648/177
f 859/683/155 862/686/264 816/644/176
f 862/686/264 865/689/145 817/639/175
s 85
f 802/642/174 872/702/267 868/701/183
f 801/637/173 870/703/173 872/702/267
f 800/636/182 869/704/182 870/703/173
f 799/622/172 876/706/172 869/704/182
f 799/622/172 798/621/171 877/705/171
f 797/624/170 878/707/170 877/705/171
f 796/626/180 879/709/181 878/707/170
f 796/626/180 795/628/87 880/708/179
f 794/630/169 881/710/268 880/708/179
f 793/632/178 882/711/178 881/710/268
f 792/633/186 883/712/186 882/711/178
f 791/635/177 874/713/177 883/712/186
f 790/647/185 875/714/185 874/713/177
f 789/645/176 873/715/176 875/714/185
f 788/641/175 871/716/184 873/715/176
f 788/641/175 787/640/93 868/701/183
s 86
f 886/717/187 887/721/187 885/718/84
f 888/720/177 889/723/177 887/721/187
f 890/722/188 891/725/188 889/723/177
f 892/724/89 893/726/89 891/725/188
f 894/722/189 895/725/189 893/726/89
f 896/720/168 897/723/168 895/725/189
f 898/717/190 899/721/190 897/723/168
f 900/719/83 901/718/83 899/721/190
f 902/727/191 903/729/191 901/718/83
f 904/728/172 905/731/172 903/729/191
f 906/730/192 907/733/192 905/731/172
f 908/732/97 909/734/97 907/733/192
f 910/730/193 911/733/193 909/734/97
f 912/728/118 913/731/118 911/733/193
f 914/727/194 915/729/194 913/731/118
f 884/719/84 885/718/84 915/729/194
s 89
f 929/735/177 938/739/177 937/736/177
f 929/735/177 928/740/177 939/738/177
f 928/740/177 927/743/177 940/741/177
f 926/742/177 941/745/177 940/741/177
f 926/742/177 925/747/177 942/744/177
f 924/746/177 943/749/177 942/744/177
f 923/748/177 944/751/177 943/749/177
f 923/748/177 922/766/177 945/750/177
f 931/752/177 930/737/177 937/736/177
f 931/752/177 936/753/177 935/754/177
f 918/756/177 949/763/177 948/757/177
f 932/755/177 935/754/177 934/759/177
f 920/761/177 919/758/177 948/757/177
f 918/756/177 933/760/177 934/759/177
f 921/764/177 920/761/177 947/762/177
f 921/764/177 946/765/177 945/750/177
s 90
f 952/767/217 954/772/215 956/768/214
s 91
f 956/768/216 955/774/270 951/770/218
s 90
f 957/771/212 959/773/211 956/768/214
s 91
f 959/773/213 958/777/213 955/774/270
s 90
f 960/775/209 962/779/271 959/773/211
s 91
f 959/773/213 962/779/210 961/776/210
s 90
f 963/778/206 965/782/273 962/779/271
s 91
f 962/779/210 965/782/207 964/780/207
s 90
f 963/778/206 966/783/203 968/781/272
s 91
f 968/781/204 967/785/204 964/780/207
s 90
f 966/783/203 969/787/201 971/784/200
s 91
f 971/784/202 970/789/202 967/785/204
s 90
f 972/786/197 974/788/196 971/784/200
s 91
f 974/788/274 973/792/274 970/789/202
s 90
f 975/790/195 977/794/239 974/788/196
s 91
f 974/788/274 977/794/198 976/791/198
s 90
f 975/790/195 978/797/237 980/793/236
s 91
f 977/794/198 980/793/238 979/795/238
s 90
f 981/796/275 983/800/233 980/793/236
s 91
f 980/793/238 983/800/235 982/798/235
s 90
f 984/799/231 986/801/230 983/800/233
s 91
f 986/801/232 985/804/232 982/798/235
s 90
f 987/802/228 989/806/276 986/801/230
s 91
f 986/801/232 989/806/229 988/803/229
s 90
f 987/802/228 990/807/225 992/805/227
s 91
f 992/805/226 991/810/226 988/803/229
s 90
f 990/807/225 993/811/277 995/808/224
s 91
f 992/805/226 995/808/223 994/809/223
s 90
f 993/811/277 996/814/220 998/812/219
s 91
f 995/808/223 998/812/221 997/813/221
s 90
f 996/814/220 952/767/217 953/769/269
s 91
f 953/769/218 951/770/218 997/813/221
s 90
f 952/767/217 949/763/93 934/759/246
f 948/757/247 949/763/93 952/767/217
f 934/759/246 935/754/244 957/771/212
f 935/754/244 936/753/245 960/775/209
f 960/775/209 936/753/245 937/736/168
f 937/736/168 938/739/243 966/783/203
f 966/783/203 938/739/243 939/738/242
f 939/738/242 940/741/240 972/786/197
f 940/741/240 941/745/87 975/790/195
f 975/790/195 941/745/87 942/744/241
f 942/744/241 943/749/251 981/796/275
f 943/749/251 944/751/250 984/799/231
f 984/799/231 944/751/250 945/750/118
f 945/750/118 946/765/249 990/807/225
f 946/765/249 947/762/248 993/811/277
f 947/762/248 948/757/247 996/814/220
s 93
f 868/701/255 1002/816/254 933/760/246
f 1002/816/254 1000/868/244 932/755/244
f 932/755/244 1000/868/244 999/817/245
f 999/817/245 1006/818/168 930/737/168
f 1006/818/168 1007/819/243 929/735/243
f 1007/819/243 1008/869/242 928/740/242
f 928/740/242 1008/869/242 1009/820/253
f 927/743/240 1009/820/253 880/708/252
f 880/708/252 1010/821/257 925/747/241
f 1010/821/257 1011/822/251 924/746/251
f 1011/822/251 1012/823/250 923/748/250
f 1012/823/250 1004/824/118 922/766/118
f 1004/824/118 1005/825/249 921/764/249
f 1005/825/249 1003/826/248 920/761/248
f 1003/826/248 1001/870/256 919/758/247
f 919/758/247 1001/870/256 868/701/255
s 94
f 1014/827/84 1016/830/194 1015/828/194
f 1016/830/194 1018/832/118 1017/831/118
f 1018/832/118 1020/834/193 1019/833/193
f 1020/834/193 1022/836/97 1021/835/97
f 1022/836/97 1024/834/192 1023/833/192
f 1024/834/192 1026/832/172 1025/831/172
f 1026/832/172 1028/830/191 1027/828/191
f 1028/830/191 1030/827/83 1029/829/83
f 1030/827/83 1032/838/190 1031/837/190
f 1032/838/190 1034/840/168 1033/839/168
f 1034/840/168 1036/842/189 1035/841/189
f 1036/842/189 1038/844/89 1037/843/89
f 1038/844/89 1040/842/188 1039/841/188
f 1040/842/188 1042/840/177 1041/839/177
f 1042/840/177 1044/838/187 1043/837/187
f 1044/838/187 1014/827/84 1013/829/84
s 97
f 1049/845/187 1050/849/187 1048/846/84
f 1051/848/177 1052/851/177 1050/849/187
f 1053/850/188 1054/853/188 1052/851/177
f 1055/852/89 1056/854/89 1054/853/188
f 1057/850/189 1058/853/189 1056/854/89
f 1059/848/168 1060/851/168 1058/853/189
f 1061/845/190 1062/849/190 1060/851/168
f 1063/847/83 1064/846/83 1062/849/190
f 1065/855/191 1066/857/191 1064/846/83
f 1067/856/172 1068/859/172 1066/857/191
f 1069/858/192 1070/861/192 1068/859/172
f 1071/860/97 1072/862/97 1070/861/192
f 1073/858/193 1074/861/193 1072/862/97
f 1075/856/118 1076/859/118 1074/861/193
f 1077/855/194 1078/857/194 1076/859/118
f 1047/847/84 1048/846/84 1078/857/194
s 18
g pedestrian_traffic_light_02_base_large_yellow_metal_rough
usemtl metal_rough
f 296/273/114 297/274/114 295/273/114
s 19
f 298/274/93 299/275/93 297/274/93
s 20
f 300/275/115 301/276/115 299/275/115
s 21
f 302/276/116 303/277/116 301/276/116
s 22
f 304/277/87 305/278/87 303/277/87
s 23
f 306/278/117 295/273/117 305/278/117
s 24
f 307/279/83 317/280/83 630/281/83
s 25
f 307/279/117 310/282/117 308/279/117
s 26
f 311/283/87 310/282/87 309/282/87
s 27
f 313/284/116 312/283/116 311/283/116
s 28
f 315/285/115 314/284/115 313/284/115
s 29
f 315/285/93 318/280/93 316/285/93
s 30
f 307/279/114 318/280/114 317/280/114
s 50
f 295/273/83 297/274/83 629/528/83
f 297/274/83 299/275/83 629/528/83
f 299/275/83 301/276/83 629/528/83
f 301/276/83 303/277/83 629/528/83
f 303/277/83 305/278/83 629/528/83
f 305/278/83 295/273/83 629/528/83
s 24
f 317/280/83 315/285/83 630/281/83
f 315/285/83 313/284/83 630/281/83
f 313/284/83 311/283/83 630/281/83
f 311/283/83 309/282/83 630/281/83
f 309/282/83 307/279/83 630/281/83
s 68
f 749/607/117 748/608/117 747/608/117
s 69
f 751/609/87 750/607/87 749/607/87
s 70
f 753/610/116 752/609/116 751/609/116
s 71
f 755/611/115 754/610/115 753/610/115
s 72
f 755/611/93 758/612/93 756/611/93
s 73
f 747/608/114 758/612/114 757/612/114
s 74
f 759/613/83 1082/614/83 769/615/83
s 75
f 759/613/114 762/616/114 761/616/114
s 76
f 762/616/93 763/617/93 761/616/93
s 77
f 764/617/115 765/618/115 763/617/115
s 78
f 766/618/116 767/619/116 765/618/116
s 79
f 768/619/87 769/615/87 767/619/87
s 80
f 770/615/117 759/613/117 769/615/117
s 100
f 747/608/83 1081/863/83 749/607/83
f 749/607/83 1081/863/83 751/609/83
f 751/609/83 1081/863/83 753/610/83
f 753/610/83 1081/863/83 755/611/83
f 755/611/83 1081/863/83 757/612/83
f 757/612/83 1081/863/83 747/608/83
s 74
f 769/615/83 1082/614/83 767/619/83
f 767/619/83 1082/614/83 765/618/83
f 765/618/83 1082/614/83 763/617/83
f 763/617/83 1082/614/83 761/616/83
f 761/616/83 1082/614/83 759/613/83
s 18
f 296/273/114 298/274/114 297/274/114
s 19
f 298/274/93 300/275/93 299/275/93
s 20
f 300/275/115 302/276/115 301/276/115
s 21
f 302/276/116 304/277/116 303/277/116
s 22
f 304/277/87 306/278/87 305/278/87
s 23
f 306/278/117 296/273/117 295/273/117
s 25
f 307/279/117 309/282/117 310/282/117
s 26
f 311/283/87 312/283/87 310/282/87
s 27
f 313/284/116 314/284/116 312/283/116
s 28
f 315/285/115 316/285/115 314/284/115
s 29
f 315/285/93 317/280/93 318/280/93
s 30
f 307/279/114 308/279/114 318/280/114
s 68
f 749/607/117 750/607/117 748/608/117
s 69
f 751/609/87 752/609/87 750/607/87
s 70
f 753/610/116 754/610/116 752/609/116
s 71
f 755/611/115 756/611/115 754/610/115
s 72
f 755/611/93 757/612/93 758/612/93
s 73
f 747/608/114 748/608/114 758/612/114
s 75
f 759/613/114 760/613/114 762/616/114
s 76
f 762/616/93 764/617/93 763/617/93
s 77
f 764/617/115 766/618/115 765/618/115
s 78
f 766/618/116 768/619/116 767/619/116
s 79
f 768/619/87 770/615/87 769/615/87
s 80
f 770/615/117 760/613/117 759/613/117
g pedestrian_light_traffic_01_yellow_medium_Mesh
v 0.500555 -0.128185 0.457392
v 0.497795 -0.142748 0.460151
v 0.479959 -0.157311 0.477988
v 0.490257 -0.153409 0.467690
v 0.278083 0.128185 0.679864
v 0.280842 0.142748 0.677104
v 0.298679 0.157311 0.659268
v 0.288381 0.153409 0.669566
v 0.278083 -0.128185 0.679864
v 0.280842 -0.142748 0.677104
v 0.288381 -0.153409 0.669566
v 0.298679 -0.157311 0.659268
v 0.304854 -0.146594 0.653093
v 0.285661 -0.119452 0.672285
v 0.295258 -0.142958 0.662689
v 0.288233 -0.133023 0.669714
v 0.285661 0.119452 0.672285
v 0.304854 0.146594 0.653093
v 0.288233 0.133023 0.669714
v 0.295258 0.142958 0.662689
v 0.492976 -0.119452 0.464970
v 0.473784 -0.146594 0.484163
v 0.490405 -0.133023 0.467542
v 0.483380 -0.142958 0.474567
v 0.473784 0.146594 0.484163
v 0.492976 0.119452 0.464970
v 0.483380 0.142958 0.474567
v 0.490405 0.133023 0.467542
v 0.305627 -0.111977 0.679278
v 0.323618 -0.137421 0.661286
v 0.308037 -0.124699 0.676867
v 0.314623 -0.134012 0.670282
v 0.323618 0.137421 0.661286
v 0.305627 0.111977 0.679278
v 0.314623 0.134012 0.670282
v 0.308037 0.124699 0.676867
v 0.499969 0.111977 0.484936
v 0.481977 0.137421 0.502927
v 0.497559 0.124699 0.487346
v 0.490973 0.134012 0.493932
v 0.481977 -0.137421 0.502927
v 0.499969 -0.111977 0.484936
v 0.490973 -0.134012 0.493932
v 0.497559 -0.124699 0.487346
v 0.479959 0.157311 0.477988
v 0.490257 0.153409 0.467690
v 0.497795 0.142748 0.460151
v 0.500555 0.128185 0.457392
v 0.493438 0.157311 0.491467
v 0.503736 0.153409 0.481169
v 0.511275 0.142748 0.473630
v 0.514034 0.128185 0.470871
v 0.503736 -0.153409 0.481169
v 0.493438 -0.157311 0.491467
v 0.511275 -0.142748 0.473630
v 0.514034 -0.128185 0.470871
v 0.312158 -0.157311 0.672747
v 0.301860 -0.153409 0.683045
v 0.294321 -0.142748 0.690584
v 0.291562 -0.128185 0.693343
v 0.301860 0.153409 0.683045
v 0.312158 0.157311 0.672747
v 0.294321 0.142748 0.690584
v 0.291562 0.128185 0.693343
v 0.216252 -0.104313 0.534380
v 0.213959 -0.146594 0.562198
v 0.203746 -0.137570 0.550305
v 0.207802 -0.144176 0.555592
v 0.211901 -0.098160 0.538731
v 0.194766 -0.119452 0.581390
v 0.190095 -0.118264 0.563956
v 0.190095 -0.119133 0.573299
v 0.213420 -0.103240 0.537212
v 0.204362 -0.142958 0.571794
v 0.196613 -0.134867 0.557438
v 0.198866 -0.140790 0.564528
v 0.212660 -0.102165 0.537972
v 0.197337 -0.133023 0.578819
v 0.192006 -0.128352 0.562045
v 0.192489 -0.131771 0.570905
v 0.211901 0.098160 0.538731
v 0.194766 0.119452 0.581390
v 0.190095 0.118264 0.563956
v 0.190095 0.119133 0.573299
v 0.216252 0.104313 0.534380
v 0.213959 0.146594 0.562198
v 0.203746 0.137570 0.550305
v 0.207802 0.144176 0.555592
v 0.212660 0.102165 0.537972
v 0.197337 0.133023 0.578819
v 0.192006 0.128352 0.562045
v 0.192489 0.131771 0.570905
v 0.213420 0.103240 0.537212
v 0.204362 0.142958 0.571794
v 0.196613 0.134867 0.557438
v 0.198866 0.140790 0.564528
v 0.359422 -0.098160 0.391210
v 0.402081 -0.119452 0.374075
v 0.384647 -0.118264 0.369404
v 0.393990 -0.119133 0.369404
v 0.355071 -0.104313 0.395561
v 0.382889 -0.146594 0.393268
v 0.370996 -0.137570 0.383055
v 0.376283 -0.144176 0.387111
v 0.358663 -0.102165 0.391969
v 0.399510 -0.133023 0.376646
v 0.382736 -0.128352 0.371315
v 0.391596 -0.131771 0.371798
v 0.357903 -0.103240 0.392729
v 0.392485 -0.142958 0.383671
v 0.378129 -0.134867 0.375922
v 0.385219 -0.140790 0.378175
v 0.355071 0.104313 0.395561
v 0.382889 0.146594 0.393268
v 0.370996 0.137570 0.383055
v 0.376283 0.144176 0.387111
v 0.359422 0.098160 0.391210
v 0.402081 0.119452 0.374075
v 0.384647 0.118264 0.369404
v 0.393990 0.119133 0.369404
v 0.357903 0.103240 0.392729
v 0.392485 0.142958 0.383671
v 0.378129 0.134867 0.375922
v 0.385219 0.140790 0.378175
v 0.358663 0.102165 0.391969
v 0.399510 0.133023 0.376646
v 0.382736 0.128352 0.371315
v 0.391596 0.131771 0.371798
v 0.198206 -0.126775 0.552425
v 0.202876 -0.128545 0.547755
v 0.196018 -0.123680 0.554614
v 0.194766 -0.117076 0.555865
v 0.202876 0.128545 0.547755
v 0.198206 0.126775 0.552425
v 0.196018 0.123680 0.554614
v 0.194766 0.117076 0.555865
v 0.368446 -0.128545 0.382185
v 0.373116 -0.126775 0.377515
v 0.375305 -0.123680 0.375327
v 0.376556 -0.117076 0.374075
v 0.373116 0.126775 0.377515
v 0.368446 0.128545 0.382185
v 0.375305 0.123680 0.375327
v 0.376556 0.117076 0.374075
v 0.209123 -0.103240 0.532915
v 0.211955 -0.104313 0.530083
v 0.208363 -0.102165 0.533675
v 0.207604 -0.098160 0.534434
v 0.211955 0.104313 0.530083
v 0.209123 0.103240 0.532915
v 0.208363 0.102165 0.533675
v 0.207604 0.098160 0.534434
v 0.350774 -0.104313 0.391264
v 0.353606 -0.103240 0.388432
v 0.354366 -0.102165 0.387672
v 0.355125 -0.098160 0.386913
v 0.353606 0.103240 0.388432
v 0.350774 0.104313 0.391264
v 0.354366 0.102165 0.387672
v 0.355125 0.098160 0.386913
v 0.281364 0.000000 0.460673
v 0.465855 0.137421 0.486805
v 0.474851 0.134012 0.477810
v 0.481436 0.124699 0.471224
v 0.483847 0.111977 0.468814
v 0.474851 -0.134012 0.477810
v 0.465855 -0.137421 0.486805
v 0.481436 -0.124699 0.471224
v 0.483847 -0.111977 0.468814
v 0.307496 -0.137421 0.645164
v 0.298501 -0.134012 0.654160
v 0.291915 -0.124699 0.660745
v 0.289505 -0.111977 0.663156
v 0.298501 0.134012 0.654160
v 0.307496 0.137421 0.645164
v 0.291915 0.124699 0.660745
v 0.289505 0.111977 0.663156
v 0.386676 0.000000 0.565985
vn 0.0923 0.9914 -0.0923
vn 0.3536 0.8660 -0.3536
vn -0.0923 0.9914 0.0923
vn -0.3536 0.8660 0.3536
vn -0.6124 -0.5000 0.6124
vn -0.7011 -0.1305 0.7011
vn -0.3536 -0.8660 0.3536
vn -0.0923 -0.9914 0.0923
vn 0.6124 -0.5000 -0.6124
vn 0.7011 -0.1305 -0.7011
vn 0.3536 -0.8660 -0.3536
vn 0.0923 -0.9914 -0.0923
vn 0.6124 0.5000 -0.6124
vn 0.7011 0.1305 -0.7011
vn 0.7071 -0.0000 0.7071
vn -0.7071 -0.0000 -0.7071
vn -0.7011 0.1305 0.7011
vn -0.6124 0.5000 0.6124
vn -0.7514 -0.1272 -0.6475
vn -0.6543 -0.5086 -0.5596
vn -0.7879 -0.4500 -0.4204
vn -0.4293 -0.8622 -0.2688
vn -0.6562 -0.7534 -0.0411
vn -0.1836 -0.9830 -0.0005
vn -0.4438 -0.8584 0.2571
vn -0.9224 -0.2598 -0.2859
vn -0.7894 -0.0734 -0.6095
vn -0.8814 -0.4350 0.1841
vn -0.7004 -0.4956 0.5137
vn -0.9666 -0.0670 -0.2473
vn -0.7983 -0.0183 -0.6020
vn -0.9587 -0.1135 0.2606
vn -0.7872 -0.1294 0.6030
vn -0.7514 0.1272 -0.6475
vn -0.6543 0.5086 -0.5596
vn -0.7131 0.1388 -0.6872
vn -0.7879 0.4500 -0.4204
vn -0.4293 0.8622 -0.2688
vn -0.6562 0.7534 -0.0411
vn -0.1836 0.9830 -0.0005
vn -0.9224 0.2598 -0.2859
vn -0.8814 0.4350 0.1841
vn -0.4438 0.8584 0.2571
vn -0.7894 0.0734 -0.6095
vn -0.9666 0.0670 -0.2473
vn -0.9587 0.1135 0.2606
vn -0.7872 0.1294 0.6030
vn -0.7004 0.4956 0.5137
vn -0.6475 -0.1272 -0.7514
vn -0.5596 -0.5086 -0.6543
vn -0.6872 -0.1388 -0.7131
vn -0.4204 -0.4500 -0.7879
vn -0.2688 -0.8622 -0.4293
vn -0.0411 -0.7534 -0.6562
vn -0.0005 -0.9830 -0.1836
vn -0.2859 -0.2598 -0.9224
vn 0.1841 -0.4350 -0.8814
vn 0.2571 -0.8584 -0.4438
vn -0.6095 -0.0734 -0.7894
vn -0.2473 -0.0670 -0.9666
vn 0.2606 -0.1135 -0.9587
vn 0.6030 -0.1294 -0.7872
vn 0.5137 -0.4956 -0.7004
vn -0.6475 0.1272 -0.7514
vn -0.5596 0.5086 -0.6543
vn -0.4204 0.4500 -0.7879
vn -0.2688 0.8622 -0.4293
vn -0.0411 0.7534 -0.6562
vn -0.0005 0.9830 -0.1836
vn 0.2571 0.8584 -0.4438
vn -0.2859 0.2598 -0.9224
vn -0.6095 0.0734 -0.7894
vn 0.1841 0.4350 -0.8814
vn 0.5137 0.4956 -0.7004
vn -0.2473 0.0670 -0.9666
vn -0.6020 0.0183 -0.7983
vn 0.2606 0.1135 -0.9587
vn 0.6030 0.1294 -0.7872
vn -0.7131 -0.1388 -0.6872
vn -0.7983 0.0183 -0.6020
vn -0.6872 0.1388 -0.7131
vn -0.6020 -0.0183 -0.7983
vt 0.028388 0.735565
vt 0.027229 0.735374
vt 0.027731 0.735565
vt 0.036569 0.735565
vt 0.037728 0.735374
vt 0.037226 0.735565
vt 0.038095 0.720936
vt 0.037573 0.721646
vt 0.037438 0.720936
vt 0.037728 0.720416
vt 0.037071 0.720416
vt 0.037226 0.720226
vt 0.036569 0.720226
vt 0.026861 0.720936
vt 0.027384 0.721646
vt 0.027518 0.720936
vt 0.027229 0.720416
vt 0.027886 0.720416
vt 0.027731 0.720226
vt 0.028388 0.720226
vt 0.027518 0.734855
vt 0.026727 0.734145
vt 0.026861 0.734855
vt 0.027886 0.735374
vt 0.037106 0.734429
vt 0.038095 0.734855
vt 0.037427 0.733975
vt 0.036735 0.734865
vt 0.036268 0.735042
vt 0.028508 0.721362
vt 0.028187 0.721816
vt 0.028947 0.734595
vt 0.036667 0.734595
vt 0.027564 0.734865
vt 0.027221 0.734381
vt 0.037078 0.721410
vt 0.037203 0.722072
vt 0.028032 0.735042
vt 0.027564 0.720926
vt 0.028032 0.720748
vt 0.037544 0.722436
vt 0.038230 0.734145
vt 0.038230 0.721646
vt 0.037427 0.721816
vt 0.036735 0.720926
vt 0.036667 0.721196
vt 0.028947 0.721196
vt 0.028187 0.733975
vt 0.027384 0.734145
vt 0.028069 0.722436
vt 0.027401 0.721816
vt 0.037071 0.735374
vt 0.037438 0.734855
vt 0.037573 0.734145
vt 0.026727 0.721646
vt 0.027096 0.733719
vt 0.027096 0.722072
vt 0.028069 0.733354
vt 0.037544 0.733354
vt 0.027221 0.721410
vt 0.028508 0.734429
vt 0.037106 0.721362
vt 0.036268 0.720748
vt 0.037203 0.733719
vt 0.037078 0.734381
vt 0.031360 0.721715
vt 0.031256 0.721188
vt 0.031604 0.721320
vt 0.031514 0.720866
vt 0.031950 0.721031
vt 0.031836 0.720748
vt 0.032304 0.720926
vt 0.031829 0.721638
vt 0.031466 0.721865
vt 0.032261 0.721471
vt 0.032646 0.721410
vt 0.031922 0.722130
vt 0.031527 0.722187
vt 0.032377 0.722087
vt 0.032772 0.722072
vt 0.031360 0.734076
vt 0.031256 0.734602
vt 0.031132 0.734162
vt 0.031604 0.734470
vt 0.031514 0.734924
vt 0.031950 0.734759
vt 0.031836 0.735042
vt 0.031829 0.734153
vt 0.032261 0.734320
vt 0.032304 0.734865
vt 0.031466 0.733925
vt 0.031922 0.733661
vt 0.032377 0.733703
vt 0.032772 0.733719
vt 0.032646 0.734381
vt 0.022832 0.721715
vt 0.023102 0.721188
vt 0.023060 0.721628
vt 0.022755 0.721320
vt 0.023300 0.720866
vt 0.022864 0.721031
vt 0.023600 0.720748
vt 0.022530 0.721638
vt 0.022554 0.721471
vt 0.023132 0.720926
vt 0.022726 0.721865
vt 0.022437 0.722130
vt 0.022437 0.722087
vt 0.022665 0.722072
vt 0.022790 0.721410
vt 0.022832 0.734076
vt 0.023102 0.734602
vt 0.022755 0.734470
vt 0.023300 0.734924
vt 0.022864 0.734759
vt 0.023600 0.735042
vt 0.023132 0.734865
vt 0.022530 0.734153
vt 0.022726 0.733925
vt 0.022554 0.734320
vt 0.022790 0.734381
vt 0.022437 0.733661
vt 0.022665 0.733603
vt 0.022437 0.733703
vt 0.022665 0.733719
vt 0.031132 0.721628
vt 0.031527 0.733603
vt 0.023060 0.734162
vt 0.030480 0.732981
vt 0.030408 0.732929
vt 0.030618 0.732929
vt 0.030618 0.722862
vt 0.030655 0.722914
vt 0.030692 0.723110
vt 0.030655 0.732876
vt 0.023574 0.722862
vt 0.023712 0.722810
vt 0.023537 0.722914
vt 0.022665 0.722187
vt 0.023574 0.732929
vt 0.023537 0.732876
vt 0.023500 0.732681
vt 0.030480 0.722810
vt 0.030692 0.732681
vt 0.023712 0.732981
vt 0.023500 0.723110
vt 0.023327 0.732876
vt 0.030446 0.732876
vt 0.023503 0.722810
vt 0.030483 0.732681
vt 0.030483 0.723110
vt 0.023364 0.722862
vt 0.030270 0.732981
vt 0.023327 0.722914
vt 0.030270 0.722810
vt 0.023290 0.732681
vt 0.023290 0.723110
vt 0.030408 0.722862
vt 0.023503 0.732981
vt 0.030446 0.722914
vt 0.023364 0.732929
vt 0.026886 0.727895
vt 0.027283 0.733354
vt 0.027283 0.722436
vt 0.035881 0.734595
vt 0.028160 0.721196
vt 0.036320 0.721362
vt 0.035881 0.721196
vt 0.027722 0.734429
vt 0.036758 0.733354
vt 0.036320 0.734429
vt 0.036641 0.721816
vt 0.027722 0.721362
vt 0.027401 0.733975
vt 0.028160 0.734595
vt 0.036641 0.733975
vt 0.036758 0.722436
vt 0.226068 0.751599
vt 0.237498 0.754661
vt 0.125465 0.875061
vt 0.245865 0.763028
vt 0.248928 0.774458
vt 0.248928 0.975664
vt 0.245865 0.987094
vt 0.237498 0.995461
vt 0.226069 0.998524
vt 0.024862 0.998524
vt 0.013433 0.995461
vt 0.005065 0.987094
vt 0.002003 0.975664
vt 0.002003 0.774458
vt 0.005065 0.763028
vt 0.013432 0.754661
vt 0.024862 0.751599
s 1
g pedestrian_light_traffic_01_yellow_medium_regular_material
usemtl regular_material
f 1131/871/278 1128/872/279 1127/873/278
f 1089/874/280 1143/875/281 1144/876/280
f 1141/877/282 1091/878/283 1092/879/282
f 1140/880/284 1092/879/282 1093/881/284
f 1139/882/285 1093/881/284 1094/883/285
f 1084/884/286 1138/885/287 1137/886/286
f 1086/887/288 1137/886/286 1135/888/288
f 1085/889/289 1135/888/288 1136/890/289
f 1133/891/290 1130/892/291 1129/893/290
f 1132/894/279 1129/893/290 1128/872/279
s 2
f 1117/895/292 1145/896/292 1118/897/292
s 3
f 1102/898/293 1089/874/293 1100/899/293
s 2
f 1125/900/292 1137/886/292 1126/901/292
f 1120/902/292 1144/876/292 1115/903/292
s 3
f 1109/904/293 1129/893/293 1110/905/293
f 1098/906/293 1091/878/293 1096/907/293
f 1100/899/293 1127/873/293 1107/908/293
s 2
f 1117/895/292 1144/876/292 1143/875/292
f 1125/900/292 1136/890/292 1135/888/292
s 3
f 1106/909/293 1085/889/293 1104/910/293
s 2
f 1111/911/292 1146/912/292 1142/913/292
f 1113/914/292 1142/913/292 1141/877/292
s 3
f 1109/904/293 1127/873/293 1128/872/293
f 1097/915/293 1092/879/293 1098/906/293
s 2
f 1112/916/292 1136/890/292 1123/917/292
f 1121/918/292 1134/919/292 1133/891/292
s 4
f 1124/920/294 1250/921/295 1126/901/295
s 1
f 1090/922/281 1145/896/295 1143/875/281
f 1088/923/295 1146/912/294 1145/896/295
f 1085/889/289 1139/882/285 1094/883/285
f 1091/878/283 1146/912/294 1087/924/294
f 1089/874/280 1131/871/278 1127/873/278
f 1130/892/291 1138/885/287 1083/925/287
s 3
f 1106/909/293 1084/884/293 1086/887/293
f 1108/926/293 1083/925/293 1103/927/293
f 1110/905/293 1130/892/293 1108/926/293
s 2
f 1126/901/292 1138/885/292 1124/920/292
f 1119/928/292 1138/885/292 1134/919/292
f 1118/897/292 1146/912/292 1116/929/292
s 3
f 1105/930/293 1083/925/293 1084/884/293
f 1102/898/293 1088/923/293 1090/922/293
s 2
f 1122/931/292 1131/871/292 1120/902/292
f 1114/932/292 1139/882/292 1112/916/292
s 3
f 1104/910/293 1094/883/293 1095/933/293
f 1097/915/293 1094/883/293 1093/881/293
s 2
f 1121/918/292 1132/894/292 1122/931/292
s 3
f 1096/907/293 1087/924/293 1099/934/293
s 2
f 1113/914/292 1140/880/292 1114/932/292
s 3
f 1101/935/293 1087/924/293 1088/923/293
s 5
f 1211/936/296 1149/937/297 1157/938/298
f 1157/938/298 1150/939/299 1158/940/300
f 1158/940/300 1148/941/301 1156/942/302
f 1211/936/296 1161/943/303 1213/944/304
f 1161/943/303 1158/940/300 1162/945/305
f 1162/945/305 1156/942/302 1160/946/306
f 1213/944/304 1153/947/307 1214/948/308
f 1161/943/303 1154/949/309 1153/947/307
f 1162/945/305 1152/950/310 1154/949/309
f 1216/951/311 1169/952/312 1215/953/313
f 1177/954/314 1170/955/315 1169/952/312
f 1178/956/316 1168/957/317 1170/955/315
f 1216/951/311 1173/958/318 1177/954/314
f 1173/958/318 1178/956/316 1177/954/314
f 1174/959/319 1176/960/320 1178/956/316
f 1217/961/321 1165/962/322 1173/958/318
f 1173/958/318 1166/963/323 1174/959/319
f 1174/959/319 1164/964/324 1172/965/325
f 1220/966/326 1185/967/327 1219/968/328
f 1193/969/329 1186/970/330 1185/967/327
f 1194/971/331 1184/972/332 1186/970/330
f 1220/966/326 1189/973/333 1193/969/329
f 1189/973/333 1194/971/331 1193/969/329
f 1190/974/334 1192/975/335 1194/971/331
f 1221/976/336 1181/977/337 1189/973/333
f 1189/973/333 1182/978/338 1190/974/334
f 1190/974/334 1180/979/339 1188/980/340
f 1223/981/341 1197/982/342 1205/983/343
f 1205/983/343 1198/984/344 1206/985/345
f 1206/985/345 1196/986/346 1204/987/347
f 1223/981/341 1209/988/348 1225/989/349
f 1209/988/348 1206/985/345 1210/990/350
f 1210/990/350 1204/987/347 1208/991/351
f 1225/989/349 1201/992/352 1226/993/353
f 1209/988/348 1202/994/354 1201/992/352
f 1210/990/350 1200/995/355 1202/994/354
f 1219/968/328 1149/937/297 1212/996/356
f 1185/967/327 1150/939/299 1149/937/297
f 1186/970/330 1148/941/301 1150/939/299
f 1214/948/308 1165/962/322 1218/997/357
f 1153/947/307 1166/963/323 1165/962/322
f 1154/949/309 1164/964/324 1166/963/323
f 1215/953/313 1197/982/342 1224/998/358
f 1169/952/312 1198/984/344 1197/982/342
f 1170/955/315 1196/986/346 1198/984/344
f 1180/979/339 1202/994/354 1200/995/355
f 1182/978/338 1201/992/352 1202/994/354
f 1181/977/337 1226/993/353 1201/992/352
s 6
f 1167/999/280 1232/1000/281 1175/1001/281
s 5
f 1095/933/285 1156/942/302 1148/941/301
f 1184/972/332 1095/933/285 1148/941/301
f 1098/906/282 1152/950/310 1160/946/306
f 1099/934/294 1152/950/310 1096/907/283
f 1097/915/284 1160/946/306 1156/942/302
f 1172/965/325 1099/934/294 1101/935/295
f 1168/957/317 1107/908/278 1196/986/346
f 1168/957/317 1102/898/281 1100/899/280
f 1176/960/320 1101/935/295 1102/898/281
f 1188/980/340 1103/927/287 1105/930/286
f 1200/995/355 1103/927/287 1180/979/339
f 1184/972/332 1106/909/288 1104/910/289
f 1192/975/335 1105/930/286 1106/909/288
f 1107/908/278 1204/987/347 1196/986/346
f 1110/905/290 1200/995/355 1208/991/351
f 1109/904/279 1208/991/351 1204/987/347
f 1155/1002/293 1212/996/356 1211/936/296
f 1155/1002/293 1213/944/304 1159/1003/293
f 1159/1003/293 1214/948/308 1151/1004/293
f 1175/1001/293 1215/953/313 1167/999/293
f 1171/1005/293 1216/951/311 1175/1001/293
f 1171/1005/293 1218/997/357 1217/961/321
f 1191/1006/293 1219/968/328 1183/1007/293
f 1187/1008/293 1220/966/326 1191/1006/293
f 1187/1008/293 1222/1009/359 1221/976/336
f 1203/1010/293 1224/998/358 1223/981/341
f 1203/1010/293 1225/989/349 1207/1011/293
f 1207/1011/293 1226/993/353 1199/1012/293
f 1183/1007/293 1212/996/356 1147/1013/293
f 1151/1004/293 1218/997/357 1163/1014/293
f 1167/999/293 1224/998/358 1195/1015/293
f 1199/1012/293 1222/1009/359 1179/1016/293
s 6
f 1199/1012/291 1241/1017/290 1207/1011/290
f 1175/1001/281 1233/1018/295 1171/1005/295
f 1147/1013/285 1235/1019/289 1183/1007/289
f 1171/1005/295 1234/1020/294 1163/1014/294
f 1163/1014/294 1230/1021/283 1151/1004/283
f 1183/1007/289 1236/1022/288 1191/1006/288
f 1195/1015/278 1231/1023/280 1167/999/280
f 1191/1006/288 1237/1024/286 1187/1008/286
f 1155/1002/284 1228/1025/285 1147/1013/285
f 1179/1016/287 1242/1026/291 1199/1012/291
f 1187/1008/286 1238/1027/287 1179/1016/287
f 1159/1003/282 1227/1028/284 1155/1002/284
f 1203/1010/279 1240/1029/278 1195/1015/278
f 1151/1004/283 1229/1030/282 1159/1003/282
f 1207/1011/290 1239/1031/279 1203/1010/279
s 7
f 1228/1025/293 1227/1028/293 1243/1032/293
f 1227/1028/293 1229/1030/293 1243/1032/293
f 1229/1030/293 1230/1021/293 1243/1032/293
f 1230/1021/293 1234/1020/293 1243/1032/293
f 1234/1020/293 1233/1018/293 1243/1032/293
f 1233/1018/293 1232/1000/293 1243/1032/293
f 1232/1000/293 1231/1023/293 1243/1032/293
f 1231/1023/293 1240/1029/293 1243/1032/293
f 1240/1029/293 1239/1031/293 1243/1032/293
f 1239/1031/293 1241/1017/293 1243/1032/293
f 1241/1017/293 1242/1026/293 1243/1032/293
f 1242/1026/293 1238/1027/293 1243/1032/293
f 1238/1027/293 1237/1024/293 1243/1032/293
f 1237/1024/293 1236/1022/293 1243/1032/293
f 1236/1022/293 1235/1019/293 1243/1032/293
f 1235/1019/293 1228/1025/293 1243/1032/293
s 4
f 1121/918/282 1247/1033/283 1119/928/283
f 1119/928/283 1251/1034/294 1124/920/294
f 1117/895/288 1257/1035/289 1115/903/289
f 1125/900/281 1249/1036/280 1123/917/280
f 1112/916/278 1253/1037/279 1114/932/279
f 1123/917/280 1252/1038/278 1112/916/278
f 1120/902/285 1245/1039/284 1122/931/284
f 1111/911/291 1259/1040/287 1116/929/287
f 1118/897/286 1256/1041/288 1117/895/288
f 1114/932/279 1254/1042/290 1113/914/290
f 1126/901/295 1248/1043/281 1125/900/281
f 1122/931/284 1246/1044/282 1121/918/282
f 1115/903/289 1244/1045/285 1120/902/285
f 1116/929/287 1258/1046/286 1118/897/286
f 1113/914/290 1255/1047/291 1111/911/291
s 1
f 1131/871/278 1132/894/279 1128/872/279
f 1089/874/280 1090/922/281 1143/875/281
f 1141/877/282 1142/913/283 1091/878/283
f 1140/880/284 1141/877/282 1092/879/282
f 1139/882/285 1140/880/284 1093/881/284
f 1084/884/286 1083/925/287 1138/885/287
f 1086/887/288 1084/884/286 1137/886/286
f 1085/889/289 1086/887/288 1135/888/288
f 1133/891/290 1134/919/291 1130/892/291
f 1132/894/279 1133/891/290 1129/893/290
s 2
f 1117/895/292 1143/875/292 1145/896/292
s 3
f 1102/898/293 1090/922/293 1089/874/293
s 2
f 1125/900/292 1135/888/292 1137/886/292
f 1120/902/292 1131/871/292 1144/876/292
s 3
f 1109/904/293 1128/872/293 1129/893/293
f 1098/906/293 1092/879/293 1091/878/293
f 1100/899/293 1089/874/293 1127/873/293
s 2
f 1117/895/292 1115/903/292 1144/876/292
f 1125/900/292 1123/917/292 1136/890/292
s 3
f 1106/909/293 1086/887/293 1085/889/293
s 2
f 1111/911/292 1116/929/292 1146/912/292
f 1113/914/292 1111/911/292 1142/913/292
s 3
f 1109/904/293 1107/908/293 1127/873/293
f 1097/915/293 1093/881/293 1092/879/293
s 2
f 1112/916/292 1139/882/292 1136/890/292
f 1121/918/292 1119/928/292 1134/919/292
s 4
f 1124/920/294 1251/1034/294 1250/921/295
s 1
f 1090/922/281 1088/923/295 1145/896/295
f 1088/923/295 1087/924/294 1146/912/294
f 1085/889/289 1136/890/289 1139/882/285
f 1091/878/283 1142/913/283 1146/912/294
f 1089/874/280 1144/876/280 1131/871/278
f 1130/892/291 1134/919/291 1138/885/287
s 3
f 1106/909/293 1105/930/293 1084/884/293
f 1108/926/293 1130/892/293 1083/925/293
f 1110/905/293 1129/893/293 1130/892/293
s 2
f 1126/901/292 1137/886/292 1138/885/292
f 1119/928/292 1124/920/292 1138/885/292
f 1118/897/292 1145/896/292 1146/912/292
s 3
f 1105/930/293 1103/927/293 1083/925/293
f 1102/898/293 1101/935/293 1088/923/293
s 2
f 1122/931/292 1132/894/292 1131/871/292
f 1114/932/292 1140/880/292 1139/882/292
s 3
f 1104/910/293 1085/889/293 1094/883/293
f 1097/915/293 1095/933/293 1094/883/293
s 2
f 1121/918/292 1133/891/292 1132/894/292
s 3
f 1096/907/293 1091/878/293 1087/924/293
s 2
f 1113/914/292 1141/877/292 1140/880/292
s 3
f 1101/935/293 1099/934/293 1087/924/293
s 5
f 1211/936/296 1212/996/356 1149/937/297
f 1157/938/298 1149/937/297 1150/939/299
f 1158/940/300 1150/939/299 1148/941/301
f 1211/936/296 1157/938/298 1161/943/303
f 1161/943/303 1157/938/298 1158/940/300
f 1162/945/305 1158/940/300 1156/942/302
f 1213/944/304 1161/943/303 1153/947/307
f 1161/943/303 1162/945/305 1154/949/309
f 1162/945/305 1160/946/306 1152/950/310
f 1216/951/311 1177/954/314 1169/952/312
f 1177/954/314 1178/956/316 1170/955/315
f 1178/956/316 1176/960/320 1168/957/317
f 1216/951/311 1217/961/321 1173/958/318
f 1173/958/318 1174/959/319 1178/956/316
f 1174/959/319 1172/965/325 1176/960/320
f 1217/961/321 1218/997/357 1165/962/322
f 1173/958/318 1165/962/322 1166/963/323
f 1174/959/319 1166/963/323 1164/964/324
f 1220/966/326 1193/969/329 1185/967/327
f 1193/969/329 1194/971/331 1186/970/330
f 1194/971/331 1192/975/335 1184/972/332
f 1220/966/326 1221/976/336 1189/973/333
f 1189/973/333 1190/974/334 1194/971/331
f 1190/974/334 1188/980/340 1192/975/335
f 1221/976/336 1222/1009/359 1181/977/337
f 1189/973/333 1181/977/337 1182/978/338
f 1190/974/334 1182/978/338 1180/979/339
f 1223/981/341 1224/998/358 1197/982/342
f 1205/983/343 1197/982/342 1198/984/344
f 1206/985/345 1198/984/344 1196/986/346
f 1223/981/341 1205/983/343 1209/988/348
f 1209/988/348 1205/983/343 1206/985/345
f 1210/990/350 1206/985/345 1204/987/347
f 1225/989/349 1209/988/348 1201/992/352
f 1209/988/348 1210/990/350 1202/994/354
f 1210/990/350 1208/991/351 1200/995/355
f 1219/968/328 1185/967/327 1149/937/297
f 1185/967/327 1186/970/330 1150/939/299
f 1186/970/330 1184/972/332 1148/941/301
f 1214/948/308 1153/947/307 1165/962/322
f 1153/947/307 1154/949/309 1166/963/323
f 1154/949/309 1152/950/310 1164/964/324
f 1215/953/313 1169/952/312 1197/982/342
f 1169/952/312 1170/955/315 1198/984/344
f 1170/955/315 1168/957/317 1196/986/346
f 1180/979/339 1182/978/338 1202/994/354
f 1182/978/338 1181/977/337 1201/992/352
f 1181/977/337 1222/1009/359 1226/993/353
s 6
f 1167/999/280 1231/1023/280 1232/1000/281
s 5
f 1095/933/285 1097/915/284 1156/942/302
f 1184/972/332 1104/910/289 1095/933/285
f 1098/906/282 1096/907/283 1152/950/310
f 1099/934/294 1164/964/324 1152/950/310
f 1097/915/284 1098/906/282 1160/946/306
f 1172/965/325 1164/964/324 1099/934/294
f 1168/957/317 1100/899/280 1107/908/278
f 1168/957/317 1176/960/320 1102/898/281
f 1176/960/320 1172/965/325 1101/935/295
f 1188/980/340 1180/979/339 1103/927/287
f 1200/995/355 1108/926/291 1103/927/287
f 1184/972/332 1192/975/335 1106/909/288
f 1192/975/335 1188/980/340 1105/930/286
f 1107/908/278 1109/904/279 1204/987/347
f 1110/905/290 1108/926/291 1200/995/355
f 1109/904/279 1110/905/290 1208/991/351
f 1155/1002/293 1147/1013/293 1212/996/356
f 1155/1002/293 1211/936/296 1213/944/304
f 1159/1003/293 1213/944/304 1214/948/308
f 1175/1001/293 1216/951/311 1215/953/313
f 1171/1005/293 1217/961/321 1216/951/311
f 1171/1005/293 1163/1014/293 1218/997/357
f 1191/1006/293 1220/966/326 1219/968/328
f 1187/1008/293 1221/976/336 1220/966/326
f 1187/1008/293 1179/1016/293 1222/1009/359
f 1203/1010/293 1195/1015/293 1224/998/358
f 1203/1010/293 1223/981/341 1225/989/349
f 1207/1011/293 1225/989/349 1226/993/353
f 1183/1007/293 1219/968/328 1212/996/356
f 1151/1004/293 1214/948/308 1218/997/357
f 1167/999/293 1215/953/313 1224/998/358
f 1199/1012/293 1226/993/353 1222/1009/359
s 6
f 1199/1012/291 1242/1026/291 1241/1017/290
f 1175/1001/281 1232/1000/281 1233/1018/295
f 1147/1013/285 1228/1025/285 1235/1019/289
f 1171/1005/295 1233/1018/295 1234/1020/294
f 1163/1014/294 1234/1020/294 1230/1021/283
f 1183/1007/289 1235/1019/289 1236/1022/288
f 1195/1015/278 1240/1029/278 1231/1023/280
f 1191/1006/288 1236/1022/288 1237/1024/286
f 1155/1002/284 1227/1028/284 1228/1025/285
f 1179/1016/287 1238/1027/287 1242/1026/291
f 1187/1008/286 1237/1024/286 1238/1027/287
f 1159/1003/282 1229/1030/282 1227/1028/284
f 1203/1010/279 1239/1031/279 1240/1029/278
f 1151/1004/283 1230/1021/283 1229/1030/282
f 1207/1011/290 1241/1017/290 1239/1031/279
s 4
f 1121/918/282 1246/1044/282 1247/1033/283
f 1119/928/283 1247/1033/283 1251/1034/294
f 1117/895/288 1256/1041/288 1257/1035/289
f 1125/900/281 1248/1043/281 1249/1036/280
f 1112/916/278 1252/1038/278 1253/1037/279
f 1123/917/280 1249/1036/280 1252/1038/278
f 1120/902/285 1244/1045/285 1245/1039/284
f 1111/911/291 1255/1047/291 1259/1040/287
f 1118/897/286 1258/1046/286 1256/1041/288
f 1114/932/279 1253/1037/279 1254/1042/290
f 1126/901/295 1250/921/295 1248/1043/281
f 1122/931/284 1245/1039/284 1246/1044/282
f 1115/903/289 1257/1035/289 1244/1045/285
f 1116/929/287 1259/1040/287 1258/1046/286
f 1113/914/290 1254/1042/290 1255/1047/291
s 8
g pedestrian_light_traffic_01_yellow_medium_pedestrian_traffic_light
usemtl pedestrian_traffic_light
f 1249/1048/292 1248/1049/292 1260/1050/292
f 1248/1049/292 1250/1051/292 1260/1050/292
f 1250/1051/292 1251/1052/292 1260/1050/292
f 1251/1052/292 1247/1053/292 1260/1050/292
f 1247/1053/292 1246/1054/292 1260/1050/292
f 1246/1054/292 1245/1055/292 1260/1050/292
f 1245/1055/292 1244/1056/292 1260/1050/292
f 1244/1056/292 1257/1057/292 1260/1050/292
f 1257/1057/292 1256/1058/292 1260/1050/292
f 1256/1058/292 1258/1059/292 1260/1050/292
f 1258/1059/292 1259/1060/292 1260/1050/292
f 1259/1060/292 1255/1061/292 1260/1050/292
f 1255/1061/292 1254/1062/292 1260/1050/292
f 1254/1062/292 1253/1063/292 1260/1050/292
f 1253/1063/292 1252/1064/292 1260/1050/292
f 1252/1064/292 1249/1048/292 1260/1050/292
