# Blender 4.5.2 LTS
# www.blender.org
mtllib pedestrian_traffic_light_02_base_medium_yellow.mtl
g pedestrian_light_traffic_01_yellow_small.001_Mesh
v -0.189696 -0.087442 0.463773
v -0.191578 -0.097376 0.461891
v -0.203745 -0.107311 0.449724
v -0.196721 -0.104649 0.456749
v -0.341456 0.087442 0.312013
v -0.339574 0.097376 0.313895
v -0.327407 0.107311 0.326062
v -0.334432 0.104649 0.319037
v -0.341456 -0.087442 0.312013
v -0.339574 -0.097376 0.313895
v -0.334432 -0.104649 0.319037
v -0.327407 -0.107311 0.326062
v -0.323195 -0.100000 0.330275
v -0.336287 -0.081485 0.317182
v -0.329741 -0.097519 0.323728
v -0.334533 -0.090742 0.318936
v -0.336287 0.081485 0.317182
v -0.323195 0.100000 0.330275
v -0.334533 0.090742 0.318936
v -0.329741 0.097519 0.323728
v -0.194865 -0.081485 0.458604
v -0.207958 -0.100000 0.445511
v -0.196619 -0.090742 0.456850
v -0.201412 -0.097519 0.452058
v -0.207958 0.100000 0.445511
v -0.194865 0.081485 0.458604
v -0.201412 0.097519 0.452058
v -0.196619 0.090742 0.456850
v -0.341057 -0.076386 0.330802
v -0.328784 -0.093742 0.343075
v -0.339412 -0.085064 0.332446
v -0.334920 -0.091417 0.336939
v -0.328784 0.093742 0.343075
v -0.341057 0.076386 0.330802
v -0.334920 0.091417 0.336939
v -0.339412 0.085064 0.332446
v -0.208485 0.076386 0.463374
v -0.220758 0.093742 0.451101
v -0.210129 0.085064 0.461729
v -0.214622 0.091417 0.457237
v -0.220758 -0.093742 0.451101
v -0.208485 -0.076386 0.463374
v -0.214622 -0.091417 0.457237
v -0.210129 -0.085064 0.461729
v -0.203745 0.107311 0.449724
v -0.196721 0.104649 0.456749
v -0.191578 0.097376 0.461891
v -0.189696 0.087442 0.463773
v -0.212940 0.107311 0.458919
v -0.205915 0.104649 0.465943
v -0.200773 0.097376 0.471086
v -0.198891 0.087442 0.472968
v -0.205915 -0.104649 0.465943
v -0.212940 -0.107311 0.458919
v -0.200773 -0.097376 0.471086
v -0.198891 -0.087442 0.472968
v -0.336602 -0.107311 0.335257
v -0.343626 -0.104649 0.328232
v -0.348769 -0.097376 0.323090
v -0.350651 -0.087442 0.321208
v -0.343626 0.104649 0.328232
v -0.336602 0.107311 0.335257
v -0.348769 0.097376 0.323090
v -0.350651 0.087442 0.321208
v -0.242214 -0.071158 0.269834
v -0.261190 -0.100000 0.268270
v -0.253077 -0.093844 0.261303
v -0.256683 -0.098350 0.264070
v -0.245182 -0.066960 0.266866
v -0.274282 -0.081485 0.255178
v -0.262390 -0.080674 0.251991
v -0.268763 -0.081268 0.251991
v -0.244145 -0.070426 0.267902
v -0.267736 -0.097519 0.261724
v -0.257943 -0.092000 0.256437
v -0.262779 -0.096041 0.257975
v -0.244664 -0.069692 0.267384
v -0.272528 -0.090742 0.256932
v -0.261086 -0.087556 0.253295
v -0.267129 -0.089889 0.253624
v -0.245182 0.066960 0.266866
v -0.274282 0.081485 0.255178
v -0.262390 0.080674 0.251991
v -0.268763 0.081268 0.251991
v -0.242214 0.071158 0.269834
v -0.261190 0.100000 0.268270
v -0.253077 0.093844 0.261303
v -0.256683 0.098350 0.264070
v -0.244664 0.069692 0.267384
v -0.272528 0.090742 0.256932
v -0.261086 0.087556 0.253295
v -0.267129 0.089889 0.253624
v -0.244145 0.070426 0.267902
v -0.267736 0.097519 0.261724
v -0.257943 0.092000 0.256437
v -0.262779 0.096041 0.257975
v -0.144549 -0.066960 0.367498
v -0.132861 -0.081485 0.396599
v -0.129674 -0.080674 0.384706
v -0.129674 -0.081268 0.391080
v -0.147517 -0.071158 0.364531
v -0.145953 -0.100000 0.383507
v -0.138986 -0.093844 0.375394
v -0.141754 -0.098350 0.379000
v -0.145067 -0.069692 0.366981
v -0.134615 -0.090742 0.394845
v -0.130978 -0.087556 0.383403
v -0.131308 -0.089889 0.389446
v -0.145586 -0.070426 0.366462
v -0.139407 -0.097519 0.390053
v -0.134121 -0.092000 0.380260
v -0.135658 -0.096041 0.385096
v -0.147517 0.071158 0.364531
v -0.145953 0.100000 0.383507
v -0.138986 0.093844 0.375394
v -0.141754 0.098350 0.379000
v -0.144549 0.066960 0.367498
v -0.132861 0.081485 0.396599
v -0.129674 0.080674 0.384706
v -0.129674 0.081268 0.391080
v -0.145586 0.070426 0.366462
v -0.139407 0.097519 0.390053
v -0.134121 0.092000 0.380260
v -0.135658 0.096041 0.385096
v -0.145067 0.069692 0.366981
v -0.134615 0.090742 0.394845
v -0.130978 0.087556 0.383403
v -0.131308 0.089889 0.389446
v -0.254523 -0.086481 0.257524
v -0.251338 -0.087688 0.260710
v -0.256017 -0.084369 0.256031
v -0.256870 -0.079864 0.255178
v -0.251338 0.087688 0.260710
v -0.254523 0.086481 0.257524
v -0.256017 0.084369 0.256031
v -0.256870 0.079864 0.255178
v -0.138393 -0.087688 0.373655
v -0.135207 -0.086481 0.376840
v -0.133714 -0.084369 0.378333
v -0.132861 -0.079864 0.379187
v -0.135207 0.086481 0.376840
v -0.138393 0.087688 0.373655
v -0.133714 0.084369 0.378333
v -0.132861 0.079864 0.379187
v -0.241214 -0.070426 0.264971
v -0.239283 -0.071158 0.266903
v -0.241733 -0.069692 0.264453
v -0.242250 -0.066960 0.263935
v -0.239283 0.071158 0.266903
v -0.241214 0.070426 0.264971
v -0.241733 0.069692 0.264453
v -0.242250 0.066960 0.263935
v -0.144586 -0.071158 0.361599
v -0.142654 -0.070426 0.363531
v -0.142136 -0.069692 0.364050
v -0.141618 -0.066960 0.364567
v -0.142654 0.070426 0.363531
v -0.144586 0.071158 0.361599
v -0.142136 0.069692 0.364050
v -0.141618 0.066960 0.364567
v -0.191934 0.000000 0.314251
v -0.209760 0.093742 0.440103
v -0.203624 0.091417 0.446239
v -0.199132 0.085064 0.450732
v -0.197487 0.076386 0.452376
v -0.203624 -0.091417 0.446239
v -0.209760 -0.093742 0.440103
v -0.199132 -0.085064 0.450732
v -0.197487 -0.076386 0.452376
v -0.317786 -0.093742 0.332077
v -0.323922 -0.091417 0.325941
v -0.328415 -0.085064 0.321449
v -0.330059 -0.076386 0.319804
v -0.323922 0.091417 0.325941
v -0.317786 0.093742 0.332077
v -0.328415 0.085064 0.321449
v -0.330059 0.076386 0.319804
v -0.263773 0.000000 0.386090
vn 0.0923 0.9914 0.0923
vn 0.3536 0.8660 0.3536
vn -0.0923 0.9914 -0.0923
vn -0.3536 0.8660 -0.3536
vn -0.6124 -0.5000 -0.6124
vn -0.7011 -0.1305 -0.7011
vn -0.3536 -0.8660 -0.3536
vn -0.0923 -0.9914 -0.0923
vn 0.6124 -0.5000 0.6124
vn 0.7011 -0.1305 0.7011
vn 0.3536 -0.8660 0.3536
vn 0.0923 -0.9914 0.0923
vn 0.6124 0.5000 0.6124
vn 0.7011 0.1305 0.7011
vn -0.7071 -0.0000 0.7071
vn 0.7071 -0.0000 -0.7071
vn -0.7011 0.1305 -0.7011
vn -0.6124 0.5000 -0.6124
vn 0.6475 -0.1272 -0.7514
vn 0.5596 -0.5086 -0.6543
vn 0.4204 -0.4500 -0.7879
vn 0.2688 -0.8622 -0.4293
vn 0.0411 -0.7534 -0.6562
vn 0.0005 -0.9830 -0.1836
vn -0.2571 -0.8584 -0.4438
vn 0.2859 -0.2598 -0.9224
vn 0.6095 -0.0734 -0.7894
vn -0.1841 -0.4350 -0.8814
vn -0.5137 -0.4956 -0.7004
vn 0.2473 -0.0670 -0.9666
vn 0.6020 -0.0183 -0.7983
vn -0.2606 -0.1135 -0.9587
vn -0.6030 -0.1294 -0.7872
vn 0.6475 0.1272 -0.7514
vn 0.5596 0.5086 -0.6543
vn 0.6872 0.1388 -0.7131
vn 0.4204 0.4500 -0.7879
vn 0.2688 0.8622 -0.4293
vn 0.0411 0.7534 -0.6562
vn 0.0005 0.9830 -0.1836
vn 0.6095 0.0734 -0.7894
vn -0.1841 0.4350 -0.8814
vn -0.5137 0.4956 -0.7004
vn -0.2571 0.8584 -0.4438
vn 0.2473 0.0670 -0.9666
vn 0.2859 0.2598 -0.9224
vn -0.2606 0.1135 -0.9587
vn -0.6030 0.1294 -0.7871
vn 0.7514 -0.1272 -0.6475
vn 0.6543 -0.5086 -0.5596
vn 0.7131 -0.1388 -0.6872
vn 0.7879 -0.4500 -0.4204
vn 0.4293 -0.8622 -0.2688
vn 0.6562 -0.7534 -0.0411
vn 0.1836 -0.9830 -0.0005
vn 0.7894 -0.0734 -0.6095
vn 0.8814 -0.4350 0.1841
vn 0.7004 -0.4956 0.5137
vn 0.4438 -0.8584 0.2571
vn 0.9666 -0.0670 -0.2473
vn 0.9224 -0.2598 -0.2859
vn 0.9587 -0.1135 0.2606
vn 0.7871 -0.1294 0.6030
vn 0.7514 0.1272 -0.6475
vn 0.6543 0.5086 -0.5596
vn 0.7879 0.4500 -0.4204
vn 0.4293 0.8622 -0.2688
vn 0.6562 0.7534 -0.0411
vn 0.1836 0.9830 -0.0005
vn 0.4438 0.8584 0.2571
vn 0.9224 0.2598 -0.2859
vn 0.7894 0.0734 -0.6095
vn 0.8814 0.4350 0.1841
vn 0.7004 0.4956 0.5137
vn 0.9666 0.0670 -0.2473
vn 0.7983 0.0183 -0.6020
vn 0.9587 0.1135 0.2606
vn 0.7872 0.1294 0.6030
vn 0.6872 -0.1388 -0.7131
vn 0.6020 0.0183 -0.7983
vn 0.7131 0.1388 -0.6872
vn -0.3535 0.8660 -0.3535
vn 0.7983 -0.0183 -0.6020
vn 0.3535 -0.8660 0.3535
vn -0.3535 -0.8660 -0.3535
vn 0.3535 0.8660 0.3535
vt 0.028388 0.735565
vt 0.027229 0.735374
vt 0.027731 0.735565
vt 0.036569 0.735565
vt 0.037728 0.735374
vt 0.037226 0.735565
vt 0.038095 0.720936
vt 0.037573 0.721646
vt 0.037438 0.720936
vt 0.037728 0.720416
vt 0.037071 0.720416
vt 0.037226 0.720226
vt 0.036569 0.720226
vt 0.026861 0.720936
vt 0.027384 0.721646
vt 0.027518 0.720936
vt 0.027229 0.720416
vt 0.027886 0.720416
vt 0.027731 0.720226
vt 0.028388 0.720226
vt 0.027518 0.734855
vt 0.026727 0.734145
vt 0.026861 0.734855
vt 0.027886 0.735374
vt 0.037106 0.734429
vt 0.038095 0.734855
vt 0.037427 0.733975
vt 0.036735 0.734865
vt 0.036268 0.735042
vt 0.028508 0.721362
vt 0.028187 0.721816
vt 0.028947 0.734595
vt 0.036667 0.734595
vt 0.027564 0.734865
vt 0.027221 0.734381
vt 0.037078 0.721410
vt 0.037203 0.722072
vt 0.028032 0.735042
vt 0.027564 0.720926
vt 0.028032 0.720748
vt 0.037544 0.733354
vt 0.038230 0.721646
vt 0.037544 0.722436
vt 0.037427 0.721816
vt 0.036735 0.720926
vt 0.036667 0.721196
vt 0.028947 0.721196
vt 0.028187 0.733975
vt 0.027384 0.734145
vt 0.028069 0.722436
vt 0.027401 0.721816
vt 0.037071 0.735374
vt 0.037438 0.734855
vt 0.038230 0.734145
vt 0.037573 0.734145
vt 0.026727 0.721646
vt 0.027096 0.733719
vt 0.027096 0.722072
vt 0.028069 0.733354
vt 0.027221 0.721410
vt 0.028508 0.734429
vt 0.037106 0.721362
vt 0.036268 0.720748
vt 0.037203 0.733719
vt 0.037078 0.734381
vt 0.031360 0.721715
vt 0.031256 0.721188
vt 0.031604 0.721320
vt 0.031514 0.720866
vt 0.031950 0.721031
vt 0.031836 0.720748
vt 0.032304 0.720926
vt 0.031829 0.721638
vt 0.031466 0.721865
vt 0.032261 0.721471
vt 0.032646 0.721410
vt 0.031922 0.722130
vt 0.031527 0.722187
vt 0.032377 0.722087
vt 0.032772 0.722072
vt 0.031360 0.734076
vt 0.031256 0.734602
vt 0.031132 0.734162
vt 0.031604 0.734470
vt 0.031514 0.734924
vt 0.031950 0.734759
vt 0.031836 0.735042
vt 0.031466 0.733925
vt 0.032261 0.734320
vt 0.032646 0.734381
vt 0.032304 0.734865
vt 0.031922 0.733661
vt 0.031829 0.734153
vt 0.032377 0.733703
vt 0.032772 0.733719
vt 0.022832 0.721715
vt 0.023102 0.721188
vt 0.023060 0.721628
vt 0.022755 0.721320
vt 0.023300 0.720866
vt 0.022864 0.721031
vt 0.023600 0.720748
vt 0.022726 0.721865
vt 0.022554 0.721471
vt 0.022790 0.721410
vt 0.023132 0.720926
vt 0.022437 0.722130
vt 0.022530 0.721638
vt 0.022437 0.722087
vt 0.022665 0.722072
vt 0.022832 0.734076
vt 0.023102 0.734602
vt 0.022755 0.734470
vt 0.023300 0.734924
vt 0.022864 0.734759
vt 0.023600 0.735042
vt 0.023132 0.734865
vt 0.022530 0.734153
vt 0.022726 0.733925
vt 0.022554 0.734320
vt 0.022790 0.734381
vt 0.022437 0.733661
vt 0.022665 0.733603
vt 0.022437 0.733703
vt 0.022665 0.733719
vt 0.031132 0.721628
vt 0.031527 0.733603
vt 0.023060 0.734162
vt 0.030480 0.732981
vt 0.030408 0.732929
vt 0.030618 0.732929
vt 0.030618 0.722862
vt 0.030655 0.722914
vt 0.030692 0.723110
vt 0.030655 0.732876
vt 0.023574 0.722862
vt 0.023712 0.722810
vt 0.023537 0.722914
vt 0.022665 0.722187
vt 0.023574 0.732929
vt 0.023537 0.732876
vt 0.023500 0.732681
vt 0.030480 0.722810
vt 0.030692 0.732681
vt 0.023712 0.732981
vt 0.023500 0.723110
vt 0.023327 0.732876
vt 0.030446 0.732876
vt 0.023503 0.722810
vt 0.030483 0.732681
vt 0.030483 0.723110
vt 0.023364 0.722862
vt 0.030270 0.732981
vt 0.023327 0.722914
vt 0.030270 0.722810
vt 0.023290 0.732681
vt 0.023290 0.723110
vt 0.030408 0.722862
vt 0.023503 0.732981
vt 0.030446 0.722914
vt 0.023364 0.732929
vt 0.026886 0.727895
vt 0.027283 0.733354
vt 0.027283 0.722436
vt 0.035881 0.734595
vt 0.028160 0.721196
vt 0.036320 0.721362
vt 0.035881 0.721196
vt 0.027722 0.734429
vt 0.036758 0.733354
vt 0.036320 0.734429
vt 0.036641 0.721816
vt 0.027722 0.721362
vt 0.027401 0.733975
vt 0.028160 0.734595
vt 0.036641 0.733975
vt 0.036758 0.722436
vt 0.476068 0.751599
vt 0.487498 0.754661
vt 0.375465 0.875061
vt 0.495865 0.763028
vt 0.498928 0.774458
vt 0.498928 0.975664
vt 0.495865 0.987094
vt 0.487498 0.995461
vt 0.476069 0.998524
vt 0.274862 0.998524
vt 0.263433 0.995461
vt 0.255065 0.987094
vt 0.252003 0.975664
vt 0.252003 0.774458
vt 0.255065 0.763028
vt 0.263432 0.754661
vt 0.274862 0.751599
s 1
g pedestrian_light_traffic_01_yellow_small.001_regular_material
usemtl regular_material
f 49/1/1 46/2/2 45/3/1
f 7/4/3 61/5/4 62/6/3
f 59/7/5 9/8/6 10/9/5
f 58/10/7 10/9/5 11/11/7
f 57/12/8 11/11/7 12/13/8
f 2/14/9 56/15/10 55/16/9
f 4/17/11 55/16/9 53/18/11
f 3/19/12 53/18/11 54/20/12
f 51/21/13 48/22/14 47/23/13
f 50/24/2 47/23/13 46/2/2
s 2
f 35/25/15 63/26/15 36/27/15
s 3
f 20/28/16 7/4/16 18/29/16
s 2
f 43/30/15 55/16/15 44/31/15
f 38/32/15 62/6/15 33/33/15
s 3
f 27/34/16 47/23/16 28/35/16
f 16/36/16 9/8/16 14/37/16
f 18/29/16 45/3/16 25/38/16
s 2
f 35/25/15 62/6/15 61/5/15
f 43/30/15 54/20/15 53/18/15
s 3
f 24/39/16 3/19/16 22/40/16
s 2
f 34/41/15 60/42/15 29/43/15
f 31/44/15 60/42/15 59/7/15
s 3
f 27/34/16 45/3/16 46/2/16
f 15/45/16 10/9/16 16/36/16
s 2
f 30/46/15 54/20/15 41/47/15
f 39/48/15 52/49/15 51/21/15
s 4
f 42/50/17 168/51/18 44/31/18
s 1
f 8/52/4 63/26/18 61/5/4
f 6/53/18 64/54/17 63/26/18
f 3/19/12 57/12/8 12/13/8
f 9/8/6 64/54/17 5/55/17
f 7/4/3 49/1/1 45/3/1
f 48/22/14 56/15/10 1/56/10
s 3
f 24/39/16 2/14/16 4/17/16
f 26/57/16 1/56/16 21/58/16
f 28/35/16 48/22/16 26/57/16
s 2
f 44/31/15 56/15/15 42/50/15
f 42/50/15 52/49/15 37/59/15
f 36/27/15 64/54/15 34/41/15
s 3
f 23/60/16 1/56/16 2/14/16
f 20/28/16 6/53/16 8/52/16
s 2
f 40/61/15 49/1/15 38/32/15
f 32/62/15 57/12/15 30/46/15
s 3
f 22/40/16 12/13/16 13/63/16
f 15/45/16 12/13/16 11/11/16
s 2
f 40/61/15 51/21/15 50/24/15
s 3
f 14/37/16 5/55/16 17/64/16
s 2
f 32/62/15 59/7/15 58/10/15
s 3
f 19/65/16 5/55/16 6/53/16
s 5
f 129/66/19 67/67/20 75/68/21
f 75/68/21 68/69/22 76/70/23
f 76/70/23 66/71/24 74/72/25
f 129/66/19 79/73/26 131/74/27
f 75/68/21 80/75/28 79/73/26
f 76/70/23 78/76/29 80/75/28
f 131/74/27 71/77/30 132/78/31
f 79/73/26 72/79/32 71/77/30
f 80/75/28 70/80/33 72/79/32
f 134/81/34 87/82/35 133/83/36
f 95/84/37 88/85/38 87/82/35
f 96/86/39 86/87/40 88/85/38
f 135/88/41 95/84/37 134/81/34
f 95/84/37 92/89/42 96/86/39
f 96/86/39 90/90/43 94/91/44
f 135/88/41 83/92/45 91/93/46
f 91/93/46 84/94/47 92/89/42
f 92/89/42 82/95/48 90/90/43
f 138/96/49 103/97/50 137/98/51
f 111/99/52 104/100/53 103/97/50
f 112/101/54 102/102/55 104/100/53
f 139/103/56 111/99/52 138/96/49
f 111/99/52 108/104/57 112/101/54
f 112/101/54 106/105/58 110/106/59
f 139/103/56 99/107/60 107/108/61
f 107/108/61 100/109/62 108/104/57
f 108/104/57 98/110/63 106/105/58
f 141/111/64 115/112/65 123/113/66
f 123/113/66 116/114/67 124/115/68
f 124/115/68 114/116/69 122/117/70
f 141/111/64 127/118/71 143/119/72
f 123/113/66 128/120/73 127/118/71
f 124/115/68 126/121/74 128/120/73
f 143/119/72 119/122/75 144/123/76
f 127/118/71 120/124/77 119/122/75
f 128/120/73 118/125/78 120/124/77
f 137/98/51 67/67/20 130/126/79
f 103/97/50 68/69/22 67/67/20
f 104/100/53 66/71/24 68/69/22
f 132/78/31 83/92/45 136/127/80
f 71/77/30 84/94/47 83/92/45
f 72/79/32 82/95/48 84/94/47
f 133/83/36 115/112/65 142/128/81
f 87/82/35 116/114/67 115/112/65
f 88/85/38 114/116/69 116/114/67
f 98/110/63 120/124/77 118/125/78
f 100/109/62 119/122/75 120/124/77
f 99/107/60 144/123/76 119/122/75
s 6
f 85/129/3 150/130/4 93/131/82
s 5
f 13/63/8 74/72/25 66/71/24
f 102/102/55 13/63/8 66/71/24
f 16/36/5 70/80/33 78/76/29
f 17/64/17 70/80/33 14/37/6
f 15/45/7 78/76/29 74/72/25
f 90/90/43 17/64/17 19/65/18
f 86/87/40 25/38/1 114/116/69
f 86/87/40 20/28/4 18/29/3
f 94/91/44 19/65/18 20/28/4
f 106/105/58 21/58/10 23/60/9
f 118/125/78 21/58/10 98/110/63
f 102/102/55 24/39/11 22/40/12
f 110/106/59 23/60/9 24/39/11
f 25/38/1 122/117/70 114/116/69
f 28/35/13 118/125/78 126/121/74
f 27/34/2 126/121/74 122/117/70
f 73/132/16 130/126/79 129/66/19
f 73/132/16 131/74/27 77/133/16
f 77/133/16 132/78/31 69/134/16
f 93/131/16 133/83/36 85/129/16
f 89/135/16 134/81/34 93/131/16
f 89/135/16 136/127/80 135/88/41
f 109/136/16 137/98/51 101/137/16
f 105/138/16 138/96/49 109/136/16
f 105/138/16 140/139/83 139/103/56
f 121/140/16 142/128/81 141/111/64
f 121/140/16 143/119/72 125/141/16
f 125/141/16 144/123/76 117/142/16
f 101/137/16 130/126/79 65/143/16
f 69/134/16 136/127/80 81/144/16
f 85/129/16 142/128/81 113/145/16
f 117/142/16 140/139/83 97/146/16
s 6
f 117/142/14 159/147/13 125/141/13
f 93/131/82 151/148/18 89/135/18
f 65/143/8 153/149/12 101/137/12
f 89/135/18 152/150/17 81/144/17
f 81/144/17 148/151/6 69/134/6
f 101/137/12 154/152/11 109/136/84
f 113/145/1 149/153/3 85/129/3
f 109/136/84 155/154/9 105/138/9
f 73/132/7 146/155/8 65/143/8
f 97/146/10 160/156/14 117/142/14
f 105/138/9 156/157/10 97/146/10
f 77/133/5 145/158/85 73/132/7
f 121/140/2 158/159/1 113/145/1
f 69/134/6 147/160/5 77/133/5
f 125/141/13 157/161/86 121/140/2
s 7
f 146/155/16 145/158/16 161/162/16
f 145/158/16 147/160/16 161/162/16
f 147/160/16 148/151/16 161/162/16
f 148/151/16 152/150/16 161/162/16
f 152/150/16 151/148/16 161/162/16
f 151/148/16 150/130/16 161/162/16
f 150/130/16 149/153/16 161/162/16
f 149/153/16 158/159/16 161/162/16
f 158/159/16 157/161/16 161/162/16
f 157/161/16 159/147/16 161/162/16
f 159/147/16 160/156/16 161/162/16
f 160/156/16 156/157/16 161/162/16
f 156/157/16 155/154/16 161/162/16
f 155/154/16 154/152/16 161/162/16
f 154/152/16 153/149/16 161/162/16
f 153/149/16 146/155/16 161/162/16
s 4
f 39/48/5 165/163/6 37/59/6
f 37/59/6 169/164/17 42/50/17
f 35/25/11 175/165/12 33/33/12
f 43/30/4 167/166/3 41/47/3
f 30/46/1 171/167/2 32/62/2
f 41/47/3 170/168/1 30/46/1
f 38/32/8 163/169/7 40/61/7
f 29/43/14 177/170/10 34/41/10
f 36/27/9 174/171/11 35/25/11
f 32/62/2 172/172/13 31/44/13
f 44/31/18 166/173/4 43/30/4
f 40/61/7 164/174/5 39/48/5
f 33/33/12 162/175/8 38/32/8
f 34/41/10 176/176/9 36/27/9
f 31/44/13 173/177/14 29/43/14
s 1
f 49/1/1 50/24/2 46/2/2
f 7/4/3 8/52/4 61/5/4
f 59/7/5 60/42/6 9/8/6
f 58/10/7 59/7/5 10/9/5
f 57/12/8 58/10/7 11/11/7
f 2/14/9 1/56/10 56/15/10
f 4/17/11 2/14/9 55/16/9
f 3/19/12 4/17/11 53/18/11
f 51/21/13 52/49/14 48/22/14
f 50/24/2 51/21/13 47/23/13
s 2
f 35/25/15 61/5/15 63/26/15
s 3
f 20/28/16 8/52/16 7/4/16
s 2
f 43/30/15 53/18/15 55/16/15
f 38/32/15 49/1/15 62/6/15
s 3
f 27/34/16 46/2/16 47/23/16
f 16/36/16 10/9/16 9/8/16
f 18/29/16 7/4/16 45/3/16
s 2
f 35/25/15 33/33/15 62/6/15
f 43/30/15 41/47/15 54/20/15
s 3
f 24/39/16 4/17/16 3/19/16
s 2
f 34/41/15 64/54/15 60/42/15
f 31/44/15 29/43/15 60/42/15
s 3
f 27/34/16 25/38/16 45/3/16
f 15/45/16 11/11/16 10/9/16
s 2
f 30/46/15 57/12/15 54/20/15
f 39/48/15 37/59/15 52/49/15
s 4
f 42/50/17 169/164/17 168/51/18
s 1
f 8/52/4 6/53/18 63/26/18
f 6/53/18 5/55/17 64/54/17
f 3/19/12 54/20/12 57/12/8
f 9/8/6 60/42/6 64/54/17
f 7/4/3 62/6/3 49/1/1
f 48/22/14 52/49/14 56/15/10
s 3
f 24/39/16 23/60/16 2/14/16
f 26/57/16 48/22/16 1/56/16
f 28/35/16 47/23/16 48/22/16
s 2
f 44/31/15 55/16/15 56/15/15
f 42/50/15 56/15/15 52/49/15
f 36/27/15 63/26/15 64/54/15
s 3
f 23/60/16 21/58/16 1/56/16
f 20/28/16 19/65/16 6/53/16
s 2
f 40/61/15 50/24/15 49/1/15
f 32/62/15 58/10/15 57/12/15
s 3
f 22/40/16 3/19/16 12/13/16
f 15/45/16 13/63/16 12/13/16
s 2
f 40/61/15 39/48/15 51/21/15
s 3
f 14/37/16 9/8/16 5/55/16
s 2
f 32/62/15 31/44/15 59/7/15
s 3
f 19/65/16 17/64/16 5/55/16
s 5
f 129/66/19 130/126/79 67/67/20
f 75/68/21 67/67/20 68/69/22
f 76/70/23 68/69/22 66/71/24
f 129/66/19 75/68/21 79/73/26
f 75/68/21 76/70/23 80/75/28
f 76/70/23 74/72/25 78/76/29
f 131/74/27 79/73/26 71/77/30
f 79/73/26 80/75/28 72/79/32
f 80/75/28 78/76/29 70/80/33
f 134/81/34 95/84/37 87/82/35
f 95/84/37 96/86/39 88/85/38
f 96/86/39 94/91/44 86/87/40
f 135/88/41 91/93/46 95/84/37
f 95/84/37 91/93/46 92/89/42
f 96/86/39 92/89/42 90/90/43
f 135/88/41 136/127/80 83/92/45
f 91/93/46 83/92/45 84/94/47
f 92/89/42 84/94/47 82/95/48
f 138/96/49 111/99/52 103/97/50
f 111/99/52 112/101/54 104/100/53
f 112/101/54 110/106/59 102/102/55
f 139/103/56 107/108/61 111/99/52
f 111/99/52 107/108/61 108/104/57
f 112/101/54 108/104/57 106/105/58
f 139/103/56 140/139/83 99/107/60
f 107/108/61 99/107/60 100/109/62
f 108/104/57 100/109/62 98/110/63
f 141/111/64 142/128/81 115/112/65
f 123/113/66 115/112/65 116/114/67
f 124/115/68 116/114/67 114/116/69
f 141/111/64 123/113/66 127/118/71
f 123/113/66 124/115/68 128/120/73
f 124/115/68 122/117/70 126/121/74
f 143/119/72 127/118/71 119/122/75
f 127/118/71 128/120/73 120/124/77
f 128/120/73 126/121/74 118/125/78
f 137/98/51 103/97/50 67/67/20
f 103/97/50 104/100/53 68/69/22
f 104/100/53 102/102/55 66/71/24
f 132/78/31 71/77/30 83/92/45
f 71/77/30 72/79/32 84/94/47
f 72/79/32 70/80/33 82/95/48
f 133/83/36 87/82/35 115/112/65
f 87/82/35 88/85/38 116/114/67
f 88/85/38 86/87/40 114/116/69
f 98/110/63 100/109/62 120/124/77
f 100/109/62 99/107/60 119/122/75
f 99/107/60 140/139/83 144/123/76
s 6
f 85/129/3 149/153/3 150/130/4
s 5
f 13/63/8 15/45/7 74/72/25
f 102/102/55 22/40/12 13/63/8
f 16/36/5 14/37/6 70/80/33
f 17/64/17 82/95/48 70/80/33
f 15/45/7 16/36/5 78/76/29
f 90/90/43 82/95/48 17/64/17
f 86/87/40 18/29/3 25/38/1
f 86/87/40 94/91/44 20/28/4
f 94/91/44 90/90/43 19/65/18
f 106/105/58 98/110/63 21/58/10
f 118/125/78 26/57/14 21/58/10
f 102/102/55 110/106/59 24/39/11
f 110/106/59 106/105/58 23/60/9
f 25/38/1 27/34/2 122/117/70
f 28/35/13 26/57/14 118/125/78
f 27/34/2 28/35/13 126/121/74
f 73/132/16 65/143/16 130/126/79
f 73/132/16 129/66/19 131/74/27
f 77/133/16 131/74/27 132/78/31
f 93/131/16 134/81/34 133/83/36
f 89/135/16 135/88/41 134/81/34
f 89/135/16 81/144/16 136/127/80
f 109/136/16 138/96/49 137/98/51
f 105/138/16 139/103/56 138/96/49
f 105/138/16 97/146/16 140/139/83
f 121/140/16 113/145/16 142/128/81
f 121/140/16 141/111/64 143/119/72
f 125/141/16 143/119/72 144/123/76
f 101/137/16 137/98/51 130/126/79
f 69/134/16 132/78/31 136/127/80
f 85/129/16 133/83/36 142/128/81
f 117/142/16 144/123/76 140/139/83
s 6
f 117/142/14 160/156/14 159/147/13
f 93/131/82 150/130/4 151/148/18
f 65/143/8 146/155/8 153/149/12
f 89/135/18 151/148/18 152/150/17
f 81/144/17 152/150/17 148/151/6
f 101/137/12 153/149/12 154/152/11
f 113/145/1 158/159/1 149/153/3
f 109/136/84 154/152/11 155/154/9
f 73/132/7 145/158/85 146/155/8
f 97/146/10 156/157/10 160/156/14
f 105/138/9 155/154/9 156/157/10
f 77/133/5 147/160/5 145/158/85
f 121/140/2 157/161/86 158/159/1
f 69/134/6 148/151/6 147/160/5
f 125/141/13 159/147/13 157/161/86
s 4
f 39/48/5 164/174/5 165/163/6
f 37/59/6 165/163/6 169/164/17
f 35/25/11 174/171/11 175/165/12
f 43/30/4 166/173/4 167/166/3
f 30/46/1 170/168/1 171/167/2
f 41/47/3 167/166/3 170/168/1
f 38/32/8 162/175/8 163/169/7
f 29/43/14 173/177/14 177/170/10
f 36/27/9 176/176/9 174/171/11
f 32/62/2 171/167/2 172/172/13
f 44/31/18 168/51/18 166/173/4
f 40/61/7 163/169/7 164/174/5
f 33/33/12 175/165/12 162/175/8
f 34/41/10 177/170/10 176/176/9
f 31/44/13 172/172/13 173/177/14
s 8
g pedestrian_light_traffic_01_yellow_small.001_pedestrian_traffic_light
usemtl pedestrian_traffic_light
f 167/178/15 166/179/15 178/180/15
f 166/179/15 168/181/15 178/180/15
f 168/181/15 169/182/15 178/180/15
f 169/182/15 165/183/15 178/180/15
f 165/183/15 164/184/15 178/180/15
f 164/184/15 163/185/15 178/180/15
f 163/185/15 162/186/15 178/180/15
f 162/186/15 175/187/15 178/180/15
f 175/187/15 174/188/15 178/180/15
f 174/188/15 176/189/15 178/180/15
f 176/189/15 177/190/15 178/180/15
f 177/190/15 173/191/15 178/180/15
f 173/191/15 172/192/15 178/180/15
f 172/192/15 171/193/15 178/180/15
f 171/193/15 170/194/15 178/180/15
f 170/194/15 167/178/15 178/180/15
g pedestrian_traffic_light_02_base_medium_yellow_Mesh
v 0.006345 0.140807 0.052502
v 0.011725 0.137212 0.052502
v 0.015319 0.131833 0.052502
v 0.016581 0.125488 0.052502
v 0.015319 0.119143 0.052502
v 0.011725 0.113763 0.052502
v 0.006345 0.110169 0.052502
v -0.000000 0.108907 0.052502
v -0.006345 0.110169 0.052502
v -0.011725 0.113763 0.052502
v -0.015319 0.119143 0.052502
v -0.016581 0.125488 0.052502
v -0.015319 0.131833 0.052502
v -0.011725 0.137212 0.052502
v -0.006345 0.140807 0.052502
v -0.000000 0.142069 0.052502
v -0.000000 0.139496 0.055765
v -0.005361 0.138430 0.055765
v -0.009905 0.135393 0.055765
v -0.012942 0.130848 0.055765
v -0.014008 0.125488 0.055765
v -0.012942 0.120127 0.055765
v -0.009905 0.115583 0.055765
v -0.005361 0.112546 0.055765
v -0.000000 0.111480 0.055765
v 0.005361 0.112546 0.055765
v 0.009905 0.115583 0.055765
v 0.012942 0.120127 0.055765
v 0.014008 0.125488 0.055765
v 0.012942 0.130848 0.055765
v 0.009905 0.135393 0.055765
v 0.005361 0.138430 0.055765
v -0.006345 0.140807 0.022934
v -0.000000 0.142069 0.022934
v -0.011725 0.137212 0.022934
v -0.015319 0.131833 0.022934
v -0.016581 0.125488 0.022934
v -0.015319 0.119143 0.022934
v -0.011725 0.113763 0.022934
v -0.006345 0.110169 0.022934
v -0.000000 0.108907 0.022934
v 0.006345 0.110169 0.022934
v 0.011725 0.113763 0.022934
v 0.015319 0.119143 0.022934
v 0.016581 0.125488 0.022934
v 0.015319 0.131833 0.022934
v 0.011725 0.137212 0.022934
v 0.006345 0.140807 0.022934
v -0.000000 0.143392 0.052502
v -0.006852 0.142029 0.052502
v -0.016541 0.132339 0.052502
v -0.017904 0.125488 0.052502
v -0.016541 0.118636 0.052502
v -0.012660 0.112828 0.052502
v -0.006852 0.108947 0.052502
v -0.000000 0.107584 0.052502
v 0.006852 0.108947 0.052502
v 0.012660 0.112828 0.052502
v 0.016541 0.118636 0.052502
v 0.017904 0.125488 0.052502
v 0.016541 0.132339 0.052502
v 0.012660 0.138148 0.052502
v 0.006852 0.142029 0.052502
v -0.012660 0.138148 0.052502
v -0.006852 0.142029 0.055765
v -0.012660 0.138148 0.055765
v -0.016541 0.132339 0.055765
v -0.017904 0.125488 0.055765
v -0.016541 0.118636 0.055765
v -0.012660 0.112828 0.055765
v -0.006852 0.108947 0.055765
v -0.000000 0.107584 0.055765
v 0.006852 0.108947 0.055765
v 0.012660 0.112828 0.055765
v 0.016541 0.118636 0.055765
v 0.017904 0.125488 0.055765
v 0.016541 0.132339 0.055765
v 0.012660 0.138148 0.055765
v 0.006852 0.142029 0.055765
v -0.000000 0.143392 0.055765
v -0.020517 0.103157 0.022492
v 0.000907 0.124581 0.074422
v -0.022331 0.104971 0.022492
v -0.000907 0.126395 0.074422
v 0.022331 0.146005 0.022492
v 0.020517 0.147819 0.022492
v -0.022331 0.146005 0.022492
v -0.000907 0.124581 0.074422
v -0.020517 0.147819 0.022492
v 0.000907 0.126395 0.074422
v 0.020517 0.103157 0.022492
v 0.022331 0.104971 0.022492
v -0.032742 0.071995 0.007830
v -0.032742 0.178981 0.007830
v -0.000000 0.071995 0.015510
v -0.000000 0.178981 0.015510
v 0.032742 0.178981 0.000000
v 0.032742 0.071995 0.000000
v -0.032742 0.178981 0.000000
v -0.032742 0.071995 0.000000
v 0.032742 0.071995 0.007830
v 0.032742 0.178981 0.007830
v 0.030249 0.071995 0.015503
v 0.030249 0.178981 0.015503
v 0.023152 0.071995 0.022008
v 0.023152 0.178981 0.022008
v 0.012530 0.071995 0.026355
v 0.012530 0.178981 0.026355
v -0.000000 0.071995 0.027881
v -0.000000 0.178981 0.027881
v -0.012530 0.071995 0.026355
v -0.012530 0.178981 0.026355
v -0.023152 0.071995 0.022008
v -0.023152 0.178981 0.022008
v -0.030249 0.071995 0.015503
v -0.030249 0.178981 0.015503
v -0.007287 0.159014 0.033212
v -0.007287 0.159014 0.023019
v -0.003643 0.152703 0.033212
v -0.003643 0.152703 0.023019
v 0.003643 0.152703 0.033212
v 0.003643 0.152703 0.023019
v 0.007287 0.159014 0.033212
v 0.007287 0.159014 0.023019
v 0.003643 0.165324 0.033212
v 0.003643 0.165324 0.023019
v -0.003643 0.165324 0.033212
v -0.003643 0.165324 0.023019
v -0.007287 0.091962 0.033212
v -0.007287 0.091962 0.023019
v -0.003643 0.098272 0.033212
v -0.003643 0.098272 0.023019
v 0.003643 0.098272 0.033212
v 0.003643 0.098272 0.023019
v 0.007287 0.091962 0.033212
v 0.007287 0.091962 0.023019
v 0.003643 0.085652 0.033212
v 0.003643 0.085652 0.023019
v -0.003643 0.085652 0.033212
v -0.003643 0.085652 0.023019
v -0.000000 0.139496 0.113128
v -0.012942 0.130848 0.113128
v -0.009905 0.135393 0.113128
v 0.005361 0.138430 0.113128
v -0.005361 0.138430 0.113128
v 0.009905 0.135393 0.113128
v 0.014008 0.125488 0.113128
v 0.012942 0.130848 0.113128
v -0.014008 0.125488 0.113128
v -0.012942 0.120127 0.113128
v -0.009905 0.115583 0.113128
v -0.005361 0.112546 0.113128
v -0.000000 0.111480 0.113128
v 0.005361 0.112546 0.113128
v 0.009905 0.115583 0.113128
v 0.012942 0.120127 0.113128
v 0.216184 0.139496 0.341555
v 0.219975 0.138430 0.337765
v 0.223188 0.135393 0.334551
v 0.225336 0.130848 0.332404
v 0.226090 0.125488 0.331650
v 0.225336 0.120127 0.332404
v 0.223188 0.115583 0.334551
v 0.219975 0.112546 0.337765
v 0.216184 0.111480 0.341555
v 0.212394 0.112546 0.345346
v 0.209180 0.115583 0.348559
v 0.207033 0.120127 0.350706
v 0.206279 0.125488 0.351460
v 0.207033 0.130848 0.350706
v 0.209180 0.135393 0.348559
v 0.212394 0.138430 0.345346
v 0.211888 0.140155 0.345851
v 0.208246 0.136714 0.349493
v 0.205813 0.131563 0.351927
v 0.204958 0.125488 0.352781
v 0.205813 0.119412 0.351927
v 0.208246 0.114262 0.349493
v 0.211888 0.110820 0.345851
v 0.216184 0.109612 0.341555
v 0.220480 0.110820 0.337259
v 0.224122 0.114262 0.333617
v 0.226556 0.119412 0.331184
v 0.227410 0.125488 0.330329
v 0.226556 0.131563 0.331184
v 0.224122 0.136714 0.333617
v 0.220480 0.140155 0.337259
v 0.216184 0.141364 0.341555
v 0.240710 0.125488 0.366081
v 0.240710 0.140406 0.366081
v 0.239230 0.141364 0.364601
v 0.240276 0.141083 0.365647
v 0.234934 0.140155 0.368897
v 0.236673 0.139270 0.370118
v 0.236056 0.139896 0.369867
v 0.231292 0.136714 0.372539
v 0.233251 0.136037 0.373540
v 0.232479 0.136516 0.373445
v 0.228859 0.131563 0.374972
v 0.230964 0.131197 0.375826
v 0.230088 0.131456 0.375836
v 0.228004 0.125488 0.375827
v 0.230161 0.125488 0.376629
v 0.229249 0.125488 0.376675
v 0.228859 0.119412 0.374972
v 0.230964 0.119779 0.375826
v 0.230088 0.119520 0.375836
v 0.231292 0.114262 0.372539
v 0.233251 0.114939 0.373540
v 0.232479 0.114460 0.373445
v 0.234934 0.110820 0.368897
v 0.236673 0.111705 0.370118
v 0.236056 0.111079 0.369867
v 0.239230 0.109612 0.364601
v 0.240710 0.110570 0.366081
v 0.240276 0.109892 0.365647
v 0.243526 0.110820 0.360305
v 0.244747 0.111705 0.362044
v 0.244497 0.111079 0.361427
v 0.247168 0.114262 0.356663
v 0.248169 0.114939 0.358622
v 0.248074 0.114460 0.357850
v 0.249602 0.119412 0.354229
v 0.250456 0.119779 0.356335
v 0.250465 0.119520 0.355459
v 0.250456 0.125488 0.353375
v 0.251259 0.125488 0.355532
v 0.251304 0.125488 0.354620
v 0.249602 0.131563 0.354229
v 0.250456 0.131197 0.356335
v 0.250465 0.131456 0.355459
v 0.247168 0.136714 0.356663
v 0.248169 0.136037 0.358622
v 0.248074 0.136516 0.357850
v 0.243526 0.140155 0.360305
v 0.244747 0.139270 0.362044
v 0.244497 0.139896 0.361427
v 0.000043 0.139496 0.125282
v -0.009240 0.130848 0.134433
v -0.007093 0.135393 0.132286
v 0.003702 0.138430 0.121491
v -0.003880 0.138430 0.129072
v 0.006915 0.135393 0.118278
v 0.009816 0.125488 0.115377
v 0.009062 0.130848 0.116131
v -0.009994 0.125488 0.135187
v -0.009240 0.120127 0.134433
v -0.007093 0.115583 0.132286
v -0.003880 0.112546 0.129072
v 0.000043 0.111480 0.125282
v 0.003702 0.112546 0.121491
v 0.006915 0.115583 0.118278
v 0.009062 0.120127 0.116131
v 0.227184 0.093606 0.346583
v 0.227184 0.114172 0.346583
v 0.229463 0.093606 0.347036
v 0.229463 0.114172 0.347036
v 0.231396 0.093606 0.348328
v 0.231396 0.114172 0.348328
v 0.232687 0.093606 0.350260
v 0.232687 0.114172 0.350260
v 0.233140 0.093606 0.352540
v 0.233140 0.114172 0.352540
v 0.232687 0.093606 0.354819
v 0.232687 0.114172 0.354819
v 0.231396 0.093606 0.356752
v 0.231396 0.114172 0.356752
v 0.229463 0.093606 0.358043
v 0.229463 0.114172 0.358043
v 0.227184 0.093606 0.358497
v 0.227184 0.114172 0.358497
v 0.224904 0.093606 0.358043
v 0.224904 0.114172 0.358043
v 0.222971 0.093606 0.356752
v 0.222971 0.114172 0.356752
v 0.221680 0.093606 0.354819
v 0.221680 0.114172 0.354819
v 0.221227 0.093606 0.352540
v 0.221227 0.114172 0.352540
v 0.221680 0.093606 0.350260
v 0.221680 0.114172 0.350260
v 0.222971 0.093606 0.348328
v 0.222971 0.114172 0.348328
v 0.224904 0.093606 0.347036
v 0.224904 0.114172 0.347036
v 0.227184 0.114172 0.352540
v 0.227184 0.093606 0.352540
v -0.216099 0.139496 0.341555
v -0.219889 0.138430 0.337765
v -0.223103 0.135393 0.334551
v -0.225250 0.130848 0.332404
v -0.226004 0.125488 0.331650
v -0.225250 0.120127 0.332404
v -0.223103 0.115583 0.334551
v -0.219889 0.112546 0.337765
v -0.216099 0.111480 0.341555
v -0.212308 0.112546 0.345346
v -0.209095 0.115583 0.348559
v -0.206948 0.120127 0.350706
v -0.206194 0.125488 0.351460
v -0.206948 0.130848 0.350706
v -0.209095 0.135393 0.348559
v -0.212308 0.138430 0.345346
v -0.211803 0.140155 0.345851
v -0.208161 0.136714 0.349493
v -0.205727 0.131563 0.351927
v -0.204873 0.125488 0.352781
v -0.205727 0.119412 0.351927
v -0.208161 0.114262 0.349493
v -0.211803 0.110820 0.345851
v -0.216099 0.109612 0.341555
v -0.220395 0.110820 0.337259
v -0.224037 0.114262 0.333617
v -0.226470 0.119412 0.331184
v -0.227325 0.125488 0.330329
v -0.226470 0.131563 0.331184
v -0.224037 0.136714 0.333617
v -0.220395 0.140155 0.337259
v -0.216099 0.141364 0.341555
v -0.240624 0.125488 0.366081
v -0.240624 0.140406 0.366081
v -0.239145 0.141364 0.364601
v -0.240191 0.141083 0.365647
v -0.234848 0.140155 0.368897
v -0.236587 0.139270 0.370118
v -0.235971 0.139896 0.369867
v -0.231206 0.136714 0.372539
v -0.233165 0.136037 0.373540
v -0.232393 0.136516 0.373445
v -0.228773 0.131563 0.374972
v -0.230878 0.131197 0.375827
v -0.230003 0.131456 0.375836
v -0.227918 0.125488 0.375827
v -0.230076 0.125488 0.376629
v -0.229163 0.125488 0.376675
v -0.228773 0.119412 0.374972
v -0.230878 0.119779 0.375827
v -0.230003 0.119520 0.375836
v -0.231206 0.114262 0.372539
v -0.233165 0.114939 0.373540
v -0.232393 0.114460 0.373445
v -0.234848 0.110820 0.368897
v -0.236587 0.111705 0.370118
v -0.235971 0.111079 0.369867
v -0.239145 0.109612 0.364601
v -0.240624 0.110570 0.366081
v -0.240191 0.109892 0.365647
v -0.243441 0.110820 0.360305
v -0.244661 0.111705 0.362044
v -0.244411 0.111079 0.361427
v -0.247083 0.114262 0.356663
v -0.248083 0.114939 0.358622
v -0.247989 0.114460 0.357850
v -0.249516 0.119412 0.354229
v -0.250370 0.119779 0.356335
v -0.250379 0.119520 0.355459
v -0.250371 0.125488 0.353375
v -0.251173 0.125488 0.355532
v -0.251219 0.125488 0.354620
v -0.249516 0.131563 0.354229
v -0.250370 0.131197 0.356335
v -0.250379 0.131456 0.355459
v -0.247083 0.136714 0.356663
v -0.248083 0.136037 0.358622
v -0.247989 0.136516 0.357850
v -0.243441 0.140155 0.360305
v -0.244661 0.139270 0.362044
v -0.244411 0.139896 0.361427
v 0.009326 0.130848 0.134433
v 0.007179 0.135393 0.132286
v -0.003616 0.138430 0.121491
v 0.003965 0.138430 0.129072
v -0.006829 0.135393 0.118278
v -0.009731 0.125488 0.115377
v -0.008977 0.130848 0.116131
v 0.010080 0.125488 0.135187
v 0.009326 0.120127 0.134433
v 0.007179 0.115583 0.132286
v 0.003965 0.112546 0.129072
v -0.003616 0.112546 0.121491
v -0.006829 0.115583 0.118278
v -0.008977 0.120127 0.116131
v -0.227098 0.093606 0.346583
v -0.227098 0.114172 0.346583
v -0.229378 0.093606 0.347036
v -0.229378 0.114172 0.347036
v -0.231310 0.093606 0.348328
v -0.231310 0.114172 0.348328
v -0.232601 0.093606 0.350260
v -0.232601 0.114172 0.350260
v -0.233055 0.093606 0.352540
v -0.233055 0.114172 0.352540
v -0.232601 0.093606 0.354819
v -0.232601 0.114172 0.354819
v -0.231310 0.093606 0.356752
v -0.231310 0.114172 0.356752
v -0.229378 0.093606 0.358043
v -0.229378 0.114172 0.358043
v -0.227098 0.093606 0.358497
v -0.227098 0.114172 0.358497
v -0.224818 0.093606 0.358043
v -0.224818 0.114172 0.358043
v -0.222886 0.093606 0.356752
v -0.222886 0.114172 0.356752
v -0.221595 0.093606 0.354819
v -0.221595 0.114172 0.354819
v -0.221141 0.093606 0.352540
v -0.221141 0.114172 0.352540
v -0.221595 0.093606 0.350260
v -0.221595 0.114172 0.350260
v -0.222886 0.093606 0.348328
v -0.222886 0.114172 0.348328
v -0.224818 0.093606 0.347036
v -0.224818 0.114172 0.347036
v -0.227098 0.114172 0.352540
v -0.227098 0.093606 0.352540
v -0.000000 0.107047 0.103739
v -0.000000 0.143929 0.103739
v 0.008273 0.107047 0.105384
v 0.008273 0.143929 0.105384
v 0.015286 0.107047 0.110070
v 0.015286 0.143929 0.110070
v 0.019972 0.107047 0.117084
v 0.019972 0.143929 0.117084
v 0.021617 0.107047 0.125356
v 0.021617 0.143929 0.125356
v 0.019972 0.107047 0.133629
v 0.019972 0.143929 0.133629
v 0.015286 0.107047 0.140642
v 0.015286 0.143929 0.140642
v 0.008273 0.107047 0.145328
v 0.008273 0.143929 0.145328
v -0.000000 0.107047 0.146974
v -0.000000 0.143929 0.146974
v -0.008273 0.107047 0.145328
v -0.008273 0.143929 0.145328
v -0.015286 0.107047 0.140642
v -0.015286 0.143929 0.140642
v -0.019972 0.107047 0.133629
v -0.019972 0.143929 0.133629
v -0.021617 0.107047 0.125356
v -0.021617 0.143929 0.125356
v -0.019972 0.107047 0.117084
v -0.019972 0.143929 0.117084
v -0.015286 0.107047 0.110070
v -0.015286 0.143929 0.110070
v -0.008273 0.107047 0.105384
v -0.008273 0.143929 0.105384
v -0.000000 0.143929 0.125356
v -0.000000 0.107047 0.125356
v -0.000000 0.159014 0.033212
v -0.000000 0.091962 0.033212
v 0.006345 -0.140807 0.052502
v 0.011725 -0.137212 0.052502
v 0.015319 -0.131833 0.052502
v 0.016581 -0.125488 0.052502
v 0.015319 -0.119143 0.052502
v 0.011725 -0.113763 0.052502
v 0.006345 -0.110169 0.052502
v -0.000000 -0.108907 0.052502
v -0.006345 -0.110169 0.052502
v -0.011725 -0.113763 0.052502
v -0.015319 -0.119143 0.052502
v -0.016581 -0.125488 0.052502
v -0.015319 -0.131833 0.052502
v -0.011725 -0.137212 0.052502
v -0.006345 -0.140807 0.052502
v -0.000000 -0.142069 0.052502
v -0.000000 -0.139496 0.055765
v -0.005361 -0.138430 0.055765
v -0.009905 -0.135393 0.055765
v -0.012942 -0.130848 0.055765
v -0.014008 -0.125488 0.055765
v -0.012942 -0.120127 0.055765
v -0.009905 -0.115583 0.055765
v -0.005361 -0.112546 0.055765
v -0.000000 -0.111480 0.055765
v 0.005361 -0.112546 0.055765
v 0.009905 -0.115583 0.055765
v 0.012942 -0.120127 0.055765
v 0.014008 -0.125488 0.055765
v 0.012942 -0.130848 0.055765
v 0.009905 -0.135393 0.055765
v 0.005361 -0.138430 0.055765
v -0.006345 -0.140807 0.022934
v -0.000000 -0.142069 0.022934
v -0.011725 -0.137212 0.022934
v -0.015319 -0.131833 0.022934
v -0.016581 -0.125488 0.022934
v -0.015319 -0.119143 0.022934
v -0.011725 -0.113763 0.022934
v -0.006345 -0.110169 0.022934
v -0.000000 -0.108907 0.022934
v 0.006345 -0.110169 0.022934
v 0.011725 -0.113763 0.022934
v 0.015319 -0.119143 0.022934
v 0.016581 -0.125488 0.022934
v 0.015319 -0.131833 0.022934
v 0.011725 -0.137212 0.022934
v 0.006345 -0.140807 0.022934
v -0.000000 -0.143392 0.052502
v -0.006852 -0.142029 0.052502
v -0.016541 -0.132339 0.052502
v -0.017904 -0.125488 0.052502
v -0.016541 -0.118636 0.052502
v -0.012660 -0.112828 0.052502
v -0.006852 -0.108947 0.052502
v -0.000000 -0.107584 0.052502
v 0.006852 -0.108947 0.052502
v 0.012660 -0.112828 0.052502
v 0.016541 -0.118636 0.052502
v 0.017904 -0.125488 0.052502
v 0.016541 -0.132339 0.052502
v 0.012660 -0.138148 0.052502
v 0.006852 -0.142029 0.052502
v -0.012660 -0.138148 0.052502
v -0.006852 -0.142029 0.055765
v -0.012660 -0.138148 0.055765
v -0.016541 -0.132339 0.055765
v -0.017904 -0.125488 0.055765
v -0.016541 -0.118636 0.055765
v -0.012660 -0.112828 0.055765
v -0.006852 -0.108947 0.055765
v -0.000000 -0.107584 0.055765
v 0.006852 -0.108947 0.055765
v 0.012660 -0.112828 0.055765
v 0.016541 -0.118636 0.055765
v 0.017904 -0.125488 0.055765
v 0.016541 -0.132339 0.055765
v 0.012660 -0.138148 0.055765
v 0.006852 -0.142029 0.055765
v -0.000000 -0.143392 0.055765
v -0.020517 -0.103157 0.022492
v 0.000907 -0.124581 0.074422
v -0.022331 -0.104971 0.022492
v -0.000907 -0.126395 0.074422
v 0.022331 -0.146005 0.022492
v 0.020517 -0.147819 0.022492
v -0.022331 -0.146005 0.022492
v -0.000907 -0.124581 0.074422
v -0.020517 -0.147819 0.022492
v 0.000907 -0.126395 0.074422
v 0.020517 -0.103157 0.022492
v 0.022331 -0.104971 0.022492
v -0.032742 -0.071995 0.007830
v -0.032742 -0.178981 0.007830
v -0.000000 -0.071995 0.015510
v -0.000000 -0.178981 0.015510
v 0.032742 -0.178981 0.000000
v 0.032742 -0.071995 0.000000
v -0.032742 -0.178981 0.000000
v -0.032742 -0.071995 0.000000
v 0.032742 -0.071995 0.007830
v 0.032742 -0.178981 0.007830
v 0.030249 -0.071995 0.015503
v 0.030249 -0.178981 0.015503
v 0.023152 -0.071995 0.022008
v 0.023152 -0.178981 0.022008
v 0.012530 -0.071995 0.026355
v 0.012530 -0.178981 0.026355
v -0.000000 -0.071995 0.027881
v -0.000000 -0.178981 0.027881
v -0.012530 -0.071995 0.026355
v -0.012530 -0.178981 0.026355
v -0.023152 -0.071995 0.022008
v -0.023152 -0.178981 0.022008
v -0.030249 -0.071995 0.015503
v -0.030249 -0.178981 0.015503
v -0.007287 -0.159014 0.033212
v -0.007287 -0.159014 0.023019
v -0.003643 -0.152703 0.033212
v -0.003643 -0.152703 0.023019
v 0.003643 -0.152703 0.033212
v 0.003643 -0.152703 0.023019
v 0.007287 -0.159014 0.033212
v 0.007287 -0.159014 0.023019
v 0.003643 -0.165324 0.033212
v 0.003643 -0.165324 0.023019
v -0.003643 -0.165324 0.033212
v -0.003643 -0.165324 0.023019
v -0.007287 -0.091962 0.033212
v -0.007287 -0.091962 0.023019
v -0.003643 -0.098272 0.033212
v -0.003643 -0.098272 0.023019
v 0.003643 -0.098272 0.033212
v 0.003643 -0.098272 0.023019
v 0.007287 -0.091962 0.033212
v 0.007287 -0.091962 0.023019
v 0.003643 -0.085652 0.033212
v 0.003643 -0.085652 0.023019
v -0.003643 -0.085652 0.033212
v -0.003643 -0.085652 0.023019
v -0.000000 -0.139496 0.113128
v -0.012942 -0.130848 0.113128
v -0.009905 -0.135393 0.113128
v 0.005361 -0.138430 0.113128
v -0.005361 -0.138430 0.113128
v 0.009905 -0.135393 0.113128
v 0.014008 -0.125488 0.113128
v 0.012942 -0.130848 0.113128
v -0.014008 -0.125488 0.113128
v -0.012942 -0.120127 0.113128
v -0.009905 -0.115583 0.113128
v -0.005361 -0.112546 0.113128
v -0.000000 -0.111480 0.113128
v 0.005361 -0.112546 0.113128
v 0.009905 -0.115583 0.113128
v 0.012942 -0.120127 0.113128
v 0.216184 -0.139496 0.341555
v 0.219975 -0.138430 0.337765
v 0.223188 -0.135393 0.334551
v 0.225336 -0.130848 0.332404
v 0.226090 -0.125488 0.331650
v 0.225336 -0.120127 0.332404
v 0.223188 -0.115583 0.334551
v 0.219975 -0.112546 0.337765
v 0.216184 -0.111480 0.341555
v 0.212394 -0.112546 0.345346
v 0.209180 -0.115583 0.348559
v 0.207033 -0.120127 0.350706
v 0.206279 -0.125488 0.351460
v 0.207033 -0.130848 0.350706
v 0.209180 -0.135393 0.348559
v 0.212394 -0.138430 0.345346
v 0.211888 -0.140155 0.345851
v 0.208246 -0.136714 0.349493
v 0.205813 -0.131563 0.351927
v 0.204958 -0.125488 0.352781
v 0.205813 -0.119412 0.351927
v 0.208246 -0.114262 0.349493
v 0.211888 -0.110820 0.345851
v 0.216184 -0.109612 0.341555
v 0.220480 -0.110820 0.337259
v 0.224122 -0.114262 0.333617
v 0.226556 -0.119412 0.331184
v 0.227410 -0.125488 0.330329
v 0.226556 -0.131563 0.331184
v 0.224122 -0.136714 0.333617
v 0.220480 -0.140155 0.337259
v 0.216184 -0.141364 0.341555
v 0.240710 -0.125488 0.366081
v 0.240710 -0.140406 0.366081
v 0.239230 -0.141364 0.364601
v 0.240276 -0.141083 0.365647
v 0.234934 -0.140155 0.368897
v 0.236673 -0.139270 0.370118
v 0.236056 -0.139896 0.369867
v 0.231292 -0.136714 0.372539
v 0.233251 -0.136037 0.373540
v 0.232479 -0.136516 0.373445
v 0.228859 -0.131563 0.374972
v 0.230964 -0.131197 0.375826
v 0.230088 -0.131456 0.375836
v 0.228004 -0.125488 0.375827
v 0.230161 -0.125488 0.376629
v 0.229249 -0.125488 0.376675
v 0.228859 -0.119412 0.374972
v 0.230964 -0.119779 0.375826
v 0.230088 -0.119520 0.375836
v 0.231292 -0.114262 0.372539
v 0.233251 -0.114939 0.373540
v 0.232479 -0.114460 0.373445
v 0.234934 -0.110820 0.368897
v 0.236673 -0.111705 0.370118
v 0.236056 -0.111079 0.369867
v 0.239230 -0.109612 0.364601
v 0.240710 -0.110570 0.366081
v 0.240276 -0.109892 0.365647
v 0.243526 -0.110820 0.360305
v 0.244747 -0.111705 0.362044
v 0.244497 -0.111079 0.361427
v 0.247168 -0.114262 0.356663
v 0.248169 -0.114939 0.358622
v 0.248074 -0.114460 0.357850
v 0.249602 -0.119412 0.354229
v 0.250456 -0.119779 0.356335
v 0.250465 -0.119520 0.355459
v 0.250456 -0.125488 0.353375
v 0.251259 -0.125488 0.355532
v 0.251304 -0.125488 0.354620
v 0.249602 -0.131563 0.354229
v 0.250456 -0.131197 0.356335
v 0.250465 -0.131456 0.355459
v 0.247168 -0.136714 0.356663
v 0.248169 -0.136037 0.358622
v 0.248074 -0.136516 0.357850
v 0.243526 -0.140155 0.360305
v 0.244747 -0.139270 0.362044
v 0.244497 -0.139896 0.361427
v 0.000043 -0.139496 0.125282
v -0.009240 -0.130848 0.134433
v -0.007093 -0.135393 0.132286
v 0.003702 -0.138430 0.121491
v -0.003880 -0.138430 0.129072
v 0.006915 -0.135393 0.118278
v 0.009816 -0.125488 0.115377
v 0.009062 -0.130848 0.116131
v -0.009994 -0.125488 0.135187
v -0.009240 -0.120127 0.134433
v -0.007093 -0.115583 0.132286
v -0.003880 -0.112546 0.129072
v 0.000043 -0.111480 0.125282
v 0.003702 -0.112546 0.121491
v 0.006915 -0.115583 0.118278
v 0.009062 -0.120127 0.116131
v 0.227184 -0.093606 0.346583
v 0.227184 -0.114172 0.346583
v 0.229463 -0.093606 0.347036
v 0.229463 -0.114172 0.347036
v 0.231396 -0.093606 0.348328
v 0.231396 -0.114172 0.348328
v 0.232687 -0.093606 0.350260
v 0.232687 -0.114172 0.350260
v 0.233140 -0.093606 0.352540
v 0.233140 -0.114172 0.352540
v 0.232687 -0.093606 0.354819
v 0.232687 -0.114172 0.354819
v 0.231396 -0.093606 0.356752
v 0.231396 -0.114172 0.356752
v 0.229463 -0.093606 0.358043
v 0.229463 -0.114172 0.358043
v 0.227184 -0.093606 0.358497
v 0.227184 -0.114172 0.358497
v 0.224904 -0.093606 0.358043
v 0.224904 -0.114172 0.358043
v 0.222971 -0.093606 0.356752
v 0.222971 -0.114172 0.356752
v 0.221680 -0.093606 0.354819
v 0.221680 -0.114172 0.354819
v 0.221227 -0.093606 0.352540
v 0.221227 -0.114172 0.352540
v 0.221680 -0.093606 0.350260
v 0.221680 -0.114172 0.350260
v 0.222971 -0.093606 0.348328
v 0.222971 -0.114172 0.348328
v 0.224904 -0.093606 0.347036
v 0.224904 -0.114172 0.347036
v 0.227184 -0.114172 0.352540
v 0.227184 -0.093606 0.352540
v -0.216099 -0.139496 0.341555
v -0.219889 -0.138430 0.337765
v -0.223103 -0.135393 0.334551
v -0.225250 -0.130848 0.332404
v -0.226004 -0.125488 0.331650
v -0.225250 -0.120127 0.332404
v -0.223103 -0.115583 0.334551
v -0.219889 -0.112546 0.337765
v -0.216099 -0.111480 0.341555
v -0.212308 -0.112546 0.345346
v -0.209095 -0.115583 0.348559
v -0.206948 -0.120127 0.350706
v -0.206194 -0.125488 0.351460
v -0.206948 -0.130848 0.350706
v -0.209095 -0.135393 0.348559
v -0.212308 -0.138430 0.345346
v -0.211803 -0.140155 0.345851
v -0.208161 -0.136714 0.349493
v -0.205727 -0.131563 0.351927
v -0.204873 -0.125488 0.352781
v -0.205727 -0.119412 0.351927
v -0.208161 -0.114262 0.349493
v -0.211803 -0.110820 0.345851
v -0.216099 -0.109612 0.341555
v -0.220395 -0.110820 0.337259
v -0.224037 -0.114262 0.333617
v -0.226470 -0.119412 0.331184
v -0.227325 -0.125488 0.330329
v -0.226470 -0.131563 0.331184
v -0.224037 -0.136714 0.333617
v -0.220395 -0.140155 0.337259
v -0.216099 -0.141364 0.341555
v -0.240624 -0.125488 0.366081
v -0.240624 -0.140406 0.366081
v -0.239145 -0.141364 0.364601
v -0.240191 -0.141083 0.365647
v -0.234848 -0.140155 0.368897
v -0.236587 -0.139270 0.370118
v -0.235971 -0.139896 0.369867
v -0.231206 -0.136714 0.372539
v -0.233165 -0.136037 0.373540
v -0.232393 -0.136516 0.373445
v -0.228773 -0.131563 0.374972
v -0.230878 -0.131197 0.375827
v -0.230003 -0.131456 0.375836
v -0.227918 -0.125488 0.375827
v -0.230076 -0.125488 0.376629
v -0.229163 -0.125488 0.376675
v -0.228773 -0.119412 0.374972
v -0.230878 -0.119779 0.375827
v -0.230003 -0.119520 0.375836
v -0.231206 -0.114262 0.372539
v -0.233165 -0.114939 0.373540
v -0.232393 -0.114460 0.373445
v -0.234848 -0.110820 0.368897
v -0.236587 -0.111705 0.370118
v -0.235971 -0.111079 0.369867
v -0.239145 -0.109612 0.364601
v -0.240624 -0.110570 0.366081
v -0.240191 -0.109892 0.365647
v -0.243441 -0.110820 0.360305
v -0.244661 -0.111705 0.362044
v -0.244411 -0.111079 0.361427
v -0.247083 -0.114262 0.356663
v -0.248083 -0.114939 0.358622
v -0.247989 -0.114460 0.357850
v -0.249516 -0.119412 0.354229
v -0.250370 -0.119779 0.356335
v -0.250379 -0.119520 0.355459
v -0.250371 -0.125488 0.353375
v -0.251173 -0.125488 0.355532
v -0.251219 -0.125488 0.354620
v -0.249516 -0.131563 0.354229
v -0.250370 -0.131197 0.356335
v -0.250379 -0.131456 0.355459
v -0.247083 -0.136714 0.356663
v -0.248083 -0.136037 0.358622
v -0.247989 -0.136516 0.357850
v -0.243441 -0.140155 0.360305
v -0.244661 -0.139270 0.362044
v -0.244411 -0.139896 0.361427
v 0.009326 -0.130848 0.134433
v 0.007179 -0.135393 0.132286
v -0.003616 -0.138430 0.121491
v 0.003965 -0.138430 0.129072
v -0.006829 -0.135393 0.118278
v -0.009731 -0.125488 0.115377
v -0.008977 -0.130848 0.116131
v 0.010080 -0.125488 0.135187
v 0.009326 -0.120127 0.134433
v 0.007179 -0.115583 0.132286
v 0.003965 -0.112546 0.129072
v -0.003616 -0.112546 0.121491
v -0.006829 -0.115583 0.118278
v -0.008977 -0.120127 0.116131
v -0.227098 -0.093606 0.346583
v -0.227098 -0.114172 0.346583
v -0.229378 -0.093606 0.347036
v -0.229378 -0.114172 0.347036
v -0.231310 -0.093606 0.348328
v -0.231310 -0.114172 0.348328
v -0.232601 -0.093606 0.350260
v -0.232601 -0.114172 0.350260
v -0.233055 -0.093606 0.352540
v -0.233055 -0.114172 0.352540
v -0.232601 -0.093606 0.354819
v -0.232601 -0.114172 0.354819
v -0.231310 -0.093606 0.356752
v -0.231310 -0.114172 0.356752
v -0.229378 -0.093606 0.358043
v -0.229378 -0.114172 0.358043
v -0.227098 -0.093606 0.358497
v -0.227098 -0.114172 0.358497
v -0.224818 -0.093606 0.358043
v -0.224818 -0.114172 0.358043
v -0.222886 -0.093606 0.356752
v -0.222886 -0.114172 0.356752
v -0.221595 -0.093606 0.354819
v -0.221595 -0.114172 0.354819
v -0.221141 -0.093606 0.352540
v -0.221141 -0.114172 0.352540
v -0.221595 -0.093606 0.350260
v -0.221595 -0.114172 0.350260
v -0.222886 -0.093606 0.348328
v -0.222886 -0.114172 0.348328
v -0.224818 -0.093606 0.347036
v -0.224818 -0.114172 0.347036
v -0.227098 -0.114172 0.352540
v -0.227098 -0.093606 0.352540
v -0.000000 -0.107047 0.103739
v -0.000000 -0.143929 0.103739
v 0.008273 -0.107047 0.105384
v 0.008273 -0.143929 0.105384
v 0.015286 -0.107047 0.110070
v 0.015286 -0.143929 0.110070
v 0.019972 -0.107047 0.117084
v 0.019972 -0.143929 0.117084
v 0.021617 -0.107047 0.125356
v 0.021617 -0.143929 0.125356
v 0.019972 -0.107047 0.133629
v 0.019972 -0.143929 0.133629
v 0.015286 -0.107047 0.140642
v 0.015286 -0.143929 0.140642
v 0.008273 -0.107047 0.145328
v 0.008273 -0.143929 0.145328
v -0.000000 -0.107047 0.146974
v -0.000000 -0.143929 0.146974
v -0.008273 -0.107047 0.145328
v -0.008273 -0.143929 0.145328
v -0.015286 -0.107047 0.140642
v -0.015286 -0.143929 0.140642
v -0.019972 -0.107047 0.133629
v -0.019972 -0.143929 0.133629
v -0.021617 -0.107047 0.125356
v -0.021617 -0.143929 0.125356
v -0.019972 -0.107047 0.117084
v -0.019972 -0.143929 0.117084
v -0.015286 -0.107047 0.110070
v -0.015286 -0.143929 0.110070
v -0.008273 -0.107047 0.105384
v -0.008273 -0.143929 0.105384
v -0.000000 -0.143929 0.125356
v -0.000000 -0.107047 0.125356
v -0.000000 -0.159014 0.033212
v -0.000000 -0.091962 0.033212
vn -0.0000 -0.0000 1.0000
vn -0.0000 -0.0000 -1.0000
vn 0.7071 0.7071 -0.0000
vn 0.3827 0.9239 -0.0000
vn -0.0000 1.0000 -0.0000
vn 0.9239 0.3827 -0.0000
vn 1.0000 -0.0000 -0.0000
vn 0.9239 -0.3827 -0.0000
vn 0.7071 -0.7071 -0.0000
vn 0.3827 -0.9239 -0.0000
vn -0.0000 -1.0000 -0.0000
vn -0.3827 -0.9239 -0.0000
vn -0.7071 -0.7071 -0.0000
vn -0.9239 -0.3827 -0.0000
vn -1.0000 -0.0000 -0.0000
vn -0.9239 0.3827 -0.0000
vn -0.7071 0.7071 -0.0000
vn -0.3827 0.9239 -0.0000
vn -0.6108 -0.6108 0.5039
vn -0.6107 -0.6108 0.5039
vn 0.6108 0.6108 0.5039
vn -0.6108 0.6108 0.5039
vn 0.6108 -0.6108 0.5039
vn 0.9877 -0.0000 0.1564
vn 0.8411 -0.0000 0.5409
vn 0.5355 -0.0000 0.8445
vn 0.2521 -0.0000 0.9677
vn -0.2521 -0.0000 0.9677
vn -0.5355 -0.0000 0.8445
vn -0.8411 -0.0000 0.5409
vn -0.9877 -0.0000 0.1564
vn -0.8660 -0.5000 -0.0000
vn 0.8660 -0.5000 -0.0000
vn 0.8660 0.5000 -0.0000
vn -0.8660 0.5000 -0.0000
vn -0.7071 -0.0000 -0.7071
vn -0.2040 0.9199 0.3348
vn 0.1317 0.9825 0.1317
vn 0.0654 0.9957 0.0654
vn 0.3427 0.6199 0.7059
vn 0.5243 0.6710 0.5243
vn -0.4325 0.7041 0.5633
vn -0.1341 0.9077 0.3976
vn 0.1889 0.4744 0.8598
vn 0.3428 0.6199 0.7059
vn -0.5851 0.3810 0.7159
vn -0.3595 0.6947 0.6230
vn 0.0860 0.2568 0.9626
vn -0.6387 -0.0000 0.7695
vn -0.5101 0.3760 0.7736
vn 0.0499 -0.0000 0.9988
vn -0.5851 -0.3810 0.7159
vn -0.5630 -0.0000 0.8264
vn 0.0860 -0.2568 0.9626
vn -0.3595 -0.6947 0.6230
vn -0.5101 -0.3760 0.7736
vn 0.1889 -0.4744 0.8598
vn -0.2040 -0.9199 0.3348
vn -0.4325 -0.7041 0.5633
vn 0.3428 -0.6199 0.7059
vn 0.1888 -0.4744 0.8598
vn 0.1317 -0.9825 0.1317
vn -0.1342 -0.9077 0.3976
vn 0.5243 -0.6710 0.5243
vn 0.0654 -0.9957 0.0654
vn 0.3976 -0.9077 -0.1342
vn 0.7059 -0.6199 0.3428
vn 0.5633 -0.7041 -0.4325
vn 0.3348 -0.9199 -0.2040
vn 0.8598 -0.4744 0.1888
vn 0.7159 -0.3810 -0.5851
vn 0.6230 -0.6947 -0.3595
vn 0.9626 -0.2568 0.0860
vn 0.8265 -0.0000 -0.5630
vn 0.7736 -0.3760 -0.5101
vn 0.9988 -0.0000 0.0498
vn 0.7695 -0.0000 -0.6387
vn 0.7736 0.3760 -0.5101
vn 0.9988 -0.0000 0.0499
vn 0.9626 0.2568 0.0860
vn 0.7159 0.3810 -0.5851
vn 0.6230 0.6947 -0.3595
vn 0.8598 0.4744 0.1888
vn 0.5633 0.7041 -0.4325
vn 0.3976 0.9077 -0.1342
vn 0.7059 0.6199 0.3428
vn 0.3348 0.9199 -0.2040
vn 0.7071 -0.0000 0.7071
vn 0.2706 0.9239 -0.2706
vn -0.5000 0.7071 0.5000
vn -0.6533 0.3827 0.6533
vn -0.6533 -0.3827 0.6533
vn -0.5000 -0.7071 0.5000
vn 0.2706 -0.9239 -0.2706
vn 0.6533 -0.3827 -0.6533
vn 0.7071 -0.0000 -0.7071
vn 0.5000 0.7071 -0.5000
vn 0.0024 1.0000 -0.0024
vn -0.2706 0.9239 0.2706
vn -0.2702 0.9241 0.2702
vn -0.7071 -0.0000 0.7071
vn -0.2706 -0.9239 0.2706
vn 0.0024 -1.0000 -0.0024
vn 0.2724 -0.9228 -0.2724
vn 0.5000 -0.7071 -0.5000
vn 0.6533 0.3827 -0.6533
vn 0.3827 -0.0000 -0.9239
vn 0.9239 -0.0000 -0.3827
vn 0.9239 -0.0000 0.3827
vn 0.3827 -0.0000 0.9239
vn -0.3827 -0.0000 0.9239
vn -0.9239 -0.0000 0.3827
vn -0.9239 -0.0000 -0.3827
vn -0.3827 -0.0000 -0.9239
vn -0.0654 0.9957 0.0654
vn 0.1341 0.9077 0.3976
vn 0.2040 0.9199 0.3348
vn -0.5243 0.6710 0.5243
vn -0.3427 0.6199 0.7059
vn -0.3428 0.6199 0.7059
vn 0.4325 0.7041 0.5632
vn -0.1889 0.4744 0.8598
vn 0.3595 0.6947 0.6230
vn 0.5851 0.3810 0.7159
vn -0.0860 0.2568 0.9626
vn 0.5630 -0.0000 0.8265
vn 0.6387 -0.0000 0.7695
vn -0.0499 -0.0000 0.9988
vn 0.5851 -0.3810 0.7159
vn -0.0860 -0.2568 0.9626
vn 0.3595 -0.6947 0.6230
vn 0.4325 -0.7041 0.5633
vn -0.1888 -0.4744 0.8598
vn 0.2040 -0.9199 0.3348
vn -0.3428 -0.6199 0.7059
vn 0.1341 -0.9077 0.3976
vn -0.0654 -0.9957 0.0654
vn -0.5243 -0.6710 0.5243
vn -0.1317 -0.9825 0.1317
vn -0.3348 -0.9199 -0.2040
vn -0.7059 -0.6199 0.3428
vn -0.6230 -0.6947 -0.3595
vn -0.5633 -0.7041 -0.4325
vn -0.8598 -0.4744 0.1888
vn -0.7159 -0.3810 -0.5851
vn -0.9626 -0.2568 0.0859
vn -0.7736 -0.3760 -0.5101
vn -0.7695 -0.0000 -0.6387
vn -0.9988 -0.0000 0.0499
vn -0.7736 0.3760 -0.5101
vn -0.7159 0.3810 -0.5851
vn -0.9626 0.2568 0.0859
vn -0.6230 0.6947 -0.3595
vn -0.5633 0.7041 -0.4325
vn -0.8598 0.4744 0.1888
vn -0.3976 0.9077 -0.1342
vn -0.3348 0.9199 -0.2040
vn -0.7059 0.6199 0.3428
vn -0.1317 0.9825 0.1317
vn 0.2706 0.9239 0.2706
vn -0.2706 0.9239 -0.2706
vn 0.5000 0.7071 0.5000
vn 0.6533 0.3827 0.6533
vn 0.6533 -0.3827 0.6533
vn 0.5000 -0.7071 0.5000
vn 0.2706 -0.9239 0.2706
vn -0.2706 -0.9239 -0.2706
vn -0.6533 -0.3827 -0.6533
vn -0.5000 -0.7071 -0.5000
vn -0.6533 0.3827 -0.6533
vn -0.5000 0.7071 -0.5000
vn -0.0024 1.0000 -0.0024
vn 0.2702 0.9241 0.2702
vn -0.0024 -1.0000 -0.0024
vn 0.2702 -0.9241 0.2702
vn -0.2724 -0.9228 -0.2724
vn -0.2724 0.9228 -0.2724
vn -0.1341 -0.9077 0.3976
vn -0.4325 -0.7041 0.5632
vn 0.1888 0.4744 0.8598
vn -0.1342 0.9077 0.3976
vn -0.2702 -0.9241 0.2702
vn 0.2724 0.9228 -0.2724
vn -0.3427 -0.6199 0.7059
vn -0.1889 -0.4744 0.8598
vn 0.5101 -0.3760 0.7736
vn -0.0860 0.2567 0.9626
vn 0.5101 0.3760 0.7736
vn -0.1888 0.4744 0.8598
vn 0.4325 0.7041 0.5633
vn -0.9626 0.2568 0.0860
vn -0.8264 -0.0000 -0.5630
vn -0.3976 -0.9077 -0.1342
vn 0.5102 -0.3760 0.7735
vn -0.8265 -0.0000 -0.5630
vt 0.026397 0.735814
vt 0.026416 0.736302
vt 0.026213 0.735998
vt 0.025550 0.737769
vt 0.025092 0.737767
vt 0.025550 0.737858
vt 0.026747 0.736661
vt 0.026487 0.736661
vt 0.026334 0.735877
vt 0.026008 0.735555
vt 0.025975 0.735636
vt 0.026416 0.737019
vt 0.026656 0.737119
vt 0.026213 0.737323
vt 0.026575 0.736236
vt 0.025192 0.737526
vt 0.025550 0.737597
vt 0.026397 0.737507
vt 0.025909 0.737526
vt 0.024888 0.737323
vt 0.026008 0.737767
vt 0.024444 0.737119
vt 0.024685 0.737019
vt 0.024766 0.737445
vt 0.024704 0.737507
vt 0.025909 0.735795
vt 0.025550 0.735724
vt 0.025192 0.735795
vt 0.024888 0.735998
vt 0.024685 0.736302
vt 0.024614 0.736661
vt 0.025126 0.737685
vt 0.024526 0.737085
vt 0.024442 0.736661
vt 0.024526 0.736236
vt 0.024766 0.735877
vt 0.025126 0.735636
vt 0.025550 0.735552
vt 0.026659 0.736661
vt 0.026575 0.737085
vt 0.026334 0.737445
vt 0.025975 0.737685
vt 0.025550 0.735464
vt 0.024353 0.736661
vt 0.025092 0.735555
vt 0.024704 0.735814
vt 0.024444 0.736203
vt 0.026656 0.736203
vt 0.025611 0.736600
vt 0.024057 0.735289
vt 0.024178 0.735168
vt 0.025490 0.736721
vt 0.026922 0.738154
vt 0.027044 0.738033
vt 0.024057 0.738033
vt 0.025611 0.736721
vt 0.024178 0.738154
vt 0.027043 0.735289
vt 0.025490 0.736600
vt 0.026922 0.735168
vt 0.023528 0.733084
vt 0.023361 0.733084
vt 0.025550 0.733084
vt 0.026388 0.733084
vt 0.027098 0.740237
vt 0.027573 0.740237
vt 0.025550 0.740237
vt 0.026388 0.740237
vt 0.024713 0.740237
vt 0.027573 0.733084
vt 0.027098 0.733084
vt 0.024002 0.740237
vt 0.027740 0.740237
vt 0.027740 0.733084
vt 0.024713 0.733084
vt 0.024002 0.733084
vt 0.023528 0.740237
vt 0.023361 0.740237
vt 0.093978 0.085053
vt 0.094221 0.084631
vt 0.094709 0.084631
vt 0.094952 0.085053
vt 0.094709 0.085475
vt 0.094221 0.085475
vt 0.093978 0.080570
vt 0.094221 0.080148
vt 0.094465 0.080570
vt 0.094221 0.080992
vt 0.094709 0.080992
vt 0.094952 0.080570
vt 0.094709 0.080148
vt 0.039393 0.736302
vt 0.039255 0.736661
vt 0.039343 0.736661
vt 0.039537 0.735998
vt 0.039312 0.736254
vt 0.039752 0.735795
vt 0.039475 0.735910
vt 0.040005 0.735724
vt 0.039718 0.735680
vt 0.040293 0.735680
vt 0.040005 0.735599
vt 0.040259 0.735795
vt 0.040536 0.735910
vt 0.040617 0.736302
vt 0.040474 0.735998
vt 0.040668 0.736661
vt 0.040699 0.736254
vt 0.039393 0.737019
vt 0.039312 0.737067
vt 0.039537 0.737323
vt 0.039475 0.737411
vt 0.040005 0.737597
vt 0.040293 0.737641
vt 0.040259 0.737526
vt 0.039752 0.737526
vt 0.039718 0.737641
vt 0.040536 0.737411
vt 0.040474 0.737323
vt 0.040005 0.737722
vt 0.040617 0.737019
vt 0.040699 0.737067
vt 0.040756 0.736661
vt 0.041259 0.737641
vt 0.041616 0.737704
vt 0.041546 0.737722
vt 0.041334 0.737624
vt 0.041645 0.737658
vt 0.041016 0.737411
vt 0.041095 0.737398
vt 0.041375 0.737582
vt 0.040853 0.737067
vt 0.040994 0.737042
vt 0.041146 0.737366
vt 0.040796 0.736661
vt 0.040935 0.737060
vt 0.040940 0.736661
vt 0.040853 0.736254
vt 0.040879 0.736661
vt 0.040935 0.736262
vt 0.041095 0.735923
vt 0.040994 0.736279
vt 0.041259 0.735680
vt 0.041016 0.735910
vt 0.041334 0.735697
vt 0.041146 0.735955
vt 0.041616 0.735618
vt 0.041645 0.735663
vt 0.041375 0.735739
vt 0.041546 0.735599
vt 0.041898 0.735697
vt 0.042077 0.735910
vt 0.041834 0.735680
vt 0.042144 0.735955
vt 0.041915 0.735739
vt 0.042240 0.736254
vt 0.042138 0.735923
vt 0.042298 0.736262
vt 0.042354 0.736661
vt 0.042351 0.736661
vt 0.042297 0.736279
vt 0.042297 0.736661
vt 0.042298 0.737060
vt 0.042297 0.737042
vt 0.042240 0.737067
vt 0.042138 0.737398
vt 0.042077 0.737411
vt 0.041898 0.737624
vt 0.042144 0.737366
vt 0.041834 0.737641
vt 0.041915 0.737582
vt 0.041645 0.736661
vt 0.025553 0.737597
vt 0.025291 0.737526
vt 0.025076 0.737323
vt 0.024933 0.737019
vt 0.024882 0.736661
vt 0.024933 0.736302
vt 0.025076 0.735998
vt 0.025553 0.735724
vt 0.025798 0.735795
vt 0.026013 0.735998
vt 0.026156 0.736302
vt 0.026207 0.736661
vt 0.026156 0.737019
vt 0.026013 0.737323
vt 0.040741 0.735904
vt 0.040893 0.734529
vt 0.040741 0.734529
vt 0.040893 0.735904
vt 0.041022 0.734529
vt 0.041022 0.735904
vt 0.041109 0.734529
vt 0.041109 0.735904
vt 0.041139 0.734529
vt 0.041139 0.735904
vt 0.040588 0.734529
vt 0.040588 0.735904
vt 0.040459 0.734529
vt 0.040459 0.735904
vt 0.040373 0.734529
vt 0.040373 0.735904
vt 0.040342 0.734529
vt 0.040342 0.735904
vt 0.011852 0.736661
vt 0.011713 0.736302
vt 0.011763 0.736661
vt 0.011632 0.735910
vt 0.011569 0.735998
vt 0.011388 0.735680
vt 0.011355 0.735795
vt 0.011101 0.735724
vt 0.010814 0.735680
vt 0.010848 0.735795
vt 0.010633 0.735998
vt 0.010570 0.735910
vt 0.010489 0.736302
vt 0.010350 0.736661
vt 0.010439 0.736661
vt 0.011713 0.737019
vt 0.011632 0.737411
vt 0.011569 0.737323
vt 0.010814 0.737641
vt 0.011101 0.737597
vt 0.010848 0.737526
vt 0.011388 0.737641
vt 0.011355 0.737526
vt 0.010570 0.737411
vt 0.010633 0.737323
vt 0.010489 0.737019
vt 0.009560 0.737722
vt 0.009772 0.737624
vt 0.009847 0.737641
vt 0.009490 0.737704
vt 0.009731 0.737582
vt 0.010091 0.737411
vt 0.009960 0.737366
vt 0.010012 0.737398
vt 0.010254 0.737067
vt 0.010113 0.737042
vt 0.010171 0.737060
vt 0.010228 0.736661
vt 0.010311 0.736661
vt 0.010167 0.736661
vt 0.010254 0.736254
vt 0.010113 0.736279
vt 0.010171 0.736262
vt 0.010012 0.735923
vt 0.010091 0.735910
vt 0.009847 0.735680
vt 0.009960 0.735955
vt 0.009772 0.735697
vt 0.009560 0.735599
vt 0.009731 0.735739
vt 0.009490 0.735618
vt 0.009273 0.735680
vt 0.009461 0.735663
vt 0.009208 0.735697
vt 0.008969 0.735923
vt 0.009029 0.735910
vt 0.009191 0.735739
vt 0.008867 0.736254
vt 0.008810 0.736279
vt 0.008809 0.736262
vt 0.008810 0.736661
vt 0.008756 0.736661
vt 0.008753 0.736661
vt 0.008809 0.737060
vt 0.008867 0.737067
vt 0.008969 0.737398
vt 0.009029 0.737411
vt 0.008810 0.737042
vt 0.009208 0.737624
vt 0.009273 0.737641
vt 0.009191 0.737582
vt 0.009461 0.737658
vt 0.011101 0.737722
vt 0.009461 0.736661
vt 0.011795 0.737067
vt 0.011795 0.736254
vt 0.011101 0.735599
vt 0.008962 0.735955
vt 0.010408 0.736254
vt 0.010408 0.737067
vt 0.008962 0.737366
vt 0.025815 0.737526
vt 0.026030 0.737323
vt 0.026224 0.736661
vt 0.026174 0.737019
vt 0.026174 0.736302
vt 0.026030 0.735998
vt 0.025815 0.735795
vt 0.025309 0.735795
vt 0.025094 0.735998
vt 0.024950 0.736302
vt 0.024900 0.736661
vt 0.024950 0.737019
vt 0.025094 0.737323
vt 0.025309 0.737526
vt 0.010213 0.734529
vt 0.010366 0.735904
vt 0.010366 0.734529
vt 0.010084 0.734529
vt 0.010213 0.735904
vt 0.009998 0.734529
vt 0.010084 0.735904
vt 0.009967 0.734529
vt 0.009998 0.735904
vt 0.009967 0.735904
vt 0.010518 0.734529
vt 0.010647 0.734529
vt 0.010518 0.735904
vt 0.010734 0.734529
vt 0.010647 0.735904
vt 0.010764 0.734529
vt 0.010734 0.735904
vt 0.010764 0.735904
vt 0.025550 0.737894
vt 0.026103 0.735428
vt 0.025550 0.735428
vt 0.026103 0.737894
vt 0.026572 0.735428
vt 0.026572 0.737894
vt 0.026886 0.735428
vt 0.026886 0.737894
vt 0.026996 0.735428
vt 0.026996 0.737894
vt 0.024997 0.735428
vt 0.024997 0.737894
vt 0.024528 0.735428
vt 0.024528 0.737894
vt 0.024215 0.735428
vt 0.024215 0.737894
vt 0.024105 0.735428
vt 0.024105 0.737894
vt 0.094465 0.085053
vt 0.026416 0.720238
vt 0.026397 0.720726
vt 0.026213 0.720542
vt 0.025550 0.718771
vt 0.025092 0.718773
vt 0.025126 0.718855
vt 0.026747 0.719879
vt 0.026656 0.720338
vt 0.026008 0.720985
vt 0.026334 0.720663
vt 0.025975 0.720904
vt 0.026416 0.719521
vt 0.026487 0.719879
vt 0.026213 0.719217
vt 0.026656 0.719421
vt 0.026575 0.720304
vt 0.025192 0.719014
vt 0.025550 0.718682
vt 0.025550 0.718943
vt 0.025909 0.719014
vt 0.026397 0.719033
vt 0.024704 0.719033
vt 0.026008 0.718773
vt 0.024888 0.719217
vt 0.024444 0.719421
vt 0.024766 0.719095
vt 0.024526 0.719455
vt 0.025909 0.720745
vt 0.025550 0.720816
vt 0.025192 0.720745
vt 0.024888 0.720542
vt 0.024685 0.720238
vt 0.024614 0.719879
vt 0.024685 0.719521
vt 0.024442 0.719879
vt 0.024526 0.720304
vt 0.024766 0.720663
vt 0.025126 0.720904
vt 0.025550 0.720988
vt 0.026659 0.719879
vt 0.026575 0.719455
vt 0.026334 0.719095
vt 0.025975 0.718855
vt 0.025550 0.721077
vt 0.024353 0.719879
vt 0.025092 0.720985
vt 0.024704 0.720726
vt 0.024444 0.720338
vt 0.024178 0.721373
vt 0.025490 0.719819
vt 0.025611 0.719940
vt 0.024057 0.721251
vt 0.026922 0.718386
vt 0.027044 0.718508
vt 0.024178 0.718386
vt 0.025490 0.719940
vt 0.024057 0.718508
vt 0.027043 0.721251
vt 0.025611 0.719819
vt 0.026922 0.721373
vt 0.023528 0.723456
vt 0.025550 0.723456
vt 0.023361 0.723456
vt 0.026388 0.723456
vt 0.027098 0.716303
vt 0.025550 0.716303
vt 0.027573 0.716303
vt 0.026388 0.716303
vt 0.024713 0.716303
vt 0.027573 0.723456
vt 0.027098 0.723456
vt 0.024002 0.716303
vt 0.027740 0.716303
vt 0.027740 0.723456
vt 0.024713 0.723456
vt 0.024002 0.723456
vt 0.023528 0.716303
vt 0.023361 0.716303
vt 0.094221 0.064211
vt 0.093978 0.063789
vt 0.094709 0.064211
vt 0.094952 0.063789
vt 0.094709 0.063367
vt 0.094221 0.063367
vt 0.093978 0.068272
vt 0.094465 0.068272
vt 0.094221 0.068694
vt 0.094221 0.067850
vt 0.094709 0.067850
vt 0.094952 0.068272
vt 0.094709 0.068694
vt 0.039255 0.719879
vt 0.039393 0.720238
vt 0.039343 0.719879
vt 0.039312 0.720286
vt 0.039537 0.720542
vt 0.039475 0.720630
vt 0.039752 0.720745
vt 0.039718 0.720860
vt 0.040005 0.720816
vt 0.040293 0.720860
vt 0.040259 0.720745
vt 0.040536 0.720630
vt 0.040474 0.720542
vt 0.040617 0.720238
vt 0.040699 0.720286
vt 0.040668 0.719879
vt 0.039393 0.719521
vt 0.039537 0.719217
vt 0.039312 0.719473
vt 0.040293 0.718899
vt 0.040005 0.718943
vt 0.040259 0.719014
vt 0.039752 0.719014
vt 0.039475 0.719129
vt 0.040536 0.719129
vt 0.040474 0.719217
vt 0.039718 0.718899
vt 0.040617 0.719521
vt 0.040699 0.719473
vt 0.041546 0.718818
vt 0.041334 0.718916
vt 0.041259 0.718899
vt 0.041616 0.718837
vt 0.041375 0.718958
vt 0.041016 0.719129
vt 0.041146 0.719174
vt 0.041095 0.719142
vt 0.040853 0.719473
vt 0.040994 0.719498
vt 0.040935 0.719480
vt 0.040796 0.719879
vt 0.040940 0.719879
vt 0.040879 0.719879
vt 0.040853 0.720286
vt 0.040935 0.720279
vt 0.041095 0.720617
vt 0.041016 0.720630
vt 0.040994 0.720261
vt 0.041334 0.720843
vt 0.041259 0.720860
vt 0.041146 0.720585
vt 0.041616 0.720922
vt 0.041546 0.720941
vt 0.041645 0.720877
vt 0.041834 0.720860
vt 0.041898 0.720843
vt 0.042077 0.720630
vt 0.041915 0.720801
vt 0.042138 0.720617
vt 0.042240 0.720286
vt 0.042297 0.720261
vt 0.042298 0.720279
vt 0.042354 0.719879
vt 0.042297 0.719879
vt 0.042298 0.719480
vt 0.042240 0.719473
vt 0.042351 0.719879
vt 0.042138 0.719142
vt 0.042077 0.719129
vt 0.042297 0.719498
vt 0.041898 0.718916
vt 0.041834 0.718899
vt 0.041915 0.718958
vt 0.041645 0.718882
vt 0.040005 0.718818
vt 0.041645 0.719879
vt 0.041375 0.720801
vt 0.040005 0.720941
vt 0.042144 0.720585
vt 0.040756 0.719879
vt 0.042144 0.719174
vt 0.025553 0.718943
vt 0.025291 0.719014
vt 0.025076 0.719217
vt 0.024933 0.719521
vt 0.024882 0.719879
vt 0.024933 0.720238
vt 0.025076 0.720542
vt 0.025553 0.720816
vt 0.025291 0.720745
vt 0.025798 0.720745
vt 0.026156 0.720238
vt 0.026013 0.720542
vt 0.026207 0.719879
vt 0.026156 0.719521
vt 0.026013 0.719217
vt 0.025798 0.719014
vt 0.040893 0.722011
vt 0.040741 0.720636
vt 0.040741 0.722011
vt 0.041022 0.722011
vt 0.040893 0.720636
vt 0.041109 0.722011
vt 0.041022 0.720636
vt 0.041139 0.722011
vt 0.041109 0.720636
vt 0.041139 0.720636
vt 0.040588 0.722011
vt 0.040459 0.722011
vt 0.040588 0.720636
vt 0.040373 0.722011
vt 0.040459 0.720636
vt 0.040342 0.722011
vt 0.040373 0.720636
vt 0.040342 0.720636
vt 0.011713 0.720238
vt 0.011852 0.719879
vt 0.011763 0.719879
vt 0.011632 0.720630
vt 0.011795 0.720286
vt 0.011569 0.720542
vt 0.011388 0.720860
vt 0.011355 0.720745
vt 0.011101 0.720941
vt 0.011101 0.720816
vt 0.010814 0.720860
vt 0.010633 0.720542
vt 0.010848 0.720745
vt 0.010489 0.720238
vt 0.010570 0.720630
vt 0.010350 0.719879
vt 0.010408 0.720286
vt 0.011713 0.719521
vt 0.011795 0.719473
vt 0.011632 0.719129
vt 0.011569 0.719217
vt 0.011101 0.718943
vt 0.010814 0.718899
vt 0.010848 0.719014
vt 0.011388 0.718899
vt 0.011355 0.719014
vt 0.010633 0.719217
vt 0.010570 0.719129
vt 0.011101 0.718818
vt 0.010489 0.719521
vt 0.010408 0.719473
vt 0.010439 0.719879
vt 0.009560 0.718818
vt 0.009772 0.718916
vt 0.009490 0.718837
vt 0.009461 0.718882
vt 0.010091 0.719129
vt 0.009847 0.718899
vt 0.010012 0.719142
vt 0.009731 0.718958
vt 0.010254 0.719473
vt 0.010113 0.719498
vt 0.009960 0.719174
vt 0.010228 0.719879
vt 0.010171 0.719480
vt 0.010167 0.719879
vt 0.010254 0.720286
vt 0.010311 0.719879
vt 0.010113 0.720261
vt 0.010012 0.720617
vt 0.010171 0.720279
vt 0.009960 0.720585
vt 0.010091 0.720630
vt 0.009772 0.720843
vt 0.009560 0.720941
vt 0.009847 0.720860
vt 0.009461 0.720877
vt 0.009731 0.720801
vt 0.009273 0.720860
vt 0.009490 0.720922
vt 0.009191 0.720801
vt 0.009029 0.720630
vt 0.009208 0.720843
vt 0.008969 0.720617
vt 0.008809 0.720279
vt 0.008810 0.720261
vt 0.008962 0.720585
vt 0.008810 0.719879
vt 0.008867 0.720286
vt 0.008753 0.719879
vt 0.008867 0.719473
vt 0.008809 0.719480
vt 0.008756 0.719879
vt 0.008969 0.719142
vt 0.008810 0.719498
vt 0.009029 0.719129
vt 0.009208 0.718916
vt 0.008962 0.719174
vt 0.009273 0.718899
vt 0.009191 0.718958
vt 0.009461 0.719879
vt 0.025815 0.719014
vt 0.026030 0.719217
vt 0.026174 0.719521
vt 0.026224 0.719879
vt 0.026030 0.720542
vt 0.025094 0.720542
vt 0.024900 0.719879
vt 0.024950 0.719521
vt 0.025094 0.719217
vt 0.010366 0.720636
vt 0.010213 0.722011
vt 0.010366 0.722011
vt 0.010213 0.720636
vt 0.010084 0.722011
vt 0.010084 0.720636
vt 0.009998 0.722011
vt 0.009998 0.720636
vt 0.009967 0.722011
vt 0.009967 0.720636
vt 0.010518 0.722011
vt 0.010518 0.720636
vt 0.010647 0.722011
vt 0.010647 0.720636
vt 0.010734 0.722011
vt 0.010734 0.720636
vt 0.010764 0.722011
vt 0.010764 0.720636
vt 0.026103 0.721112
vt 0.025550 0.718646
vt 0.025550 0.721112
vt 0.026572 0.721112
vt 0.026103 0.718646
vt 0.026886 0.721112
vt 0.026572 0.718646
vt 0.026996 0.721112
vt 0.026886 0.718646
vt 0.026996 0.718646
vt 0.024997 0.721112
vt 0.024528 0.721112
vt 0.024997 0.718646
vt 0.024215 0.721112
vt 0.024528 0.718646
vt 0.024105 0.721112
vt 0.024215 0.718646
vt 0.024105 0.718646
vt 0.094465 0.063789
vt 0.025291 0.735795
vt 0.025798 0.737526
vt 0.026174 0.720238
vt 0.025815 0.720745
vt 0.025309 0.720745
vt 0.024950 0.720238
vt 0.025309 0.719014
s 1
g pedestrian_traffic_light_02_base_medium_yellow_regular_material
usemtl regular_material
f 252/195/87 206/196/87 205/197/87
s 2
f 194/198/88 228/199/88 227/200/88
s 1
f 206/196/87 254/201/87 207/202/87
s 2
f 184/203/88 235/204/88 185/205/88
s 1
f 254/201/87 208/206/87 207/202/87
f 255/207/87 209/208/87 208/206/87
s 2
f 183/209/88 236/195/88 184/203/88
s 1
f 258/200/87 196/210/87 195/211/87
f 256/212/87 210/213/87 209/208/87
f 243/199/87 197/214/87 196/210/87
s 3
f 240/212/89 257/215/90 256/212/89
s 1
f 197/214/87 245/216/87 198/217/87
s 2
f 192/218/88 229/216/88 242/219/88
s 4
f 210/213/90 319/211/91 322/213/90
f 209/208/89 322/213/90 324/208/89
f 208/206/92 324/208/89 326/206/92
f 207/202/93 326/206/92 325/202/93
f 334/196/94 207/202/93 325/202/93
f 205/197/95 334/196/94 333/197/95
f 204/220/96 333/197/95 332/220/96
f 203/221/97 332/220/96 331/221/97
f 202/222/98 331/221/97 330/222/98
f 329/223/99 202/222/98 330/222/98
f 200/224/100 329/223/99 328/224/100
f 327/225/101 200/224/100 328/224/100
f 198/217/102 327/225/101 320/217/102
f 321/214/103 198/217/102 320/217/102
f 196/210/104 321/214/103 323/210/104
f 195/211/91 323/210/104 319/211/91
s 5
f 212/198/91 193/226/104 194/198/91
f 211/226/104 192/218/103 193/226/104
f 213/218/103 191/227/102 192/218/103
f 214/227/102 190/228/101 191/227/102
f 215/228/101 189/229/100 190/228/101
f 216/229/100 188/230/99 189/229/100
f 217/230/99 187/231/98 188/230/99
f 218/231/98 186/232/97 187/231/98
f 219/232/97 185/205/96 186/232/97
f 220/205/96 184/203/95 185/205/96
f 221/203/95 183/209/94 184/203/95
f 222/209/94 182/233/93 183/209/94
f 223/233/93 181/234/92 182/233/93
f 224/234/92 180/235/89 181/234/92
f 225/235/89 179/236/90 180/235/89
f 226/236/90 194/198/91 179/236/90
s 2
f 185/205/88 234/237/88 186/232/88
s 1
f 204/220/87 252/195/87 205/197/87
f 250/237/87 204/220/87 203/221/87
s 2
f 189/229/88 230/238/88 190/228/88
f 187/231/88 234/237/88 233/239/88
s 1
f 202/222/87 250/237/87 203/221/87
f 248/240/87 202/222/87 201/223/87
f 247/241/87 201/223/87 200/224/87
s 2
f 194/198/88 241/215/88 179/236/88
s 1
f 246/238/87 200/224/87 199/225/87
f 198/217/87 246/238/87 199/225/87
s 2
f 181/234/88 238/201/88 182/233/88
s 3
f 231/241/100 248/240/99 247/241/100
f 235/204/96 252/195/95 251/204/96
f 239/207/92 256/212/89 255/207/92
f 230/238/101 247/241/100 246/238/101
f 234/237/97 251/204/96 250/237/97
f 238/201/93 255/207/92 254/201/93
f 227/200/91 243/199/104 258/200/91
f 252/195/95 237/242/94 253/242/94
f 232/240/99 249/239/98 248/240/99
f 241/215/90 258/200/91 257/215/90
f 242/219/103 245/216/102 244/219/103
f 237/242/94 254/201/93 253/242/94
f 233/239/98 250/237/97 249/239/98
f 228/199/104 244/219/103 243/199/104
f 229/216/102 246/238/101 245/216/102
s 2
f 179/236/88 240/212/88 180/235/88
f 182/233/88 237/242/88 183/209/88
f 191/227/88 230/238/88 229/216/88
f 180/235/88 239/207/88 181/234/88
f 193/226/88 242/219/88 228/199/88
f 188/230/88 233/239/88 232/240/88
f 188/230/88 231/241/88 189/229/88
s 1
f 257/215/87 195/211/87 210/213/87
s 6
f 260/243/105 261/244/106 259/245/106
s 7
f 261/244/103 262/246/103 264/247/103
s 8
f 260/243/95 259/245/95 263/248/95
s 9
f 262/246/107 263/248/107 264/247/107
s 10
f 265/249/108 268/250/108 267/251/108
s 11
f 267/251/89 268/250/89 270/252/89
s 12
f 266/253/99 265/249/99 269/254/99
s 13
f 270/252/109 266/253/109 269/254/109
s 14
f 293/255/97 271/256/97 273/257/97
f 285/258/97 287/257/97 273/257/97
s 15
f 284/259/91 282/260/91 274/261/91
f 286/262/91 284/259/91 274/261/91
f 288/261/91 286/262/91 274/261/91
f 290/263/91 288/261/91 274/261/91
s 14
f 281/264/97 283/265/97 273/257/97
s 15
f 292/266/91 290/263/91 274/261/91
s 16
f 280/267/110 281/264/111 279/268/110
f 282/260/111 283/265/112 281/264/111
f 284/259/112 285/258/113 283/265/112
f 286/262/113 287/257/87 285/258/113
f 288/261/87 289/269/114 287/257/87
f 290/263/114 291/270/115 289/269/114
s 14
f 283/265/97 285/258/97 273/257/97
s 16
f 292/266/115 293/255/116 291/270/115
f 294/271/116 271/256/117 293/255/116
s 15
f 280/267/91 272/272/91 274/261/91
s 14
f 271/256/97 279/268/97 273/257/97
f 279/268/97 281/264/97 273/257/97
f 287/257/97 289/269/97 273/257/97
s 15
f 280/267/91 277/272/91 272/272/91
s 16
f 272/272/117 278/256/101 271/256/117
f 279/268/110 275/267/93 280/267/110
s 14
f 271/256/97 276/268/97 279/268/97
s 17
f 277/272/88 276/268/88 278/256/88
s 15
f 282/260/91 280/267/91 274/261/91
f 272/272/91 294/271/91 274/261/91
f 294/271/91 292/266/91 274/261/91
s 14
f 289/269/97 291/270/97 273/257/97
f 291/270/97 293/255/97 273/257/97
s 31
f 346/286/122 354/287/122 347/288/122
f 345/289/122 355/290/122 346/286/122
f 344/291/122 356/292/122 345/289/122
f 343/293/122 357/294/122 344/291/122
f 343/293/122 359/295/122 358/296/122
f 342/297/122 360/298/122 359/295/122
f 340/299/122 360/298/122 341/300/122
f 339/301/122 361/302/122 340/299/122
f 348/303/122 354/287/122 353/304/122
f 349/305/122 353/304/122 352/306/122
f 335/307/122 365/308/122 336/309/122
f 350/310/122 352/306/122 351/311/122
f 336/309/122 364/312/122 337/313/122
f 335/307/122 351/311/122 366/314/122
f 338/315/122 364/312/122 363/316/122
f 339/301/122 363/316/122 362/317/122
s 32
f 371/318/123 370/319/124 369/320/125
s 33
f 373/321/126 368/322/127 370/319/127
s 32
f 374/323/128 373/321/129 371/318/123
s 33
f 376/324/130 372/325/131 373/321/126
s 32
f 377/326/132 376/324/133 374/323/128
s 33
f 376/324/130 378/327/134 375/328/130
s 32
f 380/329/135 379/330/136 377/326/132
s 33
f 379/330/134 381/331/137 378/327/134
s 32
f 383/332/138 382/333/139 380/329/135
s 33
f 385/334/140 381/331/137 382/333/137
s 32
f 383/332/138 388/335/141 385/334/142
s 33
f 388/335/143 384/336/140 385/334/140
s 32
f 389/337/144 388/335/141 386/338/145
s 33
f 391/339/146 387/340/147 388/335/143
s 32
f 389/337/144 394/341/148 391/339/149
s 33
f 391/339/146 393/342/150 390/343/146
s 32
f 392/344/151 397/345/152 394/341/148
s 33
f 397/345/153 393/342/150 394/341/150
s 32
f 398/346/154 397/345/152 395/347/155
s 33
f 397/345/153 399/348/156 396/349/153
s 32
f 401/350/157 400/351/158 398/346/154
s 33
f 403/352/159 399/348/156 400/351/156
s 32
f 401/350/157 406/353/160 403/352/161
s 33
f 403/352/159 405/354/162 402/355/159
s 32
f 404/356/163 409/357/164 406/353/160
s 33
f 406/353/165 408/358/166 405/354/162
s 32
f 407/359/167 412/360/168 409/357/164
s 33
f 412/360/169 408/358/166 409/357/166
s 32
f 410/361/170 415/362/171 412/360/168
s 33
f 415/362/172 411/363/169 412/360/169
s 32
f 413/364/173 370/319/124 415/362/171
s 33
f 415/362/172 368/322/127 414/365/172
s 32
f 366/314/91 371/318/123 369/320/125
s 34
f 368/322/174 367/366/174 414/365/174
f 372/325/174 367/366/174 368/322/174
s 32
f 365/308/175 369/320/125 413/364/173
f 371/318/123 352/306/176 374/323/128
s 34
f 375/328/174 367/366/174 372/325/174
s 32
f 374/323/128 353/304/177 377/326/132
s 34
f 378/327/174 367/366/174 375/328/174
s 32
f 353/304/177 380/329/135 377/326/132
s 34
f 381/331/174 367/366/174 378/327/174
s 32
f 380/329/135 355/290/178 383/332/138
s 34
f 384/336/174 367/366/174 381/331/174
s 32
f 355/290/178 386/338/145 383/332/138
s 34
f 387/340/174 367/366/174 384/336/174
s 32
f 356/292/179 389/337/144 386/338/145
s 34
f 390/343/174 367/366/174 387/340/174
s 32
f 389/337/144 358/296/97 392/344/151
s 34
f 393/342/174 367/366/174 390/343/174
s 32
f 358/296/97 395/347/155 392/344/151
s 34
f 396/349/174 367/366/174 393/342/174
s 32
f 359/295/180 398/346/154 395/347/155
s 34
f 399/348/174 367/366/174 396/349/174
s 32
f 398/346/154 361/302/181 401/350/157
s 34
f 402/355/174 367/366/174 399/348/174
s 32
f 401/350/157 362/317/182 404/356/163
s 34
f 405/354/174 367/366/174 402/355/174
s 32
f 362/317/182 407/359/167 404/356/163
s 34
f 408/358/174 367/366/174 405/354/174
s 32
f 407/359/167 364/312/183 410/361/170
s 34
f 411/363/174 367/366/174 408/358/174
s 32
f 410/361/170 365/308/175 413/364/173
s 34
f 414/365/174 367/366/174 411/363/174
s 35
f 416/367/184 350/310/185 335/307/91
f 420/368/186 349/305/176 350/310/185
f 418/369/176 348/303/177 349/305/176
f 417/370/177 347/288/187 348/303/177
f 424/371/187 346/286/178 347/288/187
f 425/372/178 345/289/179 346/286/178
f 426/373/179 344/291/188 345/289/179
f 344/291/188 428/374/189 343/293/97
f 428/374/189 342/297/180 343/293/97
f 429/375/190 341/300/191 342/297/180
f 430/376/191 340/299/181 341/300/191
f 431/377/181 339/301/182 340/299/181
f 422/378/182 338/315/192 339/301/182
f 423/379/192 337/313/183 338/315/192
f 421/380/183 336/309/175 337/313/183
f 336/309/175 416/367/184 335/307/91
s 36
f 433/381/88 434/382/193 432/383/88
f 435/384/193 436/385/182 434/382/193
f 437/386/182 438/387/194 436/385/182
f 439/388/194 440/389/93 438/387/194
f 441/390/93 442/387/195 440/389/93
f 443/388/195 444/385/174 442/387/195
f 445/386/174 446/382/196 444/385/174
f 447/384/196 448/383/87 446/382/196
f 449/381/87 450/391/197 448/383/87
f 451/392/197 452/393/187 450/391/197
f 453/394/187 454/395/198 452/393/187
f 455/396/198 456/397/101 454/395/198
f 457/398/101 458/395/199 456/397/101
f 459/396/199 460/393/122 458/395/199
s 37
f 432/383/97 434/382/97 465/383/97
s 36
f 461/394/122 462/391/200 460/393/122
f 463/392/200 432/383/88 462/391/200
s 38
f 435/384/91 433/381/91 464/381/91
f 433/381/91 463/392/91 464/381/91
f 463/392/91 461/394/91 464/381/91
f 461/394/91 459/396/91 464/381/91
f 459/396/91 457/398/91 464/381/91
f 457/398/91 455/396/91 464/381/91
f 455/396/91 453/394/91 464/381/91
f 453/394/91 451/392/91 464/381/91
f 451/392/91 449/381/91 464/381/91
f 449/381/91 447/384/91 464/381/91
f 447/384/91 445/386/91 464/381/91
f 445/386/91 443/388/91 464/381/91
f 443/388/91 441/390/91 464/381/91
f 441/390/91 439/388/91 464/381/91
f 439/388/91 437/386/91 464/381/91
f 437/386/91 435/384/91 464/381/91
s 37
f 434/382/97 436/385/97 465/383/97
f 436/385/97 438/387/97 465/383/97
f 438/387/97 440/389/97 465/383/97
f 440/389/97 442/387/97 465/383/97
f 442/387/97 444/385/97 465/383/97
f 444/385/97 446/382/97 465/383/97
f 446/382/97 448/383/97 465/383/97
f 448/383/97 450/391/97 465/383/97
f 450/391/97 452/393/97 465/383/97
f 452/393/97 454/395/97 465/383/97
f 454/395/97 456/397/97 465/383/97
f 456/397/97 458/395/97 465/383/97
f 458/395/97 460/393/97 465/383/97
f 460/393/97 462/391/97 465/383/97
f 462/391/97 432/383/97 465/383/97
s 39
f 485/399/182 477/400/182 478/401/182
f 477/400/182 487/402/182 476/403/182
f 476/403/182 488/404/182 475/405/182
f 488/404/182 474/406/182 475/405/182
f 474/406/182 490/407/182 473/408/182
f 490/407/182 472/409/182 473/408/182
f 491/410/182 471/411/182 472/409/182
f 471/411/182 493/412/182 470/413/182
f 479/414/182 485/399/182 478/401/182
f 483/415/182 479/414/182 480/416/182
f 496/417/182 466/418/182 467/419/182
f 482/420/182 480/416/182 481/421/182
f 495/422/182 467/419/182 468/423/182
f 466/418/182 482/420/182 481/421/182
f 469/424/182 495/422/182 468/423/182
f 493/412/182 469/424/182 470/413/182
s 40
f 500/425/201 504/426/202 502/427/203
s 41
f 501/428/204 503/429/205 504/426/206
s 40
f 504/426/202 505/430/207 502/427/203
s 41
f 504/426/206 506/431/208 507/432/208
s 40
f 507/432/209 508/433/210 505/430/207
s 41
f 507/432/208 509/434/211 510/435/211
s 40
f 508/433/210 513/436/212 511/437/213
s 41
f 510/435/211 512/438/214 513/436/214
s 40
f 513/436/212 514/439/215 511/437/213
s 41
f 513/436/214 515/440/216 516/441/216
s 40
f 514/439/215 519/442/217 517/443/218
s 41
f 515/440/216 519/442/219 516/441/216
s 40
f 519/442/217 520/444/220 517/443/218
s 41
f 518/445/219 522/446/221 519/442/219
s 40
f 522/446/222 523/447/223 520/444/220
s 41
f 521/448/221 525/449/224 522/446/221
s 40
f 525/449/225 526/450/226 523/447/223
s 41
f 524/451/224 528/452/227 525/449/224
s 40
f 526/450/226 531/453/228 529/454/229
s 41
f 527/455/227 531/453/230 528/452/227
s 40
f 531/453/228 532/456/231 529/454/229
s 41
f 531/453/230 533/457/232 534/458/232
s 40
f 534/458/233 535/459/234 532/456/231
s 41
f 534/458/232 536/460/235 537/461/235
s 40
f 535/459/234 540/462/236 538/463/237
s 41
f 536/460/235 540/462/238 537/461/235
s 40
f 538/463/237 543/464/239 541/465/240
s 41
f 539/466/238 543/464/241 540/462/238
s 40
f 541/465/240 546/467/242 544/468/243
s 41
f 543/464/241 545/469/244 546/467/244
s 40
f 544/468/243 501/428/245 500/425/201
s 41
f 546/467/244 499/470/204 501/428/204
s 40
f 500/425/201 482/420/246 497/471/91
s 42
f 499/470/187 545/469/187 498/472/187
f 503/429/187 499/470/187 498/472/187
s 40
f 544/468/243 497/471/91 496/417/247
f 502/427/203 483/415/248 482/420/246
s 42
f 506/431/187 503/429/187 498/472/187
s 40
f 508/433/210 483/415/248 505/430/207
s 42
f 509/434/187 506/431/187 498/472/187
s 40
f 511/437/213 484/473/249 508/433/210
s 42
f 512/438/187 509/434/187 498/472/187
s 40
f 511/437/213 486/474/250 485/399/174
s 42
f 515/440/187 512/438/187 498/472/187
s 40
f 517/443/218 486/474/250 514/439/215
s 42
f 518/445/187 515/440/187 498/472/187
s 40
f 520/444/220 487/402/251 517/443/218
s 42
f 521/448/187 518/445/187 498/472/187
s 40
f 523/447/223 488/404/252 520/444/220
s 42
f 524/451/187 521/448/187 498/472/187
s 40
f 526/450/226 489/475/97 523/447/223
s 42
f 527/455/187 524/451/187 498/472/187
s 40
f 529/454/229 490/407/253 526/450/226
s 42
f 530/476/187 527/455/187 498/472/187
s 40
f 529/454/229 492/477/254 491/410/255
s 42
f 533/457/187 530/476/187 498/472/187
s 40
f 535/459/234 492/477/254 532/456/231
s 42
f 536/460/187 533/457/187 498/472/187
s 40
f 538/463/237 493/412/122 535/459/234
s 42
f 539/466/187 536/460/187 498/472/187
s 40
f 541/465/240 494/478/256 538/463/237
s 42
f 542/479/187 539/466/187 498/472/187
s 40
f 541/465/240 496/417/247 495/422/257
s 42
f 545/469/187 542/479/187 498/472/187
s 43
f 481/421/246 416/367/258 466/418/91
f 480/416/248 550/480/259 481/421/246
f 479/414/249 548/481/248 480/416/248
f 479/414/249 554/482/174 547/483/249
f 477/400/250 554/482/174 478/401/174
f 476/403/251 555/484/250 477/400/250
f 475/405/252 556/485/251 476/403/251
f 475/405/252 428/374/260 557/486/261
f 473/408/253 428/374/260 474/406/97
f 472/409/255 558/487/262 473/408/253
f 471/411/254 559/488/255 472/409/255
f 470/413/122 560/489/254 471/411/254
f 469/424/256 552/490/122 470/413/122
f 468/423/257 553/491/256 469/424/256
f 467/419/247 551/492/257 468/423/257
f 467/419/247 416/367/258 549/493/263
s 44
f 563/494/200 562/495/88 561/496/88
f 565/497/122 564/498/200 563/494/200
f 567/499/199 566/500/122 565/497/122
f 569/501/101 568/502/199 567/499/199
f 571/499/198 570/503/101 569/501/101
f 573/497/187 572/502/198 571/499/198
f 575/494/197 574/500/187 573/497/187
f 577/496/87 576/498/197 575/494/197
f 579/504/196 578/495/87 577/496/87
f 581/505/174 580/506/196 579/504/196
f 583/507/195 582/508/174 581/505/174
f 585/509/93 584/510/195 583/507/195
f 587/507/194 586/511/93 585/509/93
f 589/505/182 588/510/194 587/507/194
s 45
f 561/496/97 594/496/97 563/494/97
s 44
f 591/504/193 590/508/182 589/505/182
f 561/496/88 592/506/193 591/504/193
s 46
f 564/498/91 593/495/91 562/495/91
f 562/495/91 593/495/91 592/506/91
f 592/506/91 593/495/91 590/508/91
f 590/508/91 593/495/91 588/510/91
f 588/510/91 593/495/91 586/511/91
f 586/511/91 593/495/91 584/510/91
f 584/510/91 593/495/91 582/508/91
f 582/508/91 593/495/91 580/506/91
f 580/506/91 593/495/91 578/495/91
f 578/495/91 593/495/91 576/498/91
f 576/498/91 593/495/91 574/500/91
f 574/500/91 593/495/91 572/502/91
f 572/502/91 593/495/91 570/503/91
f 570/503/91 593/495/91 568/502/91
f 568/502/91 593/495/91 566/500/91
f 566/500/91 593/495/91 564/498/91
s 45
f 563/494/97 594/496/97 565/497/97
f 565/497/97 594/496/97 567/499/97
f 567/499/97 594/496/97 569/501/97
f 569/501/97 594/496/97 571/499/97
f 571/499/97 594/496/97 573/497/97
f 573/497/97 594/496/97 575/494/97
f 575/494/97 594/496/97 577/496/97
f 577/496/97 594/496/97 579/504/97
f 579/504/97 594/496/97 581/505/97
f 581/505/97 594/496/97 583/507/97
f 583/507/97 594/496/97 585/509/97
f 585/509/97 594/496/97 587/507/97
f 587/507/97 594/496/97 589/505/97
f 589/505/97 594/496/97 591/504/97
f 591/504/97 594/496/97 561/496/97
s 47
f 596/512/88 597/513/193 595/514/88
f 598/515/193 599/516/182 597/513/193
f 600/517/182 601/518/194 599/516/182
f 602/519/194 603/520/93 601/518/194
f 604/521/93 605/518/195 603/520/93
f 606/519/195 607/516/174 605/518/195
f 608/517/174 609/513/196 607/516/174
f 610/515/196 611/514/87 609/513/196
f 612/512/87 613/522/197 611/514/87
f 614/523/197 615/524/187 613/522/197
f 616/525/187 617/526/198 615/524/187
f 618/527/198 619/528/101 617/526/198
f 620/529/101 621/526/199 619/528/101
f 622/527/199 623/524/122 621/526/199
s 48
f 595/514/97 597/513/97 628/514/97
s 47
f 624/525/122 625/522/200 623/524/122
f 626/523/200 595/514/88 625/522/200
s 49
f 598/515/91 596/512/91 627/512/91
f 596/512/91 626/523/91 627/512/91
f 626/523/91 624/525/91 627/512/91
f 624/525/91 622/527/91 627/512/91
f 622/527/91 620/529/91 627/512/91
f 620/529/91 618/527/91 627/512/91
f 618/527/91 616/525/91 627/512/91
f 616/525/91 614/523/91 627/512/91
f 614/523/91 612/512/91 627/512/91
f 612/512/91 610/515/91 627/512/91
f 610/515/91 608/517/91 627/512/91
f 608/517/91 606/519/91 627/512/91
f 606/519/91 604/521/91 627/512/91
f 604/521/91 602/519/91 627/512/91
f 602/519/91 600/517/91 627/512/91
f 600/517/91 598/515/91 627/512/91
s 48
f 597/513/97 599/516/97 628/514/97
f 599/516/97 601/518/97 628/514/97
f 601/518/97 603/520/97 628/514/97
f 603/520/97 605/518/97 628/514/97
f 605/518/97 607/516/97 628/514/97
f 607/516/97 609/513/97 628/514/97
f 609/513/97 611/514/97 628/514/97
f 611/514/97 613/522/97 628/514/97
f 613/522/97 615/524/97 628/514/97
f 615/524/97 617/526/97 628/514/97
f 617/526/97 619/528/97 628/514/97
f 619/528/97 621/526/97 628/514/97
f 621/526/97 623/524/97 628/514/97
f 623/524/97 625/522/97 628/514/97
f 625/522/97 595/514/97 628/514/97
s 51
f 658/531/87 704/532/87 657/533/87
s 52
f 646/534/88 680/535/88 645/536/88
s 51
f 658/531/87 706/537/87 705/538/87
s 52
f 687/539/88 636/540/88 637/541/88
s 51
f 660/542/87 706/537/87 659/543/87
f 661/544/87 707/545/87 660/542/87
s 52
f 688/532/88 635/546/88 636/540/88
s 51
f 648/547/87 710/548/87 647/549/87
f 662/550/87 708/551/87 661/544/87
f 648/547/87 696/552/87 695/535/87
s 53
f 709/553/96 692/551/95 708/551/95
s 51
f 649/554/87 697/555/87 696/552/87
s 52
f 644/556/88 681/555/88 643/557/88
s 54
f 771/549/97 662/550/96 774/550/96
f 774/550/96 661/544/95 776/544/95
f 776/544/95 660/542/94 778/542/94
f 778/542/94 659/543/93 777/543/93
f 777/543/93 658/531/92 786/531/92
f 786/531/92 657/533/89 785/533/89
f 785/533/89 656/558/90 784/558/90
f 784/558/90 655/559/91 783/559/91
f 783/559/91 654/560/104 782/560/104
f 782/560/104 653/561/103 781/561/103
f 781/561/103 652/562/102 780/562/102
f 780/562/102 651/563/101 779/563/101
f 779/563/101 650/564/100 772/564/100
f 772/564/100 649/554/99 773/554/99
f 773/554/99 648/547/98 775/547/98
f 775/547/98 647/549/97 771/549/97
s 55
f 645/536/98 664/534/97 646/534/97
f 644/556/99 663/536/98 645/536/98
f 643/557/100 665/556/99 644/556/99
f 642/565/101 666/557/100 643/557/100
f 641/566/102 667/565/101 642/565/101
f 640/567/103 668/566/102 641/566/102
f 639/568/104 669/567/103 640/567/103
f 638/569/91 670/568/104 639/568/104
f 637/541/90 671/569/91 638/569/91
f 636/540/89 672/541/90 637/541/90
f 635/546/92 673/540/89 636/540/89
f 634/570/93 674/546/92 635/546/92
f 633/571/94 675/570/93 634/570/93
f 632/572/95 676/571/94 633/571/94
f 631/573/96 677/572/95 632/572/95
f 646/534/97 678/573/96 631/573/96
s 52
f 686/574/88 637/541/88 638/569/88
s 51
f 656/558/87 704/532/87 703/539/87
f 656/558/87 702/574/87 655/559/87
s 52
f 682/575/88 641/566/88 642/565/88
f 639/568/88 686/574/88 638/569/88
s 51
f 654/560/87 702/574/87 701/576/87
f 654/560/87 700/577/87 653/561/87
f 653/561/87 699/578/87 652/562/87
s 52
f 693/553/88 646/534/88 631/573/88
s 51
f 652/562/87 698/575/87 651/563/87
f 650/564/87 698/575/87 697/555/87
s 52
f 690/537/88 633/571/88 634/570/88
s 53
f 700/577/103 683/578/102 699/578/102
f 704/532/89 687/539/90 703/539/90
f 708/551/95 691/545/94 707/545/94
f 699/578/102 682/575/101 698/575/101
f 703/539/90 686/574/91 702/574/91
f 707/545/94 690/537/93 706/537/93
f 695/535/98 679/548/97 710/548/97
f 704/532/89 689/538/92 688/532/89
f 701/576/104 684/577/103 700/577/103
f 710/548/97 693/553/96 709/553/96
f 697/555/100 694/552/99 696/552/99
f 706/537/93 689/538/92 705/538/92
f 702/574/91 685/576/104 701/576/104
f 696/552/99 680/535/98 695/535/98
f 698/575/101 681/555/100 697/555/100
s 52
f 692/551/88 631/573/88 632/572/88
f 689/538/88 634/570/88 635/546/88
f 643/557/88 682/575/88 642/565/88
f 691/545/88 632/572/88 633/571/88
f 645/536/88 694/552/88 644/556/88
f 684/577/88 639/568/88 640/567/88
f 683/578/88 640/567/88 641/566/88
s 51
f 647/549/87 709/553/87 662/550/87
s 56
f 711/579/108 714/580/108 712/581/108
s 57
f 713/582/99 716/583/99 714/580/99
s 58
f 712/581/89 715/584/89 711/579/89
s 59
f 716/583/109 712/581/109 714/580/109
s 60
f 719/585/105 718/586/105 717/587/105
s 61
f 719/585/95 722/588/95 720/589/95
s 62
f 718/586/103 721/590/103 717/587/103
s 63
f 721/590/107 720/589/107 722/588/107
s 64
f 745/591/91 725/592/91 723/593/91
f 737/594/91 725/592/91 739/592/91
s 65
f 736/595/97 726/596/97 734/597/97
f 738/598/97 726/596/97 736/595/97
f 740/596/97 726/596/97 738/598/97
f 742/599/97 726/596/97 740/596/97
s 64
f 733/600/91 725/592/91 735/601/91
s 65
f 744/602/97 726/596/97 742/599/97
s 66
f 733/600/111 732/603/110 731/604/110
f 735/601/112 734/597/111 733/600/111
f 737/594/113 736/595/112 735/601/112
f 739/592/87 738/598/113 737/594/113
f 741/605/114 740/596/87 739/592/87
f 743/606/115 742/599/114 741/605/114
s 64
f 735/601/91 725/592/91 737/594/91
s 66
f 745/591/116 744/602/115 743/606/115
f 723/593/117 746/607/116 745/591/116
s 65
f 732/603/97 726/596/97 724/608/97
s 64
f 723/593/91 725/592/91 731/604/91
f 731/604/91 725/592/91 733/600/91
f 739/592/91 725/592/91 741/605/91
s 65
f 729/608/97 732/603/97 724/608/97
s 66
f 730/593/101 724/608/117 723/593/117
f 727/603/93 731/604/110 732/603/110
s 64
f 728/604/91 723/593/91 731/604/91
s 67
f 728/604/88 729/608/88 730/593/88
s 65
f 734/597/97 726/596/97 732/603/97
f 724/608/97 726/596/97 746/607/97
f 746/607/97 726/596/97 744/602/97
s 64
f 741/605/91 725/592/91 743/606/91
f 743/606/91 725/592/91 745/591/91
s 81
f 806/622/122 798/623/122 799/624/122
f 807/625/122 797/626/122 798/623/122
f 808/627/122 796/628/122 797/626/122
f 809/629/122 795/630/122 796/628/122
f 795/630/122 811/631/122 794/632/122
f 794/632/122 812/633/122 793/634/122
f 812/633/122 792/635/122 793/634/122
f 813/636/122 791/637/122 792/635/122
f 800/638/122 806/622/122 799/624/122
f 801/639/122 805/640/122 800/638/122
f 817/641/122 787/642/122 788/643/122
f 802/644/122 804/645/122 801/639/122
f 816/646/122 788/643/122 789/647/122
f 787/642/122 803/648/122 802/644/122
f 790/649/122 816/646/122 789/647/122
f 791/637/122 815/650/122 790/649/122
s 82
f 821/651/151 825/652/264 823/653/144
s 83
f 822/654/150 824/655/146 825/652/146
s 82
f 825/652/264 826/656/265 823/653/144
s 83
f 825/652/146 827/657/143 828/658/143
s 82
f 828/658/141 829/659/138 826/656/265
s 83
f 828/658/143 830/660/140 831/661/140
s 82
f 831/661/142 832/662/135 829/659/138
s 83
f 831/661/140 833/663/137 834/664/137
s 82
f 834/664/139 835/665/132 832/662/135
s 83
f 833/663/137 837/666/134 834/664/137
s 82
f 835/665/132 840/667/133 838/668/128
s 83
f 836/669/134 840/667/266 837/666/134
s 82
f 838/668/128 843/670/267 841/671/123
s 83
f 839/672/266 843/670/131 840/667/266
s 82
f 841/671/123 846/673/124 844/674/125
s 83
f 843/670/131 845/675/127 846/673/127
s 82
f 846/673/124 847/676/173 844/674/125
s 83
f 845/675/127 849/677/172 846/673/127
s 82
f 849/677/171 850/678/170 847/676/173
s 83
f 848/679/172 852/680/169 849/677/172
s 82
f 852/680/168 853/681/167 850/678/170
s 83
f 852/680/169 854/682/166 855/683/166
s 82
f 853/681/167 858/684/160 856/685/163
s 83
f 854/682/166 858/684/162 855/683/166
s 82
f 856/685/163 861/686/161 859/687/157
s 83
f 857/688/162 861/686/159 858/684/162
s 82
f 859/687/157 864/689/158 862/690/154
s 83
f 860/691/159 864/689/156 861/686/159
s 82
f 862/690/154 867/692/152 865/693/155
s 83
f 864/689/156 866/694/153 867/692/153
s 82
f 865/693/155 822/654/148 821/651/151
s 83
f 867/692/153 820/695/150 822/654/150
s 82
f 823/653/144 818/696/97 821/651/151
s 84
f 820/695/174 866/694/174 819/697/174
f 824/655/174 820/695/174 819/697/174
s 82
f 821/651/151 817/641/180 865/693/155
f 823/653/144 804/645/179 803/648/188
s 84
f 827/657/174 824/655/174 819/697/174
s 82
f 829/659/138 804/645/179 826/656/265
s 84
f 830/660/174 827/657/174 819/697/174
s 82
f 832/662/135 805/640/178 829/659/138
s 84
f 833/663/174 830/660/174 819/697/174
s 82
f 835/665/132 806/622/187 832/662/135
s 84
f 836/669/174 833/663/174 819/697/174
s 82
f 838/668/128 807/625/177 835/665/132
s 84
f 839/672/174 836/669/174 819/697/174
s 82
f 838/668/128 809/629/185 808/627/176
s 84
f 842/698/174 839/672/174 819/697/174
s 82
f 841/671/123 810/699/91 809/629/185
s 84
f 845/675/174 842/698/174 819/697/174
s 82
f 844/674/125 811/631/175 810/699/91
s 84
f 848/679/174 845/675/174 819/697/174
s 82
f 850/678/170 811/631/175 847/676/173
s 84
f 851/700/174 848/679/174 819/697/174
s 82
f 850/678/170 813/636/192 812/633/183
s 84
f 854/682/174 851/700/174 819/697/174
s 82
f 853/681/167 814/701/182 813/636/192
s 84
f 857/688/174 854/682/174 819/697/174
s 82
f 859/687/157 814/701/182 856/685/163
s 84
f 860/691/174 857/688/174 819/697/174
s 82
f 859/687/157 816/646/191 815/650/181
s 84
f 863/702/174 860/691/174 819/697/174
s 82
f 862/690/154 817/641/180 816/646/191
s 84
f 866/694/174 863/702/174 819/697/174
s 85
f 802/644/188 868/703/189 787/642/97
f 801/639/179 872/704/268 802/644/188
f 800/638/178 870/705/179 801/639/179
f 799/624/187 869/706/178 800/638/178
f 798/623/177 876/707/187 799/624/187
f 797/626/176 877/708/177 798/623/177
f 796/628/185 878/709/176 797/626/176
f 796/628/185 880/710/184 879/711/186
f 794/632/175 880/710/184 795/630/91
f 793/634/183 881/712/269 794/632/175
f 793/634/183 883/713/192 882/714/183
f 791/637/182 883/713/192 792/635/192
f 790/649/181 874/715/182 791/637/182
f 789/647/191 875/716/181 790/649/181
f 788/643/180 873/717/191 789/647/191
f 788/643/180 868/703/189 871/718/190
s 86
f 886/719/193 885/720/88 884/721/88
f 888/722/182 887/723/193 886/719/193
f 890/724/194 889/725/182 888/722/182
f 892/726/93 891/727/194 890/724/194
f 894/724/195 893/728/93 892/726/93
f 896/722/174 895/727/195 894/724/195
f 898/719/196 897/725/174 896/722/174
f 900/721/87 899/723/196 898/719/196
f 902/729/197 901/720/87 900/721/87
f 904/730/187 903/731/197 902/729/197
f 906/732/198 905/733/187 904/730/187
f 908/734/101 907/735/198 906/732/198
f 910/732/199 909/736/101 908/734/101
f 912/730/122 911/735/199 910/732/199
s 87
f 884/721/91 917/721/91 886/719/91
s 86
f 914/729/200 913/733/122 912/730/122
f 884/721/88 915/731/200 914/729/200
s 88
f 887/723/97 916/720/97 885/720/97
f 885/720/97 916/720/97 915/731/97
f 915/731/97 916/720/97 913/733/97
f 913/733/97 916/720/97 911/735/97
f 911/735/97 916/720/97 909/736/97
f 909/736/97 916/720/97 907/735/97
f 907/735/97 916/720/97 905/733/97
f 905/733/97 916/720/97 903/731/97
f 903/731/97 916/720/97 901/720/97
f 901/720/97 916/720/97 899/723/97
f 899/723/97 916/720/97 897/725/97
f 897/725/97 916/720/97 895/727/97
f 895/727/97 916/720/97 893/728/97
f 893/728/97 916/720/97 891/727/97
f 891/727/97 916/720/97 889/725/97
f 889/725/97 916/720/97 887/723/97
s 87
f 886/719/91 917/721/91 888/722/91
f 888/722/91 917/721/91 890/724/91
f 890/724/91 917/721/91 892/726/91
f 892/726/91 917/721/91 894/724/91
f 894/724/91 917/721/91 896/722/91
f 896/722/91 917/721/91 898/719/91
f 898/719/91 917/721/91 900/721/91
f 900/721/91 917/721/91 902/729/91
f 902/729/91 917/721/91 904/730/91
f 904/730/91 917/721/91 906/732/91
f 906/732/91 917/721/91 908/734/91
f 908/734/91 917/721/91 910/732/91
f 910/732/91 917/721/91 912/730/91
f 912/730/91 917/721/91 914/729/91
f 914/729/91 917/721/91 884/721/91
s 89
f 929/737/182 937/738/182 930/739/182
f 929/737/182 939/740/182 938/741/182
f 928/742/182 940/743/182 939/740/182
f 927/744/182 941/745/182 940/743/182
f 926/746/182 942/747/182 941/745/182
f 924/748/182 942/747/182 925/749/182
f 923/750/182 943/751/182 924/748/182
f 923/750/182 945/752/182 944/753/182
f 931/754/182 937/738/182 936/755/182
f 931/754/182 935/756/182 932/757/182
f 918/758/182 948/759/182 919/760/182
f 932/757/182 934/761/182 933/762/182
f 920/763/182 948/759/182 947/764/182
f 918/758/182 934/761/182 949/765/182
f 921/766/182 947/764/182 946/767/182
f 921/766/182 945/752/182 922/768/182
s 90
f 952/769/223 956/770/222 953/771/225
s 91
f 956/770/270 951/772/224 953/771/224
s 90
f 957/773/218 956/770/222 954/774/220
s 91
f 959/775/271 955/776/270 956/770/270
s 90
f 960/777/215 959/775/217 957/773/218
s 91
f 959/775/271 961/778/216 958/779/271
s 90
f 960/777/215 965/780/212 962/781/272
s 91
f 962/781/216 964/782/214 961/778/216
s 90
f 966/783/210 965/780/212 963/784/213
s 91
f 965/780/214 967/785/273 964/782/214
s 90
f 966/783/210 971/786/209 968/787/274
s 91
f 968/787/273 970/788/275 967/785/273
s 90
f 969/789/276 974/790/202 971/786/209
s 91
f 974/790/206 970/788/275 971/786/275
s 90
f 975/791/201 974/790/202 972/792/203
s 91
f 974/790/206 976/793/204 973/794/206
s 90
f 978/795/243 977/796/245 975/791/201
s 91
f 977/796/204 979/797/244 976/793/204
s 90
f 981/798/240 980/799/242 978/795/243
s 91
f 983/800/241 979/797/244 980/799/244
s 90
f 981/798/240 986/801/236 983/800/239
s 91
f 983/800/241 985/802/277 982/803/241
s 90
f 987/804/234 986/801/236 984/805/237
s 91
f 989/806/235 985/802/277 986/801/238
s 90
f 990/807/231 989/806/278 987/804/234
s 91
f 992/808/232 988/809/235 989/806/235
s 90
f 990/807/231 995/810/228 992/808/233
s 91
f 995/810/230 991/811/232 992/808/232
s 90
f 993/812/229 998/813/279 995/810/228
s 91
f 998/813/227 994/814/230 995/810/230
s 90
f 996/815/226 953/771/225 998/813/279
s 91
f 998/813/227 951/772/224 997/816/227
s 90
f 952/769/223 934/761/252 954/774/220
s 92
f 951/772/187 950/817/187 997/816/187
f 955/776/187 950/817/187 951/772/187
s 90
f 948/759/253 952/769/223 996/815/226
f 954/774/220 935/756/251 957/773/218
s 92
f 958/779/187 950/817/187 955/776/187
s 90
f 957/773/218 936/755/250 960/777/215
s 92
f 961/778/187 950/817/187 958/779/187
s 90
f 936/755/250 963/784/213 960/777/215
s 92
f 964/782/187 950/817/187 961/778/187
s 90
f 963/784/213 938/741/249 966/783/210
s 92
f 967/785/187 950/817/187 964/782/187
s 90
f 966/783/210 939/740/248 969/789/276
s 92
f 970/788/187 950/817/187 967/785/187
s 90
f 939/740/248 972/792/203 969/789/276
s 92
f 973/794/187 950/817/187 970/788/187
s 90
f 940/743/246 975/791/201 972/792/203
s 92
f 976/793/187 950/817/187 973/794/187
s 90
f 975/791/201 942/747/247 978/795/243
s 92
f 979/797/187 950/817/187 976/793/187
s 90
f 942/747/247 981/798/240 978/795/243
s 92
f 982/803/187 950/817/187 979/797/187
s 90
f 981/798/240 944/753/256 984/805/237
s 92
f 985/802/187 950/817/187 982/803/187
s 90
f 984/805/237 945/752/122 987/804/234
s 92
f 988/809/187 950/817/187 985/802/187
s 90
f 945/752/122 990/807/231 987/804/234
s 92
f 991/811/187 950/817/187 988/809/187
s 90
f 946/767/254 993/812/229 990/807/231
s 92
f 994/814/187 950/817/187 991/811/187
s 90
f 947/764/255 996/815/226 993/812/229
s 92
f 997/816/187 950/817/187 994/814/187
s 93
f 868/703/260 933/762/252 918/758/97
f 1002/818/261 932/757/251 933/762/252
f 1000/819/251 931/754/250 932/757/251
f 999/820/250 930/739/174 931/754/250
f 1006/821/174 929/737/249 930/739/174
f 929/737/249 1008/822/248 928/742/248
f 1008/822/248 927/744/246 928/742/248
f 927/744/246 880/710/258 926/746/91
f 880/710/258 925/749/247 926/746/91
f 925/749/247 1011/823/257 924/748/257
f 1011/823/257 923/750/256 924/748/257
f 923/750/256 1004/824/122 922/768/122
f 1004/824/122 921/766/254 922/768/122
f 1005/825/254 920/763/255 921/766/254
f 1003/826/255 919/760/253 920/763/255
f 919/760/253 868/703/260 918/758/97
s 94
f 1014/827/88 1015/828/200 1013/829/88
f 1016/830/200 1017/831/122 1015/828/200
f 1018/832/122 1019/833/199 1017/831/122
f 1020/834/199 1021/835/101 1019/833/199
f 1022/836/101 1023/833/198 1021/835/101
f 1024/834/198 1025/831/187 1023/833/198
f 1026/832/187 1027/828/197 1025/831/187
f 1028/830/197 1029/829/87 1027/828/197
f 1030/827/87 1031/837/196 1029/829/87
f 1032/838/196 1033/839/174 1031/837/196
f 1034/840/174 1035/841/195 1033/839/174
f 1036/842/195 1037/843/93 1035/841/195
f 1038/844/93 1039/841/194 1037/843/93
f 1040/842/194 1041/839/182 1039/841/194
s 95
f 1013/829/91 1015/828/91 1046/829/91
s 94
f 1042/840/182 1043/837/193 1041/839/182
f 1044/838/193 1013/829/88 1043/837/193
s 96
f 1016/830/97 1014/827/97 1045/827/97
f 1014/827/97 1044/838/97 1045/827/97
f 1044/838/97 1042/840/97 1045/827/97
f 1042/840/97 1040/842/97 1045/827/97
f 1040/842/97 1038/844/97 1045/827/97
f 1038/844/97 1036/842/97 1045/827/97
f 1036/842/97 1034/840/97 1045/827/97
f 1034/840/97 1032/838/97 1045/827/97
f 1032/838/97 1030/827/97 1045/827/97
f 1030/827/97 1028/830/97 1045/827/97
f 1028/830/97 1026/832/97 1045/827/97
f 1026/832/97 1024/834/97 1045/827/97
f 1024/834/97 1022/836/97 1045/827/97
f 1022/836/97 1020/834/97 1045/827/97
f 1020/834/97 1018/832/97 1045/827/97
f 1018/832/97 1016/830/97 1045/827/97
s 95
f 1015/828/91 1017/831/91 1046/829/91
f 1017/831/91 1019/833/91 1046/829/91
f 1019/833/91 1021/835/91 1046/829/91
f 1021/835/91 1023/833/91 1046/829/91
f 1023/833/91 1025/831/91 1046/829/91
f 1025/831/91 1027/828/91 1046/829/91
f 1027/828/91 1029/829/91 1046/829/91
f 1029/829/91 1031/837/91 1046/829/91
f 1031/837/91 1033/839/91 1046/829/91
f 1033/839/91 1035/841/91 1046/829/91
f 1035/841/91 1037/843/91 1046/829/91
f 1037/843/91 1039/841/91 1046/829/91
f 1039/841/91 1041/839/91 1046/829/91
f 1041/839/91 1043/837/91 1046/829/91
f 1043/837/91 1013/829/91 1046/829/91
s 97
f 1049/845/193 1048/846/88 1047/847/88
f 1051/848/182 1050/849/193 1049/845/193
f 1053/850/194 1052/851/182 1051/848/182
f 1055/852/93 1054/853/194 1053/850/194
f 1057/850/195 1056/854/93 1055/852/93
f 1059/848/174 1058/853/195 1057/850/195
f 1061/845/196 1060/851/174 1059/848/174
f 1063/847/87 1062/849/196 1061/845/196
f 1065/855/197 1064/846/87 1063/847/87
f 1067/856/187 1066/857/197 1065/855/197
f 1069/858/198 1068/859/187 1067/856/187
f 1071/860/101 1070/861/198 1069/858/198
f 1073/858/199 1072/862/101 1071/860/101
f 1075/856/122 1074/861/199 1073/858/199
s 98
f 1047/847/91 1080/847/91 1049/845/91
s 97
f 1077/855/200 1076/859/122 1075/856/122
f 1047/847/88 1078/857/200 1077/855/200
s 99
f 1050/849/97 1079/846/97 1048/846/97
f 1048/846/97 1079/846/97 1078/857/97
f 1078/857/97 1079/846/97 1076/859/97
f 1076/859/97 1079/846/97 1074/861/97
f 1074/861/97 1079/846/97 1072/862/97
f 1072/862/97 1079/846/97 1070/861/97
f 1070/861/97 1079/846/97 1068/859/97
f 1068/859/97 1079/846/97 1066/857/97
f 1066/857/97 1079/846/97 1064/846/97
f 1064/846/97 1079/846/97 1062/849/97
f 1062/849/97 1079/846/97 1060/851/97
f 1060/851/97 1079/846/97 1058/853/97
f 1058/853/97 1079/846/97 1056/854/97
f 1056/854/97 1079/846/97 1054/853/97
f 1054/853/97 1079/846/97 1052/851/97
f 1052/851/97 1079/846/97 1050/849/97
s 98
f 1049/845/91 1080/847/91 1051/848/91
f 1051/848/91 1080/847/91 1053/850/91
f 1053/850/91 1080/847/91 1055/852/91
f 1055/852/91 1080/847/91 1057/850/91
f 1057/850/91 1080/847/91 1059/848/91
f 1059/848/91 1080/847/91 1061/845/91
f 1061/845/91 1080/847/91 1063/847/91
f 1063/847/91 1080/847/91 1065/855/91
f 1065/855/91 1080/847/91 1067/856/91
f 1067/856/91 1080/847/91 1069/858/91
f 1069/858/91 1080/847/91 1071/860/91
f 1071/860/91 1080/847/91 1073/858/91
f 1073/858/91 1080/847/91 1075/856/91
f 1075/856/91 1080/847/91 1077/855/91
f 1077/855/91 1080/847/91 1047/847/91
s 1
f 252/195/87 253/242/87 206/196/87
s 2
f 194/198/88 193/226/88 228/199/88
s 1
f 206/196/87 253/242/87 254/201/87
s 2
f 184/203/88 236/195/88 235/204/88
s 1
f 254/201/87 255/207/87 208/206/87
f 255/207/87 256/212/87 209/208/87
s 2
f 183/209/88 237/242/88 236/195/88
s 1
f 258/200/87 243/199/87 196/210/87
f 256/212/87 257/215/87 210/213/87
f 243/199/87 244/219/87 197/214/87
s 3
f 240/212/89 241/215/90 257/215/90
s 1
f 197/214/87 244/219/87 245/216/87
s 2
f 192/218/88 191/227/88 229/216/88
s 4
f 210/213/90 195/211/91 319/211/91
f 209/208/89 210/213/90 322/213/90
f 208/206/92 209/208/89 324/208/89
f 207/202/93 208/206/92 326/206/92
f 334/196/94 206/196/94 207/202/93
f 205/197/95 206/196/94 334/196/94
f 204/220/96 205/197/95 333/197/95
f 203/221/97 204/220/96 332/220/96
f 202/222/98 203/221/97 331/221/97
f 329/223/99 201/223/99 202/222/98
f 200/224/100 201/223/99 329/223/99
f 327/225/101 199/225/101 200/224/100
f 198/217/102 199/225/101 327/225/101
f 321/214/103 197/214/103 198/217/102
f 196/210/104 197/214/103 321/214/103
f 195/211/91 196/210/104 323/210/104
s 5
f 212/198/91 211/226/104 193/226/104
f 211/226/104 213/218/103 192/218/103
f 213/218/103 214/227/102 191/227/102
f 214/227/102 215/228/101 190/228/101
f 215/228/101 216/229/100 189/229/100
f 216/229/100 217/230/99 188/230/99
f 217/230/99 218/231/98 187/231/98
f 218/231/98 219/232/97 186/232/97
f 219/232/97 220/205/96 185/205/96
f 220/205/96 221/203/95 184/203/95
f 221/203/95 222/209/94 183/209/94
f 222/209/94 223/233/93 182/233/93
f 223/233/93 224/234/92 181/234/92
f 224/234/92 225/235/89 180/235/89
f 225/235/89 226/236/90 179/236/90
f 226/236/90 212/198/91 194/198/91
s 2
f 185/205/88 235/204/88 234/237/88
s 1
f 204/220/87 251/204/87 252/195/87
f 250/237/87 251/204/87 204/220/87
s 2
f 189/229/88 231/241/88 230/238/88
f 187/231/88 186/232/88 234/237/88
s 1
f 202/222/87 249/239/87 250/237/87
f 248/240/87 249/239/87 202/222/87
f 247/241/87 248/240/87 201/223/87
s 2
f 194/198/88 227/200/88 241/215/88
s 1
f 246/238/87 247/241/87 200/224/87
f 198/217/87 245/216/87 246/238/87
s 2
f 181/234/88 239/207/88 238/201/88
s 3
f 231/241/100 232/240/99 248/240/99
f 235/204/96 236/195/95 252/195/95
f 239/207/92 240/212/89 256/212/89
f 230/238/101 231/241/100 247/241/100
f 234/237/97 235/204/96 251/204/96
f 238/201/93 239/207/92 255/207/92
f 227/200/91 228/199/104 243/199/104
f 252/195/95 236/195/95 237/242/94
f 232/240/99 233/239/98 249/239/98
f 241/215/90 227/200/91 258/200/91
f 242/219/103 229/216/102 245/216/102
f 237/242/94 238/201/93 254/201/93
f 233/239/98 234/237/97 250/237/97
f 228/199/104 242/219/103 244/219/103
f 229/216/102 230/238/101 246/238/101
s 2
f 179/236/88 241/215/88 240/212/88
f 182/233/88 238/201/88 237/242/88
f 191/227/88 190/228/88 230/238/88
f 180/235/88 240/212/88 239/207/88
f 193/226/88 192/218/88 242/219/88
f 188/230/88 187/231/88 233/239/88
f 188/230/88 232/240/88 231/241/88
s 1
f 257/215/87 258/200/87 195/211/87
s 6
f 260/243/105 262/246/105 261/244/106
s 9
f 262/246/107 260/243/107 263/248/107
s 10
f 265/249/108 266/253/108 268/250/108
s 13
f 270/252/109 268/250/109 266/253/109
s 16
f 280/267/110 282/260/111 281/264/111
f 282/260/111 284/259/112 283/265/112
f 284/259/112 286/262/113 285/258/113
f 286/262/113 288/261/87 287/257/87
f 288/261/87 290/263/114 289/269/114
f 290/263/114 292/266/115 291/270/115
f 292/266/115 294/271/116 293/255/116
f 294/271/116 272/272/117 271/256/117
s 15
f 280/267/91 275/267/91 277/272/91
s 16
f 272/272/117 277/272/101 278/256/101
f 279/268/110 276/268/93 275/267/93
s 14
f 271/256/97 278/256/97 276/268/97
s 17
f 277/272/88 275/267/88 276/268/88
s 31
f 346/286/122 355/290/122 354/287/122
f 345/289/122 356/292/122 355/290/122
f 344/291/122 357/294/122 356/292/122
f 343/293/122 358/296/122 357/294/122
f 343/293/122 342/297/122 359/295/122
f 342/297/122 341/300/122 360/298/122
f 340/299/122 361/302/122 360/298/122
f 339/301/122 362/317/122 361/302/122
f 348/303/122 347/288/122 354/287/122
f 349/305/122 348/303/122 353/304/122
f 335/307/122 366/314/122 365/308/122
f 350/310/122 349/305/122 352/306/122
f 336/309/122 365/308/122 364/312/122
f 335/307/122 350/310/122 351/311/122
f 338/315/122 337/313/122 364/312/122
f 339/301/122 338/315/122 363/316/122
s 32
f 371/318/123 373/321/129 370/319/124
s 33
f 373/321/126 372/325/131 368/322/127
s 32
f 374/323/128 376/324/133 373/321/129
s 33
f 376/324/130 375/328/130 372/325/131
s 32
f 377/326/132 379/330/136 376/324/133
s 33
f 376/324/130 379/330/134 378/327/134
s 32
f 380/329/135 382/333/139 379/330/136
s 33
f 379/330/134 382/333/137 381/331/137
s 32
f 383/332/138 385/334/142 382/333/139
s 33
f 385/334/140 384/336/140 381/331/137
s 32
f 383/332/138 386/338/145 388/335/141
s 33
f 388/335/143 387/340/147 384/336/140
s 32
f 389/337/144 391/339/149 388/335/141
s 33
f 391/339/146 390/343/146 387/340/147
s 32
f 389/337/144 392/344/151 394/341/148
s 33
f 391/339/146 394/341/150 393/342/150
s 32
f 392/344/151 395/347/155 397/345/152
s 33
f 397/345/153 396/349/153 393/342/150
s 32
f 398/346/154 400/351/158 397/345/152
s 33
f 397/345/153 400/351/156 399/348/156
s 32
f 401/350/157 403/352/161 400/351/158
s 33
f 403/352/159 402/355/159 399/348/156
s 32
f 401/350/157 404/356/163 406/353/160
s 33
f 403/352/159 406/353/165 405/354/162
s 32
f 404/356/163 407/359/167 409/357/164
s 33
f 406/353/165 409/357/166 408/358/166
s 32
f 407/359/167 410/361/170 412/360/168
s 33
f 412/360/169 411/363/169 408/358/166
s 32
f 410/361/170 413/364/173 415/362/171
s 33
f 415/362/172 414/365/172 411/363/169
s 32
f 413/364/173 369/320/125 370/319/124
s 33
f 415/362/172 370/319/127 368/322/127
s 32
f 366/314/91 351/311/185 371/318/123
f 365/308/175 366/314/91 369/320/125
f 371/318/123 351/311/185 352/306/176
f 374/323/128 352/306/176 353/304/177
f 353/304/177 354/287/187 380/329/135
f 380/329/135 354/287/187 355/290/178
f 355/290/178 356/292/179 386/338/145
f 356/292/179 357/294/188 389/337/144
f 389/337/144 357/294/188 358/296/97
f 358/296/97 359/295/180 395/347/155
f 359/295/180 360/298/191 398/346/154
f 398/346/154 360/298/191 361/302/181
f 401/350/157 361/302/181 362/317/182
f 362/317/182 363/316/192 407/359/167
f 407/359/167 363/316/192 364/312/183
f 410/361/170 364/312/183 365/308/175
s 35
f 416/367/184 420/368/186 350/310/185
f 420/368/186 418/369/176 349/305/176
f 418/369/176 417/370/177 348/303/177
f 417/370/177 424/371/187 347/288/187
f 424/371/187 425/372/178 346/286/178
f 425/372/178 426/373/179 345/289/179
f 426/373/179 427/864/268 344/291/188
f 344/291/188 427/864/268 428/374/189
f 428/374/189 429/375/190 342/297/180
f 429/375/190 430/376/191 341/300/191
f 430/376/191 431/377/181 340/299/181
f 431/377/181 422/378/182 339/301/182
f 422/378/182 423/379/192 338/315/192
f 423/379/192 421/380/183 337/313/183
f 421/380/183 419/865/269 336/309/175
f 336/309/175 419/865/269 416/367/184
s 36
f 433/381/88 435/384/193 434/382/193
f 435/384/193 437/386/182 436/385/182
f 437/386/182 439/388/194 438/387/194
f 439/388/194 441/390/93 440/389/93
f 441/390/93 443/388/195 442/387/195
f 443/388/195 445/386/174 444/385/174
f 445/386/174 447/384/196 446/382/196
f 447/384/196 449/381/87 448/383/87
f 449/381/87 451/392/197 450/391/197
f 451/392/197 453/394/187 452/393/187
f 453/394/187 455/396/198 454/395/198
f 455/396/198 457/398/101 456/397/101
f 457/398/101 459/396/199 458/395/199
f 459/396/199 461/394/122 460/393/122
f 461/394/122 463/392/200 462/391/200
f 463/392/200 433/381/88 432/383/88
s 39
f 485/399/182 486/474/182 477/400/182
f 477/400/182 486/474/182 487/402/182
f 476/403/182 487/402/182 488/404/182
f 488/404/182 489/475/182 474/406/182
f 474/406/182 489/475/182 490/407/182
f 490/407/182 491/410/182 472/409/182
f 491/410/182 492/477/182 471/411/182
f 471/411/182 492/477/182 493/412/182
f 479/414/182 484/473/182 485/399/182
f 483/415/182 484/473/182 479/414/182
f 496/417/182 497/471/182 466/418/182
f 482/420/182 483/415/182 480/416/182
f 495/422/182 496/417/182 467/419/182
f 466/418/182 497/471/182 482/420/182
f 469/424/182 494/478/182 495/422/182
f 493/412/182 494/478/182 469/424/182
s 40
f 500/425/201 501/428/245 504/426/202
s 41
f 501/428/204 499/470/204 503/429/205
s 40
f 504/426/202 507/432/209 505/430/207
s 41
f 504/426/206 503/429/205 506/431/208
s 40
f 507/432/209 510/435/274 508/433/210
s 41
f 507/432/208 506/431/208 509/434/211
s 40
f 508/433/210 510/435/274 513/436/212
s 41
f 510/435/211 509/434/211 512/438/214
s 40
f 513/436/212 516/441/280 514/439/215
s 41
f 513/436/214 512/438/214 515/440/216
s 40
f 514/439/215 516/441/280 519/442/217
s 41
f 515/440/216 518/445/219 519/442/219
s 40
f 519/442/217 522/446/222 520/444/220
s 41
f 518/445/219 521/448/221 522/446/221
s 40
f 522/446/222 525/449/225 523/447/223
s 41
f 521/448/221 524/451/224 525/449/224
s 40
f 525/449/225 528/452/279 526/450/226
s 41
f 524/451/224 527/455/227 528/452/227
s 40
f 526/450/226 528/452/279 531/453/228
s 41
f 527/455/227 530/476/230 531/453/230
s 40
f 531/453/228 534/458/233 532/456/231
s 41
f 531/453/230 530/476/230 533/457/232
s 40
f 534/458/233 537/461/281 535/459/234
s 41
f 534/458/232 533/457/232 536/460/235
s 40
f 535/459/234 537/461/281 540/462/236
s 41
f 536/460/235 539/466/238 540/462/238
s 40
f 538/463/237 540/462/236 543/464/239
s 41
f 539/466/238 542/479/241 543/464/241
s 40
f 541/465/240 543/464/239 546/467/242
s 41
f 543/464/241 542/479/241 545/469/244
s 40
f 544/468/243 546/467/242 501/428/245
s 41
f 546/467/244 545/469/244 499/470/204
s 40
f 500/425/201 502/427/203 482/420/246
f 544/468/243 500/425/201 497/471/91
f 502/427/203 505/430/207 483/415/248
f 508/433/210 484/473/249 483/415/248
f 511/437/213 485/399/174 484/473/249
f 511/437/213 514/439/215 486/474/250
f 517/443/218 487/402/251 486/474/250
f 520/444/220 488/404/252 487/402/251
f 523/447/223 489/475/97 488/404/252
f 526/450/226 490/407/253 489/475/97
f 529/454/229 491/410/255 490/407/253
f 529/454/229 532/456/231 492/477/254
f 535/459/234 493/412/122 492/477/254
f 538/463/237 494/478/256 493/412/122
f 541/465/240 495/422/257 494/478/256
f 541/465/240 544/468/243 496/417/247
s 43
f 481/421/246 550/480/259 416/367/258
f 480/416/248 548/481/248 550/480/259
f 479/414/249 547/483/249 548/481/248
f 479/414/249 478/401/174 554/482/174
f 477/400/250 555/484/250 554/482/174
f 476/403/251 556/485/251 555/484/250
f 475/405/252 557/486/261 556/485/251
f 475/405/252 474/406/97 428/374/260
f 473/408/253 558/487/262 428/374/260
f 472/409/255 559/488/255 558/487/262
f 471/411/254 560/489/254 559/488/255
f 470/413/122 552/490/122 560/489/254
f 469/424/256 553/491/256 552/490/122
f 468/423/257 551/492/257 553/491/256
f 467/419/247 549/493/263 551/492/257
f 467/419/247 466/418/91 416/367/258
s 44
f 563/494/200 564/498/200 562/495/88
f 565/497/122 566/500/122 564/498/200
f 567/499/199 568/502/199 566/500/122
f 569/501/101 570/503/101 568/502/199
f 571/499/198 572/502/198 570/503/101
f 573/497/187 574/500/187 572/502/198
f 575/494/197 576/498/197 574/500/187
f 577/496/87 578/495/87 576/498/197
f 579/504/196 580/506/196 578/495/87
f 581/505/174 582/508/174 580/506/196
f 583/507/195 584/510/195 582/508/174
f 585/509/93 586/511/93 584/510/195
f 587/507/194 588/510/194 586/511/93
f 589/505/182 590/508/182 588/510/194
f 591/504/193 592/506/193 590/508/182
f 561/496/88 562/495/88 592/506/193
s 47
f 596/512/88 598/515/193 597/513/193
f 598/515/193 600/517/182 599/516/182
f 600/517/182 602/519/194 601/518/194
f 602/519/194 604/521/93 603/520/93
f 604/521/93 606/519/195 605/518/195
f 606/519/195 608/517/174 607/516/174
f 608/517/174 610/515/196 609/513/196
f 610/515/196 612/512/87 611/514/87
f 612/512/87 614/523/197 613/522/197
f 614/523/197 616/525/187 615/524/187
f 616/525/187 618/527/198 617/526/198
f 618/527/198 620/529/101 619/528/101
f 620/529/101 622/527/199 621/526/199
f 622/527/199 624/525/122 623/524/122
f 624/525/122 626/523/200 625/522/200
f 626/523/200 596/512/88 595/514/88
s 51
f 658/531/87 705/538/87 704/532/87
s 52
f 646/534/88 679/548/88 680/535/88
s 51
f 658/531/87 659/543/87 706/537/87
s 52
f 687/539/88 688/532/88 636/540/88
s 51
f 660/542/87 707/545/87 706/537/87
f 661/544/87 708/551/87 707/545/87
s 52
f 688/532/88 689/538/88 635/546/88
s 51
f 648/547/87 695/535/87 710/548/87
f 662/550/87 709/553/87 708/551/87
f 648/547/87 649/554/87 696/552/87
s 53
f 709/553/96 693/553/96 692/551/95
s 51
f 649/554/87 650/564/87 697/555/87
s 52
f 644/556/88 694/552/88 681/555/88
s 54
f 771/549/97 647/549/97 662/550/96
f 774/550/96 662/550/96 661/544/95
f 776/544/95 661/544/95 660/542/94
f 778/542/94 660/542/94 659/543/93
f 777/543/93 659/543/93 658/531/92
f 786/531/92 658/531/92 657/533/89
f 785/533/89 657/533/89 656/558/90
f 784/558/90 656/558/90 655/559/91
f 783/559/91 655/559/91 654/560/104
f 782/560/104 654/560/104 653/561/103
f 781/561/103 653/561/103 652/562/102
f 780/562/102 652/562/102 651/563/101
f 779/563/101 651/563/101 650/564/100
f 772/564/100 650/564/100 649/554/99
f 773/554/99 649/554/99 648/547/98
f 775/547/98 648/547/98 647/549/97
s 55
f 645/536/98 663/536/98 664/534/97
f 644/556/99 665/556/99 663/536/98
f 643/557/100 666/557/100 665/556/99
f 642/565/101 667/565/101 666/557/100
f 641/566/102 668/566/102 667/565/101
f 640/567/103 669/567/103 668/566/102
f 639/568/104 670/568/104 669/567/103
f 638/569/91 671/569/91 670/568/104
f 637/541/90 672/541/90 671/569/91
f 636/540/89 673/540/89 672/541/90
f 635/546/92 674/546/92 673/540/89
f 634/570/93 675/570/93 674/546/92
f 633/571/94 676/571/94 675/570/93
f 632/572/95 677/572/95 676/571/94
f 631/573/96 678/573/96 677/572/95
f 646/534/97 664/534/97 678/573/96
s 52
f 686/574/88 687/539/88 637/541/88
s 51
f 656/558/87 657/533/87 704/532/87
f 656/558/87 703/539/87 702/574/87
s 52
f 682/575/88 683/578/88 641/566/88
f 639/568/88 685/576/88 686/574/88
s 51
f 654/560/87 655/559/87 702/574/87
f 654/560/87 701/576/87 700/577/87
f 653/561/87 700/577/87 699/578/87
s 52
f 693/553/88 679/548/88 646/534/88
s 51
f 652/562/87 699/578/87 698/575/87
f 650/564/87 651/563/87 698/575/87
s 52
f 690/537/88 691/545/88 633/571/88
s 53
f 700/577/103 684/577/103 683/578/102
f 704/532/89 688/532/89 687/539/90
f 708/551/95 692/551/95 691/545/94
f 699/578/102 683/578/102 682/575/101
f 703/539/90 687/539/90 686/574/91
f 707/545/94 691/545/94 690/537/93
f 695/535/98 680/535/98 679/548/97
f 704/532/89 705/538/92 689/538/92
f 701/576/104 685/576/104 684/577/103
f 710/548/97 679/548/97 693/553/96
f 697/555/100 681/555/100 694/552/99
f 706/537/93 690/537/93 689/538/92
f 702/574/91 686/574/91 685/576/104
f 696/552/99 694/552/99 680/535/98
f 698/575/101 682/575/101 681/555/100
s 52
f 692/551/88 693/553/88 631/573/88
f 689/538/88 690/537/88 634/570/88
f 643/557/88 681/555/88 682/575/88
f 691/545/88 692/551/88 632/572/88
f 645/536/88 680/535/88 694/552/88
f 684/577/88 685/576/88 639/568/88
f 683/578/88 684/577/88 640/567/88
s 51
f 647/549/87 710/548/87 709/553/87
s 56
f 711/579/108 713/582/108 714/580/108
s 59
f 716/583/109 715/584/109 712/581/109
s 60
f 719/585/105 720/589/105 718/586/105
s 63
f 721/590/107 718/586/107 720/589/107
s 66
f 733/600/111 734/597/111 732/603/110
f 735/601/112 736/595/112 734/597/111
f 737/594/113 738/598/113 736/595/112
f 739/592/87 740/596/87 738/598/113
f 741/605/114 742/599/114 740/596/87
f 743/606/115 744/602/115 742/599/114
f 745/591/116 746/607/116 744/602/115
f 723/593/117 724/608/117 746/607/116
s 65
f 729/608/97 727/603/97 732/603/97
s 66
f 730/593/101 729/608/101 724/608/117
f 727/603/93 728/604/93 731/604/110
s 64
f 728/604/91 730/593/91 723/593/91
s 67
f 728/604/88 727/603/88 729/608/88
s 81
f 806/622/122 807/625/122 798/623/122
f 807/625/122 808/627/122 797/626/122
f 808/627/122 809/629/122 796/628/122
f 809/629/122 810/699/122 795/630/122
f 795/630/122 810/699/122 811/631/122
f 794/632/122 811/631/122 812/633/122
f 812/633/122 813/636/122 792/635/122
f 813/636/122 814/701/122 791/637/122
f 800/638/122 805/640/122 806/622/122
f 801/639/122 804/645/122 805/640/122
f 817/641/122 818/696/122 787/642/122
f 802/644/122 803/648/122 804/645/122
f 816/646/122 817/641/122 788/643/122
f 787/642/122 818/696/122 803/648/122
f 790/649/122 815/650/122 816/646/122
f 791/637/122 814/701/122 815/650/122
s 82
f 821/651/151 822/654/148 825/652/264
s 83
f 822/654/150 820/695/150 824/655/146
s 82
f 825/652/264 828/658/141 826/656/265
s 83
f 825/652/146 824/655/146 827/657/143
s 82
f 828/658/141 831/661/142 829/659/138
s 83
f 828/658/143 827/657/143 830/660/140
s 82
f 831/661/142 834/664/139 832/662/135
s 83
f 831/661/140 830/660/140 833/663/137
s 82
f 834/664/139 837/666/136 835/665/132
s 83
f 833/663/137 836/669/134 837/666/134
s 82
f 835/665/132 837/666/136 840/667/133
s 83
f 836/669/134 839/672/266 840/667/266
s 82
f 838/668/128 840/667/133 843/670/267
s 83
f 839/672/266 842/698/131 843/670/131
s 82
f 841/671/123 843/670/267 846/673/124
s 83
f 843/670/131 842/698/131 845/675/127
s 82
f 846/673/124 849/677/171 847/676/173
s 83
f 845/675/127 848/679/172 849/677/172
s 82
f 849/677/171 852/680/168 850/678/170
s 83
f 848/679/172 851/700/169 852/680/169
s 82
f 852/680/168 855/683/164 853/681/167
s 83
f 852/680/169 851/700/169 854/682/166
s 82
f 853/681/167 855/683/164 858/684/160
s 83
f 854/682/166 857/688/162 858/684/162
s 82
f 856/685/163 858/684/160 861/686/161
s 83
f 857/688/162 860/691/159 861/686/159
s 82
f 859/687/157 861/686/161 864/689/158
s 83
f 860/691/159 863/702/156 864/689/156
s 82
f 862/690/154 864/689/158 867/692/152
s 83
f 864/689/156 863/702/156 866/694/153
s 82
f 865/693/155 867/692/152 822/654/148
s 83
f 867/692/153 866/694/153 820/695/150
s 82
f 823/653/144 803/648/188 818/696/97
f 821/651/151 818/696/97 817/641/180
f 823/653/144 826/656/265 804/645/179
f 829/659/138 805/640/178 804/645/179
f 832/662/135 806/622/187 805/640/178
f 835/665/132 807/625/177 806/622/187
f 838/668/128 808/627/176 807/625/177
f 838/668/128 841/671/123 809/629/185
f 841/671/123 844/674/125 810/699/91
f 844/674/125 847/676/173 811/631/175
f 850/678/170 812/633/183 811/631/175
f 850/678/170 853/681/167 813/636/192
f 853/681/167 856/685/163 814/701/182
f 859/687/157 815/650/181 814/701/182
f 859/687/157 862/690/154 816/646/191
f 862/690/154 865/693/155 817/641/180
s 85
f 802/644/188 872/704/268 868/703/189
f 801/639/179 870/705/179 872/704/268
f 800/638/178 869/706/178 870/705/179
f 799/624/187 876/707/187 869/706/178
f 798/623/177 877/708/177 876/707/187
f 797/626/176 878/709/176 877/708/177
f 796/628/185 879/711/186 878/709/176
f 796/628/185 795/630/91 880/710/184
f 794/632/175 881/712/269 880/710/184
f 793/634/183 882/714/183 881/712/269
f 793/634/183 792/635/192 883/713/192
f 791/637/182 874/715/182 883/713/192
f 790/649/181 875/716/181 874/715/182
f 789/647/191 873/717/191 875/716/181
f 788/643/180 871/718/190 873/717/191
f 788/643/180 787/642/97 868/703/189
s 86
f 886/719/193 887/723/193 885/720/88
f 888/722/182 889/725/182 887/723/193
f 890/724/194 891/727/194 889/725/182
f 892/726/93 893/728/93 891/727/194
f 894/724/195 895/727/195 893/728/93
f 896/722/174 897/725/174 895/727/195
f 898/719/196 899/723/196 897/725/174
f 900/721/87 901/720/87 899/723/196
f 902/729/197 903/731/197 901/720/87
f 904/730/187 905/733/187 903/731/197
f 906/732/198 907/735/198 905/733/187
f 908/734/101 909/736/101 907/735/198
f 910/732/199 911/735/199 909/736/101
f 912/730/122 913/733/122 911/735/199
f 914/729/200 915/731/200 913/733/122
f 884/721/88 885/720/88 915/731/200
s 89
f 929/737/182 938/741/182 937/738/182
f 929/737/182 928/742/182 939/740/182
f 928/742/182 927/744/182 940/743/182
f 927/744/182 926/746/182 941/745/182
f 926/746/182 925/749/182 942/747/182
f 924/748/182 943/751/182 942/747/182
f 923/750/182 944/753/182 943/751/182
f 923/750/182 922/768/182 945/752/182
f 931/754/182 930/739/182 937/738/182
f 931/754/182 936/755/182 935/756/182
f 918/758/182 949/765/182 948/759/182
f 932/757/182 935/756/182 934/761/182
f 920/763/182 919/760/182 948/759/182
f 918/758/182 933/762/182 934/761/182
f 921/766/182 920/763/182 947/764/182
f 921/766/182 946/767/182 945/752/182
s 90
f 952/769/223 954/774/220 956/770/222
s 91
f 956/770/270 955/776/270 951/772/224
s 90
f 957/773/218 959/775/217 956/770/222
s 91
f 959/775/271 958/779/271 955/776/270
s 90
f 960/777/215 962/781/272 959/775/217
s 91
f 959/775/271 962/781/216 961/778/216
s 90
f 960/777/215 963/784/213 965/780/212
s 91
f 962/781/216 965/780/214 964/782/214
s 90
f 966/783/210 968/787/274 965/780/212
s 91
f 965/780/214 968/787/273 967/785/273
s 90
f 966/783/210 969/789/276 971/786/209
s 91
f 968/787/273 971/786/275 970/788/275
s 90
f 969/789/276 972/792/203 974/790/202
s 91
f 974/790/206 973/794/206 970/788/275
s 90
f 975/791/201 977/796/245 974/790/202
s 91
f 974/790/206 977/796/204 976/793/204
s 90
f 978/795/243 980/799/242 977/796/245
s 91
f 977/796/204 980/799/244 979/797/244
s 90
f 981/798/240 983/800/239 980/799/242
s 91
f 983/800/241 982/803/241 979/797/244
s 90
f 981/798/240 984/805/237 986/801/236
s 91
f 983/800/241 986/801/238 985/802/277
s 90
f 987/804/234 989/806/278 986/801/236
s 91
f 989/806/235 988/809/235 985/802/277
s 90
f 990/807/231 992/808/233 989/806/278
s 91
f 992/808/232 991/811/232 988/809/235
s 90
f 990/807/231 993/812/229 995/810/228
s 91
f 995/810/230 994/814/230 991/811/232
s 90
f 993/812/229 996/815/226 998/813/279
s 91
f 998/813/227 997/816/227 994/814/230
s 90
f 996/815/226 952/769/223 953/771/225
s 91
f 998/813/227 953/771/224 951/772/224
s 90
f 952/769/223 949/765/97 934/761/252
f 948/759/253 949/765/97 952/769/223
f 954/774/220 934/761/252 935/756/251
f 957/773/218 935/756/251 936/755/250
f 936/755/250 937/738/174 963/784/213
f 963/784/213 937/738/174 938/741/249
f 966/783/210 938/741/249 939/740/248
f 939/740/248 940/743/246 972/792/203
f 940/743/246 941/745/91 975/791/201
f 975/791/201 941/745/91 942/747/247
f 942/747/247 943/751/257 981/798/240
f 981/798/240 943/751/257 944/753/256
f 984/805/237 944/753/256 945/752/122
f 945/752/122 946/767/254 990/807/231
f 946/767/254 947/764/255 993/812/229
f 947/764/255 948/759/253 996/815/226
s 93
f 868/703/260 1002/818/261 933/762/252
f 1002/818/261 1000/819/251 932/757/251
f 1000/819/251 999/820/250 931/754/250
f 999/820/250 1006/821/174 930/739/174
f 1006/821/174 1007/866/249 929/737/249
f 929/737/249 1007/866/249 1008/822/248
f 1008/822/248 1009/867/259 927/744/246
f 927/744/246 1009/867/259 880/710/258
f 880/710/258 1010/868/263 925/749/247
f 925/749/247 1010/868/263 1011/823/257
f 1011/823/257 1012/869/256 923/750/256
f 923/750/256 1012/869/256 1004/824/122
f 1004/824/122 1005/825/254 921/766/254
f 1005/825/254 1003/826/255 920/763/255
f 1003/826/255 1001/870/262 919/760/253
f 919/760/253 1001/870/262 868/703/260
s 94
f 1014/827/88 1016/830/200 1015/828/200
f 1016/830/200 1018/832/122 1017/831/122
f 1018/832/122 1020/834/199 1019/833/199
f 1020/834/199 1022/836/101 1021/835/101
f 1022/836/101 1024/834/198 1023/833/198
f 1024/834/198 1026/832/187 1025/831/187
f 1026/832/187 1028/830/197 1027/828/197
f 1028/830/197 1030/827/87 1029/829/87
f 1030/827/87 1032/838/196 1031/837/196
f 1032/838/196 1034/840/174 1033/839/174
f 1034/840/174 1036/842/195 1035/841/195
f 1036/842/195 1038/844/93 1037/843/93
f 1038/844/93 1040/842/194 1039/841/194
f 1040/842/194 1042/840/182 1041/839/182
f 1042/840/182 1044/838/193 1043/837/193
f 1044/838/193 1014/827/88 1013/829/88
s 97
f 1049/845/193 1050/849/193 1048/846/88
f 1051/848/182 1052/851/182 1050/849/193
f 1053/850/194 1054/853/194 1052/851/182
f 1055/852/93 1056/854/93 1054/853/194
f 1057/850/195 1058/853/195 1056/854/93
f 1059/848/174 1060/851/174 1058/853/195
f 1061/845/196 1062/849/196 1060/851/174
f 1063/847/87 1064/846/87 1062/849/196
f 1065/855/197 1066/857/197 1064/846/87
f 1067/856/187 1068/859/187 1066/857/197
f 1069/858/198 1070/861/198 1068/859/187
f 1071/860/101 1072/862/101 1070/861/198
f 1073/858/199 1074/861/199 1072/862/101
f 1075/856/122 1076/859/122 1074/861/199
f 1077/855/200 1078/857/200 1076/859/122
f 1047/847/88 1048/846/88 1078/857/200
s 18
g pedestrian_traffic_light_02_base_medium_yellow_metal_rough
usemtl metal_rough
f 296/273/118 297/274/118 295/273/118
s 19
f 297/274/97 300/275/97 299/275/97
s 20
f 300/275/119 301/276/119 299/275/119
s 21
f 302/276/120 303/277/120 301/276/120
s 22
f 304/277/91 305/278/91 303/277/91
s 23
f 306/278/121 295/273/121 305/278/121
s 24
f 307/279/87 317/280/87 630/281/87
s 25
f 309/282/121 308/279/121 307/279/121
s 26
f 311/283/91 310/282/91 309/282/91
s 27
f 313/284/120 312/283/120 311/283/120
s 28
f 315/285/119 314/284/119 313/284/119
s 29
f 317/280/97 316/285/97 315/285/97
s 30
f 307/279/118 318/280/118 317/280/118
s 50
f 295/273/87 297/274/87 629/530/87
f 297/274/87 299/275/87 629/530/87
f 299/275/87 301/276/87 629/530/87
f 301/276/87 303/277/87 629/530/87
f 303/277/87 305/278/87 629/530/87
f 305/278/87 295/273/87 629/530/87
s 24
f 317/280/87 315/285/87 630/281/87
f 315/285/87 313/284/87 630/281/87
f 313/284/87 311/283/87 630/281/87
f 311/283/87 309/282/87 630/281/87
f 309/282/87 307/279/87 630/281/87
s 68
f 749/609/121 748/610/121 747/610/121
s 69
f 751/611/91 750/609/91 749/609/91
s 70
f 753/612/120 752/611/120 751/611/120
s 71
f 755/613/119 754/612/119 753/612/119
s 72
f 757/614/97 756/613/97 755/613/97
s 73
f 747/610/118 758/614/118 757/614/118
s 74
f 759/615/87 1082/616/87 769/617/87
s 75
f 760/615/118 761/618/118 759/615/118
s 76
f 761/618/97 764/619/97 763/619/97
s 77
f 764/619/119 765/620/119 763/619/119
s 78
f 766/620/120 767/621/120 765/620/120
s 79
f 768/621/91 769/617/91 767/621/91
s 80
f 770/617/121 759/615/121 769/617/121
s 100
f 747/610/87 1081/863/87 749/609/87
f 749/609/87 1081/863/87 751/611/87
f 751/611/87 1081/863/87 753/612/87
f 753/612/87 1081/863/87 755/613/87
f 755/613/87 1081/863/87 757/614/87
f 757/614/87 1081/863/87 747/610/87
s 74
f 769/617/87 1082/616/87 767/621/87
f 767/621/87 1082/616/87 765/620/87
f 765/620/87 1082/616/87 763/619/87
f 763/619/87 1082/616/87 761/618/87
f 761/618/87 1082/616/87 759/615/87
s 18
f 296/273/118 298/274/118 297/274/118
s 19
f 297/274/97 298/274/97 300/275/97
s 20
f 300/275/119 302/276/119 301/276/119
s 21
f 302/276/120 304/277/120 303/277/120
s 22
f 304/277/91 306/278/91 305/278/91
s 23
f 306/278/121 296/273/121 295/273/121
s 25
f 309/282/121 310/282/121 308/279/121
s 26
f 311/283/91 312/283/91 310/282/91
s 27
f 313/284/120 314/284/120 312/283/120
s 28
f 315/285/119 316/285/119 314/284/119
s 29
f 317/280/97 318/280/97 316/285/97
s 30
f 307/279/118 308/279/118 318/280/118
s 68
f 749/609/121 750/609/121 748/610/121
s 69
f 751/611/91 752/611/91 750/609/91
s 70
f 753/612/120 754/612/120 752/611/120
s 71
f 755/613/119 756/613/119 754/612/119
s 72
f 757/614/97 758/614/97 756/613/97
s 73
f 747/610/118 748/610/118 758/614/118
s 75
f 760/615/118 762/618/118 761/618/118
s 76
f 761/618/97 762/618/97 764/619/97
s 77
f 764/619/119 766/620/119 765/620/119
s 78
f 766/620/120 768/621/120 767/621/120
s 79
f 768/621/91 770/617/91 769/617/91
s 80
f 770/617/121 760/615/121 759/615/121
g pedestrian_light_traffic_01_yellow_small_Mesh
v 0.341456 -0.087442 0.312013
v 0.339574 -0.097376 0.313895
v 0.327407 -0.107311 0.326062
v 0.334432 -0.104649 0.319037
v 0.189696 0.087442 0.463773
v 0.191578 0.097376 0.461891
v 0.203745 0.107311 0.449724
v 0.196721 0.104649 0.456749
v 0.189696 -0.087442 0.463773
v 0.191578 -0.097376 0.461891
v 0.196721 -0.104649 0.456749
v 0.203745 -0.107311 0.449724
v 0.207958 -0.100000 0.445511
v 0.194865 -0.081485 0.458604
v 0.201412 -0.097519 0.452058
v 0.196619 -0.090742 0.456850
v 0.194865 0.081485 0.458604
v 0.207958 0.100000 0.445511
v 0.196619 0.090742 0.456850
v 0.201412 0.097519 0.452058
v 0.336287 -0.081485 0.317182
v 0.323195 -0.100000 0.330275
v 0.334533 -0.090742 0.318936
v 0.329741 -0.097519 0.323728
v 0.323195 0.100000 0.330275
v 0.336287 0.081485 0.317182
v 0.329741 0.097519 0.323728
v 0.334533 0.090742 0.318936
v 0.208485 -0.076386 0.463374
v 0.220758 -0.093742 0.451101
v 0.210129 -0.085064 0.461729
v 0.214622 -0.091417 0.457237
v 0.220758 0.093742 0.451101
v 0.208485 0.076386 0.463374
v 0.214622 0.091417 0.457237
v 0.210129 0.085064 0.461729
v 0.341057 0.076386 0.330802
v 0.328784 0.093742 0.343075
v 0.339412 0.085064 0.332446
v 0.334920 0.091417 0.336939
v 0.328784 -0.093742 0.343075
v 0.341057 -0.076386 0.330802
v 0.334920 -0.091417 0.336939
v 0.339412 -0.085064 0.332446
v 0.327407 0.107311 0.326062
v 0.334432 0.104649 0.319037
v 0.339574 0.097376 0.313895
v 0.341456 0.087442 0.312013
v 0.336602 0.107311 0.335257
v 0.343626 0.104649 0.328232
v 0.348769 0.097376 0.323090
v 0.350651 0.087442 0.321208
v 0.343626 -0.104649 0.328232
v 0.336602 -0.107311 0.335257
v 0.348769 -0.097376 0.323090
v 0.350651 -0.087442 0.321208
v 0.212940 -0.107311 0.458919
v 0.205915 -0.104649 0.465943
v 0.200773 -0.097376 0.471086
v 0.198891 -0.087442 0.472968
v 0.205915 0.104649 0.465943
v 0.212940 0.107311 0.458919
v 0.200773 0.097376 0.471086
v 0.198891 0.087442 0.472968
v 0.147517 -0.071158 0.364531
v 0.145953 -0.100000 0.383507
v 0.138986 -0.093844 0.375394
v 0.141754 -0.098350 0.379000
v 0.144549 -0.066960 0.367498
v 0.132861 -0.081485 0.396599
v 0.129674 -0.080674 0.384706
v 0.129674 -0.081268 0.391080
v 0.145586 -0.070426 0.366462
v 0.139407 -0.097519 0.390053
v 0.134121 -0.092000 0.380260
v 0.135658 -0.096041 0.385096
v 0.145067 -0.069692 0.366981
v 0.134615 -0.090742 0.394845
v 0.130978 -0.087556 0.383403
v 0.131308 -0.089889 0.389446
v 0.144549 0.066960 0.367498
v 0.132861 0.081485 0.396599
v 0.129674 0.080674 0.384706
v 0.129674 0.081268 0.391080
v 0.147517 0.071158 0.364531
v 0.145953 0.100000 0.383507
v 0.138986 0.093844 0.375394
v 0.141754 0.098350 0.379000
v 0.145067 0.069692 0.366981
v 0.134615 0.090742 0.394845
v 0.130978 0.087556 0.383403
v 0.131308 0.089889 0.389446
v 0.145586 0.070426 0.366462
v 0.139407 0.097519 0.390053
v 0.134121 0.092000 0.380260
v 0.135658 0.096041 0.385096
v 0.245182 -0.066960 0.266866
v 0.274282 -0.081485 0.255178
v 0.262390 -0.080674 0.251991
v 0.268763 -0.081268 0.251991
v 0.242214 -0.071158 0.269834
v 0.261190 -0.100000 0.268270
v 0.253077 -0.093844 0.261303
v 0.256683 -0.098350 0.264070
v 0.244664 -0.069692 0.267384
v 0.272528 -0.090742 0.256932
v 0.261086 -0.087556 0.253295
v 0.267129 -0.089889 0.253624
v 0.244145 -0.070426 0.267902
v 0.267736 -0.097519 0.261724
v 0.257943 -0.092000 0.256437
v 0.262779 -0.096041 0.257975
v 0.242214 0.071158 0.269834
v 0.261190 0.100000 0.268270
v 0.253077 0.093844 0.261303
v 0.256683 0.098350 0.264070
v 0.245182 0.066960 0.266866
v 0.274282 0.081485 0.255178
v 0.262390 0.080674 0.251991
v 0.268763 0.081268 0.251991
v 0.244145 0.070426 0.267902
v 0.267736 0.097519 0.261724
v 0.257943 0.092000 0.256437
v 0.262779 0.096041 0.257975
v 0.244664 0.069692 0.267384
v 0.272528 0.090742 0.256932
v 0.261086 0.087556 0.253295
v 0.267129 0.089889 0.253624
v 0.135207 -0.086481 0.376840
v 0.138393 -0.087688 0.373655
v 0.133714 -0.084369 0.378333
v 0.132861 -0.079864 0.379187
v 0.138393 0.087688 0.373655
v 0.135207 0.086481 0.376840
v 0.133714 0.084369 0.378333
v 0.132861 0.079864 0.379187
v 0.251338 -0.087688 0.260710
v 0.254523 -0.086481 0.257524
v 0.256017 -0.084369 0.256031
v 0.256870 -0.079864 0.255178
v 0.254523 0.086481 0.257524
v 0.251338 0.087688 0.260710
v 0.256017 0.084369 0.256031
v 0.256870 0.079864 0.255178
v 0.142654 -0.070426 0.363531
v 0.144586 -0.071158 0.361599
v 0.142136 -0.069692 0.364050
v 0.141618 -0.066960 0.364567
v 0.144586 0.071158 0.361599
v 0.142654 0.070426 0.363531
v 0.142136 0.069692 0.364050
v 0.141618 0.066960 0.364567
v 0.239283 -0.071158 0.266903
v 0.241214 -0.070426 0.264971
v 0.241733 -0.069692 0.264453
v 0.242250 -0.066960 0.263935
v 0.241214 0.070426 0.264971
v 0.239283 0.071158 0.266903
v 0.241733 0.069692 0.264453
v 0.242250 0.066960 0.263935
v 0.191934 0.000000 0.314251
v 0.317786 0.093742 0.332077
v 0.323922 0.091417 0.325941
v 0.328415 0.085064 0.321449
v 0.330059 0.076386 0.319804
v 0.323922 -0.091417 0.325941
v 0.317786 -0.093742 0.332077
v 0.328415 -0.085064 0.321449
v 0.330059 -0.076386 0.319804
v 0.209760 -0.093742 0.440103
v 0.203624 -0.091417 0.446239
v 0.199132 -0.085064 0.450732
v 0.197487 -0.076386 0.452376
v 0.203624 0.091417 0.446239
v 0.209760 0.093742 0.440103
v 0.199132 0.085064 0.450732
v 0.197487 0.076386 0.452376
v 0.263773 0.000000 0.386090
vn 0.0923 0.9914 -0.0923
vn 0.3536 0.8660 -0.3536
vn -0.0923 0.9914 0.0923
vn -0.3536 0.8660 0.3536
vn -0.6124 -0.5000 0.6124
vn -0.7011 -0.1305 0.7011
vn -0.3536 -0.8660 0.3536
vn -0.0923 -0.9914 0.0923
vn 0.6124 -0.5000 -0.6124
vn 0.7011 -0.1305 -0.7011
vn 0.3536 -0.8660 -0.3536
vn 0.0923 -0.9914 -0.0923
vn 0.6124 0.5000 -0.6124
vn 0.7011 0.1305 -0.7011
vn 0.7071 -0.0000 0.7071
vn -0.7071 -0.0000 -0.7071
vn -0.7011 0.1305 0.7011
vn -0.6124 0.5000 0.6124
vn -0.7514 -0.1272 -0.6475
vn -0.6543 -0.5086 -0.5596
vn -0.7879 -0.4500 -0.4204
vn -0.4293 -0.8622 -0.2688
vn -0.6562 -0.7534 -0.0411
vn -0.1836 -0.9830 -0.0005
vn -0.4438 -0.8584 0.2571
vn -0.9224 -0.2598 -0.2859
vn -0.7894 -0.0734 -0.6095
vn -0.8814 -0.4350 0.1841
vn -0.7004 -0.4956 0.5137
vn -0.9666 -0.0670 -0.2473
vn -0.7983 -0.0183 -0.6020
vn -0.9587 -0.1135 0.2606
vn -0.7872 -0.1294 0.6030
vn -0.7514 0.1272 -0.6475
vn -0.6543 0.5086 -0.5596
vn -0.7131 0.1388 -0.6872
vn -0.7879 0.4500 -0.4204
vn -0.4293 0.8622 -0.2688
vn -0.6562 0.7534 -0.0411
vn -0.1836 0.9830 -0.0005
vn -0.7894 0.0734 -0.6095
vn -0.8814 0.4350 0.1841
vn -0.7004 0.4956 0.5137
vn -0.4438 0.8584 0.2571
vn -0.9666 0.0670 -0.2473
vn -0.9224 0.2598 -0.2859
vn -0.9587 0.1135 0.2606
vn -0.7871 0.1294 0.6030
vn -0.6475 -0.1272 -0.7514
vn -0.5596 -0.5086 -0.6543
vn -0.6872 -0.1388 -0.7131
vn -0.4204 -0.4500 -0.7879
vn -0.2688 -0.8622 -0.4293
vn -0.0411 -0.7534 -0.6562
vn -0.0005 -0.9830 -0.1836
vn -0.6095 -0.0734 -0.7894
vn 0.1841 -0.4350 -0.8814
vn 0.5137 -0.4956 -0.7004
vn 0.2571 -0.8584 -0.4438
vn -0.2473 -0.0670 -0.9666
vn -0.2859 -0.2598 -0.9224
vn 0.2606 -0.1135 -0.9587
vn 0.6030 -0.1294 -0.7871
vn -0.6475 0.1272 -0.7514
vn -0.5596 0.5086 -0.6543
vn -0.4204 0.4500 -0.7879
vn -0.2688 0.8622 -0.4293
vn -0.0411 0.7534 -0.6562
vn -0.0005 0.9830 -0.1836
vn 0.2571 0.8584 -0.4438
vn -0.2859 0.2598 -0.9224
vn -0.6095 0.0734 -0.7894
vn 0.1841 0.4350 -0.8814
vn 0.5137 0.4956 -0.7004
vn -0.2473 0.0670 -0.9666
vn -0.6020 0.0183 -0.7983
vn 0.2606 0.1135 -0.9587
vn 0.6030 0.1294 -0.7872
vn -0.7131 -0.1388 -0.6872
vn -0.7983 0.0183 -0.6020
vn -0.6872 0.1388 -0.7131
vn -0.3535 0.8660 0.3535
vn -0.6020 -0.0183 -0.7983
vn 0.3535 -0.8660 -0.3535
vn -0.3535 -0.8660 0.3535
vn 0.3535 0.8660 -0.3535
vt 0.028388 0.735565
vt 0.027229 0.735374
vt 0.027731 0.735565
vt 0.036569 0.735565
vt 0.037728 0.735374
vt 0.037226 0.735565
vt 0.038095 0.720936
vt 0.037573 0.721646
vt 0.037438 0.720936
vt 0.037728 0.720416
vt 0.037071 0.720416
vt 0.037226 0.720226
vt 0.036569 0.720226
vt 0.026861 0.720936
vt 0.027384 0.721646
vt 0.027518 0.720936
vt 0.027229 0.720416
vt 0.027886 0.720416
vt 0.027731 0.720226
vt 0.028388 0.720226
vt 0.027518 0.734855
vt 0.026727 0.734145
vt 0.026861 0.734855
vt 0.027886 0.735374
vt 0.037106 0.734429
vt 0.038095 0.734855
vt 0.037427 0.733975
vt 0.036735 0.734865
vt 0.036268 0.735042
vt 0.028508 0.721362
vt 0.028187 0.721816
vt 0.028947 0.734595
vt 0.036667 0.734595
vt 0.027564 0.734865
vt 0.027221 0.734381
vt 0.037078 0.721410
vt 0.037203 0.722072
vt 0.028032 0.735042
vt 0.027564 0.720926
vt 0.028032 0.720748
vt 0.037544 0.733354
vt 0.038230 0.721646
vt 0.037544 0.722436
vt 0.037427 0.721816
vt 0.036735 0.720926
vt 0.036667 0.721196
vt 0.028947 0.721196
vt 0.028187 0.733975
vt 0.027384 0.734145
vt 0.028069 0.722436
vt 0.027401 0.721816
vt 0.037071 0.735374
vt 0.037438 0.734855
vt 0.038230 0.734145
vt 0.037573 0.734145
vt 0.026727 0.721646
vt 0.027096 0.733719
vt 0.027096 0.722072
vt 0.028069 0.733354
vt 0.027221 0.721410
vt 0.028508 0.734429
vt 0.037106 0.721362
vt 0.036268 0.720748
vt 0.037203 0.733719
vt 0.037078 0.734381
vt 0.031360 0.721715
vt 0.031256 0.721188
vt 0.031604 0.721320
vt 0.031514 0.720866
vt 0.031950 0.721031
vt 0.031836 0.720748
vt 0.032304 0.720926
vt 0.031829 0.721638
vt 0.031466 0.721865
vt 0.032261 0.721471
vt 0.032646 0.721410
vt 0.031922 0.722130
vt 0.031527 0.722187
vt 0.032377 0.722087
vt 0.032772 0.722072
vt 0.031360 0.734076
vt 0.031256 0.734602
vt 0.031132 0.734162
vt 0.031604 0.734470
vt 0.031514 0.734924
vt 0.031950 0.734759
vt 0.031836 0.735042
vt 0.031466 0.733925
vt 0.032261 0.734320
vt 0.032646 0.734381
vt 0.032304 0.734865
vt 0.031922 0.733661
vt 0.031829 0.734153
vt 0.032377 0.733703
vt 0.032772 0.733719
vt 0.022832 0.721715
vt 0.023102 0.721188
vt 0.023060 0.721628
vt 0.022755 0.721320
vt 0.023300 0.720866
vt 0.022864 0.721031
vt 0.023600 0.720748
vt 0.022726 0.721865
vt 0.022554 0.721471
vt 0.022790 0.721410
vt 0.023132 0.720926
vt 0.022437 0.722130
vt 0.022530 0.721638
vt 0.022437 0.722087
vt 0.022665 0.722072
vt 0.022832 0.734076
vt 0.023102 0.734602
vt 0.022755 0.734470
vt 0.023300 0.734924
vt 0.022864 0.734759
vt 0.023600 0.735042
vt 0.023132 0.734865
vt 0.022530 0.734153
vt 0.022726 0.733925
vt 0.022554 0.734320
vt 0.022790 0.734381
vt 0.022437 0.733661
vt 0.022665 0.733603
vt 0.022437 0.733703
vt 0.022665 0.733719
vt 0.031132 0.721628
vt 0.031527 0.733603
vt 0.023060 0.734162
vt 0.030480 0.732981
vt 0.030408 0.732929
vt 0.030618 0.732929
vt 0.030618 0.722862
vt 0.030655 0.722914
vt 0.030692 0.723110
vt 0.030655 0.732876
vt 0.023574 0.722862
vt 0.023712 0.722810
vt 0.023537 0.722914
vt 0.022665 0.722187
vt 0.023574 0.732929
vt 0.023537 0.732876
vt 0.023500 0.732681
vt 0.030480 0.722810
vt 0.030692 0.732681
vt 0.023712 0.732981
vt 0.023500 0.723110
vt 0.023327 0.732876
vt 0.030446 0.732876
vt 0.023503 0.722810
vt 0.030483 0.732681
vt 0.030483 0.723110
vt 0.023364 0.722862
vt 0.030270 0.732981
vt 0.023327 0.722914
vt 0.030270 0.722810
vt 0.023290 0.732681
vt 0.023290 0.723110
vt 0.030408 0.722862
vt 0.023503 0.732981
vt 0.030446 0.722914
vt 0.023364 0.732929
vt 0.026886 0.727895
vt 0.027283 0.733354
vt 0.027283 0.722436
vt 0.035881 0.734595
vt 0.028160 0.721196
vt 0.036320 0.721362
vt 0.035881 0.721196
vt 0.027722 0.734429
vt 0.036758 0.733354
vt 0.036320 0.734429
vt 0.036641 0.721816
vt 0.027722 0.721362
vt 0.027401 0.733975
vt 0.028160 0.734595
vt 0.036641 0.733975
vt 0.036758 0.722436
vt 0.226068 0.751599
vt 0.237498 0.754661
vt 0.125465 0.875061
vt 0.245865 0.763028
vt 0.248928 0.774458
vt 0.248928 0.975664
vt 0.245865 0.987094
vt 0.237498 0.995461
vt 0.226069 0.998524
vt 0.024862 0.998524
vt 0.013433 0.995461
vt 0.005065 0.987094
vt 0.002003 0.975664
vt 0.002003 0.774458
vt 0.005065 0.763028
vt 0.013432 0.754661
vt 0.024862 0.751599
s 1
g pedestrian_light_traffic_01_yellow_small_regular_material
usemtl regular_material
f 1131/871/282 1128/872/283 1127/873/282
f 1089/874/284 1143/875/285 1144/876/284
f 1141/877/286 1091/878/287 1092/879/286
f 1140/880/288 1092/879/286 1093/881/288
f 1139/882/289 1093/881/288 1094/883/289
f 1084/884/290 1138/885/291 1137/886/290
f 1086/887/292 1137/886/290 1135/888/292
f 1085/889/293 1135/888/292 1136/890/293
f 1133/891/294 1130/892/295 1129/893/294
f 1132/894/283 1129/893/294 1128/872/283
s 2
f 1117/895/296 1145/896/296 1118/897/296
s 3
f 1102/898/297 1089/874/297 1100/899/297
s 2
f 1125/900/296 1137/886/296 1126/901/296
f 1120/902/296 1144/876/296 1115/903/296
s 3
f 1109/904/297 1129/893/297 1110/905/297
f 1098/906/297 1091/878/297 1096/907/297
f 1100/899/297 1127/873/297 1107/908/297
s 2
f 1117/895/296 1144/876/296 1143/875/296
f 1125/900/296 1136/890/296 1135/888/296
s 3
f 1106/909/297 1085/889/297 1104/910/297
s 2
f 1116/911/296 1142/912/296 1111/913/296
f 1113/914/296 1142/912/296 1141/877/296
s 3
f 1109/904/297 1127/873/297 1128/872/297
f 1097/915/297 1092/879/297 1098/906/297
s 2
f 1112/916/296 1136/890/296 1123/917/296
f 1121/918/296 1134/919/296 1133/891/296
s 4
f 1124/920/298 1250/921/299 1126/901/299
s 1
f 1090/922/285 1145/896/299 1143/875/285
f 1088/923/299 1146/924/298 1145/896/299
f 1085/889/293 1139/882/289 1094/883/289
f 1091/878/287 1146/924/298 1087/925/298
f 1089/874/284 1131/871/282 1127/873/282
f 1130/892/295 1138/885/291 1083/926/291
s 3
f 1106/909/297 1084/884/297 1086/887/297
f 1108/927/297 1083/926/297 1103/928/297
f 1110/905/297 1130/892/297 1108/927/297
s 2
f 1126/901/296 1138/885/296 1124/920/296
f 1124/920/296 1134/919/296 1119/929/296
f 1118/897/296 1146/924/296 1116/911/296
s 3
f 1105/930/297 1083/926/297 1084/884/297
f 1102/898/297 1088/923/297 1090/922/297
s 2
f 1122/931/296 1131/871/296 1120/902/296
f 1114/932/296 1139/882/296 1112/916/296
s 3
f 1104/910/297 1094/883/297 1095/933/297
f 1097/915/297 1094/883/297 1093/881/297
s 2
f 1122/931/296 1133/891/296 1132/894/296
s 3
f 1096/907/297 1087/925/297 1099/934/297
s 2
f 1114/932/296 1141/877/296 1140/880/296
s 3
f 1101/935/297 1087/925/297 1088/923/297
s 5
f 1211/936/300 1149/937/301 1157/938/302
f 1157/938/302 1150/939/303 1158/940/304
f 1158/940/304 1148/941/305 1156/942/306
f 1211/936/300 1161/943/307 1213/944/308
f 1157/938/302 1162/945/309 1161/943/307
f 1158/940/304 1160/946/310 1162/945/309
f 1213/944/308 1153/947/311 1214/948/312
f 1161/943/307 1154/949/313 1153/947/311
f 1162/945/309 1152/950/314 1154/949/313
f 1216/951/315 1169/952/316 1215/953/317
f 1177/954/318 1170/955/319 1169/952/316
f 1178/956/320 1168/957/321 1170/955/319
f 1217/958/322 1177/954/318 1216/951/315
f 1177/954/318 1174/959/323 1178/956/320
f 1178/956/320 1172/960/324 1176/961/325
f 1217/958/322 1165/962/326 1173/963/327
f 1173/963/327 1166/964/328 1174/959/323
f 1174/959/323 1164/965/329 1172/960/324
f 1220/966/330 1185/967/331 1219/968/332
f 1193/969/333 1186/970/334 1185/967/331
f 1194/971/335 1184/972/336 1186/970/334
f 1221/973/337 1193/969/333 1220/966/330
f 1193/969/333 1190/974/338 1194/971/335
f 1194/971/335 1188/975/339 1192/976/340
f 1221/973/337 1181/977/341 1189/978/342
f 1189/978/342 1182/979/343 1190/974/338
f 1190/974/338 1180/980/344 1188/975/339
f 1223/981/345 1197/982/346 1205/983/347
f 1205/983/347 1198/984/348 1206/985/349
f 1206/985/349 1196/986/350 1204/987/351
f 1223/981/345 1209/988/352 1225/989/353
f 1205/983/347 1210/990/354 1209/988/352
f 1206/985/349 1208/991/355 1210/990/354
f 1225/989/353 1201/992/356 1226/993/357
f 1209/988/352 1202/994/358 1201/992/356
f 1210/990/354 1200/995/359 1202/994/358
f 1219/968/332 1149/937/301 1212/996/360
f 1185/967/331 1150/939/303 1149/937/301
f 1186/970/334 1148/941/305 1150/939/303
f 1214/948/312 1165/962/326 1218/997/361
f 1153/947/311 1166/964/328 1165/962/326
f 1154/949/313 1164/965/329 1166/964/328
f 1215/953/317 1197/982/346 1224/998/362
f 1169/952/316 1198/984/348 1197/982/346
f 1170/955/319 1196/986/350 1198/984/348
f 1180/980/344 1202/994/358 1200/995/359
f 1182/979/343 1201/992/356 1202/994/358
f 1181/977/341 1226/993/357 1201/992/356
s 6
f 1167/999/284 1232/1000/285 1175/1001/363
s 5
f 1095/933/289 1156/942/306 1148/941/305
f 1184/972/336 1095/933/289 1148/941/305
f 1098/906/286 1152/950/314 1160/946/310
f 1099/934/298 1152/950/314 1096/907/287
f 1097/915/288 1160/946/310 1156/942/306
f 1172/960/324 1099/934/298 1101/935/299
f 1168/957/321 1107/908/282 1196/986/350
f 1168/957/321 1102/898/285 1100/899/284
f 1176/961/325 1101/935/299 1102/898/285
f 1188/975/339 1103/928/291 1105/930/290
f 1200/995/359 1103/928/291 1180/980/344
f 1184/972/336 1106/909/292 1104/910/293
f 1192/976/340 1105/930/290 1106/909/292
f 1107/908/282 1204/987/351 1196/986/350
f 1110/905/294 1200/995/359 1208/991/355
f 1109/904/283 1208/991/355 1204/987/351
f 1155/1002/297 1212/996/360 1211/936/300
f 1155/1002/297 1213/944/308 1159/1003/297
f 1159/1003/297 1214/948/312 1151/1004/297
f 1175/1001/297 1215/953/317 1167/999/297
f 1171/1005/297 1216/951/315 1175/1001/297
f 1171/1005/297 1218/997/361 1217/958/322
f 1191/1006/297 1219/968/332 1183/1007/297
f 1187/1008/297 1220/966/330 1191/1006/297
f 1187/1008/297 1222/1009/364 1221/973/337
f 1203/1010/297 1224/998/362 1223/981/345
f 1203/1010/297 1225/989/353 1207/1011/297
f 1207/1011/297 1226/993/357 1199/1012/297
f 1183/1007/297 1212/996/360 1147/1013/297
f 1151/1004/297 1218/997/361 1163/1014/297
f 1167/999/297 1224/998/362 1195/1015/297
f 1199/1012/297 1222/1009/364 1179/1016/297
s 6
f 1199/1012/295 1241/1017/294 1207/1011/294
f 1175/1001/363 1233/1018/299 1171/1005/299
f 1147/1013/289 1235/1019/293 1183/1007/293
f 1171/1005/299 1234/1020/298 1163/1014/298
f 1163/1014/298 1230/1021/287 1151/1004/287
f 1183/1007/293 1236/1022/292 1191/1006/365
f 1195/1015/282 1231/1023/284 1167/999/284
f 1191/1006/365 1237/1024/290 1187/1008/290
f 1155/1002/288 1228/1025/289 1147/1013/289
f 1179/1016/291 1242/1026/295 1199/1012/295
f 1187/1008/290 1238/1027/291 1179/1016/291
f 1159/1003/286 1227/1028/366 1155/1002/288
f 1203/1010/283 1240/1029/282 1195/1015/282
f 1151/1004/287 1229/1030/286 1159/1003/286
f 1207/1011/294 1239/1031/367 1203/1010/283
s 7
f 1228/1025/297 1227/1028/297 1243/1032/297
f 1227/1028/297 1229/1030/297 1243/1032/297
f 1229/1030/297 1230/1021/297 1243/1032/297
f 1230/1021/297 1234/1020/297 1243/1032/297
f 1234/1020/297 1233/1018/297 1243/1032/297
f 1233/1018/297 1232/1000/297 1243/1032/297
f 1232/1000/297 1231/1023/297 1243/1032/297
f 1231/1023/297 1240/1029/297 1243/1032/297
f 1240/1029/297 1239/1031/297 1243/1032/297
f 1239/1031/297 1241/1017/297 1243/1032/297
f 1241/1017/297 1242/1026/297 1243/1032/297
f 1242/1026/297 1238/1027/297 1243/1032/297
f 1238/1027/297 1237/1024/297 1243/1032/297
f 1237/1024/297 1236/1022/297 1243/1032/297
f 1236/1022/297 1235/1019/297 1243/1032/297
f 1235/1019/297 1228/1025/297 1243/1032/297
s 4
f 1121/918/286 1247/1033/287 1119/929/287
f 1119/929/287 1251/1034/298 1124/920/298
f 1117/895/292 1257/1035/293 1115/903/293
f 1125/900/285 1249/1036/284 1123/917/284
f 1112/916/282 1253/1037/283 1114/932/283
f 1123/917/284 1252/1038/282 1112/916/282
f 1120/902/289 1245/1039/288 1122/931/288
f 1111/913/295 1259/1040/291 1116/911/291
f 1118/897/290 1256/1041/292 1117/895/292
f 1114/932/283 1254/1042/294 1113/914/294
f 1126/901/299 1248/1043/285 1125/900/285
f 1122/931/288 1246/1044/286 1121/918/286
f 1115/903/293 1244/1045/289 1120/902/289
f 1116/911/291 1258/1046/290 1118/897/290
f 1113/914/294 1255/1047/295 1111/913/295
s 1
f 1131/871/282 1132/894/283 1128/872/283
f 1089/874/284 1090/922/285 1143/875/285
f 1141/877/286 1142/912/287 1091/878/287
f 1140/880/288 1141/877/286 1092/879/286
f 1139/882/289 1140/880/288 1093/881/288
f 1084/884/290 1083/926/291 1138/885/291
f 1086/887/292 1084/884/290 1137/886/290
f 1085/889/293 1086/887/292 1135/888/292
f 1133/891/294 1134/919/295 1130/892/295
f 1132/894/283 1133/891/294 1129/893/294
s 2
f 1117/895/296 1143/875/296 1145/896/296
s 3
f 1102/898/297 1090/922/297 1089/874/297
s 2
f 1125/900/296 1135/888/296 1137/886/296
f 1120/902/296 1131/871/296 1144/876/296
s 3
f 1109/904/297 1128/872/297 1129/893/297
f 1098/906/297 1092/879/297 1091/878/297
f 1100/899/297 1089/874/297 1127/873/297
s 2
f 1117/895/296 1115/903/296 1144/876/296
f 1125/900/296 1123/917/296 1136/890/296
s 3
f 1106/909/297 1086/887/297 1085/889/297
s 2
f 1116/911/296 1146/924/296 1142/912/296
f 1113/914/296 1111/913/296 1142/912/296
s 3
f 1109/904/297 1107/908/297 1127/873/297
f 1097/915/297 1093/881/297 1092/879/297
s 2
f 1112/916/296 1139/882/296 1136/890/296
f 1121/918/296 1119/929/296 1134/919/296
s 4
f 1124/920/298 1251/1034/298 1250/921/299
s 1
f 1090/922/285 1088/923/299 1145/896/299
f 1088/923/299 1087/925/298 1146/924/298
f 1085/889/293 1136/890/293 1139/882/289
f 1091/878/287 1142/912/287 1146/924/298
f 1089/874/284 1144/876/284 1131/871/282
f 1130/892/295 1134/919/295 1138/885/291
s 3
f 1106/909/297 1105/930/297 1084/884/297
f 1108/927/297 1130/892/297 1083/926/297
f 1110/905/297 1129/893/297 1130/892/297
s 2
f 1126/901/296 1137/886/296 1138/885/296
f 1124/920/296 1138/885/296 1134/919/296
f 1118/897/296 1145/896/296 1146/924/296
s 3
f 1105/930/297 1103/928/297 1083/926/297
f 1102/898/297 1101/935/297 1088/923/297
s 2
f 1122/931/296 1132/894/296 1131/871/296
f 1114/932/296 1140/880/296 1139/882/296
s 3
f 1104/910/297 1085/889/297 1094/883/297
f 1097/915/297 1095/933/297 1094/883/297
s 2
f 1122/931/296 1121/918/296 1133/891/296
s 3
f 1096/907/297 1091/878/297 1087/925/297
s 2
f 1114/932/296 1113/914/296 1141/877/296
s 3
f 1101/935/297 1099/934/297 1087/925/297
s 5
f 1211/936/300 1212/996/360 1149/937/301
f 1157/938/302 1149/937/301 1150/939/303
f 1158/940/304 1150/939/303 1148/941/305
f 1211/936/300 1157/938/302 1161/943/307
f 1157/938/302 1158/940/304 1162/945/309
f 1158/940/304 1156/942/306 1160/946/310
f 1213/944/308 1161/943/307 1153/947/311
f 1161/943/307 1162/945/309 1154/949/313
f 1162/945/309 1160/946/310 1152/950/314
f 1216/951/315 1177/954/318 1169/952/316
f 1177/954/318 1178/956/320 1170/955/319
f 1178/956/320 1176/961/325 1168/957/321
f 1217/958/322 1173/963/327 1177/954/318
f 1177/954/318 1173/963/327 1174/959/323
f 1178/956/320 1174/959/323 1172/960/324
f 1217/958/322 1218/997/361 1165/962/326
f 1173/963/327 1165/962/326 1166/964/328
f 1174/959/323 1166/964/328 1164/965/329
f 1220/966/330 1193/969/333 1185/967/331
f 1193/969/333 1194/971/335 1186/970/334
f 1194/971/335 1192/976/340 1184/972/336
f 1221/973/337 1189/978/342 1193/969/333
f 1193/969/333 1189/978/342 1190/974/338
f 1194/971/335 1190/974/338 1188/975/339
f 1221/973/337 1222/1009/364 1181/977/341
f 1189/978/342 1181/977/341 1182/979/343
f 1190/974/338 1182/979/343 1180/980/344
f 1223/981/345 1224/998/362 1197/982/346
f 1205/983/347 1197/982/346 1198/984/348
f 1206/985/349 1198/984/348 1196/986/350
f 1223/981/345 1205/983/347 1209/988/352
f 1205/983/347 1206/985/349 1210/990/354
f 1206/985/349 1204/987/351 1208/991/355
f 1225/989/353 1209/988/352 1201/992/356
f 1209/988/352 1210/990/354 1202/994/358
f 1210/990/354 1208/991/355 1200/995/359
f 1219/968/332 1185/967/331 1149/937/301
f 1185/967/331 1186/970/334 1150/939/303
f 1186/970/334 1184/972/336 1148/941/305
f 1214/948/312 1153/947/311 1165/962/326
f 1153/947/311 1154/949/313 1166/964/328
f 1154/949/313 1152/950/314 1164/965/329
f 1215/953/317 1169/952/316 1197/982/346
f 1169/952/316 1170/955/319 1198/984/348
f 1170/955/319 1168/957/321 1196/986/350
f 1180/980/344 1182/979/343 1202/994/358
f 1182/979/343 1181/977/341 1201/992/356
f 1181/977/341 1222/1009/364 1226/993/357
s 6
f 1167/999/284 1231/1023/284 1232/1000/285
s 5
f 1095/933/289 1097/915/288 1156/942/306
f 1184/972/336 1104/910/293 1095/933/289
f 1098/906/286 1096/907/287 1152/950/314
f 1099/934/298 1164/965/329 1152/950/314
f 1097/915/288 1098/906/286 1160/946/310
f 1172/960/324 1164/965/329 1099/934/298
f 1168/957/321 1100/899/284 1107/908/282
f 1168/957/321 1176/961/325 1102/898/285
f 1176/961/325 1172/960/324 1101/935/299
f 1188/975/339 1180/980/344 1103/928/291
f 1200/995/359 1108/927/295 1103/928/291
f 1184/972/336 1192/976/340 1106/909/292
f 1192/976/340 1188/975/339 1105/930/290
f 1107/908/282 1109/904/283 1204/987/351
f 1110/905/294 1108/927/295 1200/995/359
f 1109/904/283 1110/905/294 1208/991/355
f 1155/1002/297 1147/1013/297 1212/996/360
f 1155/1002/297 1211/936/300 1213/944/308
f 1159/1003/297 1213/944/308 1214/948/312
f 1175/1001/297 1216/951/315 1215/953/317
f 1171/1005/297 1217/958/322 1216/951/315
f 1171/1005/297 1163/1014/297 1218/997/361
f 1191/1006/297 1220/966/330 1219/968/332
f 1187/1008/297 1221/973/337 1220/966/330
f 1187/1008/297 1179/1016/297 1222/1009/364
f 1203/1010/297 1195/1015/297 1224/998/362
f 1203/1010/297 1223/981/345 1225/989/353
f 1207/1011/297 1225/989/353 1226/993/357
f 1183/1007/297 1219/968/332 1212/996/360
f 1151/1004/297 1214/948/312 1218/997/361
f 1167/999/297 1215/953/317 1224/998/362
f 1199/1012/297 1226/993/357 1222/1009/364
s 6
f 1199/1012/295 1242/1026/295 1241/1017/294
f 1175/1001/363 1232/1000/285 1233/1018/299
f 1147/1013/289 1228/1025/289 1235/1019/293
f 1171/1005/299 1233/1018/299 1234/1020/298
f 1163/1014/298 1234/1020/298 1230/1021/287
f 1183/1007/293 1235/1019/293 1236/1022/292
f 1195/1015/282 1240/1029/282 1231/1023/284
f 1191/1006/365 1236/1022/292 1237/1024/290
f 1155/1002/288 1227/1028/366 1228/1025/289
f 1179/1016/291 1238/1027/291 1242/1026/295
f 1187/1008/290 1237/1024/290 1238/1027/291
f 1159/1003/286 1229/1030/286 1227/1028/366
f 1203/1010/283 1239/1031/367 1240/1029/282
f 1151/1004/287 1230/1021/287 1229/1030/286
f 1207/1011/294 1241/1017/294 1239/1031/367
s 4
f 1121/918/286 1246/1044/286 1247/1033/287
f 1119/929/287 1247/1033/287 1251/1034/298
f 1117/895/292 1256/1041/292 1257/1035/293
f 1125/900/285 1248/1043/285 1249/1036/284
f 1112/916/282 1252/1038/282 1253/1037/283
f 1123/917/284 1249/1036/284 1252/1038/282
f 1120/902/289 1244/1045/289 1245/1039/288
f 1111/913/295 1255/1047/295 1259/1040/291
f 1118/897/290 1258/1046/290 1256/1041/292
f 1114/932/283 1253/1037/283 1254/1042/294
f 1126/901/299 1250/921/299 1248/1043/285
f 1122/931/288 1245/1039/288 1246/1044/286
f 1115/903/293 1257/1035/293 1244/1045/289
f 1116/911/291 1259/1040/291 1258/1046/290
f 1113/914/294 1254/1042/294 1255/1047/295
s 8
g pedestrian_light_traffic_01_yellow_small_pedestrian_traffic_light
usemtl pedestrian_traffic_light
f 1249/1048/296 1248/1049/296 1260/1050/296
f 1248/1049/296 1250/1051/296 1260/1050/296
f 1250/1051/296 1251/1052/296 1260/1050/296
f 1251/1052/296 1247/1053/296 1260/1050/296
f 1247/1053/296 1246/1054/296 1260/1050/296
f 1246/1054/296 1245/1055/296 1260/1050/296
f 1245/1055/296 1244/1056/296 1260/1050/296
f 1244/1056/296 1257/1057/296 1260/1050/296
f 1257/1057/296 1256/1058/296 1260/1050/296
f 1256/1058/296 1258/1059/296 1260/1050/296
f 1258/1059/296 1259/1060/296 1260/1050/296
f 1259/1060/296 1255/1061/296 1260/1050/296
f 1255/1061/296 1254/1062/296 1260/1050/296
f 1254/1062/296 1253/1063/296 1260/1050/296
f 1253/1063/296 1252/1064/296 1260/1050/296
f 1252/1064/296 1249/1048/296 1260/1050/296
