# Blender 4.5.2 LTS
# www.blender.org
mtllib simple_barricade_01_large.mtl
g simple_barricade_01_large_Mesh
v -0.654761 0.989410 0.056859
v -0.654761 0.970099 0.003544
v -0.604761 0.989410 0.056859
v -0.604761 0.970099 0.003544
v -0.654761 0.000000 0.415221
v -0.654761 0.000000 0.354912
v -0.604761 0.000000 0.354912
v -0.604761 0.000000 0.415221
v -0.654761 0.989410 -0.056859
v -0.654761 0.970099 -0.003544
v -0.604761 0.989410 -0.056859
v -0.604761 0.970099 -0.003544
v -0.654761 0.000000 -0.415221
v -0.654761 0.000000 -0.354912
v -0.604761 0.000000 -0.354912
v -0.604761 0.000000 -0.415221
v -0.644761 0.875678 0.037760
v -0.644761 0.969701 0.003705
v -0.644761 0.873975 0.033059
v -0.644761 0.967998 -0.000996
v -0.614761 0.875678 0.037760
v -0.614761 0.969701 0.003705
v -0.614761 0.873975 0.033059
v -0.614761 0.967998 -0.000996
v -0.633371 0.905316 0.021708
v -0.629761 0.901923 0.022937
v -0.629761 0.908710 0.020478
v -0.626152 0.905316 0.021708
v -0.632314 0.902917 0.022577
v -0.632314 0.907716 0.020838
v -0.627209 0.907716 0.020838
v -0.627209 0.902917 0.022577
v -0.626152 0.936657 0.010356
v -0.629761 0.933263 0.011585
v -0.633371 0.936657 0.010356
v -0.629761 0.940051 0.009127
v -0.627209 0.934257 0.011225
v -0.632313 0.934257 0.011225
v -0.632314 0.939057 0.009487
v -0.627209 0.939057 0.009487
v -0.627209 0.902386 0.021112
v -0.629761 0.901392 0.021472
v -0.632314 0.902386 0.021112
v -0.629761 0.904786 0.020243
v -0.633371 0.904786 0.020243
v -0.632314 0.907185 0.019374
v -0.629761 0.908179 0.019014
v -0.627209 0.907185 0.019374
v -0.626152 0.904786 0.020243
v -0.627209 0.938526 0.008022
v -0.626152 0.936126 0.008891
v -0.627209 0.933727 0.009760
v -0.629761 0.936126 0.008891
v -0.629761 0.932733 0.010120
v -0.632313 0.933727 0.009760
v -0.633371 0.936126 0.008891
v -0.632314 0.938526 0.008022
v -0.629761 0.939520 0.007662
v -0.644761 0.875678 -0.037760
v -0.644761 0.969701 -0.003705
v -0.644761 0.873975 -0.033059
v -0.644761 0.967998 0.000996
v -0.614761 0.875678 -0.037760
v -0.614761 0.969701 -0.003705
v -0.614761 0.873975 -0.033059
v -0.614761 0.967998 0.000996
v -0.633371 0.905316 -0.021708
v -0.629761 0.901923 -0.022937
v -0.629761 0.908710 -0.020478
v -0.626152 0.905316 -0.021708
v -0.632314 0.902917 -0.022577
v -0.632314 0.907716 -0.020838
v -0.627209 0.907716 -0.020838
v -0.627209 0.902917 -0.022577
v -0.626152 0.936657 -0.010356
v -0.629761 0.933263 -0.011585
v -0.633371 0.936657 -0.010356
v -0.629761 0.940051 -0.009127
v -0.627209 0.934257 -0.011225
v -0.632313 0.934257 -0.011225
v -0.632314 0.939057 -0.009487
v -0.627209 0.939057 -0.009487
v -0.627209 0.902386 -0.021112
v -0.629761 0.901392 -0.021472
v -0.632314 0.902386 -0.021112
v -0.629761 0.904786 -0.020243
v -0.633371 0.904786 -0.020243
v -0.632314 0.907185 -0.019374
v -0.629761 0.908179 -0.019014
v -0.627209 0.907185 -0.019374
v -0.626152 0.904786 -0.020243
v -0.627209 0.938526 -0.008022
v -0.626152 0.936126 -0.008891
v -0.627209 0.933727 -0.009760
v -0.629761 0.936126 -0.008891
v -0.629761 0.932733 -0.010120
v -0.632313 0.933727 -0.009760
v -0.633371 0.936126 -0.008891
v -0.632314 0.938526 -0.008022
v -0.629761 0.939520 -0.007662
v -0.648114 0.969783 -0.002950
v -0.611409 0.969783 -0.002950
v -0.648114 0.968308 -0.002555
v -0.611409 0.968308 -0.002555
v -0.648114 0.967228 -0.001475
v -0.611409 0.967228 -0.001475
v -0.648114 0.966833 0.000000
v -0.611409 0.966833 0.000000
v -0.648114 0.967228 0.001475
v -0.611409 0.967228 0.001475
v -0.648114 0.968308 0.002555
v -0.611409 0.968308 0.002555
v -0.648114 0.969783 0.002950
v -0.611409 0.969783 0.002950
v -0.648114 0.971258 0.002555
v -0.611409 0.971258 0.002555
v -0.648114 0.972337 0.001475
v -0.611409 0.972337 0.001475
v -0.648114 0.972732 0.000000
v -0.611409 0.972732 0.000000
v -0.648114 0.972337 -0.001475
v -0.611409 0.972337 -0.001475
v -0.648114 0.971258 -0.002555
v -0.611409 0.971258 -0.002555
v -0.623451 0.971424 0.002844
v -0.623837 0.971424 0.002844
v -0.635686 0.971424 0.002844
v -0.636072 0.971424 0.002844
v -0.623451 0.972626 0.001642
v -0.623837 0.972626 0.001642
v -0.635686 0.972626 0.001642
v -0.636072 0.972626 0.001642
v -0.623451 0.973066 0.000000
v -0.623837 0.973066 0.000000
v -0.635686 0.973066 0.000000
v -0.636072 0.973066 0.000000
v -0.623451 0.972626 -0.001642
v -0.623837 0.972626 -0.001642
v -0.635686 0.972626 -0.001642
v -0.636072 0.972626 -0.001642
v -0.623837 0.969783 -0.003283
v -0.623451 0.969783 -0.003283
v -0.623451 0.971424 -0.002844
v -0.623837 0.971424 -0.002844
v -0.636072 0.969783 -0.003283
v -0.635686 0.969783 -0.003283
v -0.635686 0.971424 -0.002844
v -0.636072 0.971424 -0.002844
v -0.635686 0.969783 -0.003750
v -0.636072 0.969783 -0.003750
v -0.623451 0.969783 -0.003750
v -0.623837 0.969783 -0.003750
v -0.623837 0.967908 -0.003248
v -0.623451 0.967908 -0.003248
v -0.636072 0.967908 -0.003248
v -0.635686 0.967908 -0.003248
v -0.623837 0.966535 -0.001875
v -0.623451 0.966535 -0.001875
v -0.636072 0.966535 -0.001875
v -0.635686 0.966535 -0.001875
v -0.623837 0.966033 0.000000
v -0.623451 0.966033 0.000000
v -0.636072 0.966033 0.000000
v -0.635686 0.966033 0.000000
v -0.623837 0.966535 0.001875
v -0.623451 0.966535 0.001875
v -0.636072 0.966535 0.001875
v -0.635686 0.966535 0.001875
v -0.623837 0.967908 0.003248
v -0.623451 0.967908 0.003248
v -0.636072 0.967908 0.003248
v -0.635686 0.967908 0.003248
v -0.623837 0.969783 0.003750
v -0.623451 0.969783 0.003750
v -0.636072 0.969783 0.003750
v -0.635686 0.969783 0.003750
v -0.623837 0.971658 0.003248
v -0.623451 0.971658 0.003248
v -0.636072 0.971658 0.003248
v -0.635686 0.971658 0.003248
v -0.623837 0.973030 0.001875
v -0.623451 0.973030 0.001875
v -0.636072 0.973030 0.001875
v -0.635686 0.973030 0.001875
v -0.623837 0.973533 0.000000
v -0.623451 0.973533 0.000000
v -0.636072 0.973533 0.000000
v -0.635686 0.973533 0.000000
v -0.623837 0.973030 -0.001875
v -0.623451 0.973030 -0.001875
v -0.636072 0.973030 -0.001875
v -0.635686 0.973030 -0.001875
v -0.623837 0.971658 -0.003248
v -0.623451 0.971658 -0.003248
v -0.636072 0.971658 -0.003248
v -0.635686 0.971658 -0.003248
v -0.636072 0.969783 0.003283
v -0.635686 0.969783 0.003283
v -0.623837 0.969783 0.003283
v -0.623451 0.969783 0.003283
v -0.636072 0.968141 0.002844
v -0.635686 0.968141 0.002844
v -0.623837 0.968141 0.002844
v -0.623451 0.968141 0.002844
v -0.636072 0.966939 0.001642
v -0.635686 0.966939 0.001642
v -0.623837 0.966939 0.001642
v -0.623451 0.966939 0.001642
v -0.636072 0.966499 0.000000
v -0.635686 0.966499 0.000000
v -0.623837 0.966499 0.000000
v -0.623451 0.966499 0.000000
v -0.636072 0.966939 -0.001642
v -0.635686 0.966939 -0.001642
v -0.623837 0.966939 -0.001642
v -0.623451 0.966939 -0.001642
v -0.636072 0.968141 -0.002844
v -0.635686 0.968141 -0.002844
v -0.623837 0.968141 -0.002844
v -0.623451 0.968141 -0.002844
v -0.648114 0.969783 -0.003750
v -0.648114 0.967908 -0.003248
v -0.611409 0.967908 -0.003248
v -0.611409 0.969783 -0.003750
v -0.648114 0.966535 -0.001875
v -0.611409 0.966535 -0.001875
v -0.648114 0.966033 0.000000
v -0.611409 0.966033 0.000000
v -0.648114 0.966535 0.001875
v -0.611409 0.966535 0.001875
v -0.648114 0.967908 0.003248
v -0.611409 0.967908 0.003248
v -0.648114 0.969783 0.003750
v -0.611409 0.969783 0.003750
v -0.648114 0.971658 0.003248
v -0.611409 0.971658 0.003248
v -0.648114 0.973030 0.001875
v -0.611409 0.973030 0.001875
v -0.648114 0.973533 0.000000
v -0.611409 0.973533 0.000000
v -0.648114 0.973030 -0.001875
v -0.611409 0.973030 -0.001875
v -0.648114 0.971658 -0.003248
v -0.611409 0.971658 -0.003248
v -0.647195 0.969783 -0.002950
v -0.647195 0.968308 -0.002555
v -0.612327 0.968308 -0.002555
v -0.612327 0.969783 -0.002950
v -0.647195 0.967228 -0.001475
v -0.612327 0.967228 -0.001475
v -0.647195 0.966833 0.000000
v -0.612327 0.966833 0.000000
v -0.647195 0.967228 0.001475
v -0.612327 0.967228 0.001475
v -0.647195 0.968308 0.002555
v -0.612327 0.968308 0.002555
v -0.647195 0.969783 0.002950
v -0.612327 0.969783 0.002950
v -0.647195 0.971258 0.002555
v -0.612327 0.971258 0.002555
v -0.647195 0.972337 0.001475
v -0.612327 0.972337 0.001475
v -0.647195 0.972732 0.000000
v -0.612327 0.972732 0.000000
v -0.647195 0.972337 -0.001475
v -0.612327 0.972337 -0.001475
v -0.647195 0.971258 -0.002555
v -0.612327 0.971258 -0.002555
v -0.612327 0.969783 0.000000
v -0.647195 0.969783 0.000000
v -0.621627 0.420103 0.198943
v -0.626445 0.422851 0.197948
v -0.629368 0.418321 0.199589
v -0.624550 0.415573 0.200584
v -0.622619 0.421803 0.198328
v -0.621672 0.418164 0.199646
v -0.628253 0.421918 0.198286
v -0.624382 0.422809 0.197963
v -0.628376 0.416621 0.200204
v -0.629323 0.420260 0.198885
v -0.622742 0.416506 0.200246
v -0.626612 0.415615 0.200569
v -0.624550 0.349614 0.224474
v -0.629368 0.346867 0.225470
v -0.626445 0.342336 0.227110
v -0.621627 0.345086 0.226115
v -0.626612 0.349572 0.224489
v -0.622742 0.348682 0.224812
v -0.629323 0.344927 0.226172
v -0.628376 0.348566 0.224854
v -0.624382 0.342378 0.227095
v -0.628253 0.343269 0.226772
v -0.621672 0.347023 0.225413
v -0.622619 0.343384 0.226731
v -0.621672 0.446143 0.276895
v -0.621627 0.448082 0.276192
v -0.622619 0.449782 0.275577
v -0.624187 0.447192 0.276515
v -0.624382 0.450788 0.275212
v -0.625497 0.448424 0.276069
v -0.626445 0.450831 0.275197
v -0.628253 0.449898 0.275535
v -0.629323 0.448240 0.276135
v -0.626808 0.447192 0.276515
v -0.629368 0.446301 0.276838
v -0.628376 0.444601 0.277453
v -0.626612 0.443595 0.277818
v -0.625497 0.445959 0.276961
v -0.624550 0.443552 0.277833
v -0.622742 0.444485 0.277495
v -0.622742 0.376661 0.302061
v -0.624550 0.377594 0.301723
v -0.626612 0.377552 0.301738
v -0.625497 0.375187 0.302595
v -0.628376 0.376546 0.302103
v -0.626808 0.373955 0.303041
v -0.629368 0.374846 0.302719
v -0.629323 0.372907 0.303421
v -0.628253 0.371249 0.304021
v -0.625497 0.372723 0.303487
v -0.626445 0.370316 0.304359
v -0.624382 0.370358 0.304344
v -0.622619 0.371364 0.303980
v -0.624187 0.373955 0.303041
v -0.621627 0.373064 0.303364
v -0.621672 0.375003 0.302661
v -0.621627 0.879532 0.032539
v -0.626445 0.882280 0.031544
v -0.629368 0.877750 0.033184
v -0.624550 0.875002 0.034180
v -0.622619 0.881232 0.031923
v -0.621672 0.877593 0.033241
v -0.628253 0.881347 0.031881
v -0.624382 0.882238 0.031559
v -0.628376 0.876050 0.033800
v -0.629323 0.879689 0.032482
v -0.622742 0.875935 0.033842
v -0.626612 0.875044 0.034164
v -0.624550 0.809044 0.058070
v -0.629368 0.806295 0.059065
v -0.626445 0.801765 0.060706
v -0.621627 0.804514 0.059710
v -0.626612 0.809001 0.058085
v -0.622742 0.808111 0.058408
v -0.629323 0.804356 0.059767
v -0.628376 0.807995 0.058449
v -0.624382 0.801808 0.060691
v -0.628253 0.802698 0.060368
v -0.621672 0.806453 0.059008
v -0.622619 0.802814 0.060326
v -0.621672 0.905573 0.110490
v -0.621627 0.907511 0.109788
v -0.622619 0.909212 0.109172
v -0.624187 0.906621 0.110110
v -0.624382 0.910218 0.108808
v -0.625497 0.907853 0.109664
v -0.626445 0.910260 0.108792
v -0.628253 0.909327 0.109130
v -0.629323 0.907669 0.109731
v -0.626808 0.906621 0.110110
v -0.629368 0.905730 0.110433
v -0.628376 0.904030 0.111049
v -0.626612 0.903024 0.111413
v -0.625497 0.905388 0.110557
v -0.624550 0.902982 0.111429
v -0.622742 0.903915 0.111091
v -0.622742 0.836090 0.135656
v -0.624550 0.837023 0.135319
v -0.626612 0.836981 0.135334
v -0.625497 0.834616 0.136190
v -0.628376 0.835975 0.135698
v -0.626808 0.833384 0.136637
v -0.629368 0.834275 0.136314
v -0.629323 0.832336 0.137016
v -0.628253 0.830678 0.137617
v -0.625497 0.832152 0.137083
v -0.626445 0.829745 0.137955
v -0.624382 0.829787 0.137939
v -0.622619 0.830793 0.137575
v -0.624187 0.833384 0.136637
v -0.621627 0.832493 0.136959
v -0.621672 0.834432 0.136257
v -0.625497 0.419212 0.199266
v -0.625497 0.345975 0.225792
v -0.625497 0.878641 0.032862
v -0.625497 0.805404 0.059388
v -0.621627 0.420103 -0.198943
v -0.626445 0.422851 -0.197948
v -0.629368 0.418321 -0.199589
v -0.624550 0.415573 -0.200584
v -0.622619 0.421803 -0.198328
v -0.621672 0.418164 -0.199646
v -0.628253 0.421918 -0.198286
v -0.624382 0.422809 -0.197963
v -0.628376 0.416621 -0.200204
v -0.629323 0.420260 -0.198885
v -0.622742 0.416506 -0.200246
v -0.626612 0.415615 -0.200569
v -0.624550 0.349614 -0.224474
v -0.629368 0.346867 -0.225470
v -0.626445 0.342336 -0.227110
v -0.621627 0.345086 -0.226115
v -0.626612 0.349572 -0.224489
v -0.622742 0.348682 -0.224812
v -0.629323 0.344927 -0.226172
v -0.628376 0.348566 -0.224854
v -0.624382 0.342378 -0.227095
v -0.628253 0.343269 -0.226772
v -0.621672 0.347023 -0.225413
v -0.622619 0.343384 -0.226731
v -0.621672 0.446143 -0.276895
v -0.621627 0.448082 -0.276192
v -0.622619 0.449782 -0.275577
v -0.624187 0.447192 -0.276515
v -0.624382 0.450788 -0.275212
v -0.625497 0.448424 -0.276069
v -0.626445 0.450831 -0.275197
v -0.628253 0.449898 -0.275535
v -0.629323 0.448240 -0.276135
v -0.626808 0.447192 -0.276515
v -0.629368 0.446301 -0.276838
v -0.628376 0.444601 -0.277453
v -0.626612 0.443595 -0.277818
v -0.625497 0.445959 -0.276961
v -0.624550 0.443552 -0.277833
v -0.622742 0.444485 -0.277495
v -0.622742 0.376661 -0.302061
v -0.624550 0.377594 -0.301723
v -0.626612 0.377552 -0.301738
v -0.625497 0.375187 -0.302595
v -0.628376 0.376546 -0.302103
v -0.626808 0.373955 -0.303041
v -0.629368 0.374846 -0.302719
v -0.629323 0.372907 -0.303421
v -0.628253 0.371249 -0.304021
v -0.625497 0.372723 -0.303487
v -0.626445 0.370316 -0.304359
v -0.624382 0.370358 -0.304344
v -0.622619 0.371364 -0.303980
v -0.624187 0.373955 -0.303041
v -0.621627 0.373064 -0.303364
v -0.621672 0.375003 -0.302661
v -0.621627 0.879532 -0.032539
v -0.626445 0.882280 -0.031544
v -0.629368 0.877750 -0.033184
v -0.624550 0.875002 -0.034180
v -0.622619 0.881232 -0.031923
v -0.621672 0.877593 -0.033241
v -0.628253 0.881347 -0.031881
v -0.624382 0.882238 -0.031559
v -0.628376 0.876050 -0.033800
v -0.629323 0.879689 -0.032482
v -0.622742 0.875935 -0.033842
v -0.626612 0.875044 -0.034164
v -0.624550 0.809044 -0.058070
v -0.629368 0.806295 -0.059065
v -0.626445 0.801765 -0.060706
v -0.621627 0.804514 -0.059710
v -0.626612 0.809001 -0.058085
v -0.622742 0.808111 -0.058408
v -0.629323 0.804356 -0.059767
v -0.628376 0.807995 -0.058449
v -0.624382 0.801808 -0.060691
v -0.628253 0.802698 -0.060368
v -0.621672 0.806453 -0.059008
v -0.622619 0.802814 -0.060326
v -0.621672 0.905573 -0.110490
v -0.621627 0.907511 -0.109788
v -0.622619 0.909212 -0.109172
v -0.624187 0.906621 -0.110110
v -0.624382 0.910218 -0.108808
v -0.625497 0.907853 -0.109664
v -0.626445 0.910260 -0.108792
v -0.628253 0.909327 -0.109130
v -0.629323 0.907669 -0.109731
v -0.626808 0.906621 -0.110110
v -0.629368 0.905730 -0.110433
v -0.628376 0.904030 -0.111049
v -0.626612 0.903024 -0.111413
v -0.625497 0.905388 -0.110557
v -0.624550 0.902982 -0.111429
v -0.622742 0.903915 -0.111091
v -0.622742 0.836090 -0.135656
v -0.624550 0.837023 -0.135319
v -0.626612 0.836981 -0.135334
v -0.625497 0.834616 -0.136190
v -0.628376 0.835975 -0.135698
v -0.626808 0.833384 -0.136637
v -0.629368 0.834275 -0.136314
v -0.629323 0.832336 -0.137016
v -0.628253 0.830678 -0.137617
v -0.625497 0.832152 -0.137083
v -0.626445 0.829745 -0.137955
v -0.624382 0.829787 -0.137939
v -0.622619 0.830793 -0.137575
v -0.624187 0.833384 -0.136637
v -0.621627 0.832493 -0.136959
v -0.621672 0.834432 -0.136257
v -0.625497 0.419212 -0.199266
v -0.625497 0.345975 -0.225792
v -0.625497 0.878641 -0.032862
v -0.625497 0.805404 -0.059388
v 0.654761 0.989410 0.056859
v 0.654761 0.970099 0.003544
v 0.604761 0.989410 0.056859
v 0.604761 0.970099 0.003544
v 0.654761 0.000000 0.415221
v 0.654761 0.000000 0.354912
v 0.604761 0.000000 0.354912
v 0.604761 0.000000 0.415221
v 0.654761 0.989410 -0.056859
v 0.654761 0.970099 -0.003544
v 0.604761 0.989410 -0.056859
v 0.604761 0.970099 -0.003544
v 0.654761 0.000000 -0.415221
v 0.654761 0.000000 -0.354912
v 0.604761 0.000000 -0.354912
v 0.604761 0.000000 -0.415221
v 0.644761 0.875678 0.037760
v 0.644761 0.969701 0.003705
v 0.644761 0.873975 0.033059
v 0.644761 0.967998 -0.000996
v 0.614761 0.875678 0.037760
v 0.614761 0.969701 0.003705
v 0.614761 0.873975 0.033059
v 0.614761 0.967998 -0.000996
v 0.633371 0.905316 0.021708
v 0.629761 0.901923 0.022937
v 0.629761 0.908710 0.020478
v 0.626152 0.905316 0.021708
v 0.632314 0.902917 0.022577
v 0.632314 0.907716 0.020838
v 0.627209 0.907716 0.020838
v 0.627209 0.902917 0.022577
v 0.626152 0.936657 0.010356
v 0.629761 0.933263 0.011585
v 0.633371 0.936657 0.010356
v 0.629761 0.940051 0.009127
v 0.627209 0.934257 0.011225
v 0.632313 0.934257 0.011225
v 0.632314 0.939057 0.009487
v 0.627209 0.939057 0.009487
v 0.627209 0.902386 0.021112
v 0.629761 0.901392 0.021472
v 0.632314 0.902386 0.021112
v 0.629761 0.904786 0.020243
v 0.633371 0.904786 0.020243
v 0.632314 0.907185 0.019374
v 0.629761 0.908179 0.019014
v 0.627209 0.907185 0.019374
v 0.626152 0.904786 0.020243
v 0.627209 0.938526 0.008022
v 0.626152 0.936126 0.008891
v 0.627209 0.933727 0.009760
v 0.629761 0.936126 0.008891
v 0.629761 0.932733 0.010120
v 0.632313 0.933727 0.009760
v 0.633371 0.936126 0.008891
v 0.632314 0.938526 0.008022
v 0.629761 0.939520 0.007662
v 0.644761 0.875678 -0.037760
v 0.644761 0.969701 -0.003705
v 0.644761 0.873975 -0.033059
v 0.644761 0.967998 0.000996
v 0.614761 0.875678 -0.037760
v 0.614761 0.969701 -0.003705
v 0.614761 0.873975 -0.033059
v 0.614761 0.967998 0.000996
v 0.633371 0.905316 -0.021708
v 0.629761 0.901923 -0.022937
v 0.629761 0.908710 -0.020478
v 0.626152 0.905316 -0.021708
v 0.632314 0.902917 -0.022577
v 0.632314 0.907716 -0.020838
v 0.627209 0.907716 -0.020838
v 0.627209 0.902917 -0.022577
v 0.626152 0.936657 -0.010356
v 0.629761 0.933263 -0.011585
v 0.633371 0.936657 -0.010356
v 0.629761 0.940051 -0.009127
v 0.627209 0.934257 -0.011225
v 0.632313 0.934257 -0.011225
v 0.632314 0.939057 -0.009487
v 0.627209 0.939057 -0.009487
v 0.627209 0.902386 -0.021112
v 0.629761 0.901392 -0.021472
v 0.632314 0.902386 -0.021112
v 0.629761 0.904786 -0.020243
v 0.633371 0.904786 -0.020243
v 0.632314 0.907185 -0.019374
v 0.629761 0.908179 -0.019014
v 0.627209 0.907185 -0.019374
v 0.626152 0.904786 -0.020243
v 0.627209 0.938526 -0.008022
v 0.626152 0.936126 -0.008891
v 0.627209 0.933727 -0.009760
v 0.629761 0.936126 -0.008891
v 0.629761 0.932733 -0.010120
v 0.632313 0.933727 -0.009760
v 0.633371 0.936126 -0.008891
v 0.632314 0.938526 -0.008022
v 0.629761 0.939520 -0.007662
v 0.648114 0.969783 -0.002950
v 0.611409 0.969783 -0.002950
v 0.648114 0.968308 -0.002555
v 0.611409 0.968308 -0.002555
v 0.648114 0.967228 -0.001475
v 0.611409 0.967228 -0.001475
v 0.648114 0.966833 0.000000
v 0.611409 0.966833 0.000000
v 0.648114 0.967228 0.001475
v 0.611409 0.967228 0.001475
v 0.648114 0.968308 0.002555
v 0.611409 0.968308 0.002555
v 0.648114 0.969783 0.002950
v 0.611409 0.969783 0.002950
v 0.648114 0.971258 0.002555
v 0.611409 0.971258 0.002555
v 0.648114 0.972337 0.001475
v 0.611409 0.972337 0.001475
v 0.648114 0.972732 0.000000
v 0.611409 0.972732 0.000000
v 0.648114 0.972337 -0.001475
v 0.611409 0.972337 -0.001475
v 0.648114 0.971258 -0.002555
v 0.611409 0.971258 -0.002555
v 0.623451 0.971424 0.002844
v 0.623837 0.971424 0.002844
v 0.635686 0.971424 0.002844
v 0.636072 0.971424 0.002844
v 0.623451 0.972626 0.001642
v 0.623837 0.972626 0.001642
v 0.635686 0.972626 0.001642
v 0.636072 0.972626 0.001642
v 0.623451 0.973066 0.000000
v 0.623837 0.973066 0.000000
v 0.635686 0.973066 0.000000
v 0.636072 0.973066 0.000000
v 0.623451 0.972626 -0.001642
v 0.623837 0.972626 -0.001642
v 0.635686 0.972626 -0.001642
v 0.636072 0.972626 -0.001642
v 0.623837 0.969783 -0.003283
v 0.623451 0.969783 -0.003283
v 0.623451 0.971424 -0.002844
v 0.623837 0.971424 -0.002844
v 0.636072 0.969783 -0.003283
v 0.635686 0.969783 -0.003283
v 0.635686 0.971424 -0.002844
v 0.636072 0.971424 -0.002844
v 0.635686 0.969783 -0.003750
v 0.636072 0.969783 -0.003750
v 0.623451 0.969783 -0.003750
v 0.623837 0.969783 -0.003750
v 0.623837 0.967908 -0.003248
v 0.623451 0.967908 -0.003248
v 0.636072 0.967908 -0.003248
v 0.635686 0.967908 -0.003248
v 0.623837 0.966535 -0.001875
v 0.623451 0.966535 -0.001875
v 0.636072 0.966535 -0.001875
v 0.635686 0.966535 -0.001875
v 0.623837 0.966033 0.000000
v 0.623451 0.966033 0.000000
v 0.636072 0.966033 0.000000
v 0.635686 0.966033 0.000000
v 0.623837 0.966535 0.001875
v 0.623451 0.966535 0.001875
v 0.636072 0.966535 0.001875
v 0.635686 0.966535 0.001875
v 0.623837 0.967908 0.003248
v 0.623451 0.967908 0.003248
v 0.636072 0.967908 0.003248
v 0.635686 0.967908 0.003248
v 0.623837 0.969783 0.003750
v 0.623451 0.969783 0.003750
v 0.636072 0.969783 0.003750
v 0.635686 0.969783 0.003750
v 0.623837 0.971658 0.003248
v 0.623451 0.971658 0.003248
v 0.636072 0.971658 0.003248
v 0.635686 0.971658 0.003248
v 0.623837 0.973030 0.001875
v 0.623451 0.973030 0.001875
v 0.636072 0.973030 0.001875
v 0.635686 0.973030 0.001875
v 0.623837 0.973533 0.000000
v 0.623451 0.973533 0.000000
v 0.636072 0.973533 0.000000
v 0.635686 0.973533 0.000000
v 0.623837 0.973030 -0.001875
v 0.623451 0.973030 -0.001875
v 0.636072 0.973030 -0.001875
v 0.635686 0.973030 -0.001875
v 0.623837 0.971658 -0.003248
v 0.623451 0.971658 -0.003248
v 0.636072 0.971658 -0.003248
v 0.635686 0.971658 -0.003248
v 0.636072 0.969783 0.003283
v 0.635686 0.969783 0.003283
v 0.623837 0.969783 0.003283
v 0.623451 0.969783 0.003283
v 0.636072 0.968141 0.002844
v 0.635686 0.968141 0.002844
v 0.623837 0.968141 0.002844
v 0.623451 0.968141 0.002844
v 0.636072 0.966939 0.001642
v 0.635686 0.966939 0.001642
v 0.623837 0.966939 0.001642
v 0.623451 0.966939 0.001642
v 0.636072 0.966499 0.000000
v 0.635686 0.966499 0.000000
v 0.623837 0.966499 0.000000
v 0.623451 0.966499 0.000000
v 0.636072 0.966939 -0.001642
v 0.635686 0.966939 -0.001642
v 0.623837 0.966939 -0.001642
v 0.623451 0.966939 -0.001642
v 0.636072 0.968141 -0.002844
v 0.635686 0.968141 -0.002844
v 0.623837 0.968141 -0.002844
v 0.623451 0.968141 -0.002844
v 0.648114 0.969783 -0.003750
v 0.648114 0.967908 -0.003248
v 0.611409 0.967908 -0.003248
v 0.611409 0.969783 -0.003750
v 0.648114 0.966535 -0.001875
v 0.611409 0.966535 -0.001875
v 0.648114 0.966033 0.000000
v 0.611409 0.966033 0.000000
v 0.648114 0.966535 0.001875
v 0.611409 0.966535 0.001875
v 0.648114 0.967908 0.003248
v 0.611409 0.967908 0.003248
v 0.648114 0.969783 0.003750
v 0.611409 0.969783 0.003750
v 0.648114 0.971658 0.003248
v 0.611409 0.971658 0.003248
v 0.648114 0.973030 0.001875
v 0.611409 0.973030 0.001875
v 0.648114 0.973533 0.000000
v 0.611409 0.973533 0.000000
v 0.648114 0.973030 -0.001875
v 0.611409 0.973030 -0.001875
v 0.648114 0.971658 -0.003248
v 0.611409 0.971658 -0.003248
v 0.647195 0.969783 -0.002950
v 0.647195 0.968308 -0.002555
v 0.612327 0.968308 -0.002555
v 0.612327 0.969783 -0.002950
v 0.647195 0.967228 -0.001475
v 0.612327 0.967228 -0.001475
v 0.647195 0.966833 0.000000
v 0.612327 0.966833 0.000000
v 0.647195 0.967228 0.001475
v 0.612327 0.967228 0.001475
v 0.647195 0.968308 0.002555
v 0.612327 0.968308 0.002555
v 0.647195 0.969783 0.002950
v 0.612327 0.969783 0.002950
v 0.647195 0.971258 0.002555
v 0.612327 0.971258 0.002555
v 0.647195 0.972337 0.001475
v 0.612327 0.972337 0.001475
v 0.647195 0.972732 0.000000
v 0.612327 0.972732 0.000000
v 0.647195 0.972337 -0.001475
v 0.612327 0.972337 -0.001475
v 0.647195 0.971258 -0.002555
v 0.612327 0.971258 -0.002555
v 0.612327 0.969783 0.000000
v 0.647195 0.969783 0.000000
v 0.621627 0.420103 0.198943
v 0.626445 0.422851 0.197948
v 0.629368 0.418321 0.199589
v 0.624550 0.415573 0.200584
v 0.622619 0.421803 0.198328
v 0.621672 0.418164 0.199646
v 0.628253 0.421918 0.198286
v 0.624382 0.422809 0.197963
v 0.628376 0.416621 0.200204
v 0.629323 0.420260 0.198885
v 0.622742 0.416506 0.200246
v 0.626612 0.415615 0.200569
v 0.624550 0.349614 0.224474
v 0.629368 0.346867 0.225470
v 0.626445 0.342336 0.227110
v 0.621627 0.345086 0.226115
v 0.626612 0.349572 0.224489
v 0.622742 0.348682 0.224812
v 0.629323 0.344927 0.226172
v 0.628376 0.348566 0.224854
v 0.624382 0.342378 0.227095
v 0.628253 0.343269 0.226772
v 0.621672 0.347023 0.225413
v 0.622619 0.343384 0.226731
v 0.621672 0.446143 0.276895
v 0.621627 0.448082 0.276192
v 0.622619 0.449782 0.275577
v 0.624187 0.447192 0.276515
v 0.624382 0.450788 0.275212
v 0.625497 0.448424 0.276069
v 0.626445 0.450831 0.275197
v 0.628253 0.449898 0.275535
v 0.629323 0.448240 0.276135
v 0.626808 0.447192 0.276515
v 0.629368 0.446301 0.276838
v 0.628376 0.444601 0.277453
v 0.626612 0.443595 0.277818
v 0.625497 0.445959 0.276961
v 0.624550 0.443552 0.277833
v 0.622742 0.444485 0.277495
v 0.622742 0.376661 0.302061
v 0.624550 0.377594 0.301723
v 0.626612 0.377552 0.301738
v 0.625497 0.375187 0.302595
v 0.628376 0.376546 0.302103
v 0.626808 0.373955 0.303041
v 0.629368 0.374846 0.302719
v 0.629323 0.372907 0.303421
v 0.628253 0.371249 0.304021
v 0.625497 0.372723 0.303487
v 0.626445 0.370316 0.304359
v 0.624382 0.370358 0.304344
v 0.622619 0.371364 0.303980
v 0.624187 0.373955 0.303041
v 0.621627 0.373064 0.303364
v 0.621672 0.375003 0.302661
v 0.621627 0.879532 0.032539
v 0.626445 0.882280 0.031544
v 0.629368 0.877750 0.033184
v 0.624550 0.875002 0.034180
v 0.622619 0.881232 0.031923
v 0.621672 0.877593 0.033241
v 0.628253 0.881347 0.031881
v 0.624382 0.882238 0.031559
v 0.628376 0.876050 0.033800
v 0.629323 0.879689 0.032482
v 0.622742 0.875935 0.033842
v 0.626612 0.875044 0.034164
v 0.624550 0.809044 0.058070
v 0.629368 0.806295 0.059065
v 0.626445 0.801765 0.060706
v 0.621627 0.804514 0.059710
v 0.626612 0.809001 0.058085
v 0.622742 0.808111 0.058408
v 0.629323 0.804356 0.059767
v 0.628376 0.807995 0.058449
v 0.624382 0.801808 0.060691
v 0.628253 0.802698 0.060368
v 0.621672 0.806453 0.059008
v 0.622619 0.802814 0.060326
v 0.621672 0.905573 0.110490
v 0.621627 0.907511 0.109788
v 0.622619 0.909212 0.109172
v 0.624187 0.906621 0.110110
v 0.624382 0.910218 0.108808
v 0.625497 0.907853 0.109664
v 0.626445 0.910260 0.108792
v 0.628253 0.909327 0.109130
v 0.629323 0.907669 0.109731
v 0.626808 0.906621 0.110110
v 0.629368 0.905730 0.110433
v 0.628376 0.904030 0.111049
v 0.626612 0.903024 0.111413
v 0.625497 0.905388 0.110557
v 0.624550 0.902982 0.111429
v 0.622742 0.903915 0.111091
v 0.622742 0.836090 0.135656
v 0.624550 0.837023 0.135319
v 0.626612 0.836981 0.135334
v 0.625497 0.834616 0.136190
v 0.628376 0.835975 0.135698
v 0.626808 0.833384 0.136637
v 0.629368 0.834275 0.136314
v 0.629323 0.832336 0.137016
v 0.628253 0.830678 0.137617
v 0.625497 0.832152 0.137083
v 0.626445 0.829745 0.137955
v 0.624382 0.829787 0.137939
v 0.622619 0.830793 0.137575
v 0.624187 0.833384 0.136637
v 0.621627 0.832493 0.136959
v 0.621672 0.834432 0.136257
v 0.625497 0.419212 0.199266
v 0.625497 0.345975 0.225792
v 0.625497 0.878641 0.032862
v 0.625497 0.805404 0.059388
v 0.621627 0.420103 -0.198943
v 0.626445 0.422851 -0.197948
v 0.629368 0.418321 -0.199589
v 0.624550 0.415573 -0.200584
v 0.622619 0.421803 -0.198328
v 0.621672 0.418164 -0.199646
v 0.628253 0.421918 -0.198286
v 0.624382 0.422809 -0.197963
v 0.628376 0.416621 -0.200204
v 0.629323 0.420260 -0.198885
v 0.622742 0.416506 -0.200246
v 0.626612 0.415615 -0.200569
v 0.624550 0.349614 -0.224474
v 0.629368 0.346867 -0.225470
v 0.626445 0.342336 -0.227110
v 0.621627 0.345086 -0.226115
v 0.626612 0.349572 -0.224489
v 0.622742 0.348682 -0.224812
v 0.629323 0.344927 -0.226172
v 0.628376 0.348566 -0.224854
v 0.624382 0.342378 -0.227095
v 0.628253 0.343269 -0.226772
v 0.621672 0.347023 -0.225413
v 0.622619 0.343384 -0.226731
v 0.621672 0.446143 -0.276895
v 0.621627 0.448082 -0.276192
v 0.622619 0.449782 -0.275577
v 0.624187 0.447192 -0.276515
v 0.624382 0.450788 -0.275212
v 0.625497 0.448424 -0.276069
v 0.626445 0.450831 -0.275197
v 0.628253 0.449898 -0.275535
v 0.629323 0.448240 -0.276135
v 0.626808 0.447192 -0.276515
v 0.629368 0.446301 -0.276838
v 0.628376 0.444601 -0.277453
v 0.626612 0.443595 -0.277818
v 0.625497 0.445959 -0.276961
v 0.624550 0.443552 -0.277833
v 0.622742 0.444485 -0.277495
v 0.622742 0.376661 -0.302061
v 0.624550 0.377594 -0.301723
v 0.626612 0.377552 -0.301738
v 0.625497 0.375187 -0.302595
v 0.628376 0.376546 -0.302103
v 0.626808 0.373955 -0.303041
v 0.629368 0.374846 -0.302719
v 0.629323 0.372907 -0.303421
v 0.628253 0.371249 -0.304021
v 0.625497 0.372723 -0.303487
v 0.626445 0.370316 -0.304359
v 0.624382 0.370358 -0.304344
v 0.622619 0.371364 -0.303980
v 0.624187 0.373955 -0.303041
v 0.621627 0.373064 -0.303364
v 0.621672 0.375003 -0.302661
v 0.621627 0.879532 -0.032539
v 0.626445 0.882280 -0.031544
v 0.629368 0.877750 -0.033184
v 0.624550 0.875002 -0.034180
v 0.622619 0.881232 -0.031923
v 0.621672 0.877593 -0.033241
v 0.628253 0.881347 -0.031881
v 0.624382 0.882238 -0.031559
v 0.628376 0.876050 -0.033800
v 0.629323 0.879689 -0.032482
v 0.622742 0.875935 -0.033842
v 0.626612 0.875044 -0.034164
v 0.624550 0.809044 -0.058070
v 0.629368 0.806295 -0.059065
v 0.626445 0.801765 -0.060706
v 0.621627 0.804514 -0.059710
v 0.626612 0.809001 -0.058085
v 0.622742 0.808111 -0.058408
v 0.629323 0.804356 -0.059767
v 0.628376 0.807995 -0.058449
v 0.624382 0.801808 -0.060691
v 0.628253 0.802698 -0.060368
v 0.621672 0.806453 -0.059008
v 0.622619 0.802814 -0.060326
v 0.621672 0.905573 -0.110490
v 0.621627 0.907511 -0.109788
v 0.622619 0.909212 -0.109172
v 0.624187 0.906621 -0.110110
v 0.624382 0.910218 -0.108808
v 0.625497 0.907853 -0.109664
v 0.626445 0.910260 -0.108792
v 0.628253 0.909327 -0.109130
v 0.629323 0.907669 -0.109731
v 0.626808 0.906621 -0.110110
v 0.629368 0.905730 -0.110433
v 0.628376 0.904030 -0.111049
v 0.626612 0.903024 -0.111413
v 0.625497 0.905388 -0.110557
v 0.624550 0.902982 -0.111429
v 0.622742 0.903915 -0.111091
v 0.622742 0.836090 -0.135656
v 0.624550 0.837023 -0.135319
v 0.626612 0.836981 -0.135334
v 0.625497 0.834616 -0.136190
v 0.628376 0.835975 -0.135698
v 0.626808 0.833384 -0.136637
v 0.629368 0.834275 -0.136314
v 0.629323 0.832336 -0.137016
v 0.628253 0.830678 -0.137617
v 0.625497 0.832152 -0.137083
v 0.626445 0.829745 -0.137955
v 0.624382 0.829787 -0.137939
v 0.622619 0.830793 -0.137575
v 0.624187 0.833384 -0.136637
v 0.621627 0.832493 -0.136959
v 0.621672 0.834432 -0.136257
v 0.625497 0.419212 -0.199266
v 0.625497 0.345975 -0.225792
v 0.625497 0.878641 -0.032862
v 0.625497 0.805404 -0.059388
v -0.757115 0.300071 0.327780
v -0.757115 0.519781 0.248201
v -0.757115 0.293260 0.308975
v -0.757115 0.512970 0.229397
v -0.757115 0.759500 0.161375
v -0.757115 0.979210 0.081797
v -0.757115 0.752689 0.142571
v -0.757115 0.972399 0.062992
v 0.757115 0.293260 0.308975
v 0.757115 0.512970 0.229397
v 0.757115 0.300071 0.327780
v 0.757115 0.519781 0.248201
v 0.757115 0.752689 0.142571
v 0.757115 0.972399 0.062992
v 0.757115 0.759500 0.161375
v 0.757115 0.979210 0.081797
v -0.757115 0.300071 -0.327780
v -0.757115 0.519781 -0.248201
v -0.757115 0.293260 -0.308975
v -0.757115 0.512970 -0.229397
v -0.757115 0.759500 -0.161375
v -0.757115 0.979210 -0.081797
v -0.757115 0.752689 -0.142571
v -0.757115 0.972399 -0.062992
v 0.757115 0.293260 -0.308975
v 0.757115 0.512970 -0.229397
v 0.757115 0.300071 -0.327780
v 0.757115 0.519781 -0.248201
v 0.757115 0.752689 -0.142571
v 0.757115 0.972399 -0.062992
v 0.757115 0.759500 -0.161375
v 0.757115 0.979210 -0.081797
vn -1.0000 -0.0000 -0.0000
vn -0.0000 -0.3405 -0.9402
vn 1.0000 -0.0000 -0.0000
vn -0.0000 0.3405 0.9402
vn -0.0000 0.9402 -0.3405
vn -0.0000 -1.0000 -0.0000
vn -0.0000 -0.3405 0.9402
vn -0.0000 0.3405 -0.9402
vn -0.0000 0.9402 0.3405
vn -0.0000 -0.9402 0.3405
vn -0.7071 0.6648 -0.2408
vn 0.7071 0.6648 -0.2408
vn -0.7071 -0.6648 0.2408
vn 0.7071 -0.6648 0.2408
vn 0.7071 0.6649 -0.2408
vn -0.0000 -0.9402 0.3406
vn -0.0000 -0.3406 -0.9402
vn -0.0000 0.9402 -0.3406
vn -0.7071 0.6649 -0.2408
vn -0.0000 -0.9402 -0.3405
vn -0.7071 0.6648 0.2408
vn -0.7071 0.6649 0.2408
vn 0.7071 0.6648 0.2408
vn -0.7071 -0.6648 -0.2408
vn 0.7071 -0.6648 -0.2408
vn 0.7071 0.6649 0.2408
vn -0.0000 -0.9402 -0.3406
vn -0.0000 -0.3406 0.9402
vn -0.0000 0.9402 0.3406
vn -0.0000 0.5000 0.8660
vn -0.0000 -0.0000 1.0000
vn -0.0000 0.8660 0.5000
vn -0.0000 1.0000 -0.0000
vn -0.0000 0.8660 -0.5000
vn -0.0000 0.5000 -0.8660
vn -0.0000 -0.0000 -1.0000
vn -0.0000 -0.8660 0.5000
vn 1.0000 -0.0000 0.0001
vn -0.0000 -0.5000 -0.8660
vn -0.0000 -0.8660 -0.5000
vn -0.0000 -0.5000 0.8660
vn 1.0000 -0.0000 -0.0001
vn 1.0000 -0.0000 -0.0002
vn 1.0000 -0.0000 0.0002
vn -1.0000 -0.0000 -0.0001
vn -1.0000 -0.0000 0.0001
vn 0.7224 -0.6502 0.2355
vn 0.2798 -0.9027 0.3270
vn 0.2798 -0.9027 0.3269
vn -0.9713 -0.2235 0.0810
vn -0.9601 0.2630 -0.0953
vn -0.9601 0.2631 -0.0953
vn -0.2798 0.9027 -0.3270
vn 0.2377 0.9133 -0.3308
vn 0.2376 0.9133 -0.3308
vn -0.2378 -0.9133 0.3308
vn -0.2377 -0.9133 0.3308
vn 0.6915 0.6792 -0.2460
vn -0.6916 -0.6792 0.2460
vn -0.6916 -0.6791 0.2460
vn -0.6916 0.6791 -0.2460
vn 0.6916 -0.6792 0.2460
vn 0.9601 -0.2630 0.0953
vn 0.6916 -0.6791 0.2460
vn -0.2377 0.9133 -0.3308
vn -0.2378 0.9133 -0.3308
vn -0.9601 -0.2631 0.0953
vn -0.9601 -0.2630 0.0953
vn 0.2798 0.9027 -0.3269
vn 0.2798 0.9027 -0.3270
vn 0.2378 -0.9133 0.3308
vn 0.2377 -0.9133 0.3308
vn 0.9601 0.2631 -0.0953
vn 0.9601 0.2630 -0.0952
vn -0.2798 -0.9027 0.3270
vn -0.2798 -0.9027 0.3269
vn -0.9713 0.2236 -0.0810
vn -0.9713 0.2235 -0.0810
vn -0.7223 0.6502 -0.2355
vn -0.7222 0.6503 -0.2355
vn 0.7223 0.6502 -0.2355
vn 0.9714 -0.2234 0.0809
vn 0.9713 -0.2235 0.0810
vn -0.0000 0.3406 0.9402
vn 0.9713 0.2235 -0.0809
vn 0.9601 -0.2631 0.0953
vn -0.7223 -0.6502 0.2355
vn 0.9713 0.2235 -0.0810
vn -0.2798 0.9027 -0.3269
vn 0.7223 -0.6502 0.2355
vn 0.2797 -0.9027 0.3270
vn -0.6915 -0.6792 0.2460
vn 0.7224 0.6502 -0.2355
vn 0.9713 -0.2235 0.0809
vn -0.2797 0.9027 -0.3270
vn -0.0000 -0.3408 -0.9401
vn 0.0002 -0.3406 -0.9402
vn 0.0002 -0.3404 -0.9403
vn 0.0001 -0.3406 -0.9402
vn -0.0000 -0.3405 -0.9403
vn -0.0001 -0.3405 -0.9402
vn -0.0001 -0.3406 -0.9402
vn 0.2798 -0.9027 -0.3270
vn 0.7224 -0.6502 -0.2355
vn 0.2798 -0.9027 -0.3269
vn -0.9601 0.2630 0.0953
vn -0.9713 -0.2235 -0.0810
vn -0.9601 0.2631 0.0953
vn 0.2377 0.9133 0.3308
vn -0.2798 0.9027 0.3269
vn 0.2376 0.9133 0.3308
vn -0.2378 -0.9133 -0.3308
vn 0.6915 0.6792 0.2460
vn -0.6916 -0.6791 -0.2460
vn -0.6916 0.6791 0.2460
vn 0.6915 -0.6792 -0.2460
vn 0.9601 -0.2631 -0.0953
vn 0.6916 -0.6791 -0.2460
vn -0.2378 0.9133 0.3308
vn -0.9601 -0.2631 -0.0953
vn 0.2798 0.9027 0.3270
vn 0.2377 -0.9133 -0.3308
vn 0.9601 0.2631 0.0953
vn 0.9601 0.2630 0.0952
vn -0.2798 -0.9027 -0.3270
vn -0.2798 -0.9027 -0.3269
vn -0.9713 0.2236 0.0810
vn -0.9601 -0.2630 -0.0953
vn -0.7223 0.6502 0.2355
vn -0.7222 0.6503 0.2355
vn 0.7223 0.6502 0.2355
vn 0.2798 0.9027 0.3269
vn 0.9714 -0.2234 -0.0809
vn -0.0000 0.3406 -0.9402
vn 0.9713 0.2235 0.0810
vn -0.7223 -0.6502 -0.2355
vn 0.7223 -0.6502 -0.2355
vn 0.2797 -0.9027 -0.3270
vn 0.2378 0.9133 0.3308
vn -0.2377 -0.9133 -0.3308
vn 0.6916 0.6791 0.2460
vn -0.6915 -0.6792 -0.2460
vn 0.6916 -0.6792 -0.2460
vn -0.2377 0.9133 0.3308
vn 0.2378 -0.9133 -0.3308
vn -0.9713 0.2235 0.0810
vn 0.9713 -0.2235 -0.0810
vn -0.0000 -0.3408 0.9401
vn 0.0002 -0.3406 0.9402
vn 0.0002 -0.3404 0.9403
vn 0.0001 -0.3406 0.9402
vn -0.0000 -0.3405 0.9403
vn -0.0001 -0.3405 0.9402
vn -0.0001 -0.3406 0.9402
vn -0.7224 -0.6502 0.2355
vn 0.9601 0.2630 -0.0953
vn -0.2376 0.9133 -0.3308
vn -0.6915 0.6792 -0.2460
vn 0.6916 0.6791 -0.2460
vn 0.2378 0.9133 -0.3308
vn -0.9601 0.2630 -0.0952
vn 0.9713 0.2236 -0.0810
vn 0.7222 0.6503 -0.2355
vn -0.9714 -0.2234 0.0809
vn -0.2797 -0.9027 0.3270
vn 0.6915 -0.6792 0.2460
vn -0.0002 -0.3406 -0.9402
vn -0.0002 -0.3404 -0.9403
vn 0.0001 -0.3405 -0.9402
vn -0.7224 -0.6502 -0.2355
vn 0.9601 0.2630 0.0953
vn -0.2376 0.9133 0.3308
vn -0.6915 0.6792 0.2460
vn -0.6916 -0.6792 -0.2460
vn 0.9601 -0.2630 -0.0953
vn -0.2798 0.9027 0.3270
vn -0.9601 0.2630 0.0952
vn 0.9713 0.2236 0.0810
vn 0.7222 0.6503 0.2355
vn -0.9714 -0.2234 -0.0809
vn -0.9713 0.2235 0.0809
vn -0.2797 -0.9027 -0.3270
vn -0.7224 0.6502 0.2355
vn -0.9713 -0.2235 -0.0809
vn 0.2797 0.9027 0.3270
vn -0.0002 -0.3406 0.9402
vn -0.0002 -0.3404 0.9403
vn 0.0001 -0.3405 0.9402
vn -1.0000 -0.0000 -0.0002
vn -1.0000 -0.0000 0.0002
vt 0.096177 0.113529
vt 0.092627 0.027435
vt 0.091909 0.027435
vt 0.096811 0.111848
vt 0.101080 0.027435
vt 0.097531 0.113529
vt 0.101798 0.027435
vt 0.096896 0.111848
vt 0.072024 0.116077
vt 0.071989 0.115463
vt 0.071994 0.115452
vt 0.072029 0.116066
vt 0.072017 0.115861
vt 0.072020 0.115873
vt 0.072019 0.115858
vt 0.072006 0.115656
vt 0.072008 0.115669
vt 0.072007 0.115653
vt 0.072018 0.115877
vt 0.072017 0.115846
vt 0.072018 0.115842
vt 0.072005 0.115641
vt 0.072006 0.115637
vt 0.072007 0.115672
vt 0.072018 0.115836
vt 0.072016 0.115839
vt 0.072006 0.115631
vt 0.072008 0.115675
vt 0.072020 0.115880
vt 0.072007 0.115679
vt 0.072019 0.115883
vt 0.072004 0.115634
vt 0.072068 0.115463
vt 0.072032 0.116077
vt 0.072063 0.115452
vt 0.072027 0.116066
vt 0.072039 0.115861
vt 0.072037 0.115873
vt 0.072038 0.115877
vt 0.072051 0.115656
vt 0.072048 0.115669
vt 0.072050 0.115672
vt 0.072040 0.115846
vt 0.072038 0.115858
vt 0.072052 0.115641
vt 0.072049 0.115653
vt 0.072040 0.115839
vt 0.072038 0.115842
vt 0.072051 0.115631
vt 0.072050 0.115637
vt 0.072048 0.115675
vt 0.072039 0.115836
vt 0.072036 0.115880
vt 0.072050 0.115679
vt 0.072038 0.115883
vt 0.072052 0.115634
vt 0.072025 0.116088
vt 0.072025 0.116078
vt 0.072027 0.116096
vt 0.072028 0.116099
vt 0.072030 0.116096
vt 0.072031 0.116088
vt 0.072032 0.116078
vt 0.072030 0.116094
vt 0.072028 0.116097
vt 0.072032 0.116090
vt 0.072032 0.116078
vt 0.072031 0.116068
vt 0.072030 0.116061
vt 0.072032 0.116065
vt 0.072025 0.116065
vt 0.072024 0.116078
vt 0.072028 0.116102
vt 0.072030 0.116099
vt 0.072031 0.116067
vt 0.072025 0.116067
vt 0.072026 0.116056
vt 0.072028 0.116056
vt 0.072027 0.116059
vt 0.072025 0.116090
vt 0.072026 0.116099
vt 0.072028 0.116053
vt 0.072030 0.116059
vt 0.072030 0.116056
vt 0.072031 0.116078
vt 0.072028 0.116058
vt 0.072027 0.116061
vt 0.072026 0.116068
vt 0.072025 0.116078
vt 0.072026 0.116087
vt 0.072027 0.116094
vt 0.072031 0.116087
vt 0.072028 0.116078
vt 0.071792 0.111985
vt 0.071711 0.112161
vt 0.071792 0.111978
vt 0.071820 0.112475
vt 0.071741 0.112670
vt 0.071821 0.112487
vt 0.071794 0.112025
vt 0.071714 0.112208
vt 0.071794 0.112026
vt 0.071792 0.111978
vt 0.071711 0.112161
vt 0.071794 0.112020
vt 0.071714 0.112202
vt 0.071792 0.111984
vt 0.071712 0.112167
vt 0.071822 0.112498
vt 0.071741 0.112681
vt 0.071820 0.112463
vt 0.071740 0.112656
vt 0.071739 0.112646
vt 0.071742 0.112687
vt 0.071822 0.112504
vt 0.071793 0.111995
vt 0.071712 0.112178
vt 0.071742 0.112687
vt 0.071822 0.112504
vt 0.071819 0.112457
vt 0.071739 0.112639
vt 0.071713 0.112192
vt 0.071793 0.112009
vt 0.071739 0.112640
vt 0.071819 0.112457
vt 0.071793 0.112008
vt 0.071713 0.112190
vt 0.071714 0.112202
vt 0.071794 0.112019
vt 0.071741 0.112680
vt 0.071822 0.112497
vt 0.071793 0.111996
vt 0.071712 0.112179
vt 0.071741 0.112669
vt 0.071740 0.112663
vt 0.071741 0.112671
vt 0.071740 0.112657
vt 0.071739 0.112646
vt 0.071740 0.112655
vt 0.071713 0.112193
vt 0.071714 0.112208
vt 0.071713 0.112185
vt 0.071712 0.112177
vt 0.071712 0.112168
vt 0.071821 0.112486
vt 0.071820 0.112474
vt 0.071820 0.112463
vt 0.071965 0.114980
vt 0.071885 0.115170
vt 0.071885 0.115163
vt 0.071994 0.115489
vt 0.071913 0.115659
vt 0.071914 0.115672
vt 0.071968 0.115027
vt 0.071887 0.115210
vt 0.071968 0.115027
vt 0.071965 0.114980
vt 0.071885 0.115163
vt 0.071887 0.115204
vt 0.071967 0.115021
vt 0.071885 0.115169
vt 0.071965 0.114986
vt 0.071995 0.115500
vt 0.071915 0.115683
vt 0.071993 0.115465
vt 0.071913 0.115658
vt 0.071913 0.115647
vt 0.071915 0.115689
vt 0.071995 0.115506
vt 0.071886 0.115180
vt 0.071966 0.114997
vt 0.071915 0.115689
vt 0.071995 0.115506
vt 0.071912 0.115641
vt 0.071993 0.115458
vt 0.071967 0.115011
vt 0.071886 0.115193
vt 0.071912 0.115642
vt 0.071993 0.115459
vt 0.071967 0.115010
vt 0.071886 0.115192
vt 0.071887 0.115203
vt 0.071967 0.115021
vt 0.071915 0.115682
vt 0.071995 0.115499
vt 0.071886 0.115181
vt 0.071966 0.114998
vt 0.071914 0.115671
vt 0.071914 0.115665
vt 0.071914 0.115673
vt 0.071913 0.115648
vt 0.071913 0.115657
vt 0.071886 0.115195
vt 0.071887 0.115210
vt 0.071886 0.115186
vt 0.071885 0.115178
vt 0.071994 0.115475
vt 0.071994 0.115476
vt 0.071994 0.115488
vt 0.071993 0.115465
vt 0.071965 0.114987
vt 0.071793 0.112002
vt 0.071994 0.115482
vt 0.071966 0.115004
vt 0.071821 0.112480
vt 0.072345 0.112161
vt 0.072264 0.111985
vt 0.072265 0.111978
vt 0.072316 0.112670
vt 0.072236 0.112475
vt 0.072235 0.112487
vt 0.072343 0.112208
vt 0.072262 0.112025
vt 0.072262 0.112026
vt 0.072265 0.111978
vt 0.072262 0.112020
vt 0.072345 0.112167
vt 0.072265 0.111984
vt 0.072235 0.112498
vt 0.072317 0.112646
vt 0.072236 0.112474
vt 0.072237 0.112463
vt 0.072315 0.112687
vt 0.072234 0.112504
vt 0.072264 0.111995
vt 0.072234 0.112504
vt 0.072318 0.112639
vt 0.072237 0.112457
vt 0.072344 0.112192
vt 0.072263 0.112009
vt 0.072318 0.112640
vt 0.072237 0.112457
vt 0.072263 0.112008
vt 0.072344 0.112178
vt 0.072343 0.112202
vt 0.072263 0.112019
vt 0.072235 0.112497
vt 0.072315 0.112687
vt 0.072264 0.111996
vt 0.072316 0.112669
vt 0.072316 0.112663
vt 0.072315 0.112680
vt 0.072316 0.112671
vt 0.072315 0.112681
vt 0.072317 0.112657
vt 0.072317 0.112646
vt 0.072317 0.112655
vt 0.072317 0.112656
vt 0.072344 0.112193
vt 0.072343 0.112208
vt 0.072344 0.112190
vt 0.072344 0.112185
vt 0.072345 0.112161
vt 0.072344 0.112177
vt 0.072345 0.112168
vt 0.072344 0.112179
vt 0.072343 0.112202
vt 0.072236 0.112486
vt 0.072237 0.112463
vt 0.072172 0.115163
vt 0.072091 0.114987
vt 0.072091 0.114980
vt 0.072062 0.115489
vt 0.072143 0.115659
vt 0.072063 0.115476
vt 0.072169 0.115210
vt 0.072089 0.115027
vt 0.072089 0.115027
vt 0.072172 0.115163
vt 0.072092 0.114980
vt 0.072170 0.115204
vt 0.072089 0.115021
vt 0.072091 0.114986
vt 0.072142 0.115683
vt 0.072061 0.115500
vt 0.072144 0.115647
vt 0.072063 0.115475
vt 0.072064 0.115465
vt 0.072142 0.115689
vt 0.072061 0.115506
vt 0.072171 0.115180
vt 0.072091 0.114997
vt 0.072061 0.115506
vt 0.072064 0.115458
vt 0.072090 0.115011
vt 0.072064 0.115459
vt 0.072144 0.115641
vt 0.072090 0.115010
vt 0.072170 0.115203
vt 0.072089 0.115021
vt 0.072062 0.115499
vt 0.072142 0.115689
vt 0.072090 0.114998
vt 0.072170 0.115193
vt 0.072143 0.115671
vt 0.072143 0.115665
vt 0.072142 0.115682
vt 0.072142 0.115673
vt 0.072143 0.115672
vt 0.072144 0.115648
vt 0.072143 0.115657
vt 0.072144 0.115642
vt 0.072143 0.115658
vt 0.072170 0.115195
vt 0.072169 0.115210
vt 0.072170 0.115192
vt 0.072171 0.115186
vt 0.072172 0.115169
vt 0.072171 0.115178
vt 0.072172 0.115170
vt 0.072171 0.115181
vt 0.072062 0.115488
vt 0.072063 0.115465
vt 0.072263 0.112002
vt 0.072062 0.115482
vt 0.072090 0.115004
vt 0.072236 0.112480
vt 0.095156 0.092930
vt 0.094932 0.093523
vt 0.094122 0.072071
vt 0.093898 0.072664
vt 0.093174 0.052953
vt 0.092951 0.053546
vt 0.096104 0.112049
vt 0.095880 0.112641
vt 0.098775 0.093523
vt 0.097828 0.112641
vt 0.099809 0.072664
vt 0.099585 0.072071
vt 0.100757 0.053546
vt 0.100533 0.052953
vt 0.097604 0.112049
vt 0.098551 0.092930
s 1
g simple_barricade_01_large_regular_material
usemtl regular_material
f 1/1/1 6/2/1 5/3/1
s 2
f 2/4/2 7/2/2 6/2/2
s 3
f 3/1/3 7/2/3 4/4/3
s 4
f 3/1/4 5/3/4 8/3/4
s 5
f 2/4/5 3/1/5 4/4/5
s 6
f 7/2/6 5/3/6 6/2/6
s 7
f 14/5/1 9/6/1 13/7/1
s 8
f 15/5/7 10/8/7 14/5/7
s 9
f 11/6/3 15/5/3 16/7/3
s 10
f 13/7/8 11/6/8 16/7/8
s 11
f 11/6/9 10/8/9 12/8/9
s 12
f 13/7/6 15/5/6 14/5/6
s 13
f 22/9/4 17/10/4 21/10/4
s 14
f 23/11/10 17/10/10 19/11/10
s 15
f 20/12/5 22/9/5 24/12/5
s 16
f 18/9/1 19/11/1 17/10/1
s 17
f 20/12/2 23/11/2 19/11/2
s 18
f 35/13/1 57/14/11 56/15/1
s 19
f 25/16/1 46/17/11 45/18/1
s 18
f 33/13/3 50/14/12 40/19/12
f 38/20/13 56/15/1 55/21/13
s 19
f 29/22/13 45/18/1 43/23/13
f 32/22/14 49/18/3 28/16/3
f 28/16/3 48/17/12 31/24/15
s 18
f 38/20/13 54/25/16 34/26/16
s 20
f 42/27/17 44/18/17 41/23/17
f 45/18/17 44/18/17 43/23/17
f 47/28/2 44/18/17 46/17/2
f 49/18/2 44/18/17 48/17/17
s 21
f 51/15/17 53/15/17 50/14/17
f 54/25/2 53/15/17 52/21/17
f 56/15/17 53/15/17 55/21/17
f 58/29/2 53/15/17 57/14/2
s 18
f 33/13/3 52/21/14 51/15/3
s 19
f 27/30/18 46/17/11 30/24/19
s 18
f 39/19/11 58/29/18 57/14/11
s 19
f 32/22/14 42/27/16 41/23/14
f 27/30/18 48/17/12 47/28/18
s 18
f 40/19/12 58/29/18 36/31/18
s 19
f 29/22/13 42/27/16 26/32/16
s 18
f 34/26/16 52/21/14 37/20/14
s 22
f 23/11/3 22/9/3 21/10/3
s 23
f 59/33/8 64/34/8 63/33/8
s 24
f 59/33/20 65/35/20 61/35/20
s 25
f 64/34/9 62/36/9 66/36/9
s 26
f 61/35/1 60/34/1 59/33/1
s 27
f 65/35/7 62/36/7 61/35/7
s 28
f 77/37/1 99/38/21 81/39/21
s 29
f 67/40/1 88/41/21 72/42/22
s 28
f 92/38/23 75/37/3 82/39/23
f 80/43/24 98/44/1 77/37/1
s 29
f 71/45/24 87/46/1 67/40/1
f 91/46/3 74/45/25 70/40/3
f 90/41/23 70/40/3 73/42/26
s 28
f 76/47/27 97/48/24 80/43/24
s 30
f 84/49/28 86/46/28 85/50/28
f 87/46/28 86/46/28 88/41/7
f 89/51/7 86/46/28 90/41/28
f 91/46/7 86/46/28 83/50/28
s 31
f 93/44/28 95/44/28 94/48/28
f 96/52/7 95/44/28 97/48/28
f 98/44/28 95/44/28 99/38/7
f 100/53/7 95/44/28 92/38/28
s 28
f 75/37/3 94/48/25 79/43/25
s 29
f 88/41/21 69/54/29 72/42/22
s 28
f 81/39/21 100/53/29 78/55/29
s 29
f 83/50/25 68/56/27 74/45/25
f 69/54/29 90/41/23 73/42/26
s 28
f 100/53/29 82/39/23 78/55/29
s 29
f 68/56/27 85/50/24 71/45/24
s 28
f 94/48/25 76/47/27 79/43/25
s 32
f 65/35/3 64/34/3 66/36/3
s 33
f 125/57/30 199/58/31 200/58/31
f 129/59/32 126/57/30 125/57/30
s 34
f 131/59/32 128/57/30 127/57/30
s 33
f 133/60/33 130/59/32 129/59/32
s 34
f 135/60/33 132/59/32 131/59/32
s 33
f 137/61/34 134/60/33 133/60/33
s 34
f 139/61/34 136/60/33 135/60/33
s 33
f 143/62/35 138/61/34 137/61/34
s 34
f 147/62/35 140/61/34 139/61/34
s 33
f 142/63/36 144/62/35 143/62/35
s 35
f 121/64/37 263/65/6 119/65/6
s 34
f 146/63/36 148/62/35 147/62/35
s 36
f 195/66/3 145/63/3 150/67/3
s 37
f 104/68/30 250/69/32 106/69/32
s 38
f 154/70/1 142/63/1 151/67/1
s 39
f 169/71/38 199/58/3 173/72/3
s 36
f 187/73/3 140/61/3 191/74/3
f 155/70/3 145/63/3 217/75/3
s 38
f 170/71/1 200/58/1 204/76/1
s 40
f 188/73/1 139/61/1 135/60/1
s 39
f 165/77/3 211/78/3 207/79/3
s 36
f 179/80/3 132/59/3 183/81/3
s 40
f 196/66/1 146/63/1 147/62/1
f 156/70/1 146/63/1 149/67/1
s 38
f 166/77/1 212/78/1 162/82/1
s 33
f 142/63/36 219/75/39 141/63/36
s 34
f 218/75/39 145/63/36 146/63/36
s 33
f 216/83/40 219/75/39 220/75/39
s 34
f 214/83/40 217/75/39 218/75/39
s 33
f 212/78/6 215/83/40 216/83/40
s 34
f 210/78/6 213/83/40 214/83/40
s 33
f 208/79/37 211/78/6 212/78/6
s 34
f 206/79/37 209/78/6 210/78/6
s 33
f 204/76/41 207/79/37 208/79/37
s 34
f 202/76/41 205/79/37 206/79/37
s 33
f 200/58/31 203/76/41 204/76/41
s 34
f 198/58/31 201/76/41 202/76/41
f 127/57/30 197/58/31 198/58/31
s 40
f 180/80/1 131/59/1 127/57/1
s 39
f 153/70/42 215/83/3 157/84/3
s 36
f 171/71/3 197/58/3 175/72/3
s 39
f 193/66/42 138/61/3 144/62/43
s 38
f 154/70/1 216/83/1 220/75/1
s 40
f 172/71/1 198/58/1 202/76/1
s 38
f 194/66/1 137/61/1 190/74/1
s 36
f 167/77/3 209/78/3 205/79/3
s 39
f 185/73/3 130/59/3 134/60/3
s 40
f 168/77/1 210/78/1 164/82/1
s 38
f 186/73/1 129/59/1 182/81/1
s 36
f 155/70/3 213/83/3 159/84/3
s 39
f 177/80/38 199/58/3 126/57/44
s 36
f 195/66/3 140/61/3 148/62/3
s 40
f 156/70/1 214/83/1 218/75/1
s 38
f 178/80/1 200/58/1 174/72/1
s 40
f 196/66/1 139/61/1 192/74/1
s 39
f 169/71/38 207/79/3 203/76/44
s 36
f 187/73/3 132/59/3 136/60/3
s 38
f 170/71/1 208/79/1 166/77/1
s 40
f 188/73/1 131/59/1 184/81/1
s 39
f 157/84/3 211/78/3 161/82/3
s 36
f 179/80/3 197/58/3 128/57/3
s 39
f 193/66/42 141/63/3 152/67/3
s 41
f 150/67/36 222/70/39 221/67/36
f 195/66/35 221/67/36 243/66/35
s 42
f 152/67/36 156/70/39 149/67/36
f 193/66/35 149/67/36 196/66/35
s 43
f 194/66/35 224/67/36 151/67/36
f 224/67/36 154/70/39 151/67/36
f 223/70/39 158/84/40 154/70/39
s 42
f 153/70/39 160/84/40 156/70/39
s 41
f 155/70/39 225/84/40 222/70/39
s 43
f 226/84/40 162/82/6 158/84/40
s 42
f 157/84/40 164/82/6 160/84/40
s 41
f 159/84/40 227/82/6 225/84/40
s 43
f 228/82/6 166/77/37 162/82/6
s 42
f 161/82/6 168/77/37 164/82/6
s 41
f 163/82/6 229/77/37 227/82/6
s 43
f 230/77/37 170/71/41 166/77/37
s 42
f 165/77/37 172/71/41 168/77/37
s 41
f 167/77/37 231/71/41 229/77/37
s 43
f 232/71/41 174/72/31 170/71/41
s 42
f 169/71/41 176/72/31 172/71/41
s 41
f 171/71/41 233/72/31 231/71/41
s 43
f 234/72/31 178/80/30 174/72/31
s 42
f 173/72/31 180/80/30 176/72/31
s 41
f 175/72/31 235/80/30 233/72/31
s 43
f 236/80/30 182/81/32 178/80/30
s 42
f 177/80/30 184/81/32 180/80/30
s 41
f 179/80/30 237/81/32 235/80/30
s 43
f 238/81/32 186/73/33 182/81/32
s 42
f 181/81/32 188/73/33 184/81/32
s 41
f 183/81/32 239/73/33 237/81/32
s 43
f 240/73/33 190/74/34 186/73/33
s 42
f 185/73/33 192/74/34 188/73/33
s 41
f 187/73/33 241/74/34 239/73/33
s 43
f 242/74/34 194/66/35 190/74/34
s 42
f 189/74/34 196/66/35 192/74/34
s 41
f 191/74/34 243/66/35 241/74/34
s 38
f 178/80/1 129/59/1 125/57/1
s 40
f 160/84/1 210/78/1 214/83/1
s 39
f 153/70/42 141/63/3 219/75/43
f 177/80/38 130/59/3 181/81/3
s 36
f 159/84/3 209/78/3 163/82/3
s 38
f 186/73/1 137/61/1 133/60/1
s 40
f 172/71/1 206/79/1 168/77/1
s 38
f 194/66/1 142/63/1 143/62/1
s 39
f 185/73/3 138/61/3 189/74/3
s 36
f 171/71/3 205/79/3 201/76/3
s 40
f 180/80/1 198/58/1 176/72/1
s 38
f 158/84/1 212/78/1 216/83/1
s 44
f 101/85/1 222/70/1 103/68/1
s 45
f 102/85/3 223/70/3 224/67/3
s 44
f 103/68/1 225/84/1 105/69/1
s 45
f 104/68/3 226/84/3 223/70/3
s 44
f 105/69/1 227/82/1 107/86/1
s 45
f 106/69/3 228/82/3 226/84/3
s 44
f 109/87/1 227/82/1 229/77/1
s 45
f 110/87/3 228/82/3 108/86/3
s 44
f 111/88/1 229/77/1 231/71/1
s 45
f 112/88/3 230/77/3 110/87/3
s 44
f 113/89/1 231/71/1 233/72/1
s 45
f 114/89/3 232/71/3 112/88/3
s 44
f 113/89/1 235/80/1 115/90/1
s 45
f 114/89/3 236/80/3 234/72/3
s 44
f 115/90/1 237/81/1 117/91/1
s 45
f 116/90/3 238/81/3 236/80/3
s 44
f 117/91/1 239/73/1 119/65/1
s 45
f 118/91/3 240/73/3 238/81/3
s 44
f 121/64/1 239/73/1 241/74/1
s 45
f 122/64/3 240/73/3 120/65/3
s 44
f 123/92/1 241/74/1 243/66/1
s 45
f 124/92/3 242/74/3 122/64/3
s 44
f 101/85/1 243/66/1 221/67/1
s 45
f 102/85/3 244/66/3 124/92/3
s 46
f 245/85/45 246/68/1 270/93/1
s 37
f 112/88/35 258/89/36 114/89/36
s 35
f 107/86/33 249/69/32 105/69/32
s 37
f 120/65/6 266/64/37 122/64/37
s 35
f 115/90/39 257/89/36 113/89/36
s 37
f 106/69/32 252/86/33 108/86/33
s 35
f 123/92/41 265/64/37 121/64/37
s 37
f 114/89/36 260/90/39 116/90/39
s 35
f 109/87/34 251/86/33 107/86/33
s 37
f 122/64/37 268/92/41 124/92/41
s 35
f 117/91/40 259/90/39 115/90/39
s 37
f 108/86/33 254/87/34 110/87/34
s 35
f 101/85/31 267/92/41 123/92/41
f 103/68/30 245/85/31 101/85/31
s 37
f 116/90/39 262/91/40 118/91/40
s 35
f 111/88/35 253/87/34 109/87/34
s 37
f 124/92/41 248/85/31 102/85/31
f 102/85/31 247/68/30 104/68/30
s 35
f 119/65/6 261/91/40 117/91/40
s 37
f 110/87/34 256/88/35 112/88/35
s 35
f 105/69/32 246/68/30 103/68/30
s 37
f 118/91/40 264/65/6 120/65/6
s 35
f 113/89/36 255/88/35 111/88/35
s 47
f 247/68/3 248/85/3 269/93/3
f 248/85/3 268/92/3 269/93/3
f 268/92/3 266/64/3 269/93/3
f 266/64/3 264/65/3 269/93/3
f 264/65/3 262/91/3 269/93/3
f 262/91/3 260/90/3 269/93/3
f 260/90/3 258/89/3 269/93/3
f 258/89/3 256/88/3 269/93/3
f 256/88/3 254/87/3 269/93/3
f 254/87/3 252/86/3 269/93/3
f 252/86/3 250/69/3 269/93/3
f 250/69/3 247/68/3 269/93/3
s 46
f 246/68/1 249/69/1 270/93/1
f 249/69/1 251/86/1 270/93/1
f 251/86/1 253/87/1 270/93/1
f 253/87/1 255/88/1 270/93/1
f 255/88/1 257/89/46 270/93/1
f 257/89/46 259/90/1 270/93/1
f 259/90/1 261/91/1 270/93/1
f 261/91/1 263/65/1 270/93/1
f 263/65/1 265/64/1 270/93/1
f 265/64/1 267/92/1 270/93/1
f 267/92/1 245/85/45 270/93/1
s 48
f 294/94/47 322/95/48 291/96/49
s 49
f 273/97/50 303/98/51 280/99/52
s 48
f 287/100/53 312/101/54 283/102/55
f 285/103/56 322/95/48 321/104/57
f 288/105/58 312/101/54 311/106/58
f 292/107/59 321/104/57 319/108/60
s 49
f 277/109/61 303/98/51 302/110/61
f 281/111/62 295/112/63 310/113/64
f 277/109/61 301/114/65 272/115/66
s 48
f 289/116/67 319/108/60 318/117/68
s 49
f 272/115/66 299/118/69 278/119/70
f 274/120/71 310/113/64 309/121/72
s 48
f 288/105/58 326/122/73 293/123/74
s 49
f 274/120/71 307/124/75 282/125/76
s 48
f 284/126/77 318/117/68 317/127/78
f 284/126/77 315/128/79 290/129/80
s 49
f 278/119/70 297/130/81 275/131/81
s 48
f 286/132/82 326/122/73 325/133/83
s 50
f 296/134/84 298/135/4 295/112/4
f 297/130/84 300/136/4 298/135/4
f 301/114/4 300/136/4 299/118/84
f 302/110/4 304/135/4 300/136/4
f 305/137/84 304/135/4 303/98/4
f 306/138/84 308/139/4 304/135/4
f 309/121/4 308/139/4 307/124/4
f 310/113/4 298/135/4 308/139/4
f 300/136/4 308/139/4 298/135/4
s 51
f 312/101/4 314/140/84 311/106/84
f 315/128/4 314/140/84 313/141/4
f 317/127/4 316/142/84 315/128/4
f 319/108/84 316/142/84 318/117/84
f 321/104/84 320/143/4 319/108/84
f 323/144/84 320/143/4 322/95/84
f 325/133/84 324/142/84 323/144/84
f 311/106/84 324/142/84 326/122/84
f 316/142/84 324/142/84 314/140/84
s 49
f 271/145/85 295/112/63 276/146/86
f 279/147/87 305/137/50 273/97/50
f 271/145/85 297/130/81 296/134/88
s 48
f 290/129/80 313/141/89 287/100/53
s 49
f 282/125/76 306/138/87 279/147/87
s 48
f 286/132/82 323/144/90 294/94/47
s 52
f 347/148/91 379/149/47 378/150/48
s 53
f 336/151/51 361/152/50 359/153/51
s 52
f 343/154/89 368/155/54 339/156/54
f 341/157/57 378/150/48 377/158/56
f 339/156/54 367/159/58 344/160/58
f 341/157/57 375/161/92 348/162/92
s 53
f 333/163/61 359/153/51 358/164/61
f 337/165/64 351/166/86 366/167/64
f 333/163/61 357/168/65 328/169/65
s 52
f 348/162/92 374/170/68 345/171/68
s 53
f 328/169/65 355/172/69 334/173/69
f 337/165/64 365/174/72 330/175/71
s 52
f 349/176/73 367/159/58 382/177/73
s 53
f 330/175/71 363/178/76 338/179/75
s 52
f 340/180/78 374/170/68 373/181/78
f 340/180/78 371/182/79 346/183/79
s 53
f 334/173/69 353/184/81 331/185/93
s 52
f 349/176/73 381/186/94 342/187/83
s 54
f 352/188/4 354/189/4 351/166/4
f 353/184/4 356/190/4 354/189/4
f 357/168/84 356/190/4 355/172/84
f 358/164/4 360/189/84 356/190/4
f 361/152/84 360/189/84 359/153/84
f 362/191/84 364/192/4 360/189/84
f 365/174/4 364/192/4 363/178/4
f 366/167/4 354/189/4 364/192/4
f 356/190/4 364/192/4 354/189/4
s 55
f 368/155/4 370/193/84 367/159/84
f 371/182/84 370/193/84 369/194/4
f 373/181/84 372/195/84 371/182/84
f 375/161/84 372/195/84 374/170/84
f 377/158/84 376/196/4 375/161/84
f 379/149/4 376/196/4 378/150/4
f 381/186/84 380/195/4 379/149/4
f 367/159/84 380/195/4 382/177/4
f 372/195/84 380/195/4 370/193/84
s 53
f 332/197/86 352/188/88 351/166/86
f 329/198/50 362/191/87 361/152/50
f 327/199/88 353/184/81 352/188/88
s 52
f 343/154/89 371/182/79 369/194/95
s 53
f 338/179/75 362/191/87 335/200/87
s 52
f 350/201/90 381/186/94 379/149/47
s 56
f 288/105/2 293/123/2 384/202/2
s 57
f 332/197/2 337/165/2 385/203/2
s 58
f 344/160/2 349/176/2 386/204/2
s 59
f 276/146/2 281/111/17 383/205/17
f 281/111/17 274/120/17 383/205/17
f 274/120/17 282/125/17 383/205/17
f 282/125/17 279/147/17 383/205/17
f 279/147/17 273/97/96 383/205/17
f 273/97/96 280/99/97 383/205/17
f 280/99/97 277/109/98 383/205/17
f 277/109/98 272/115/2 383/205/17
f 272/115/2 278/119/2 383/205/17
f 278/119/2 275/131/2 383/205/17
f 275/131/2 271/145/2 383/205/17
f 271/145/2 276/146/2 383/205/17
s 56
f 293/123/2 286/132/99 384/202/2
f 286/132/99 294/94/100 384/202/2
f 294/94/100 291/96/2 384/202/2
f 291/96/2 285/103/2 384/202/2
f 285/103/2 292/107/2 384/202/2
f 292/107/2 289/116/100 384/202/2
f 289/116/100 284/126/101 384/202/2
f 284/126/101 290/129/102 384/202/2
f 290/129/102 287/100/17 384/202/2
f 287/100/17 283/102/99 384/202/2
f 283/102/99 288/105/2 384/202/2
s 57
f 337/165/2 330/175/2 385/203/2
f 330/175/2 338/179/2 385/203/2
f 338/179/2 335/200/17 385/203/2
f 335/200/17 329/198/17 385/203/2
f 329/198/17 336/151/17 385/203/2
f 336/151/17 333/163/2 385/203/2
f 333/163/2 328/169/17 385/203/2
f 328/169/17 334/173/17 385/203/2
f 334/173/17 331/185/17 385/203/2
f 331/185/17 327/199/2 385/203/2
f 327/199/2 332/197/2 385/203/2
s 58
f 349/176/2 342/187/2 386/204/2
f 342/187/2 350/201/17 386/204/2
f 350/201/17 347/148/17 386/204/2
f 347/148/17 341/157/2 386/204/2
f 341/157/2 348/162/2 386/204/2
f 348/162/2 345/171/17 386/204/2
f 345/171/17 340/180/17 386/204/2
f 340/180/17 346/183/17 386/204/2
f 346/183/17 343/154/2 386/204/2
f 343/154/2 339/156/2 386/204/2
f 339/156/2 344/160/2 386/204/2
s 60
f 438/206/103 410/207/104 407/208/105
s 61
f 419/209/106 389/210/107 396/211/108
s 60
f 428/212/109 403/213/110 399/214/111
f 401/215/112 438/206/103 407/208/105
f 404/216/113 428/212/109 399/214/111
f 435/217/114 401/215/112 408/218/114
s 61
f 393/219/115 419/209/106 396/211/108
f 426/220/116 392/221/117 397/222/118
f 417/223/119 393/219/115 388/224/119
s 60
f 405/225/120 435/217/114 408/218/114
s 61
f 394/226/121 417/223/119 388/224/119
f 425/227/122 397/222/118 390/228/122
s 60
f 442/229/123 404/216/113 409/230/124
s 61
f 423/231/125 390/228/122 398/232/126
s 60
f 400/233/127 434/234/128 405/225/120
f 431/235/129 400/233/127 406/236/130
s 61
f 391/237/131 415/238/132 394/226/121
s 60
f 402/239/133 442/229/123 409/230/124
s 62
f 412/240/134 414/241/8 413/242/134
f 413/242/134 416/243/8 415/238/134
f 417/223/8 416/243/8 418/244/8
f 418/244/8 420/241/8 419/209/8
f 421/245/134 420/241/8 422/246/134
f 422/246/134 424/247/8 423/231/8
f 425/227/8 424/247/8 426/220/8
f 426/220/8 414/241/8 411/248/8
f 424/247/8 416/243/8 414/241/8
s 63
f 428/212/8 430/249/134 429/250/8
f 430/249/134 431/235/8 429/250/8
f 433/251/8 432/252/134 434/234/134
f 432/252/134 435/217/8 434/234/134
f 437/253/134 436/254/8 438/206/134
f 436/254/8 439/255/134 438/206/134
f 441/256/134 440/252/134 442/229/134
f 440/252/134 427/257/134 442/229/134
f 440/252/134 432/252/134 430/249/134
s 61
f 411/248/117 387/258/135 392/221/117
f 421/245/107 395/259/136 389/210/107
f 412/240/135 391/237/131 387/258/135
s 60
f 403/213/110 431/235/129 406/236/130
s 61
f 422/246/136 398/232/126 395/259/136
s 60
f 439/255/137 402/239/133 410/207/104
s 64
f 494/260/138 466/261/137 463/262/138
s 65
f 452/263/106 477/264/107 445/265/107
s 64
f 484/266/109 459/267/110 455/268/139
f 493/269/140 463/262/138 457/270/112
f 483/271/141 455/268/139 460/272/141
f 464/273/142 493/269/140 457/270/112
s 65
f 474/274/115 452/263/106 449/275/115
f 482/276/143 448/277/117 453/278/118
f 473/279/144 449/275/115 444/280/144
s 64
f 490/281/128 464/273/142 461/282/128
s 65
f 450/283/132 473/279/144 444/280/144
f 446/284/145 482/276/143 453/278/118
s 64
f 465/285/123 483/271/141 460/272/141
s 65
f 454/286/126 481/287/122 446/284/145
s 64
f 456/288/146 490/281/128 461/282/128
f 487/289/129 456/288/146 462/290/129
s 65
f 447/291/131 471/292/121 450/283/132
s 64
f 458/293/147 498/294/123 465/285/123
s 66
f 468/295/8 470/296/8 469/297/8
f 469/297/8 472/298/8 471/292/134
f 473/279/134 472/298/8 474/274/8
f 474/274/8 476/296/134 475/299/134
f 477/264/134 476/296/134 478/300/134
f 478/300/134 480/301/8 479/302/8
f 481/287/8 480/301/8 482/276/8
f 482/276/8 470/296/8 467/303/8
f 480/301/8 472/298/8 470/296/8
s 67
f 484/266/8 486/304/134 485/305/8
f 486/304/134 487/289/134 485/305/8
f 489/306/134 488/307/134 490/281/134
f 488/307/134 491/308/134 490/281/134
f 493/269/134 492/309/8 494/260/134
f 492/309/8 495/310/8 494/260/134
f 497/311/134 496/307/8 498/294/8
f 496/307/8 483/271/8 498/294/8
f 496/307/8 488/307/134 486/304/134
s 65
f 467/303/117 443/312/135 448/277/117
f 445/265/107 478/300/136 451/313/136
f 468/295/135 447/291/131 443/312/135
s 64
f 459/267/110 487/289/129 462/290/129
s 65
f 478/300/136 454/286/126 451/313/136
s 64
f 495/310/137 458/293/147 466/261/137
s 68
f 404/216/7 500/314/7 409/230/7
s 69
f 448/277/7 501/315/7 453/278/7
s 70
f 460/272/7 502/316/7 465/285/7
s 71
f 392/221/7 499/317/28 397/222/28
f 397/222/28 499/317/28 390/228/28
f 390/228/28 499/317/28 398/232/28
f 398/232/28 499/317/28 395/259/28
f 395/259/28 499/317/28 389/210/148
f 389/210/148 499/317/28 396/211/149
f 396/211/149 499/317/28 393/219/150
f 393/219/150 499/317/28 388/224/7
f 388/224/7 499/317/28 394/226/7
f 394/226/7 499/317/28 391/237/7
f 391/237/7 499/317/28 387/258/7
f 387/258/7 499/317/28 392/221/7
s 68
f 409/230/7 500/314/7 402/239/151
f 402/239/151 500/314/7 410/207/152
f 410/207/152 500/314/7 407/208/7
f 407/208/7 500/314/7 401/215/7
f 401/215/7 500/314/7 408/218/7
f 408/218/7 500/314/7 405/225/152
f 405/225/152 500/314/7 400/233/153
f 400/233/153 500/314/7 406/236/154
f 406/236/154 500/314/7 403/213/28
f 403/213/28 500/314/7 399/214/151
f 399/214/151 500/314/7 404/216/7
s 69
f 453/278/7 501/315/7 446/284/7
f 446/284/7 501/315/7 454/286/7
f 454/286/7 501/315/7 451/313/28
f 451/313/28 501/315/7 445/265/28
f 445/265/28 501/315/7 452/263/28
f 452/263/28 501/315/7 449/275/7
f 449/275/7 501/315/7 444/280/28
f 444/280/28 501/315/7 450/283/28
f 450/283/28 501/315/7 447/291/28
f 447/291/28 501/315/7 443/312/7
f 443/312/7 501/315/7 448/277/7
s 70
f 465/285/7 502/316/7 458/293/7
f 458/293/7 502/316/7 466/261/28
f 466/261/28 502/316/7 463/262/28
f 463/262/28 502/316/7 457/270/7
f 457/270/7 502/316/7 464/273/7
f 464/273/7 502/316/7 461/282/28
f 461/282/28 502/316/7 456/288/28
f 456/288/28 502/316/7 462/290/28
f 462/290/28 502/316/7 459/267/7
f 459/267/7 502/316/7 455/268/7
f 455/268/7 502/316/7 460/272/7
s 72
f 508/2/3 503/1/3 507/3/3
s 73
f 509/2/2 504/4/2 508/2/2
s 74
f 505/1/1 509/2/1 510/3/1
s 75
f 507/3/4 505/1/4 510/3/4
s 76
f 505/1/5 504/4/5 506/4/5
s 77
f 507/3/6 509/2/6 508/2/6
s 78
f 511/6/3 516/5/3 515/7/3
s 79
f 512/8/7 517/5/7 516/5/7
s 80
f 513/6/1 517/5/1 514/8/1
s 81
f 513/6/8 515/7/8 518/7/8
s 82
f 512/8/9 513/6/9 514/8/9
s 83
f 517/5/6 515/7/6 516/5/6
s 84
f 519/10/4 524/9/4 523/10/4
s 85
f 519/10/10 525/11/10 521/11/10
s 86
f 524/9/5 522/12/5 526/12/5
s 87
f 521/11/3 520/9/3 519/10/3
s 88
f 525/11/2 522/12/2 521/11/2
s 89
f 537/13/3 559/14/12 541/19/12
s 90
f 527/16/3 548/17/12 532/24/15
s 89
f 552/14/11 535/13/1 542/19/11
f 540/20/14 558/15/3 537/13/3
s 90
f 531/22/14 547/18/3 527/16/3
f 551/18/1 534/22/13 530/16/1
f 550/17/11 530/16/1 533/24/19
s 89
f 536/26/16 557/21/14 540/20/14
s 91
f 544/27/17 546/18/17 545/23/17
f 547/18/17 546/18/17 548/17/2
f 549/28/2 546/18/17 550/17/17
f 551/18/2 546/18/17 543/23/17
s 92
f 553/15/17 555/15/17 554/21/17
f 556/25/2 555/15/17 557/21/17
f 558/15/17 555/15/17 559/14/2
f 560/29/2 555/15/17 552/14/17
s 89
f 535/13/1 554/21/13 539/20/13
s 90
f 548/17/12 529/30/18 532/24/15
s 89
f 541/19/12 560/29/18 538/31/18
s 90
f 543/23/13 528/32/16 534/22/13
f 529/30/18 550/17/11 533/24/19
s 89
f 560/29/18 542/19/11 538/31/18
s 90
f 528/32/16 545/23/14 531/22/14
s 89
f 554/21/13 536/26/16 539/20/13
s 93
f 525/11/1 524/9/1 526/12/1
s 94
f 566/34/8 561/33/8 565/33/8
s 95
f 567/35/20 561/33/20 563/35/20
s 96
f 564/36/9 566/34/9 568/36/9
s 97
f 562/34/3 563/35/3 561/33/3
s 98
f 564/36/7 567/35/7 563/35/7
s 99
f 579/37/3 601/38/23 600/44/3
s 100
f 569/40/3 590/41/23 589/46/3
s 99
f 577/37/1 594/38/21 584/39/21
f 582/43/25 600/44/3 599/48/25
s 100
f 573/45/25 589/46/3 587/50/25
f 576/45/24 593/46/1 572/40/1
f 572/40/1 592/41/21 575/42/22
s 99
f 582/43/25 598/52/27 578/47/27
s 101
f 586/49/28 588/46/28 585/50/28
f 589/46/28 588/46/28 587/50/28
f 591/51/7 588/46/28 590/41/7
f 593/46/7 588/46/28 592/41/28
s 102
f 595/44/28 597/44/28 594/38/28
f 598/52/7 597/44/28 596/48/28
f 600/44/28 597/44/28 599/48/28
f 602/53/7 597/44/28 601/38/7
s 99
f 577/37/1 596/48/24 595/44/1
s 100
f 571/54/29 590/41/23 574/42/26
s 99
f 583/39/23 602/53/29 601/38/23
s 100
f 576/45/24 586/49/27 585/50/24
f 571/54/29 592/41/21 591/51/29
s 99
f 584/39/21 602/53/29 580/55/29
s 100
f 573/45/25 586/49/27 570/56/27
s 99
f 578/47/27 596/48/24 581/43/24
s 103
f 567/35/1 566/34/1 565/33/1
s 104
f 701/58/31 627/57/30 702/58/31
f 628/57/30 631/59/32 627/57/30
s 105
f 630/57/30 633/59/32 629/57/30
s 104
f 632/59/32 635/60/33 631/59/32
s 105
f 634/59/32 637/60/33 633/59/32
s 104
f 636/60/33 639/61/34 635/60/33
s 105
f 638/60/33 641/61/34 637/60/33
s 104
f 640/61/34 645/62/35 639/61/34
s 105
f 642/61/34 649/62/35 641/61/34
s 104
f 646/62/35 644/63/36 645/62/35
s 106
f 765/65/6 623/64/37 621/65/6
s 105
f 650/62/35 648/63/36 649/62/35
s 107
f 647/63/1 697/66/1 652/67/1
s 108
f 752/69/32 606/68/30 608/69/32
s 109
f 644/63/3 656/70/3 653/67/3
s 110
f 701/58/1 671/71/46 675/72/1
s 107
f 642/61/1 689/73/1 693/74/1
f 657/70/1 647/63/1 652/67/1
s 109
f 672/71/3 702/58/3 676/72/3
s 111
f 690/73/3 641/61/3 694/74/3
s 110
f 667/77/1 713/78/1 663/82/1
s 107
f 634/59/46 681/80/1 685/81/46
s 111
f 698/66/3 648/63/3 651/67/3
f 648/63/3 658/70/3 651/67/3
s 109
f 714/78/3 668/77/3 664/82/3
s 104
f 644/63/36 721/75/39 722/75/39
s 105
f 647/63/36 720/75/39 648/63/36
s 104
f 721/75/39 718/83/40 722/75/39
s 105
f 719/75/39 716/83/40 720/75/39
s 104
f 717/83/40 714/78/6 718/83/40
s 105
f 715/83/40 712/78/6 716/83/40
s 104
f 713/78/6 710/79/37 714/78/6
s 105
f 711/78/6 708/79/37 712/78/6
s 104
f 709/79/37 706/76/41 710/79/37
s 105
f 707/79/37 704/76/41 708/79/37
s 104
f 705/76/41 702/58/31 706/76/41
s 105
f 703/76/41 700/58/31 704/76/41
f 699/58/31 629/57/30 700/58/31
s 111
f 682/80/3 633/59/3 686/81/3
s 110
f 717/83/45 655/70/45 659/84/45
s 107
f 699/58/1 673/71/1 677/72/1
s 110
f 695/66/45 640/61/1 691/74/1
s 109
f 656/70/3 718/83/3 660/84/3
s 111
f 674/71/3 700/58/3 678/72/3
s 109
f 639/61/3 696/66/3 692/74/3
s 107
f 669/77/1 711/78/1 665/82/1
s 110
f 687/73/1 632/59/46 683/81/46
s 111
f 712/78/3 670/77/3 666/82/3
s 109
f 631/59/3 688/73/3 684/81/3
s 107
f 715/83/45 657/70/1 661/84/45
s 110
f 679/80/46 701/58/1 675/72/1
s 107
f 697/66/1 642/61/1 693/74/1
s 111
f 658/70/3 716/83/3 662/84/3
s 109
f 702/58/3 680/80/3 676/72/3
s 111
f 641/61/3 698/66/3 694/74/3
s 110
f 671/71/46 709/79/1 667/77/1
s 107
f 689/73/1 634/59/46 685/81/46
s 109
f 710/79/3 672/71/3 668/77/3
s 111
f 633/59/3 690/73/3 686/81/3
s 110
f 713/78/1 659/84/45 663/82/1
s 107
f 681/80/1 699/58/1 677/72/1
s 110
f 643/63/1 695/66/45 654/67/1
s 112
f 724/70/39 652/67/36 723/67/36
f 723/67/36 697/66/35 745/66/35
s 113
f 658/70/39 654/67/36 651/67/36
f 651/67/36 695/66/35 698/66/35
s 114
f 696/66/35 726/67/36 746/66/35
f 656/70/39 726/67/36 653/67/36
f 660/84/40 725/70/39 656/70/39
s 113
f 662/84/40 655/70/39 658/70/39
s 112
f 727/84/40 657/70/39 724/70/39
s 114
f 664/82/6 728/84/40 660/84/40
s 113
f 666/82/6 659/84/40 662/84/40
s 112
f 729/82/6 661/84/40 727/84/40
s 114
f 668/77/37 730/82/6 664/82/6
s 113
f 670/77/37 663/82/6 666/82/6
s 112
f 731/77/37 665/82/6 729/82/6
s 114
f 672/71/41 732/77/37 668/77/37
s 113
f 674/71/41 667/77/37 670/77/37
s 112
f 733/71/41 669/77/37 731/77/37
s 114
f 676/72/31 734/71/41 672/71/41
s 113
f 678/72/31 671/71/41 674/71/41
s 112
f 735/72/31 673/71/41 733/71/41
s 114
f 680/80/30 736/72/31 676/72/31
s 113
f 682/80/30 675/72/31 678/72/31
s 112
f 737/80/30 677/72/31 735/72/31
s 114
f 684/81/32 738/80/30 680/80/30
s 113
f 686/81/32 679/80/30 682/80/30
s 112
f 739/81/32 681/80/30 737/80/30
s 114
f 688/73/33 740/81/32 684/81/32
s 113
f 690/73/33 683/81/32 686/81/32
s 112
f 741/73/33 685/81/32 739/81/32
s 114
f 692/74/34 742/73/33 688/73/33
s 113
f 694/74/34 687/73/33 690/73/33
s 112
f 743/74/34 689/73/33 741/73/33
s 114
f 696/66/35 744/74/34 692/74/34
s 113
f 698/66/35 691/74/34 694/74/34
s 112
f 745/66/35 693/74/34 743/74/34
s 109
f 680/80/3 631/59/3 684/81/3
s 111
f 662/84/3 712/78/3 666/82/3
s 110
f 655/70/45 643/63/1 654/67/1
f 632/59/46 679/80/46 683/81/46
s 107
f 711/78/1 661/84/45 665/82/1
s 109
f 688/73/3 639/61/3 692/74/3
s 111
f 708/79/3 674/71/3 670/77/3
s 109
f 696/66/3 644/63/3 653/67/3
s 110
f 640/61/1 687/73/1 691/74/1
s 107
f 673/71/1 707/79/1 669/77/1
s 111
f 700/58/3 682/80/3 678/72/3
s 109
f 660/84/3 714/78/3 664/82/3
s 115
f 724/70/3 603/85/3 605/68/3
s 116
f 604/85/1 725/70/1 606/68/1
s 115
f 727/84/3 605/68/3 607/69/3
s 116
f 606/68/1 728/84/1 608/69/1
s 115
f 729/82/3 607/69/3 609/86/3
s 116
f 608/69/1 730/82/1 610/86/1
s 115
f 611/87/3 729/82/3 609/86/3
s 116
f 730/82/1 612/87/1 610/86/1
s 115
f 613/88/3 731/77/3 611/87/3
s 116
f 732/77/1 614/88/1 612/87/1
s 115
f 615/89/3 733/71/3 613/88/3
s 116
f 734/71/1 616/89/1 614/88/1
s 115
f 737/80/3 615/89/3 617/90/3
s 116
f 616/89/1 738/80/1 618/90/1
s 115
f 739/81/3 617/90/3 619/91/3
s 116
f 618/90/1 740/81/1 620/91/1
s 115
f 741/73/3 619/91/3 621/65/3
s 116
f 620/91/1 742/73/1 622/65/1
s 115
f 623/64/3 741/73/3 621/65/3
s 116
f 742/73/1 624/64/1 622/65/1
s 115
f 625/92/3 743/74/3 623/64/3
s 116
f 744/74/1 626/92/1 624/64/1
s 115
f 603/85/3 745/66/3 625/92/3
s 116
f 746/66/1 604/85/1 626/92/1
s 117
f 747/85/42 772/93/3 748/68/3
s 108
f 760/89/36 614/88/35 616/89/36
s 106
f 751/69/32 609/86/33 607/69/32
s 108
f 768/64/37 622/65/6 624/64/37
s 106
f 759/89/36 617/90/39 615/89/36
s 108
f 754/86/33 608/69/32 610/86/33
s 106
f 767/64/37 625/92/41 623/64/37
s 108
f 762/90/39 616/89/36 618/90/39
s 106
f 753/86/33 611/87/34 609/86/33
s 108
f 770/92/41 624/64/37 626/92/41
s 106
f 761/90/39 619/91/40 617/90/39
s 108
f 756/87/34 610/86/33 612/87/34
s 106
f 769/92/41 603/85/31 625/92/41
f 747/85/31 605/68/30 603/85/31
s 108
f 764/91/40 618/90/39 620/91/40
s 106
f 755/87/34 613/88/35 611/87/34
s 108
f 750/85/31 626/92/41 604/85/31
f 749/68/30 604/85/31 606/68/30
s 106
f 763/91/40 621/65/6 619/91/40
s 108
f 758/88/35 612/87/34 614/88/35
s 106
f 748/68/30 607/69/32 605/68/30
s 108
f 766/65/6 620/91/40 622/65/6
s 106
f 757/88/35 615/89/36 613/88/35
s 118
f 749/68/1 771/93/1 750/85/1
f 750/85/1 771/93/1 770/92/1
f 770/92/1 771/93/1 768/64/1
f 768/64/1 771/93/1 766/65/1
f 766/65/1 771/93/1 764/91/1
f 764/91/1 771/93/1 762/90/1
f 762/90/1 771/93/1 760/89/1
f 760/89/1 771/93/1 758/88/1
f 758/88/1 771/93/1 756/87/1
f 756/87/1 771/93/1 754/86/1
f 754/86/1 771/93/1 752/69/1
f 752/69/1 771/93/1 749/68/1
s 117
f 748/68/3 772/93/3 751/69/3
f 751/69/3 772/93/3 753/86/3
f 753/86/3 772/93/3 755/87/3
f 755/87/3 772/93/3 757/88/3
f 757/88/3 772/93/3 759/89/38
f 759/89/38 772/93/3 761/90/3
f 761/90/3 772/93/3 763/91/3
f 763/91/3 772/93/3 765/65/3
f 765/65/3 772/93/3 767/64/3
f 767/64/3 772/93/3 769/92/3
f 769/92/3 772/93/3 747/85/42
s 119
f 824/95/75 796/94/155 793/96/76
s 120
f 805/98/156 775/97/83 782/99/73
s 119
f 814/101/65 789/100/69 785/102/157
f 787/103/71 824/95/75 793/96/76
f 790/105/158 814/101/65 785/102/157
f 821/108/64 787/103/71 794/107/64
s 120
f 779/109/159 805/98/156 782/99/73
f 812/113/92 778/146/67 783/111/60
f 803/114/160 779/109/159 774/115/160
s 119
f 791/116/86 821/108/64 794/107/64
s 120
f 780/119/53 803/114/160 774/115/160
f 811/121/57 783/111/60 776/120/57
s 119
f 828/122/52 790/105/158 795/123/161
s 120
f 809/124/48 776/120/57 784/125/49
s 119
f 786/126/162 820/117/63 791/116/86
f 817/128/81 786/126/162 792/129/163
s 120
f 777/131/79 801/118/89 780/119/53
s 119
f 788/132/164 828/122/52 795/123/161
s 121
f 798/134/84 800/135/4 799/130/84
f 799/130/84 802/136/4 801/118/84
f 803/114/4 802/136/4 804/110/4
f 804/110/4 806/135/4 805/98/4
f 807/137/84 806/135/4 808/138/84
f 808/138/84 810/139/4 809/124/4
f 811/121/4 810/139/4 812/113/4
f 812/113/4 800/135/4 797/112/4
f 810/139/4 802/136/4 800/135/4
s 122
f 814/101/4 816/140/84 815/141/4
f 816/140/84 817/128/4 815/141/4
f 819/127/4 818/142/84 820/117/84
f 818/142/84 821/108/4 820/117/84
f 823/104/84 822/143/4 824/95/84
f 822/143/4 825/144/84 824/95/84
f 827/133/84 826/142/84 828/122/84
f 826/142/84 813/106/84 828/122/84
f 826/142/84 818/142/84 816/140/84
s 120
f 797/112/67 773/145/78 778/146/67
f 807/137/83 781/147/90 775/97/83
f 798/134/78 777/131/79 773/145/78
s 119
f 789/100/69 817/128/81 792/129/163
s 120
f 808/138/90 784/125/49 781/147/90
s 119
f 825/144/87 788/132/164 796/94/155
s 123
f 880/150/165 852/201/87 849/148/165
s 124
f 838/151/156 863/152/83 831/198/83
s 123
f 870/155/65 845/154/69 841/156/66
f 879/158/72 849/148/165 843/157/71
f 869/159/61 841/156/66 846/160/61
f 850/162/166 879/158/72 843/157/71
s 124
f 860/164/159 838/151/156 835/163/159
f 868/167/59 834/197/67 839/165/60
f 859/168/54 835/163/159 830/169/54
s 123
f 876/170/63 850/162/166 847/171/63
s 124
f 836/173/89 859/168/54 830/169/54
f 832/175/56 868/167/59 839/165/60
s 123
f 851/176/52 869/159/61 846/160/61
s 124
f 840/179/49 867/174/57 832/175/56
s 123
f 842/180/88 876/170/63 847/171/63
f 873/182/81 842/180/88 848/183/81
s 124
f 833/185/79 857/172/53 836/173/89
s 123
f 844/187/50 884/177/52 851/176/52
s 125
f 854/188/4 856/189/4 855/184/4
f 855/184/4 858/190/4 857/172/84
f 859/168/84 858/190/4 860/164/4
f 860/164/4 862/189/84 861/153/84
f 863/152/84 862/189/84 864/191/84
f 864/191/84 866/192/4 865/178/4
f 867/174/4 866/192/4 868/167/4
f 868/167/4 856/189/4 853/166/4
f 866/192/4 858/190/4 856/189/4
s 126
f 870/155/4 872/193/84 871/194/4
f 872/193/84 873/182/84 871/194/4
f 875/181/84 874/195/84 876/170/84
f 874/195/84 877/161/84 876/170/84
f 879/158/84 878/196/4 880/150/84
f 878/196/4 881/149/4 880/150/84
f 883/186/84 882/195/4 884/177/4
f 882/195/4 869/159/4 884/177/4
f 882/195/4 874/195/84 872/193/84
s 124
f 853/166/67 829/199/78 834/197/67
f 831/198/83 864/191/90 837/200/90
f 854/188/78 833/185/79 829/199/78
s 123
f 845/154/69 873/182/81 848/183/81
s 124
f 864/191/90 840/179/49 837/200/90
s 123
f 881/149/87 844/187/50 852/201/87
s 127
f 790/105/2 886/202/2 795/123/2
s 128
f 834/197/2 887/203/2 839/165/2
s 129
f 846/160/2 888/204/2 851/176/2
s 130
f 778/146/2 885/205/17 783/111/17
f 783/111/17 885/205/17 776/120/17
f 776/120/17 885/205/17 784/125/17
f 784/125/17 885/205/17 781/147/17
f 781/147/17 885/205/17 775/97/96
f 775/97/96 885/205/17 782/99/167
f 782/99/167 885/205/17 779/109/168
f 779/109/168 885/205/17 774/115/2
f 774/115/2 885/205/17 780/119/2
f 780/119/2 885/205/17 777/131/2
f 777/131/2 885/205/17 773/145/2
f 773/145/2 885/205/17 778/146/2
s 127
f 795/123/2 886/202/2 788/132/102
f 788/132/102 886/202/2 796/94/100
f 796/94/100 886/202/2 793/96/2
f 793/96/2 886/202/2 787/103/2
f 787/103/2 886/202/2 794/107/2
f 794/107/2 886/202/2 791/116/100
f 791/116/100 886/202/2 786/126/169
f 786/126/169 886/202/2 792/129/99
f 792/129/99 886/202/2 789/100/17
f 789/100/17 886/202/2 785/102/102
f 785/102/102 886/202/2 790/105/2
s 128
f 839/165/2 887/203/2 832/175/2
f 832/175/2 887/203/2 840/179/2
f 840/179/2 887/203/2 837/200/17
f 837/200/17 887/203/2 831/198/17
f 831/198/17 887/203/2 838/151/17
f 838/151/17 887/203/2 835/163/2
f 835/163/2 887/203/2 830/169/17
f 830/169/17 887/203/2 836/173/17
f 836/173/17 887/203/2 833/185/17
f 833/185/17 887/203/2 829/199/2
f 829/199/2 887/203/2 834/197/2
s 129
f 851/176/2 888/204/2 844/187/2
f 844/187/2 888/204/2 852/201/17
f 852/201/17 888/204/2 849/148/17
f 849/148/17 888/204/2 843/157/2
f 843/157/2 888/204/2 850/162/2
f 850/162/2 888/204/2 847/171/17
f 847/171/17 888/204/2 842/180/17
f 842/180/17 888/204/2 848/183/17
f 848/183/17 888/204/2 845/154/2
f 845/154/2 888/204/2 841/156/2
f 841/156/2 888/204/2 846/160/2
s 131
f 912/207/170 940/206/125 909/208/126
s 132
f 891/210/147 921/209/171 898/211/123
s 131
f 905/213/121 930/212/144 901/214/172
f 903/215/145 940/206/125 939/253/122
f 906/216/173 930/212/144 929/257/173
f 910/218/143 939/253/122 937/217/118
s 132
f 895/219/141 921/209/171 920/244/141
f 899/222/174 913/248/128 928/220/114
f 895/219/141 919/223/109 890/224/139
s 131
f 907/225/117 937/217/118 936/234/175
s 132
f 890/224/139 917/238/110 896/226/176
f 892/228/112 928/220/114 927/227/140
s 131
f 906/216/173 944/229/108 911/230/177
s 132
f 892/228/112 925/231/103 900/232/105
s 131
f 902/233/178 936/234/175 935/251/135
f 902/233/178 933/235/131 908/236/179
s 132
f 896/226/176 915/242/129 893/237/129
s 131
f 904/239/180 944/229/108 943/256/107
s 133
f 914/240/134 916/241/8 913/248/8
f 915/242/134 918/243/8 916/241/8
f 919/223/8 918/243/8 917/238/134
f 920/244/8 922/241/8 918/243/8
f 923/245/134 922/241/8 921/209/8
f 924/246/134 926/247/8 922/241/8
f 927/227/8 926/247/8 925/231/8
f 928/220/8 916/241/8 926/247/8
f 918/243/8 926/247/8 916/241/8
s 134
f 930/212/8 932/249/134 929/257/134
f 933/235/8 932/249/134 931/250/8
f 935/251/8 934/252/134 933/235/8
f 937/217/134 934/252/134 936/234/134
f 939/253/134 938/254/8 937/217/134
f 941/255/134 938/254/8 940/206/134
f 943/256/134 942/252/134 941/255/134
f 929/257/134 942/252/134 944/229/134
f 934/252/134 942/252/134 932/249/134
s 132
f 889/258/181 913/248/128 894/221/120
f 897/259/137 923/245/147 891/210/147
f 889/258/181 915/242/129 914/240/146
s 131
f 908/236/179 931/250/132 905/213/121
s 132
f 900/232/105 924/246/137 897/259/137
s 131
f 904/239/180 941/255/136 912/207/170
s 135
f 965/262/182 997/310/170 996/260/125
s 136
f 954/263/171 979/264/147 977/299/171
s 135
f 961/267/132 986/266/144 957/268/144
f 959/270/122 996/260/125 995/269/145
f 957/268/144 985/271/173 962/272/173
f 959/270/122 993/308/116 966/273/116
s 136
f 951/275/141 977/299/171 976/274/141
f 955/278/114 969/303/120 984/276/114
f 951/275/141 975/279/109 946/280/109
s 135
f 966/273/116 992/281/175 963/282/175
s 136
f 946/280/109 973/292/110 952/283/110
f 955/278/114 983/287/140 948/284/112
s 135
f 967/285/108 985/271/173 1000/294/108
s 136
f 948/284/112 981/302/105 956/286/103
s 135
f 958/288/135 992/281/175 991/306/135
f 958/288/135 989/289/131 964/290/131
s 136
f 952/283/110 971/297/129 949/291/183
s 135
f 967/285/108 999/311/184 960/293/107
s 137
f 970/295/8 972/296/8 969/303/8
f 971/297/8 974/298/8 972/296/8
f 975/279/134 974/298/8 973/292/134
f 976/274/8 978/296/134 974/298/8
f 979/264/134 978/296/134 977/299/134
f 980/300/134 982/301/8 978/296/134
f 983/287/8 982/301/8 981/302/8
f 984/276/8 972/296/8 982/301/8
f 974/298/8 982/301/8 972/296/8
s 138
f 986/266/8 988/304/134 985/271/134
f 989/289/134 988/304/134 987/305/8
f 991/306/134 990/307/134 989/289/134
f 993/308/134 990/307/134 992/281/134
f 995/269/134 994/309/8 993/308/134
f 997/310/8 994/309/8 996/260/8
f 999/311/134 998/307/8 997/310/8
f 985/271/134 998/307/8 1000/294/8
f 990/307/134 998/307/8 988/304/134
s 136
f 950/277/120 970/295/146 969/303/120
f 947/265/147 980/300/137 979/264/147
f 945/312/146 971/297/129 970/295/146
s 135
f 961/267/132 989/289/131 987/305/185
s 136
f 956/286/103 980/300/137 953/313/137
s 135
f 968/261/136 999/311/184 997/310/170
s 139
f 906/216/7 911/230/7 1002/314/7
s 140
f 950/277/7 955/278/7 1003/315/7
s 141
f 962/272/7 967/285/7 1004/316/7
s 142
f 894/221/7 899/222/28 1001/317/28
f 899/222/28 892/228/28 1001/317/28
f 892/228/28 900/232/28 1001/317/28
f 900/232/28 897/259/28 1001/317/28
f 897/259/28 891/210/148 1001/317/28
f 891/210/148 898/211/186 1001/317/28
f 898/211/186 895/219/187 1001/317/28
f 895/219/187 890/224/7 1001/317/28
f 890/224/7 896/226/7 1001/317/28
f 896/226/7 893/237/7 1001/317/28
f 893/237/7 889/258/7 1001/317/28
f 889/258/7 894/221/7 1001/317/28
s 139
f 911/230/7 904/239/154 1002/314/7
f 904/239/154 912/207/152 1002/314/7
f 912/207/152 909/208/7 1002/314/7
f 909/208/7 903/215/7 1002/314/7
f 903/215/7 910/218/7 1002/314/7
f 910/218/7 907/225/152 1002/314/7
f 907/225/152 902/233/188 1002/314/7
f 902/233/188 908/236/151 1002/314/7
f 908/236/151 905/213/28 1002/314/7
f 905/213/28 901/214/154 1002/314/7
f 901/214/154 906/216/7 1002/314/7
s 140
f 955/278/7 948/284/7 1003/315/7
f 948/284/7 956/286/7 1003/315/7
f 956/286/7 953/313/28 1003/315/7
f 953/313/28 947/265/28 1003/315/7
f 947/265/28 954/263/28 1003/315/7
f 954/263/28 951/275/7 1003/315/7
f 951/275/7 946/280/28 1003/315/7
f 946/280/28 952/283/28 1003/315/7
f 952/283/28 949/291/28 1003/315/7
f 949/291/28 945/312/7 1003/315/7
f 945/312/7 950/277/7 1003/315/7
s 141
f 967/285/7 960/293/7 1004/316/7
f 960/293/7 968/261/28 1004/316/7
f 968/261/28 965/262/28 1004/316/7
f 965/262/28 959/270/7 1004/316/7
f 959/270/7 966/273/7 1004/316/7
f 966/273/7 963/282/28 1004/316/7
f 963/282/28 958/288/28 1004/316/7
f 958/288/28 964/290/28 1004/316/7
f 964/290/28 961/267/7 1004/316/7
f 961/267/7 957/268/7 1004/316/7
f 957/268/7 962/272/7 1004/316/7
s 143
f 1017/318/16 1009/319/16 1011/318/16
s 144
f 1008/320/5 1016/321/5 1014/320/5
s 145
f 1007/322/10 1015/323/10 1005/323/10
s 146
f 1016/321/3 1013/322/3 1014/320/3
s 147
f 1018/324/18 1010/325/18 1020/325/18
s 148
f 1018/324/3 1019/319/3 1017/318/3
s 149
f 1016/321/4 1005/323/4 1015/323/4
s 150
f 1010/325/4 1019/319/4 1020/325/4
s 151
f 1006/321/1 1007/322/1 1005/323/1
s 152
f 1008/320/2 1013/322/2 1007/322/2
s 153
f 1018/324/2 1011/318/2 1012/324/2
s 154
f 1025/326/8 1036/327/8 1035/326/8
s 155
f 1032/328/9 1024/329/9 1030/329/9
s 156
f 1021/330/20 1029/331/20 1023/331/20
s 157
f 1029/331/3 1032/328/3 1030/329/3
s 158
f 1036/327/29 1028/332/29 1034/332/29
s 159
f 1025/326/27 1033/333/27 1027/333/27
s 160
f 1034/332/3 1035/326/3 1036/327/3
s 161
f 1032/328/8 1021/330/8 1022/328/8
s 162
f 1022/328/1 1023/331/1 1024/329/1
s 163
f 1029/331/7 1024/329/7 1023/331/7
s 164
f 1033/333/7 1028/332/7 1027/333/7
s 165
f 1009/319/1 1012/324/1 1011/318/1
s 166
f 1025/326/1 1028/332/1 1026/327/1
s 1
f 1/1/1 2/4/1 6/2/1
s 2
f 2/4/2 4/4/2 7/2/2
s 3
f 3/1/3 8/3/3 7/2/3
s 4
f 3/1/4 1/1/4 5/3/4
s 5
f 2/4/5 1/1/5 3/1/5
s 6
f 7/2/6 8/3/6 5/3/6
s 7
f 14/5/1 10/8/1 9/6/1
s 8
f 15/5/7 12/8/7 10/8/7
s 9
f 11/6/3 12/8/3 15/5/3
s 10
f 13/7/8 9/6/8 11/6/8
s 11
f 11/6/9 9/6/9 10/8/9
s 12
f 13/7/6 16/7/6 15/5/6
s 13
f 22/9/4 18/9/4 17/10/4
s 14
f 23/11/10 21/10/10 17/10/10
s 15
f 20/12/5 18/9/5 22/9/5
s 16
f 18/9/1 20/12/1 19/11/1
s 17
f 20/12/2 24/12/2 23/11/2
s 18
f 35/13/1 39/19/11 57/14/11
s 19
f 25/16/1 30/24/19 46/17/11
s 18
f 33/13/3 51/15/3 50/14/12
f 38/20/13 35/13/1 56/15/1
s 19
f 29/22/13 25/16/1 45/18/1
f 32/22/14 41/23/14 49/18/3
f 28/16/3 49/18/3 48/17/12
s 18
f 38/20/13 55/21/13 54/25/16
s 20
f 42/27/17 43/23/17 44/18/17
f 45/18/17 46/17/2 44/18/17
f 47/28/2 48/17/17 44/18/17
f 49/18/2 41/23/17 44/18/17
s 21
f 51/15/17 52/21/17 53/15/17
f 54/25/2 55/21/17 53/15/17
f 56/15/17 57/14/2 53/15/17
f 58/29/2 50/14/17 53/15/17
s 18
f 33/13/3 37/20/14 52/21/14
s 19
f 27/30/18 47/28/18 46/17/11
s 18
f 39/19/11 36/31/18 58/29/18
s 19
f 32/22/14 26/32/16 42/27/16
f 27/30/18 31/24/15 48/17/12
s 18
f 40/19/12 50/14/12 58/29/18
s 19
f 29/22/13 43/23/13 42/27/16
s 18
f 34/26/16 54/25/16 52/21/14
s 22
f 23/11/3 24/12/3 22/9/3
s 23
f 59/33/8 60/34/8 64/34/8
s 24
f 59/33/20 63/33/20 65/35/20
s 25
f 64/34/9 60/34/9 62/36/9
s 26
f 61/35/1 62/36/1 60/34/1
s 27
f 65/35/7 66/36/7 62/36/7
s 28
f 77/37/1 98/44/1 99/38/21
s 29
f 67/40/1 87/46/1 88/41/21
s 28
f 92/38/23 93/44/3 75/37/3
f 80/43/24 97/48/24 98/44/1
s 29
f 71/45/24 85/50/24 87/46/1
f 91/46/3 83/50/25 74/45/25
f 90/41/23 91/46/3 70/40/3
s 28
f 76/47/27 96/52/27 97/48/24
s 30
f 84/49/28 83/50/28 86/46/28
f 87/46/28 85/50/28 86/46/28
f 89/51/7 88/41/7 86/46/28
f 91/46/7 90/41/28 86/46/28
s 31
f 93/44/28 92/38/28 95/44/28
f 96/52/7 94/48/28 95/44/28
f 98/44/28 97/48/28 95/44/28
f 100/53/7 99/38/7 95/44/28
s 28
f 75/37/3 93/44/3 94/48/25
s 29
f 88/41/21 89/51/29 69/54/29
s 28
f 81/39/21 99/38/21 100/53/29
s 29
f 83/50/25 84/49/27 68/56/27
f 69/54/29 89/51/29 90/41/23
s 28
f 100/53/29 92/38/23 82/39/23
s 29
f 68/56/27 84/49/27 85/50/24
s 28
f 94/48/25 96/52/27 76/47/27
s 32
f 65/35/3 63/33/3 64/34/3
s 33
f 125/57/30 126/57/30 199/58/31
f 129/59/32 130/59/32 126/57/30
s 34
f 131/59/32 132/59/32 128/57/30
s 33
f 133/60/33 134/60/33 130/59/32
s 34
f 135/60/33 136/60/33 132/59/32
s 33
f 137/61/34 138/61/34 134/60/33
s 34
f 139/61/34 140/61/34 136/60/33
s 33
f 143/62/35 144/62/35 138/61/34
s 34
f 147/62/35 148/62/35 140/61/34
s 33
f 142/63/36 141/63/36 144/62/35
s 35
f 121/64/37 265/64/37 263/65/6
s 34
f 146/63/36 145/63/36 148/62/35
s 36
f 195/66/3 148/62/3 145/63/3
s 37
f 104/68/30 247/68/30 250/69/32
s 38
f 154/70/1 220/75/1 142/63/1
s 39
f 169/71/38 203/76/44 199/58/3
s 36
f 187/73/3 136/60/3 140/61/3
f 155/70/3 150/67/3 145/63/3
s 38
f 170/71/1 174/72/1 200/58/1
s 40
f 188/73/1 192/74/1 139/61/1
s 39
f 165/77/3 161/82/3 211/78/3
s 36
f 179/80/3 128/57/3 132/59/3
s 40
f 196/66/1 149/67/1 146/63/1
f 156/70/1 218/75/1 146/63/1
s 38
f 166/77/1 208/79/1 212/78/1
s 33
f 142/63/36 220/75/39 219/75/39
s 34
f 218/75/39 217/75/39 145/63/36
s 33
f 216/83/40 215/83/40 219/75/39
s 34
f 214/83/40 213/83/40 217/75/39
s 33
f 212/78/6 211/78/6 215/83/40
s 34
f 210/78/6 209/78/6 213/83/40
s 33
f 208/79/37 207/79/37 211/78/6
s 34
f 206/79/37 205/79/37 209/78/6
s 33
f 204/76/41 203/76/41 207/79/37
s 34
f 202/76/41 201/76/41 205/79/37
s 33
f 200/58/31 199/58/31 203/76/41
s 34
f 198/58/31 197/58/31 201/76/41
f 127/57/30 128/57/30 197/58/31
s 40
f 180/80/1 184/81/1 131/59/1
s 39
f 153/70/42 219/75/43 215/83/3
s 36
f 171/71/3 201/76/3 197/58/3
s 39
f 193/66/42 189/74/3 138/61/3
s 38
f 154/70/1 158/84/1 216/83/1
s 40
f 172/71/1 176/72/1 198/58/1
s 38
f 194/66/1 143/62/1 137/61/1
s 36
f 167/77/3 163/82/3 209/78/3
s 39
f 185/73/3 181/81/3 130/59/3
s 40
f 168/77/1 206/79/1 210/78/1
s 38
f 186/73/1 133/60/1 129/59/1
s 36
f 155/70/3 217/75/3 213/83/3
s 39
f 177/80/38 173/72/3 199/58/3
s 36
f 195/66/3 191/74/3 140/61/3
s 40
f 156/70/1 160/84/1 214/83/1
s 38
f 178/80/1 125/57/1 200/58/1
s 40
f 196/66/1 147/62/1 139/61/1
s 39
f 169/71/38 165/77/3 207/79/3
s 36
f 187/73/3 183/81/3 132/59/3
s 38
f 170/71/1 204/76/1 208/79/1
s 40
f 188/73/1 135/60/1 131/59/1
s 39
f 157/84/3 215/83/3 211/78/3
s 36
f 179/80/3 175/72/3 197/58/3
s 39
f 193/66/42 144/62/43 141/63/3
s 41
f 150/67/36 155/70/39 222/70/39
f 195/66/35 150/67/36 221/67/36
s 42
f 152/67/36 153/70/39 156/70/39
f 193/66/35 152/67/36 149/67/36
s 43
f 194/66/35 244/66/35 224/67/36
f 224/67/36 223/70/39 154/70/39
f 223/70/39 226/84/40 158/84/40
s 42
f 153/70/39 157/84/40 160/84/40
s 41
f 155/70/39 159/84/40 225/84/40
s 43
f 226/84/40 228/82/6 162/82/6
s 42
f 157/84/40 161/82/6 164/82/6
s 41
f 159/84/40 163/82/6 227/82/6
s 43
f 228/82/6 230/77/37 166/77/37
s 42
f 161/82/6 165/77/37 168/77/37
s 41
f 163/82/6 167/77/37 229/77/37
s 43
f 230/77/37 232/71/41 170/71/41
s 42
f 165/77/37 169/71/41 172/71/41
s 41
f 167/77/37 171/71/41 231/71/41
s 43
f 232/71/41 234/72/31 174/72/31
s 42
f 169/71/41 173/72/31 176/72/31
s 41
f 171/71/41 175/72/31 233/72/31
s 43
f 234/72/31 236/80/30 178/80/30
s 42
f 173/72/31 177/80/30 180/80/30
s 41
f 175/72/31 179/80/30 235/80/30
s 43
f 236/80/30 238/81/32 182/81/32
s 42
f 177/80/30 181/81/32 184/81/32
s 41
f 179/80/30 183/81/32 237/81/32
s 43
f 238/81/32 240/73/33 186/73/33
s 42
f 181/81/32 185/73/33 188/73/33
s 41
f 183/81/32 187/73/33 239/73/33
s 43
f 240/73/33 242/74/34 190/74/34
s 42
f 185/73/33 189/74/34 192/74/34
s 41
f 187/73/33 191/74/34 241/74/34
s 43
f 242/74/34 244/66/35 194/66/35
s 42
f 189/74/34 193/66/35 196/66/35
s 41
f 191/74/34 195/66/35 243/66/35
s 38
f 178/80/1 182/81/1 129/59/1
s 40
f 160/84/1 164/82/1 210/78/1
s 39
f 153/70/42 152/67/3 141/63/3
f 177/80/38 126/57/44 130/59/3
s 36
f 159/84/3 213/83/3 209/78/3
s 38
f 186/73/1 190/74/1 137/61/1
s 40
f 172/71/1 202/76/1 206/79/1
s 38
f 194/66/1 151/67/1 142/63/1
s 39
f 185/73/3 134/60/3 138/61/3
s 36
f 171/71/3 167/77/3 205/79/3
s 40
f 180/80/1 127/57/1 198/58/1
s 38
f 158/84/1 162/82/1 212/78/1
s 44
f 101/85/1 221/67/1 222/70/1
s 45
f 102/85/3 104/68/3 223/70/3
s 44
f 103/68/1 222/70/1 225/84/1
s 45
f 104/68/3 106/69/3 226/84/3
s 44
f 105/69/1 225/84/1 227/82/1
s 45
f 106/69/3 108/86/3 228/82/3
s 44
f 109/87/1 107/86/1 227/82/1
s 45
f 110/87/3 230/77/3 228/82/3
s 44
f 111/88/1 109/87/1 229/77/1
s 45
f 112/88/3 232/71/3 230/77/3
s 44
f 113/89/1 111/88/1 231/71/1
s 45
f 114/89/3 234/72/3 232/71/3
s 44
f 113/89/1 233/72/1 235/80/1
s 45
f 114/89/3 116/90/3 236/80/3
s 44
f 115/90/1 235/80/1 237/81/1
s 45
f 116/90/3 118/91/3 238/81/3
s 44
f 117/91/1 237/81/1 239/73/1
s 45
f 118/91/3 120/65/3 240/73/3
s 44
f 121/64/1 119/65/1 239/73/1
s 45
f 122/64/3 242/74/3 240/73/3
s 44
f 123/92/1 121/64/1 241/74/1
s 45
f 124/92/3 244/66/3 242/74/3
s 44
f 101/85/1 123/92/1 243/66/1
s 45
f 102/85/3 224/67/3 244/66/3
s 37
f 112/88/35 256/88/35 258/89/36
s 35
f 107/86/33 251/86/33 249/69/32
s 37
f 120/65/6 264/65/6 266/64/37
s 35
f 115/90/39 259/90/39 257/89/36
s 37
f 106/69/32 250/69/32 252/86/33
s 35
f 123/92/41 267/92/41 265/64/37
s 37
f 114/89/36 258/89/36 260/90/39
s 35
f 109/87/34 253/87/34 251/86/33
s 37
f 122/64/37 266/64/37 268/92/41
s 35
f 117/91/40 261/91/40 259/90/39
s 37
f 108/86/33 252/86/33 254/87/34
s 35
f 101/85/31 245/85/31 267/92/41
f 103/68/30 246/68/30 245/85/31
s 37
f 116/90/39 260/90/39 262/91/40
s 35
f 111/88/35 255/88/35 253/87/34
s 37
f 124/92/41 268/92/41 248/85/31
f 102/85/31 248/85/31 247/68/30
s 35
f 119/65/6 263/65/6 261/91/40
s 37
f 110/87/34 254/87/34 256/88/35
s 35
f 105/69/32 249/69/32 246/68/30
s 37
f 118/91/40 262/91/40 264/65/6
s 35
f 113/89/36 257/89/36 255/88/35
s 48
f 294/94/47 323/144/90 322/95/48
s 49
f 273/97/50 305/137/50 303/98/51
s 48
f 287/100/53 313/141/89 312/101/54
f 285/103/56 291/96/49 322/95/48
f 288/105/58 283/102/55 312/101/54
f 292/107/59 285/103/56 321/104/57
s 49
f 277/109/61 280/99/52 303/98/51
f 281/111/62 276/146/86 295/112/63
f 277/109/61 302/110/61 301/114/65
s 48
f 289/116/67 292/107/59 319/108/60
s 49
f 272/115/66 301/114/65 299/118/69
f 274/120/71 281/111/62 310/113/64
s 48
f 288/105/58 311/106/58 326/122/73
s 49
f 274/120/71 309/121/72 307/124/75
s 48
f 284/126/77 289/116/67 318/117/68
f 284/126/77 317/127/78 315/128/79
s 49
f 278/119/70 299/118/69 297/130/81
s 48
f 286/132/82 293/123/74 326/122/73
s 50
f 296/134/84 297/130/84 298/135/4
f 297/130/84 299/118/84 300/136/4
f 301/114/4 302/110/4 300/136/4
f 302/110/4 303/98/4 304/135/4
f 305/137/84 306/138/84 304/135/4
f 306/138/84 307/124/4 308/139/4
f 309/121/4 310/113/4 308/139/4
f 310/113/4 295/112/4 298/135/4
f 300/136/4 304/135/4 308/139/4
s 51
f 312/101/4 313/141/4 314/140/84
f 315/128/4 316/142/84 314/140/84
f 317/127/4 318/117/84 316/142/84
f 319/108/84 320/143/4 316/142/84
f 321/104/84 322/95/84 320/143/4
f 323/144/84 324/142/84 320/143/4
f 325/133/84 326/122/84 324/142/84
f 311/106/84 314/140/84 324/142/84
f 316/142/84 320/143/4 324/142/84
s 49
f 271/145/85 296/134/88 295/112/63
f 279/147/87 306/138/87 305/137/50
f 271/145/85 275/131/81 297/130/81
s 48
f 290/129/80 315/128/79 313/141/89
s 49
f 282/125/76 307/124/75 306/138/87
s 48
f 286/132/82 325/133/83 323/144/90
s 52
f 347/148/91 350/201/90 379/149/47
s 53
f 336/151/51 329/198/50 361/152/50
s 52
f 343/154/89 369/194/95 368/155/54
f 341/157/57 347/148/91 378/150/48
f 339/156/54 368/155/54 367/159/58
f 341/157/57 377/158/56 375/161/92
s 53
f 333/163/61 336/151/51 359/153/51
f 337/165/64 332/197/86 351/166/86
f 333/163/61 358/164/61 357/168/65
s 52
f 348/162/92 375/161/92 374/170/68
s 53
f 328/169/65 357/168/65 355/172/69
f 337/165/64 366/167/64 365/174/72
s 52
f 349/176/73 344/160/58 367/159/58
s 53
f 330/175/71 365/174/72 363/178/76
s 52
f 340/180/78 345/171/68 374/170/68
f 340/180/78 373/181/78 371/182/79
s 53
f 334/173/69 355/172/69 353/184/81
s 52
f 349/176/73 382/177/73 381/186/94
s 54
f 352/188/4 353/184/4 354/189/4
f 353/184/4 355/172/84 356/190/4
f 357/168/84 358/164/4 356/190/4
f 358/164/4 359/153/84 360/189/84
f 361/152/84 362/191/84 360/189/84
f 362/191/84 363/178/4 364/192/4
f 365/174/4 366/167/4 364/192/4
f 366/167/4 351/166/4 354/189/4
f 356/190/4 360/189/84 364/192/4
s 55
f 368/155/4 369/194/4 370/193/84
f 371/182/84 372/195/84 370/193/84
f 373/181/84 374/170/84 372/195/84
f 375/161/84 376/196/4 372/195/84
f 377/158/84 378/150/4 376/196/4
f 379/149/4 380/195/4 376/196/4
f 381/186/84 382/177/4 380/195/4
f 367/159/84 370/193/84 380/195/4
f 372/195/84 376/196/4 380/195/4
s 53
f 332/197/86 327/199/88 352/188/88
f 329/198/50 335/200/87 362/191/87
f 327/199/88 331/185/93 353/184/81
s 52
f 343/154/89 346/183/79 371/182/79
s 53
f 338/179/75 363/178/76 362/191/87
s 52
f 350/201/90 342/187/83 381/186/94
s 60
f 438/206/103 439/255/137 410/207/104
s 61
f 419/209/106 421/245/107 389/210/107
s 60
f 428/212/109 429/250/176 403/213/110
f 401/215/112 437/253/140 438/206/103
f 404/216/113 427/257/113 428/212/109
f 435/217/114 437/253/140 401/215/112
s 61
f 393/219/115 418/244/115 419/209/106
f 426/220/116 411/248/117 392/221/117
f 417/223/119 418/244/115 393/219/115
s 60
f 405/225/120 434/234/128 435/217/114
s 61
f 394/226/121 415/238/132 417/223/119
f 425/227/122 426/220/116 397/222/118
s 60
f 442/229/123 427/257/113 404/216/113
s 61
f 423/231/125 425/227/122 390/228/122
s 60
f 400/233/127 433/251/146 434/234/128
f 431/235/129 433/251/146 400/233/127
s 61
f 391/237/131 413/242/131 415/238/132
s 60
f 402/239/133 441/256/147 442/229/123
s 62
f 412/240/134 411/248/8 414/241/8
f 413/242/134 414/241/8 416/243/8
f 417/223/8 415/238/134 416/243/8
f 418/244/8 416/243/8 420/241/8
f 421/245/134 419/209/8 420/241/8
f 422/246/134 420/241/8 424/247/8
f 425/227/8 423/231/8 424/247/8
f 426/220/8 424/247/8 414/241/8
f 424/247/8 420/241/8 416/243/8
s 63
f 428/212/8 427/257/134 430/249/134
f 430/249/134 432/252/134 431/235/8
f 433/251/8 431/235/8 432/252/134
f 432/252/134 436/254/8 435/217/8
f 437/253/134 435/217/8 436/254/8
f 436/254/8 440/252/134 439/255/134
f 441/256/134 439/255/134 440/252/134
f 440/252/134 430/249/134 427/257/134
f 440/252/134 436/254/8 432/252/134
s 61
f 411/248/117 412/240/135 387/258/135
f 421/245/107 422/246/136 395/259/136
f 412/240/135 413/242/131 391/237/131
s 60
f 403/213/110 429/250/176 431/235/129
s 61
f 422/246/136 423/231/125 398/232/126
s 60
f 439/255/137 441/256/147 402/239/133
s 64
f 494/260/138 495/310/137 466/261/137
s 65
f 452/263/106 475/299/106 477/264/107
s 64
f 484/266/109 485/305/176 459/267/110
f 493/269/140 494/260/138 463/262/138
f 483/271/141 484/266/109 455/268/139
f 464/273/142 491/308/142 493/269/140
s 65
f 474/274/115 475/299/106 452/263/106
f 482/276/143 467/303/117 448/277/117
f 473/279/144 474/274/115 449/275/115
s 64
f 490/281/128 491/308/142 464/273/142
s 65
f 450/283/132 471/292/121 473/279/144
f 446/284/145 481/287/122 482/276/143
s 64
f 465/285/123 498/294/123 483/271/141
s 65
f 454/286/126 479/302/125 481/287/122
s 64
f 456/288/146 489/306/146 490/281/128
f 487/289/129 489/306/146 456/288/146
s 65
f 447/291/131 469/297/131 471/292/121
s 64
f 458/293/147 497/311/147 498/294/123
s 66
f 468/295/8 467/303/8 470/296/8
f 469/297/8 470/296/8 472/298/8
f 473/279/134 471/292/134 472/298/8
f 474/274/8 472/298/8 476/296/134
f 477/264/134 475/299/134 476/296/134
f 478/300/134 476/296/134 480/301/8
f 481/287/8 479/302/8 480/301/8
f 482/276/8 480/301/8 470/296/8
f 480/301/8 476/296/134 472/298/8
s 67
f 484/266/8 483/271/8 486/304/134
f 486/304/134 488/307/134 487/289/134
f 489/306/134 487/289/134 488/307/134
f 488/307/134 492/309/8 491/308/134
f 493/269/134 491/308/134 492/309/8
f 492/309/8 496/307/8 495/310/8
f 497/311/134 495/310/8 496/307/8
f 496/307/8 486/304/134 483/271/8
f 496/307/8 492/309/8 488/307/134
s 65
f 467/303/117 468/295/135 443/312/135
f 445/265/107 477/264/107 478/300/136
f 468/295/135 469/297/131 447/291/131
s 64
f 459/267/110 485/305/176 487/289/129
s 65
f 478/300/136 479/302/125 454/286/126
s 64
f 495/310/137 497/311/147 458/293/147
s 72
f 508/2/3 504/4/3 503/1/3
s 73
f 509/2/2 506/4/2 504/4/2
s 74
f 505/1/1 506/4/1 509/2/1
s 75
f 507/3/4 503/1/4 505/1/4
s 76
f 505/1/5 503/1/5 504/4/5
s 77
f 507/3/6 510/3/6 509/2/6
s 78
f 511/6/3 512/8/3 516/5/3
s 79
f 512/8/7 514/8/7 517/5/7
s 80
f 513/6/1 518/7/1 517/5/1
s 81
f 513/6/8 511/6/8 515/7/8
s 82
f 512/8/9 511/6/9 513/6/9
s 83
f 517/5/6 518/7/6 515/7/6
s 84
f 519/10/4 520/9/4 524/9/4
s 85
f 519/10/10 523/10/10 525/11/10
s 86
f 524/9/5 520/9/5 522/12/5
s 87
f 521/11/3 522/12/3 520/9/3
s 88
f 525/11/2 526/12/2 522/12/2
s 89
f 537/13/3 558/15/3 559/14/12
s 90
f 527/16/3 547/18/3 548/17/12
s 89
f 552/14/11 553/15/1 535/13/1
f 540/20/14 557/21/14 558/15/3
s 90
f 531/22/14 545/23/14 547/18/3
f 551/18/1 543/23/13 534/22/13
f 550/17/11 551/18/1 530/16/1
s 89
f 536/26/16 556/25/16 557/21/14
s 91
f 544/27/17 543/23/17 546/18/17
f 547/18/17 545/23/17 546/18/17
f 549/28/2 548/17/2 546/18/17
f 551/18/2 550/17/17 546/18/17
s 92
f 553/15/17 552/14/17 555/15/17
f 556/25/2 554/21/17 555/15/17
f 558/15/17 557/21/17 555/15/17
f 560/29/2 559/14/2 555/15/17
s 89
f 535/13/1 553/15/1 554/21/13
s 90
f 548/17/12 549/28/18 529/30/18
s 89
f 541/19/12 559/14/12 560/29/18
s 90
f 543/23/13 544/27/16 528/32/16
f 529/30/18 549/28/18 550/17/11
s 89
f 560/29/18 552/14/11 542/19/11
s 90
f 528/32/16 544/27/16 545/23/14
s 89
f 554/21/13 556/25/16 536/26/16
s 93
f 525/11/1 523/10/1 524/9/1
s 94
f 566/34/8 562/34/8 561/33/8
s 95
f 567/35/20 565/33/20 561/33/20
s 96
f 564/36/9 562/34/9 566/34/9
s 97
f 562/34/3 564/36/3 563/35/3
s 98
f 564/36/7 568/36/7 567/35/7
s 99
f 579/37/3 583/39/23 601/38/23
s 100
f 569/40/3 574/42/26 590/41/23
s 99
f 577/37/1 595/44/1 594/38/21
f 582/43/25 579/37/3 600/44/3
s 100
f 573/45/25 569/40/3 589/46/3
f 576/45/24 585/50/24 593/46/1
f 572/40/1 593/46/1 592/41/21
s 99
f 582/43/25 599/48/25 598/52/27
s 101
f 586/49/28 587/50/28 588/46/28
f 589/46/28 590/41/7 588/46/28
f 591/51/7 592/41/28 588/46/28
f 593/46/7 585/50/28 588/46/28
s 102
f 595/44/28 596/48/28 597/44/28
f 598/52/7 599/48/28 597/44/28
f 600/44/28 601/38/7 597/44/28
f 602/53/7 594/38/28 597/44/28
s 99
f 577/37/1 581/43/24 596/48/24
s 100
f 571/54/29 591/51/29 590/41/23
s 99
f 583/39/23 580/55/29 602/53/29
s 100
f 576/45/24 570/56/27 586/49/27
f 571/54/29 575/42/22 592/41/21
s 99
f 584/39/21 594/38/21 602/53/29
s 100
f 573/45/25 587/50/25 586/49/27
s 99
f 578/47/27 598/52/27 596/48/24
s 103
f 567/35/1 568/36/1 566/34/1
s 104
f 701/58/31 628/57/30 627/57/30
f 628/57/30 632/59/32 631/59/32
s 105
f 630/57/30 634/59/32 633/59/32
s 104
f 632/59/32 636/60/33 635/60/33
s 105
f 634/59/32 638/60/33 637/60/33
s 104
f 636/60/33 640/61/34 639/61/34
s 105
f 638/60/33 642/61/34 641/61/34
s 104
f 640/61/34 646/62/35 645/62/35
s 105
f 642/61/34 650/62/35 649/62/35
s 104
f 646/62/35 643/63/36 644/63/36
s 106
f 765/65/6 767/64/37 623/64/37
s 105
f 650/62/35 647/63/36 648/63/36
s 107
f 647/63/1 650/62/1 697/66/1
s 108
f 752/69/32 749/68/30 606/68/30
s 109
f 644/63/3 722/75/3 656/70/3
s 110
f 701/58/1 705/76/46 671/71/46
s 107
f 642/61/1 638/60/1 689/73/1
f 657/70/1 719/75/1 647/63/1
s 109
f 672/71/3 706/76/3 702/58/3
s 111
f 690/73/3 637/60/3 641/61/3
s 110
f 667/77/1 709/79/1 713/78/1
s 107
f 634/59/46 630/57/1 681/80/1
s 111
f 698/66/3 649/62/3 648/63/3
f 648/63/3 720/75/3 658/70/3
s 109
f 714/78/3 710/79/3 668/77/3
s 104
f 644/63/36 643/63/36 721/75/39
s 105
f 647/63/36 719/75/39 720/75/39
s 104
f 721/75/39 717/83/40 718/83/40
s 105
f 719/75/39 715/83/40 716/83/40
s 104
f 717/83/40 713/78/6 714/78/6
s 105
f 715/83/40 711/78/6 712/78/6
s 104
f 713/78/6 709/79/37 710/79/37
s 105
f 711/78/6 707/79/37 708/79/37
s 104
f 709/79/37 705/76/41 706/76/41
s 105
f 707/79/37 703/76/41 704/76/41
s 104
f 705/76/41 701/58/31 702/58/31
s 105
f 703/76/41 699/58/31 700/58/31
f 699/58/31 630/57/30 629/57/30
s 111
f 682/80/3 629/57/3 633/59/3
s 110
f 717/83/45 721/75/189 655/70/45
s 107
f 699/58/1 703/76/1 673/71/1
s 110
f 695/66/45 646/62/45 640/61/1
s 109
f 656/70/3 722/75/3 718/83/3
s 111
f 674/71/3 704/76/3 700/58/3
s 109
f 639/61/3 645/62/3 696/66/3
s 107
f 669/77/1 707/79/1 711/78/1
s 110
f 687/73/1 636/60/1 632/59/46
s 111
f 712/78/3 708/79/3 670/77/3
s 109
f 631/59/3 635/60/3 688/73/3
s 107
f 715/83/45 719/75/1 657/70/1
s 110
f 679/80/46 628/57/190 701/58/1
s 107
f 697/66/1 650/62/1 642/61/1
s 111
f 658/70/3 720/75/3 716/83/3
s 109
f 702/58/3 627/57/3 680/80/3
s 111
f 641/61/3 649/62/3 698/66/3
s 110
f 671/71/46 705/76/46 709/79/1
s 107
f 689/73/1 638/60/1 634/59/46
s 109
f 710/79/3 706/76/3 672/71/3
s 111
f 633/59/3 637/60/3 690/73/3
s 110
f 713/78/1 717/83/45 659/84/45
s 107
f 681/80/1 630/57/1 699/58/1
s 110
f 643/63/1 646/62/45 695/66/45
s 112
f 724/70/39 657/70/39 652/67/36
f 723/67/36 652/67/36 697/66/35
s 113
f 658/70/39 655/70/39 654/67/36
f 651/67/36 654/67/36 695/66/35
s 114
f 696/66/35 653/67/36 726/67/36
f 656/70/39 725/70/39 726/67/36
f 660/84/40 728/84/40 725/70/39
s 113
f 662/84/40 659/84/40 655/70/39
s 112
f 727/84/40 661/84/40 657/70/39
s 114
f 664/82/6 730/82/6 728/84/40
s 113
f 666/82/6 663/82/6 659/84/40
s 112
f 729/82/6 665/82/6 661/84/40
s 114
f 668/77/37 732/77/37 730/82/6
s 113
f 670/77/37 667/77/37 663/82/6
s 112
f 731/77/37 669/77/37 665/82/6
s 114
f 672/71/41 734/71/41 732/77/37
s 113
f 674/71/41 671/71/41 667/77/37
s 112
f 733/71/41 673/71/41 669/77/37
s 114
f 676/72/31 736/72/31 734/71/41
s 113
f 678/72/31 675/72/31 671/71/41
s 112
f 735/72/31 677/72/31 673/71/41
s 114
f 680/80/30 738/80/30 736/72/31
s 113
f 682/80/30 679/80/30 675/72/31
s 112
f 737/80/30 681/80/30 677/72/31
s 114
f 684/81/32 740/81/32 738/80/30
s 113
f 686/81/32 683/81/32 679/80/30
s 112
f 739/81/32 685/81/32 681/80/30
s 114
f 688/73/33 742/73/33 740/81/32
s 113
f 690/73/33 687/73/33 683/81/32
s 112
f 741/73/33 689/73/33 685/81/32
s 114
f 692/74/34 744/74/34 742/73/33
s 113
f 694/74/34 691/74/34 687/73/33
s 112
f 743/74/34 693/74/34 689/73/33
s 114
f 696/66/35 746/66/35 744/74/34
s 113
f 698/66/35 695/66/35 691/74/34
s 112
f 745/66/35 697/66/35 693/74/34
s 109
f 680/80/3 627/57/3 631/59/3
s 111
f 662/84/3 716/83/3 712/78/3
s 110
f 655/70/45 721/75/189 643/63/1
f 632/59/46 628/57/190 679/80/46
s 107
f 711/78/1 715/83/45 661/84/45
s 109
f 688/73/3 635/60/3 639/61/3
s 111
f 708/79/3 704/76/3 674/71/3
s 109
f 696/66/3 645/62/3 644/63/3
s 110
f 640/61/1 636/60/1 687/73/1
s 107
f 673/71/1 703/76/1 707/79/1
s 111
f 700/58/3 629/57/3 682/80/3
s 109
f 660/84/3 718/83/3 714/78/3
s 115
f 724/70/3 723/67/3 603/85/3
s 116
f 604/85/1 726/67/1 725/70/1
s 115
f 727/84/3 724/70/3 605/68/3
s 116
f 606/68/1 725/70/1 728/84/1
s 115
f 729/82/3 727/84/3 607/69/3
s 116
f 608/69/1 728/84/1 730/82/1
s 115
f 611/87/3 731/77/3 729/82/3
s 116
f 730/82/1 732/77/1 612/87/1
s 115
f 613/88/3 733/71/3 731/77/3
s 116
f 732/77/1 734/71/1 614/88/1
s 115
f 615/89/3 735/72/3 733/71/3
s 116
f 734/71/1 736/72/1 616/89/1
s 115
f 737/80/3 735/72/3 615/89/3
s 116
f 616/89/1 736/72/1 738/80/1
s 115
f 739/81/3 737/80/3 617/90/3
s 116
f 618/90/1 738/80/1 740/81/1
s 115
f 741/73/3 739/81/3 619/91/3
s 116
f 620/91/1 740/81/1 742/73/1
s 115
f 623/64/3 743/74/3 741/73/3
s 116
f 742/73/1 744/74/1 624/64/1
s 115
f 625/92/3 745/66/3 743/74/3
s 116
f 744/74/1 746/66/1 626/92/1
s 115
f 603/85/3 723/67/3 745/66/3
s 116
f 746/66/1 726/67/1 604/85/1
s 108
f 760/89/36 758/88/35 614/88/35
s 106
f 751/69/32 753/86/33 609/86/33
s 108
f 768/64/37 766/65/6 622/65/6
s 106
f 759/89/36 761/90/39 617/90/39
s 108
f 754/86/33 752/69/32 608/69/32
s 106
f 767/64/37 769/92/41 625/92/41
s 108
f 762/90/39 760/89/36 616/89/36
s 106
f 753/86/33 755/87/34 611/87/34
s 108
f 770/92/41 768/64/37 624/64/37
s 106
f 761/90/39 763/91/40 619/91/40
s 108
f 756/87/34 754/86/33 610/86/33
s 106
f 769/92/41 747/85/31 603/85/31
f 747/85/31 748/68/30 605/68/30
s 108
f 764/91/40 762/90/39 618/90/39
s 106
f 755/87/34 757/88/35 613/88/35
s 108
f 750/85/31 770/92/41 626/92/41
f 749/68/30 750/85/31 604/85/31
s 106
f 763/91/40 765/65/6 621/65/6
s 108
f 758/88/35 756/87/34 612/87/34
s 106
f 748/68/30 751/69/32 607/69/32
s 108
f 766/65/6 764/91/40 620/91/40
s 106
f 757/88/35 759/89/36 615/89/36
s 119
f 824/95/75 825/144/87 796/94/155
s 120
f 805/98/156 807/137/83 775/97/83
s 119
f 814/101/65 815/141/70 789/100/69
f 787/103/71 823/104/72 824/95/75
f 790/105/158 813/106/158 814/101/65
f 821/108/64 823/104/72 787/103/71
s 120
f 779/109/159 804/110/159 805/98/156
f 812/113/92 797/112/67 778/146/67
f 803/114/160 804/110/159 779/109/159
s 119
f 791/116/86 820/117/63 821/108/64
s 120
f 780/119/53 801/118/89 803/114/160
f 811/121/57 812/113/92 783/111/60
s 119
f 828/122/52 813/106/158 790/105/158
s 120
f 809/124/48 811/121/57 776/120/57
s 119
f 786/126/162 819/127/88 820/117/63
f 817/128/81 819/127/88 786/126/162
s 120
f 777/131/79 799/130/79 801/118/89
s 119
f 788/132/164 827/133/50 828/122/52
s 121
f 798/134/84 797/112/4 800/135/4
f 799/130/84 800/135/4 802/136/4
f 803/114/4 801/118/84 802/136/4
f 804/110/4 802/136/4 806/135/4
f 807/137/84 805/98/4 806/135/4
f 808/138/84 806/135/4 810/139/4
f 811/121/4 809/124/4 810/139/4
f 812/113/4 810/139/4 800/135/4
f 810/139/4 806/135/4 802/136/4
s 122
f 814/101/4 813/106/84 816/140/84
f 816/140/84 818/142/84 817/128/4
f 819/127/4 817/128/4 818/142/84
f 818/142/84 822/143/4 821/108/4
f 823/104/84 821/108/4 822/143/4
f 822/143/4 826/142/84 825/144/84
f 827/133/84 825/144/84 826/142/84
f 826/142/84 816/140/84 813/106/84
f 826/142/84 822/143/4 818/142/84
s 120
f 797/112/67 798/134/78 773/145/78
f 807/137/83 808/138/90 781/147/90
f 798/134/78 799/130/79 777/131/79
s 119
f 789/100/69 815/141/70 817/128/81
s 120
f 808/138/90 809/124/48 784/125/49
s 119
f 825/144/87 827/133/50 788/132/164
s 123
f 880/150/165 881/149/87 852/201/87
s 124
f 838/151/156 861/153/156 863/152/83
s 123
f 870/155/65 871/194/70 845/154/69
f 879/158/72 880/150/165 849/148/165
f 869/159/61 870/155/65 841/156/66
f 850/162/166 877/161/166 879/158/72
s 124
f 860/164/159 861/153/156 838/151/156
f 868/167/59 853/166/67 834/197/67
f 859/168/54 860/164/159 835/163/159
s 123
f 876/170/63 877/161/166 850/162/166
s 124
f 836/173/89 857/172/53 859/168/54
f 832/175/56 867/174/57 868/167/59
s 123
f 851/176/52 884/177/52 869/159/61
s 124
f 840/179/49 865/178/48 867/174/57
s 123
f 842/180/88 875/181/88 876/170/63
f 873/182/81 875/181/88 842/180/88
s 124
f 833/185/79 855/184/79 857/172/53
s 123
f 844/187/50 883/186/50 884/177/52
s 125
f 854/188/4 853/166/4 856/189/4
f 855/184/4 856/189/4 858/190/4
f 859/168/84 857/172/84 858/190/4
f 860/164/4 858/190/4 862/189/84
f 863/152/84 861/153/84 862/189/84
f 864/191/84 862/189/84 866/192/4
f 867/174/4 865/178/4 866/192/4
f 868/167/4 866/192/4 856/189/4
f 866/192/4 862/189/84 858/190/4
s 126
f 870/155/4 869/159/4 872/193/84
f 872/193/84 874/195/84 873/182/84
f 875/181/84 873/182/84 874/195/84
f 874/195/84 878/196/4 877/161/84
f 879/158/84 877/161/84 878/196/4
f 878/196/4 882/195/4 881/149/4
f 883/186/84 881/149/4 882/195/4
f 882/195/4 872/193/84 869/159/4
f 882/195/4 878/196/4 874/195/84
s 124
f 853/166/67 854/188/78 829/199/78
f 831/198/83 863/152/83 864/191/90
f 854/188/78 855/184/79 833/185/79
s 123
f 845/154/69 871/194/70 873/182/81
s 124
f 864/191/90 865/178/48 840/179/49
s 123
f 881/149/87 883/186/50 844/187/50
s 131
f 912/207/170 941/255/136 940/206/125
s 132
f 891/210/147 923/245/147 921/209/171
s 131
f 905/213/121 931/250/132 930/212/144
f 903/215/145 909/208/126 940/206/125
f 906/216/173 901/214/172 930/212/144
f 910/218/143 903/215/145 939/253/122
s 132
f 895/219/141 898/211/123 921/209/171
f 899/222/174 894/221/120 913/248/128
f 895/219/141 920/244/141 919/223/109
s 131
f 907/225/117 910/218/143 937/217/118
s 132
f 890/224/139 919/223/109 917/238/110
f 892/228/112 899/222/174 928/220/114
s 131
f 906/216/173 929/257/173 944/229/108
s 132
f 892/228/112 927/227/140 925/231/103
s 131
f 902/233/178 907/225/117 936/234/175
f 902/233/178 935/251/135 933/235/131
s 132
f 896/226/176 917/238/110 915/242/129
s 131
f 904/239/180 911/230/177 944/229/108
s 133
f 914/240/134 915/242/134 916/241/8
f 915/242/134 917/238/134 918/243/8
f 919/223/8 920/244/8 918/243/8
f 920/244/8 921/209/8 922/241/8
f 923/245/134 924/246/134 922/241/8
f 924/246/134 925/231/8 926/247/8
f 927/227/8 928/220/8 926/247/8
f 928/220/8 913/248/8 916/241/8
f 918/243/8 922/241/8 926/247/8
s 134
f 930/212/8 931/250/8 932/249/134
f 933/235/8 934/252/134 932/249/134
f 935/251/8 936/234/134 934/252/134
f 937/217/134 938/254/8 934/252/134
f 939/253/134 940/206/134 938/254/8
f 941/255/134 942/252/134 938/254/8
f 943/256/134 944/229/134 942/252/134
f 929/257/134 932/249/134 942/252/134
f 934/252/134 938/254/8 942/252/134
s 132
f 889/258/181 914/240/146 913/248/128
f 897/259/137 924/246/137 923/245/147
f 889/258/181 893/237/129 915/242/129
s 131
f 908/236/179 933/235/131 931/250/132
s 132
f 900/232/105 925/231/103 924/246/137
s 131
f 904/239/180 943/256/107 941/255/136
s 135
f 965/262/182 968/261/136 997/310/170
s 136
f 954/263/171 947/265/147 979/264/147
s 135
f 961/267/132 987/305/185 986/266/144
f 959/270/122 965/262/182 996/260/125
f 957/268/144 986/266/144 985/271/173
f 959/270/122 995/269/145 993/308/116
s 136
f 951/275/141 954/263/171 977/299/171
f 955/278/114 950/277/120 969/303/120
f 951/275/141 976/274/141 975/279/109
s 135
f 966/273/116 993/308/116 992/281/175
s 136
f 946/280/109 975/279/109 973/292/110
f 955/278/114 984/276/114 983/287/140
s 135
f 967/285/108 962/272/173 985/271/173
s 136
f 948/284/112 983/287/140 981/302/105
s 135
f 958/288/135 963/282/175 992/281/175
f 958/288/135 991/306/135 989/289/131
s 136
f 952/283/110 973/292/110 971/297/129
s 135
f 967/285/108 1000/294/108 999/311/184
s 137
f 970/295/8 971/297/8 972/296/8
f 971/297/8 973/292/134 974/298/8
f 975/279/134 976/274/8 974/298/8
f 976/274/8 977/299/134 978/296/134
f 979/264/134 980/300/134 978/296/134
f 980/300/134 981/302/8 982/301/8
f 983/287/8 984/276/8 982/301/8
f 984/276/8 969/303/8 972/296/8
f 974/298/8 978/296/134 982/301/8
s 138
f 986/266/8 987/305/8 988/304/134
f 989/289/134 990/307/134 988/304/134
f 991/306/134 992/281/134 990/307/134
f 993/308/134 994/309/8 990/307/134
f 995/269/134 996/260/8 994/309/8
f 997/310/8 998/307/8 994/309/8
f 999/311/134 1000/294/8 998/307/8
f 985/271/134 988/304/134 998/307/8
f 990/307/134 994/309/8 998/307/8
s 136
f 950/277/120 945/312/146 970/295/146
f 947/265/147 953/313/137 980/300/137
f 945/312/146 949/291/183 971/297/129
s 135
f 961/267/132 964/290/131 989/289/131
s 136
f 956/286/103 981/302/105 980/300/137
s 135
f 968/261/136 960/293/107 999/311/184
s 143
f 1017/318/16 1019/319/16 1009/319/16
s 144
f 1008/320/5 1006/321/5 1016/321/5
s 145
f 1007/322/10 1013/322/10 1015/323/10
s 146
f 1016/321/3 1015/323/3 1013/322/3
s 147
f 1018/324/18 1012/324/18 1010/325/18
s 148
f 1018/324/3 1020/325/3 1019/319/3
s 149
f 1016/321/4 1006/321/4 1005/323/4
s 150
f 1010/325/4 1009/319/4 1019/319/4
s 151
f 1006/321/1 1008/320/1 1007/322/1
s 152
f 1008/320/2 1014/320/2 1013/322/2
s 153
f 1018/324/2 1017/318/2 1011/318/2
s 154
f 1025/326/8 1026/327/8 1036/327/8
s 155
f 1032/328/9 1022/328/9 1024/329/9
s 156
f 1021/330/20 1031/330/20 1029/331/20
s 157
f 1029/331/3 1031/330/3 1032/328/3
s 158
f 1036/327/29 1026/327/29 1028/332/29
s 159
f 1025/326/27 1035/326/27 1033/333/27
s 160
f 1034/332/3 1033/333/3 1035/326/3
s 161
f 1032/328/8 1031/330/8 1021/330/8
s 162
f 1022/328/1 1021/330/1 1023/331/1
s 163
f 1029/331/7 1030/329/7 1024/329/7
s 164
f 1033/333/7 1034/332/7 1028/332/7
s 165
f 1009/319/1 1010/325/1 1012/324/1
s 166
f 1025/326/1 1027/333/1 1028/332/1
