# Blender 4.5.2 LTS
# www.blender.org
mtllib simple_barricade_01_wood_small.mtl
g simple_barricade_01_wood_small_Mesh
v -0.280974 0.989410 0.056859
v -0.280974 0.970099 0.003544
v -0.230974 0.989410 0.056859
v -0.230974 0.970099 0.003544
v -0.280974 0.000000 0.415221
v -0.280974 0.000000 0.354912
v -0.230974 0.000000 0.354912
v -0.230974 0.000000 0.415221
v 0.280974 0.989410 0.056859
v 0.280974 0.970099 0.003544
v 0.230974 0.989410 0.056859
v 0.230974 0.970099 0.003544
v 0.280974 0.000000 0.415221
v 0.280974 0.000000 0.354912
v 0.230974 0.000000 0.354912
v 0.230974 0.000000 0.415221
v -0.280974 0.989410 -0.056859
v -0.280974 0.970099 -0.003544
v -0.230974 0.989410 -0.056859
v -0.230974 0.970099 -0.003544
v -0.280974 0.000000 -0.415221
v -0.280974 0.000000 -0.354912
v -0.230974 0.000000 -0.354912
v -0.230974 0.000000 -0.415221
v 0.280974 0.989410 -0.056859
v 0.280974 0.970099 -0.003544
v 0.230974 0.989410 -0.056859
v 0.230974 0.970099 -0.003544
v 0.280974 0.000000 -0.415221
v 0.280974 0.000000 -0.354912
v 0.230974 0.000000 -0.354912
v 0.230974 0.000000 -0.415221
v -0.270974 0.875678 0.037760
v -0.270974 0.969701 0.003705
v -0.270974 0.873975 0.033059
v -0.270974 0.967998 -0.000996
v -0.240974 0.875678 0.037760
v -0.240974 0.969701 0.003705
v -0.240974 0.873975 0.033059
v -0.240974 0.967998 -0.000996
v -0.259583 0.905316 0.021708
v -0.255974 0.901923 0.022937
v -0.255974 0.908710 0.020478
v -0.252364 0.905316 0.021708
v -0.258526 0.902917 0.022577
v -0.258526 0.907716 0.020838
v -0.253421 0.907716 0.020838
v -0.253421 0.902917 0.022577
v -0.252364 0.936657 0.010356
v -0.255974 0.933263 0.011585
v -0.259583 0.936657 0.010356
v -0.255974 0.940051 0.009127
v -0.253421 0.934257 0.011225
v -0.258526 0.934257 0.011225
v -0.258526 0.939057 0.009487
v -0.253422 0.939057 0.009487
v -0.253421 0.902386 0.021112
v -0.255974 0.901392 0.021472
v -0.258526 0.902386 0.021112
v -0.255974 0.904786 0.020243
v -0.259583 0.904786 0.020243
v -0.258526 0.907185 0.019374
v -0.255974 0.908179 0.019014
v -0.253421 0.907185 0.019374
v -0.252364 0.904786 0.020243
v -0.253422 0.938526 0.008022
v -0.252364 0.936126 0.008891
v -0.253421 0.933727 0.009760
v -0.255974 0.936126 0.008891
v -0.255974 0.932733 0.010120
v -0.258526 0.933727 0.009760
v -0.259583 0.936126 0.008891
v -0.258526 0.938526 0.008022
v -0.255974 0.939520 0.007662
v 0.270974 0.875678 0.037760
v 0.270974 0.969701 0.003705
v 0.270974 0.873975 0.033059
v 0.270974 0.967998 -0.000996
v 0.240974 0.875678 0.037760
v 0.240974 0.969701 0.003705
v 0.240974 0.873975 0.033059
v 0.240974 0.967998 -0.000996
v 0.259583 0.905316 0.021708
v 0.255974 0.901923 0.022937
v 0.255974 0.908710 0.020478
v 0.252364 0.905316 0.021708
v 0.258526 0.902917 0.022577
v 0.258526 0.907716 0.020838
v 0.253421 0.907716 0.020838
v 0.253421 0.902917 0.022577
v 0.252364 0.936657 0.010356
v 0.255974 0.933263 0.011585
v 0.259583 0.936657 0.010356
v 0.255974 0.940051 0.009127
v 0.253421 0.934257 0.011225
v 0.258526 0.934257 0.011225
v 0.258526 0.939057 0.009487
v 0.253422 0.939057 0.009487
v 0.253421 0.902386 0.021112
v 0.255974 0.901392 0.021472
v 0.258526 0.902386 0.021112
v 0.255974 0.904786 0.020243
v 0.259583 0.904786 0.020243
v 0.258526 0.907185 0.019374
v 0.255974 0.908179 0.019014
v 0.253421 0.907185 0.019374
v 0.252364 0.904786 0.020243
v 0.253422 0.938526 0.008022
v 0.252364 0.936126 0.008891
v 0.253421 0.933727 0.009760
v 0.255974 0.936126 0.008891
v 0.255974 0.932733 0.010120
v 0.258526 0.933727 0.009760
v 0.259583 0.936126 0.008891
v 0.258526 0.938526 0.008022
v 0.255974 0.939520 0.007662
v -0.270974 0.875678 -0.037760
v -0.270974 0.969701 -0.003705
v -0.270974 0.873975 -0.033059
v -0.270974 0.967998 0.000996
v -0.240974 0.875678 -0.037760
v -0.240974 0.969701 -0.003705
v -0.240974 0.873975 -0.033059
v -0.240974 0.967998 0.000996
v -0.259583 0.905316 -0.021708
v -0.255974 0.901923 -0.022937
v -0.255974 0.908710 -0.020478
v -0.252364 0.905316 -0.021708
v -0.258526 0.902917 -0.022577
v -0.258526 0.907716 -0.020838
v -0.253421 0.907716 -0.020838
v -0.253421 0.902917 -0.022577
v -0.252364 0.936657 -0.010356
v -0.255974 0.933263 -0.011585
v -0.259583 0.936657 -0.010356
v -0.255974 0.940051 -0.009127
v -0.253421 0.934257 -0.011225
v -0.258526 0.934257 -0.011225
v -0.258526 0.939057 -0.009487
v -0.253422 0.939057 -0.009487
v -0.253421 0.902386 -0.021112
v -0.255974 0.901392 -0.021472
v -0.258526 0.902386 -0.021112
v -0.255974 0.904786 -0.020243
v -0.259583 0.904786 -0.020243
v -0.258526 0.907185 -0.019374
v -0.255974 0.908179 -0.019014
v -0.253421 0.907185 -0.019374
v -0.252364 0.904786 -0.020243
v -0.253422 0.938526 -0.008022
v -0.252364 0.936126 -0.008891
v -0.253421 0.933727 -0.009760
v -0.255974 0.936126 -0.008891
v -0.255974 0.932733 -0.010120
v -0.258526 0.933727 -0.009760
v -0.259583 0.936126 -0.008891
v -0.258526 0.938526 -0.008022
v -0.255974 0.939520 -0.007662
v 0.270974 0.875678 -0.037760
v 0.270974 0.969701 -0.003705
v 0.270974 0.873975 -0.033059
v 0.270974 0.967998 0.000996
v 0.240974 0.875678 -0.037760
v 0.240974 0.969701 -0.003705
v 0.240974 0.873975 -0.033059
v 0.240974 0.967998 0.000996
v 0.259583 0.905316 -0.021708
v 0.255974 0.901923 -0.022937
v 0.255974 0.908710 -0.020478
v 0.252364 0.905316 -0.021708
v 0.258526 0.902917 -0.022577
v 0.258526 0.907716 -0.020838
v 0.253421 0.907716 -0.020838
v 0.253421 0.902917 -0.022577
v 0.252364 0.936657 -0.010356
v 0.255974 0.933263 -0.011585
v 0.259583 0.936657 -0.010356
v 0.255974 0.940051 -0.009127
v 0.253421 0.934257 -0.011225
v 0.258526 0.934257 -0.011225
v 0.258526 0.939057 -0.009487
v 0.253422 0.939057 -0.009487
v 0.253421 0.902386 -0.021112
v 0.255974 0.901392 -0.021472
v 0.258526 0.902386 -0.021112
v 0.255974 0.904786 -0.020243
v 0.259583 0.904786 -0.020243
v 0.258526 0.907185 -0.019374
v 0.255974 0.908179 -0.019014
v 0.253421 0.907185 -0.019374
v 0.252364 0.904786 -0.020243
v 0.253422 0.938526 -0.008022
v 0.252364 0.936126 -0.008891
v 0.253421 0.933727 -0.009760
v 0.255974 0.936126 -0.008891
v 0.255974 0.932733 -0.010120
v 0.258526 0.933727 -0.009760
v 0.259583 0.936126 -0.008891
v 0.258526 0.938526 -0.008022
v 0.255974 0.939520 -0.007662
v -0.274326 0.969783 -0.002950
v -0.237621 0.969783 -0.002950
v -0.274326 0.968308 -0.002555
v -0.237621 0.968308 -0.002555
v -0.274326 0.967228 -0.001475
v -0.237621 0.967228 -0.001475
v -0.274326 0.966833 0.000000
v -0.237621 0.966833 0.000000
v -0.274326 0.967228 0.001475
v -0.237621 0.967228 0.001475
v -0.274326 0.968308 0.002555
v -0.237621 0.968308 0.002555
v -0.274326 0.969783 0.002950
v -0.237621 0.969783 0.002950
v -0.274326 0.971258 0.002555
v -0.237621 0.971258 0.002555
v -0.274326 0.972337 0.001475
v -0.237621 0.972337 0.001475
v -0.274326 0.972732 0.000000
v -0.237621 0.972732 0.000000
v -0.274326 0.972337 -0.001475
v -0.237621 0.972337 -0.001475
v -0.274326 0.971258 -0.002555
v -0.237621 0.971258 -0.002555
v -0.249663 0.971424 0.002844
v -0.250049 0.971424 0.002844
v -0.261898 0.971424 0.002844
v -0.262284 0.971424 0.002844
v -0.249663 0.972626 0.001642
v -0.250049 0.972626 0.001642
v -0.261898 0.972626 0.001642
v -0.262284 0.972626 0.001642
v -0.249663 0.973066 0.000000
v -0.250049 0.973066 0.000000
v -0.261898 0.973066 0.000000
v -0.262284 0.973066 0.000000
v -0.249663 0.972626 -0.001642
v -0.250049 0.972626 -0.001642
v -0.261898 0.972626 -0.001642
v -0.262284 0.972626 -0.001642
v -0.250049 0.969783 -0.003283
v -0.249663 0.969783 -0.003283
v -0.249663 0.971424 -0.002844
v -0.250049 0.971424 -0.002844
v -0.262284 0.969783 -0.003283
v -0.261898 0.969783 -0.003283
v -0.261898 0.971424 -0.002844
v -0.262284 0.971424 -0.002844
v -0.261898 0.969783 -0.003750
v -0.262284 0.969783 -0.003750
v -0.249663 0.969783 -0.003750
v -0.250049 0.969783 -0.003750
v -0.250049 0.967908 -0.003248
v -0.249663 0.967908 -0.003248
v -0.262284 0.967908 -0.003248
v -0.261898 0.967908 -0.003248
v -0.250049 0.966535 -0.001875
v -0.249663 0.966535 -0.001875
v -0.262284 0.966535 -0.001875
v -0.261898 0.966535 -0.001875
v -0.250049 0.966033 0.000000
v -0.249663 0.966033 0.000000
v -0.262284 0.966033 0.000000
v -0.261898 0.966033 0.000000
v -0.250049 0.966535 0.001875
v -0.249663 0.966535 0.001875
v -0.262284 0.966535 0.001875
v -0.261898 0.966535 0.001875
v -0.250049 0.967908 0.003248
v -0.249663 0.967908 0.003248
v -0.262284 0.967908 0.003248
v -0.261898 0.967908 0.003248
v -0.250049 0.969783 0.003750
v -0.249663 0.969783 0.003750
v -0.262284 0.969783 0.003750
v -0.261898 0.969783 0.003750
v -0.250049 0.971658 0.003248
v -0.249663 0.971658 0.003248
v -0.262284 0.971658 0.003248
v -0.261898 0.971658 0.003248
v -0.250049 0.973030 0.001875
v -0.249663 0.973030 0.001875
v -0.262284 0.973030 0.001875
v -0.261898 0.973030 0.001875
v -0.250049 0.973533 0.000000
v -0.249663 0.973533 0.000000
v -0.262284 0.973533 0.000000
v -0.261898 0.973533 0.000000
v -0.250049 0.973030 -0.001875
v -0.249663 0.973030 -0.001875
v -0.262284 0.973030 -0.001875
v -0.261898 0.973030 -0.001875
v -0.250049 0.971658 -0.003248
v -0.249663 0.971658 -0.003248
v -0.262284 0.971658 -0.003248
v -0.261898 0.971658 -0.003248
v -0.262284 0.969783 0.003283
v -0.261898 0.969783 0.003283
v -0.250049 0.969783 0.003283
v -0.249663 0.969783 0.003283
v -0.262284 0.968141 0.002844
v -0.261898 0.968141 0.002844
v -0.250049 0.968141 0.002844
v -0.249663 0.968141 0.002844
v -0.262284 0.966939 0.001642
v -0.261898 0.966939 0.001642
v -0.250049 0.966939 0.001642
v -0.249663 0.966939 0.001642
v -0.262284 0.966499 0.000000
v -0.261898 0.966499 0.000000
v -0.250049 0.966499 0.000000
v -0.249663 0.966499 0.000000
v -0.262284 0.966939 -0.001642
v -0.261898 0.966939 -0.001642
v -0.250049 0.966939 -0.001642
v -0.249663 0.966939 -0.001642
v -0.262284 0.968141 -0.002844
v -0.261898 0.968141 -0.002844
v -0.250049 0.968141 -0.002844
v -0.249663 0.968141 -0.002844
v -0.274326 0.969783 -0.003750
v -0.274326 0.967908 -0.003248
v -0.237621 0.967908 -0.003248
v -0.237621 0.969783 -0.003750
v -0.274326 0.966535 -0.001875
v -0.237621 0.966535 -0.001875
v -0.274326 0.966033 0.000000
v -0.237621 0.966033 0.000000
v -0.274326 0.966535 0.001875
v -0.237621 0.966535 0.001875
v -0.274326 0.967908 0.003248
v -0.237621 0.967908 0.003248
v -0.274326 0.969783 0.003750
v -0.237621 0.969783 0.003750
v -0.274326 0.971658 0.003248
v -0.237621 0.971658 0.003248
v -0.274326 0.973030 0.001875
v -0.237621 0.973030 0.001875
v -0.274326 0.973533 0.000000
v -0.237621 0.973533 0.000000
v -0.274326 0.973030 -0.001875
v -0.237621 0.973030 -0.001875
v -0.274326 0.971658 -0.003248
v -0.237621 0.971658 -0.003248
v -0.273408 0.969783 -0.002950
v -0.273408 0.968308 -0.002555
v -0.238540 0.968308 -0.002555
v -0.238540 0.969783 -0.002950
v -0.273408 0.967228 -0.001475
v -0.238540 0.967228 -0.001475
v -0.273408 0.966833 0.000000
v -0.238540 0.966833 0.000000
v -0.273408 0.967228 0.001475
v -0.238540 0.967228 0.001475
v -0.273408 0.968308 0.002555
v -0.238540 0.968308 0.002555
v -0.273408 0.969783 0.002950
v -0.238540 0.969783 0.002950
v -0.273408 0.971258 0.002555
v -0.238540 0.971258 0.002555
v -0.273408 0.972337 0.001475
v -0.238540 0.972337 0.001475
v -0.273408 0.972732 0.000000
v -0.238540 0.972732 0.000000
v -0.273408 0.972337 -0.001475
v -0.238540 0.972337 -0.001475
v -0.273408 0.971258 -0.002555
v -0.238540 0.971258 -0.002555
v -0.238540 0.969783 0.000000
v -0.273408 0.969783 0.000000
v 0.274326 0.969783 -0.002950
v 0.237621 0.969783 -0.002950
v 0.274326 0.968308 -0.002555
v 0.237621 0.968308 -0.002555
v 0.274326 0.967228 -0.001475
v 0.237621 0.967228 -0.001475
v 0.274326 0.966833 0.000000
v 0.237621 0.966833 0.000000
v 0.274326 0.967228 0.001475
v 0.237621 0.967228 0.001475
v 0.274326 0.968308 0.002555
v 0.237621 0.968308 0.002555
v 0.274326 0.969783 0.002950
v 0.237621 0.969783 0.002950
v 0.274326 0.971258 0.002555
v 0.237621 0.971258 0.002555
v 0.274326 0.972337 0.001475
v 0.237621 0.972337 0.001475
v 0.274326 0.972732 0.000000
v 0.237621 0.972732 0.000000
v 0.274326 0.972337 -0.001475
v 0.237621 0.972337 -0.001475
v 0.274326 0.971258 -0.002555
v 0.237621 0.971258 -0.002555
v 0.249663 0.971424 0.002844
v 0.250049 0.971424 0.002844
v 0.261898 0.971424 0.002844
v 0.262284 0.971424 0.002844
v 0.249663 0.972626 0.001642
v 0.250049 0.972626 0.001642
v 0.261898 0.972626 0.001642
v 0.262284 0.972626 0.001642
v 0.249663 0.973066 0.000000
v 0.250049 0.973066 0.000000
v 0.261898 0.973066 0.000000
v 0.262284 0.973066 0.000000
v 0.249663 0.972626 -0.001642
v 0.250049 0.972626 -0.001642
v 0.261898 0.972626 -0.001642
v 0.262284 0.972626 -0.001642
v 0.250049 0.969783 -0.003283
v 0.249663 0.969783 -0.003283
v 0.249663 0.971424 -0.002844
v 0.250049 0.971424 -0.002844
v 0.262284 0.969783 -0.003283
v 0.261898 0.969783 -0.003283
v 0.261898 0.971424 -0.002844
v 0.262284 0.971424 -0.002844
v 0.261898 0.969783 -0.003750
v 0.262284 0.969783 -0.003750
v 0.249663 0.969783 -0.003750
v 0.250049 0.969783 -0.003750
v 0.250049 0.967908 -0.003248
v 0.249663 0.967908 -0.003248
v 0.262284 0.967908 -0.003248
v 0.261898 0.967908 -0.003248
v 0.250049 0.966535 -0.001875
v 0.249663 0.966535 -0.001875
v 0.262284 0.966535 -0.001875
v 0.261898 0.966535 -0.001875
v 0.250049 0.966033 0.000000
v 0.249663 0.966033 0.000000
v 0.262284 0.966033 0.000000
v 0.261898 0.966033 0.000000
v 0.250049 0.966535 0.001875
v 0.249663 0.966535 0.001875
v 0.262284 0.966535 0.001875
v 0.261898 0.966535 0.001875
v 0.250049 0.967908 0.003248
v 0.249663 0.967908 0.003248
v 0.262284 0.967908 0.003248
v 0.261898 0.967908 0.003248
v 0.250049 0.969783 0.003750
v 0.249663 0.969783 0.003750
v 0.262284 0.969783 0.003750
v 0.261898 0.969783 0.003750
v 0.250049 0.971658 0.003248
v 0.249663 0.971658 0.003248
v 0.262284 0.971658 0.003248
v 0.261898 0.971658 0.003248
v 0.250049 0.973030 0.001875
v 0.249663 0.973030 0.001875
v 0.262284 0.973030 0.001875
v 0.261898 0.973030 0.001875
v 0.250049 0.973533 0.000000
v 0.249663 0.973533 0.000000
v 0.262284 0.973533 0.000000
v 0.261898 0.973533 0.000000
v 0.250049 0.973030 -0.001875
v 0.249663 0.973030 -0.001875
v 0.262284 0.973030 -0.001875
v 0.261898 0.973030 -0.001875
v 0.250049 0.971658 -0.003248
v 0.249663 0.971658 -0.003248
v 0.262284 0.971658 -0.003248
v 0.261898 0.971658 -0.003248
v 0.262284 0.969783 0.003283
v 0.261898 0.969783 0.003283
v 0.250049 0.969783 0.003283
v 0.249663 0.969783 0.003283
v 0.262284 0.968141 0.002844
v 0.261898 0.968141 0.002844
v 0.250049 0.968141 0.002844
v 0.249663 0.968141 0.002844
v 0.262284 0.966939 0.001642
v 0.261898 0.966939 0.001642
v 0.250049 0.966939 0.001642
v 0.249663 0.966939 0.001642
v 0.262284 0.966499 0.000000
v 0.261898 0.966499 0.000000
v 0.250049 0.966499 0.000000
v 0.249663 0.966499 0.000000
v 0.262284 0.966939 -0.001642
v 0.261898 0.966939 -0.001642
v 0.250049 0.966939 -0.001642
v 0.249663 0.966939 -0.001642
v 0.262284 0.968141 -0.002844
v 0.261898 0.968141 -0.002844
v 0.250049 0.968141 -0.002844
v 0.249663 0.968141 -0.002844
v 0.274326 0.969783 -0.003750
v 0.274326 0.967908 -0.003248
v 0.237621 0.967908 -0.003248
v 0.237621 0.969783 -0.003750
v 0.274326 0.966535 -0.001875
v 0.237621 0.966535 -0.001875
v 0.274326 0.966033 0.000000
v 0.237621 0.966033 0.000000
v 0.274326 0.966535 0.001875
v 0.237621 0.966535 0.001875
v 0.274326 0.967908 0.003248
v 0.237621 0.967908 0.003248
v 0.274326 0.969783 0.003750
v 0.237621 0.969783 0.003750
v 0.274326 0.971658 0.003248
v 0.237621 0.971658 0.003248
v 0.274326 0.973030 0.001875
v 0.237621 0.973030 0.001875
v 0.274326 0.973533 0.000000
v 0.237621 0.973533 0.000000
v 0.274326 0.973030 -0.001875
v 0.237621 0.973030 -0.001875
v 0.274326 0.971658 -0.003248
v 0.237621 0.971658 -0.003248
v 0.273408 0.969783 -0.002950
v 0.273408 0.968308 -0.002555
v 0.238540 0.968308 -0.002555
v 0.238540 0.969783 -0.002950
v 0.273408 0.967228 -0.001475
v 0.238540 0.967228 -0.001475
v 0.273408 0.966833 0.000000
v 0.238540 0.966833 0.000000
v 0.273408 0.967228 0.001475
v 0.238540 0.967228 0.001475
v 0.273408 0.968308 0.002555
v 0.238540 0.968308 0.002555
v 0.273408 0.969783 0.002950
v 0.238540 0.969783 0.002950
v 0.273408 0.971258 0.002555
v 0.238540 0.971258 0.002555
v 0.273408 0.972337 0.001475
v 0.238540 0.972337 0.001475
v 0.273408 0.972732 0.000000
v 0.238540 0.972732 0.000000
v 0.273408 0.972337 -0.001475
v 0.238540 0.972337 -0.001475
v 0.273408 0.971258 -0.002555
v 0.238540 0.971258 -0.002555
v 0.238540 0.969783 0.000000
v 0.273408 0.969783 0.000000
v -0.247839 0.420103 0.198943
v -0.252657 0.422851 0.197948
v -0.255580 0.418321 0.199589
v -0.250762 0.415573 0.200584
v -0.248831 0.421803 0.198328
v -0.247884 0.418164 0.199646
v -0.254465 0.421918 0.198286
v -0.250595 0.422809 0.197963
v -0.254588 0.416621 0.200204
v -0.255535 0.420260 0.198885
v -0.248954 0.416506 0.200246
v -0.252824 0.415615 0.200569
v -0.250762 0.349614 0.224474
v -0.255580 0.346867 0.225470
v -0.252657 0.342336 0.227110
v -0.247839 0.345086 0.226115
v -0.252824 0.349572 0.224489
v -0.248954 0.348682 0.224812
v -0.255535 0.344927 0.226172
v -0.254588 0.348566 0.224854
v -0.250595 0.342378 0.227095
v -0.254465 0.343269 0.226772
v -0.247884 0.347023 0.225413
v -0.248831 0.343384 0.226731
v -0.247884 0.446143 0.276895
v -0.247839 0.448082 0.276192
v -0.248831 0.449782 0.275577
v -0.250399 0.447192 0.276515
v -0.250595 0.450788 0.275212
v -0.251710 0.448424 0.276069
v -0.252657 0.450831 0.275197
v -0.254465 0.449898 0.275535
v -0.255535 0.448240 0.276135
v -0.253020 0.447192 0.276515
v -0.255580 0.446301 0.276838
v -0.254588 0.444601 0.277453
v -0.252824 0.443595 0.277818
v -0.251710 0.445959 0.276961
v -0.250762 0.443552 0.277833
v -0.248954 0.444485 0.277495
v -0.248954 0.376661 0.302061
v -0.250762 0.377594 0.301723
v -0.252824 0.377552 0.301738
v -0.251710 0.375187 0.302595
v -0.254588 0.376546 0.302103
v -0.253020 0.373955 0.303041
v -0.255580 0.374846 0.302719
v -0.255535 0.372907 0.303421
v -0.254465 0.371249 0.304021
v -0.251710 0.372723 0.303487
v -0.252657 0.370316 0.304359
v -0.250595 0.370358 0.304344
v -0.248831 0.371364 0.303980
v -0.250399 0.373955 0.303041
v -0.247839 0.373064 0.303364
v -0.247884 0.375003 0.302661
v -0.247839 0.879532 0.032539
v -0.252657 0.882280 0.031544
v -0.255580 0.877750 0.033184
v -0.250762 0.875002 0.034180
v -0.248831 0.881232 0.031923
v -0.247884 0.877593 0.033241
v -0.254465 0.881347 0.031881
v -0.250595 0.882238 0.031559
v -0.254588 0.876050 0.033800
v -0.255535 0.879689 0.032482
v -0.248954 0.875935 0.033842
v -0.252824 0.875044 0.034164
v -0.250762 0.809044 0.058070
v -0.255580 0.806295 0.059065
v -0.252657 0.801765 0.060706
v -0.247839 0.804514 0.059710
v -0.252824 0.809001 0.058085
v -0.248954 0.808111 0.058408
v -0.255535 0.804356 0.059767
v -0.254588 0.807995 0.058449
v -0.250595 0.801808 0.060691
v -0.254465 0.802698 0.060368
v -0.247884 0.806453 0.059008
v -0.248831 0.802814 0.060326
v -0.247884 0.905573 0.110490
v -0.247839 0.907511 0.109788
v -0.248831 0.909212 0.109172
v -0.250399 0.906621 0.110110
v -0.250595 0.910218 0.108808
v -0.251710 0.907853 0.109664
v -0.252657 0.910260 0.108792
v -0.254465 0.909327 0.109130
v -0.255535 0.907669 0.109731
v -0.253020 0.906621 0.110110
v -0.255580 0.905730 0.110433
v -0.254588 0.904030 0.111049
v -0.252824 0.903024 0.111413
v -0.251710 0.905388 0.110557
v -0.250762 0.902982 0.111429
v -0.248954 0.903915 0.111091
v -0.248954 0.836090 0.135656
v -0.250762 0.837023 0.135319
v -0.252824 0.836981 0.135334
v -0.251710 0.834616 0.136190
v -0.254588 0.835975 0.135698
v -0.253020 0.833384 0.136637
v -0.255580 0.834275 0.136314
v -0.255535 0.832336 0.137016
v -0.254465 0.830678 0.137617
v -0.251710 0.832152 0.137083
v -0.252657 0.829745 0.137955
v -0.250595 0.829787 0.137939
v -0.248831 0.830793 0.137575
v -0.250399 0.833384 0.136637
v -0.247839 0.832493 0.136959
v -0.247884 0.834432 0.136257
v -0.251710 0.419212 0.199266
v -0.251710 0.345975 0.225792
v -0.251710 0.878641 0.032862
v -0.251710 0.805404 0.059388
v 0.247839 0.420103 0.198943
v 0.252657 0.422851 0.197948
v 0.255580 0.418321 0.199589
v 0.250762 0.415573 0.200584
v 0.248831 0.421803 0.198328
v 0.247884 0.418164 0.199646
v 0.254465 0.421918 0.198286
v 0.250595 0.422809 0.197963
v 0.254588 0.416621 0.200204
v 0.255535 0.420260 0.198885
v 0.248954 0.416506 0.200246
v 0.252824 0.415615 0.200569
v 0.250762 0.349614 0.224474
v 0.255580 0.346867 0.225470
v 0.252657 0.342336 0.227110
v 0.247839 0.345086 0.226115
v 0.252824 0.349572 0.224489
v 0.248954 0.348682 0.224812
v 0.255535 0.344927 0.226172
v 0.254588 0.348566 0.224854
v 0.250595 0.342378 0.227095
v 0.254465 0.343269 0.226772
v 0.247884 0.347023 0.225413
v 0.248831 0.343384 0.226731
v 0.247884 0.446143 0.276895
v 0.247839 0.448082 0.276192
v 0.248831 0.449782 0.275577
v 0.250399 0.447192 0.276515
v 0.250595 0.450788 0.275212
v 0.251710 0.448424 0.276069
v 0.252657 0.450831 0.275197
v 0.254465 0.449898 0.275535
v 0.255535 0.448240 0.276135
v 0.253020 0.447192 0.276515
v 0.255580 0.446301 0.276838
v 0.254588 0.444601 0.277453
v 0.252824 0.443595 0.277818
v 0.251710 0.445959 0.276961
v 0.250762 0.443552 0.277833
v 0.248954 0.444485 0.277495
v 0.248954 0.376661 0.302061
v 0.250762 0.377594 0.301723
v 0.252824 0.377552 0.301738
v 0.251710 0.375187 0.302595
v 0.254588 0.376546 0.302103
v 0.253020 0.373955 0.303041
v 0.255580 0.374846 0.302719
v 0.255535 0.372907 0.303421
v 0.254465 0.371249 0.304021
v 0.251710 0.372723 0.303487
v 0.252657 0.370316 0.304359
v 0.250595 0.370358 0.304344
v 0.248831 0.371364 0.303980
v 0.250399 0.373955 0.303041
v 0.247839 0.373064 0.303364
v 0.247884 0.375003 0.302661
v 0.247839 0.879532 0.032539
v 0.252657 0.882280 0.031544
v 0.255580 0.877750 0.033184
v 0.250762 0.875002 0.034180
v 0.248831 0.881232 0.031923
v 0.247884 0.877593 0.033241
v 0.254465 0.881347 0.031881
v 0.250595 0.882238 0.031559
v 0.254588 0.876050 0.033800
v 0.255535 0.879689 0.032482
v 0.248954 0.875935 0.033842
v 0.252824 0.875044 0.034164
v 0.250762 0.809044 0.058070
v 0.255580 0.806295 0.059065
v 0.252657 0.801765 0.060706
v 0.247839 0.804514 0.059710
v 0.252824 0.809001 0.058085
v 0.248954 0.808111 0.058408
v 0.255535 0.804356 0.059767
v 0.254588 0.807995 0.058449
v 0.250595 0.801808 0.060691
v 0.254465 0.802698 0.060368
v 0.247884 0.806453 0.059008
v 0.248831 0.802814 0.060326
v 0.247884 0.905573 0.110490
v 0.247839 0.907511 0.109788
v 0.248831 0.909212 0.109172
v 0.250399 0.906621 0.110110
v 0.250595 0.910218 0.108808
v 0.251710 0.907853 0.109664
v 0.252657 0.910260 0.108792
v 0.254465 0.909327 0.109130
v 0.255535 0.907669 0.109731
v 0.253020 0.906621 0.110110
v 0.255580 0.905730 0.110433
v 0.254588 0.904030 0.111049
v 0.252824 0.903024 0.111413
v 0.251710 0.905388 0.110557
v 0.250762 0.902982 0.111429
v 0.248954 0.903915 0.111091
v 0.248954 0.836090 0.135656
v 0.250762 0.837023 0.135319
v 0.252824 0.836981 0.135334
v 0.251710 0.834616 0.136190
v 0.254588 0.835975 0.135698
v 0.253020 0.833384 0.136637
v 0.255580 0.834275 0.136314
v 0.255535 0.832336 0.137016
v 0.254465 0.830678 0.137617
v 0.251710 0.832152 0.137083
v 0.252657 0.829745 0.137955
v 0.250595 0.829787 0.137939
v 0.248831 0.830793 0.137575
v 0.250399 0.833384 0.136637
v 0.247839 0.832493 0.136959
v 0.247884 0.834432 0.136257
v 0.251710 0.419212 0.199266
v 0.251710 0.345975 0.225792
v 0.251710 0.878641 0.032862
v 0.251710 0.805404 0.059388
v -0.247839 0.420103 -0.198943
v -0.252657 0.422851 -0.197948
v -0.255580 0.418321 -0.199589
v -0.250762 0.415573 -0.200584
v -0.248831 0.421803 -0.198328
v -0.247884 0.418164 -0.199646
v -0.254465 0.421918 -0.198286
v -0.250595 0.422809 -0.197963
v -0.254588 0.416621 -0.200204
v -0.255535 0.420260 -0.198885
v -0.248954 0.416506 -0.200246
v -0.252824 0.415615 -0.200569
v -0.250762 0.349614 -0.224474
v -0.255580 0.346867 -0.225470
v -0.252657 0.342336 -0.227110
v -0.247839 0.345086 -0.226115
v -0.252824 0.349572 -0.224489
v -0.248954 0.348682 -0.224812
v -0.255535 0.344927 -0.226172
v -0.254588 0.348566 -0.224854
v -0.250595 0.342378 -0.227095
v -0.254465 0.343269 -0.226772
v -0.247884 0.347023 -0.225413
v -0.248831 0.343384 -0.226731
v -0.247884 0.446143 -0.276895
v -0.247839 0.448082 -0.276192
v -0.248831 0.449782 -0.275577
v -0.250399 0.447192 -0.276515
v -0.250595 0.450788 -0.275212
v -0.251710 0.448424 -0.276069
v -0.252657 0.450831 -0.275197
v -0.254465 0.449898 -0.275535
v -0.255535 0.448240 -0.276135
v -0.253020 0.447192 -0.276515
v -0.255580 0.446301 -0.276838
v -0.254588 0.444601 -0.277453
v -0.252824 0.443595 -0.277818
v -0.251710 0.445959 -0.276961
v -0.250762 0.443552 -0.277833
v -0.248954 0.444485 -0.277495
v -0.248954 0.376661 -0.302061
v -0.250762 0.377594 -0.301723
v -0.252824 0.377552 -0.301738
v -0.251710 0.375187 -0.302595
v -0.254588 0.376546 -0.302103
v -0.253020 0.373955 -0.303041
v -0.255580 0.374846 -0.302719
v -0.255535 0.372907 -0.303421
v -0.254465 0.371249 -0.304021
v -0.251710 0.372723 -0.303487
v -0.252657 0.370316 -0.304359
v -0.250595 0.370358 -0.304344
v -0.248831 0.371364 -0.303980
v -0.250399 0.373955 -0.303041
v -0.247839 0.373064 -0.303364
v -0.247884 0.375003 -0.302661
v -0.247839 0.879532 -0.032539
v -0.252657 0.882280 -0.031544
v -0.255580 0.877750 -0.033184
v -0.250762 0.875002 -0.034180
v -0.248831 0.881232 -0.031923
v -0.247884 0.877593 -0.033241
v -0.254465 0.881347 -0.031881
v -0.250595 0.882238 -0.031559
v -0.254588 0.876050 -0.033800
v -0.255535 0.879689 -0.032482
v -0.248954 0.875935 -0.033842
v -0.252824 0.875044 -0.034164
v -0.250762 0.809044 -0.058070
v -0.255580 0.806295 -0.059065
v -0.252657 0.801765 -0.060706
v -0.247839 0.804514 -0.059710
v -0.252824 0.809001 -0.058085
v -0.248954 0.808111 -0.058408
v -0.255535 0.804356 -0.059767
v -0.254588 0.807995 -0.058449
v -0.250595 0.801808 -0.060691
v -0.254465 0.802698 -0.060368
v -0.247884 0.806453 -0.059008
v -0.248831 0.802814 -0.060326
v -0.247884 0.905573 -0.110490
v -0.247839 0.907511 -0.109788
v -0.248831 0.909212 -0.109172
v -0.250399 0.906621 -0.110110
v -0.250595 0.910218 -0.108808
v -0.251710 0.907853 -0.109664
v -0.252657 0.910260 -0.108792
v -0.254465 0.909327 -0.109130
v -0.255535 0.907669 -0.109731
v -0.253020 0.906621 -0.110110
v -0.255580 0.905730 -0.110433
v -0.254588 0.904030 -0.111049
v -0.252824 0.903024 -0.111413
v -0.251710 0.905388 -0.110557
v -0.250762 0.902982 -0.111429
v -0.248954 0.903915 -0.111091
v -0.248954 0.836090 -0.135656
v -0.250762 0.837023 -0.135319
v -0.252824 0.836981 -0.135334
v -0.251710 0.834616 -0.136190
v -0.254588 0.835975 -0.135698
v -0.253020 0.833384 -0.136637
v -0.255580 0.834275 -0.136314
v -0.255535 0.832336 -0.137016
v -0.254465 0.830678 -0.137617
v -0.251710 0.832152 -0.137083
v -0.252657 0.829745 -0.137955
v -0.250595 0.829787 -0.137939
v -0.248831 0.830793 -0.137575
v -0.250399 0.833384 -0.136637
v -0.247839 0.832493 -0.136959
v -0.247884 0.834432 -0.136257
v -0.251710 0.419212 -0.199266
v -0.251710 0.345975 -0.225792
v -0.251710 0.878641 -0.032862
v -0.251710 0.805404 -0.059388
v 0.247839 0.420103 -0.198943
v 0.252657 0.422851 -0.197948
v 0.255580 0.418321 -0.199589
v 0.250762 0.415573 -0.200584
v 0.248831 0.421803 -0.198328
v 0.247884 0.418164 -0.199646
v 0.254465 0.421918 -0.198286
v 0.250595 0.422809 -0.197963
v 0.254588 0.416621 -0.200204
v 0.255535 0.420260 -0.198885
v 0.248954 0.416506 -0.200246
v 0.252824 0.415615 -0.200569
v 0.250762 0.349614 -0.224474
v 0.255580 0.346867 -0.225470
v 0.252657 0.342336 -0.227110
v 0.247839 0.345086 -0.226115
v 0.252824 0.349572 -0.224489
v 0.248954 0.348682 -0.224812
v 0.255535 0.344927 -0.226172
v 0.254588 0.348566 -0.224854
v 0.250595 0.342378 -0.227095
v 0.254465 0.343269 -0.226772
v 0.247884 0.347023 -0.225413
v 0.248831 0.343384 -0.226731
v 0.247884 0.446143 -0.276895
v 0.247839 0.448082 -0.276192
v 0.248831 0.449782 -0.275577
v 0.250399 0.447192 -0.276515
v 0.250595 0.450788 -0.275212
v 0.251710 0.448424 -0.276069
v 0.252657 0.450831 -0.275197
v 0.254465 0.449898 -0.275535
v 0.255535 0.448240 -0.276135
v 0.253020 0.447192 -0.276515
v 0.255580 0.446301 -0.276838
v 0.254588 0.444601 -0.277453
v 0.252824 0.443595 -0.277818
v 0.251710 0.445959 -0.276961
v 0.250762 0.443552 -0.277833
v 0.248954 0.444485 -0.277495
v 0.248954 0.376661 -0.302061
v 0.250762 0.377594 -0.301723
v 0.252824 0.377552 -0.301738
v 0.251710 0.375187 -0.302595
v 0.254588 0.376546 -0.302103
v 0.253020 0.373955 -0.303041
v 0.255580 0.374846 -0.302719
v 0.255535 0.372907 -0.303421
v 0.254465 0.371249 -0.304021
v 0.251710 0.372723 -0.303487
v 0.252657 0.370316 -0.304359
v 0.250595 0.370358 -0.304344
v 0.248831 0.371364 -0.303980
v 0.250399 0.373955 -0.303041
v 0.247839 0.373064 -0.303364
v 0.247884 0.375003 -0.302661
v 0.247839 0.879532 -0.032539
v 0.252657 0.882280 -0.031544
v 0.255580 0.877750 -0.033184
v 0.250762 0.875002 -0.034180
v 0.248831 0.881232 -0.031923
v 0.247884 0.877593 -0.033241
v 0.254465 0.881347 -0.031881
v 0.250595 0.882238 -0.031559
v 0.254588 0.876050 -0.033800
v 0.255535 0.879689 -0.032482
v 0.248954 0.875935 -0.033842
v 0.252824 0.875044 -0.034164
v 0.250762 0.809044 -0.058070
v 0.255580 0.806295 -0.059065
v 0.252657 0.801765 -0.060706
v 0.247839 0.804514 -0.059710
v 0.252824 0.809001 -0.058085
v 0.248954 0.808111 -0.058408
v 0.255535 0.804356 -0.059767
v 0.254588 0.807995 -0.058449
v 0.250595 0.801808 -0.060691
v 0.254465 0.802698 -0.060368
v 0.247884 0.806453 -0.059008
v 0.248831 0.802814 -0.060326
v 0.247884 0.905573 -0.110490
v 0.247839 0.907511 -0.109788
v 0.248831 0.909212 -0.109172
v 0.250399 0.906621 -0.110110
v 0.250595 0.910218 -0.108808
v 0.251710 0.907853 -0.109664
v 0.252657 0.910260 -0.108792
v 0.254465 0.909327 -0.109130
v 0.255535 0.907669 -0.109731
v 0.253020 0.906621 -0.110110
v 0.255580 0.905730 -0.110433
v 0.254588 0.904030 -0.111049
v 0.252824 0.903024 -0.111413
v 0.251710 0.905388 -0.110557
v 0.250762 0.902982 -0.111429
v 0.248954 0.903915 -0.111091
v 0.248954 0.836090 -0.135656
v 0.250762 0.837023 -0.135319
v 0.252824 0.836981 -0.135334
v 0.251710 0.834616 -0.136190
v 0.254588 0.835975 -0.135698
v 0.253020 0.833384 -0.136637
v 0.255580 0.834275 -0.136314
v 0.255535 0.832336 -0.137016
v 0.254465 0.830678 -0.137617
v 0.251710 0.832152 -0.137083
v 0.252657 0.829745 -0.137955
v 0.250595 0.829787 -0.137939
v 0.248831 0.830793 -0.137575
v 0.250399 0.833384 -0.136637
v 0.247839 0.832493 -0.136959
v 0.247884 0.834432 -0.136257
v 0.251710 0.419212 -0.199266
v 0.251710 0.345975 -0.225792
v 0.251710 0.878641 -0.032862
v 0.251710 0.805404 -0.059388
v -0.317500 0.300071 -0.327780
v -0.317500 0.519781 -0.248201
v -0.317500 0.293260 -0.308975
v -0.317500 0.512970 -0.229397
v 0.317500 0.300071 -0.327780
v 0.317500 0.519781 -0.248201
v 0.317500 0.293260 -0.308975
v 0.317500 0.512970 -0.229397
v -0.317500 0.759500 -0.161375
v -0.317500 0.979210 -0.081797
v -0.317500 0.752689 -0.142571
v -0.317500 0.972399 -0.062992
v 0.317500 0.759500 -0.161375
v 0.317500 0.979210 -0.081797
v 0.317500 0.752689 -0.142571
v 0.317500 0.972399 -0.062992
v -0.317500 0.519781 0.248201
v -0.317500 0.293260 0.308975
v -0.317500 0.512970 0.229397
v 0.317500 0.300071 0.327780
v 0.317500 0.519781 0.248201
v 0.317500 0.293260 0.308975
v 0.317500 0.512970 0.229397
v -0.317500 0.759500 0.161375
v -0.317500 0.979210 0.081797
v -0.317500 0.752689 0.142571
v -0.317500 0.972399 0.062992
v 0.317500 0.759500 0.161375
v 0.317500 0.979210 0.081797
v 0.317500 0.752689 0.142571
v 0.317500 0.972399 0.062992
v -0.317500 0.300071 0.327780
vn -1.0000 -0.0000 -0.0000
vn -0.0000 -0.3405 -0.9402
vn 1.0000 -0.0000 -0.0000
vn -0.0000 0.3405 0.9402
vn -0.0000 0.9402 -0.3405
vn -0.0000 -1.0000 -0.0000
vn -0.0000 -0.3405 0.9402
vn -0.0000 0.3405 -0.9402
vn -0.0000 0.9402 0.3405
vn -0.0000 -0.9402 0.3405
vn -0.7071 0.6648 -0.2408
vn 0.7071 0.6648 -0.2408
vn -0.7071 -0.6648 0.2408
vn 0.7071 -0.6648 0.2408
vn 0.7071 0.6649 -0.2408
vn -0.0000 -0.9402 0.3406
vn -0.0000 -0.3406 -0.9402
vn -0.0000 0.9402 -0.3406
vn -0.7071 0.6649 -0.2408
vn -0.0000 -0.9402 -0.3405
vn -0.7071 0.6648 0.2408
vn 0.7071 0.6648 0.2408
vn -0.7071 -0.6648 -0.2408
vn 0.7071 -0.6648 -0.2408
vn 0.7071 0.6649 0.2408
vn -0.0000 -0.9402 -0.3406
vn -0.0000 -0.3406 0.9402
vn -0.0000 0.9402 0.3406
vn -0.7071 0.6649 0.2408
vn -0.0000 0.5000 0.8660
vn -0.0000 -0.0000 1.0000
vn -0.0000 0.8660 0.5000
vn -0.0000 1.0000 -0.0000
vn -0.0000 0.8660 -0.5000
vn -0.0000 0.5000 -0.8660
vn -0.0000 -0.0000 -1.0000
vn -0.0000 -0.8660 0.5000
vn -0.0000 -0.5000 -0.8660
vn -0.0000 -0.8660 -0.5000
vn -0.0000 -0.5000 0.8660
vn 0.7224 -0.6502 0.2355
vn 0.2798 -0.9027 0.3270
vn -0.9713 -0.2235 0.0810
vn -0.9601 0.2630 -0.0953
vn -0.9601 0.2631 -0.0953
vn -0.2798 0.9027 -0.3270
vn 0.2377 0.9133 -0.3308
vn 0.2376 0.9133 -0.3308
vn -0.2378 -0.9133 0.3308
vn -0.2377 -0.9133 0.3308
vn 0.6915 0.6792 -0.2460
vn 0.6916 0.6792 -0.2460
vn -0.6916 -0.6792 0.2460
vn -0.6916 -0.6791 0.2460
vn -0.6916 0.6791 -0.2460
vn 0.9601 -0.2630 0.0953
vn 0.6915 -0.6792 0.2460
vn 0.6916 -0.6791 0.2460
vn -0.2377 0.9133 -0.3308
vn -0.2378 0.9133 -0.3308
vn -0.9601 -0.2631 0.0953
vn -0.9601 -0.2630 0.0953
vn 0.2798 0.9027 -0.3269
vn 0.2798 0.9027 -0.3270
vn 0.2378 -0.9133 0.3308
vn 0.2377 -0.9133 0.3308
vn 0.9601 0.2631 -0.0953
vn 0.9601 0.2629 -0.0952
vn -0.2798 -0.9027 0.3270
vn -0.9713 0.2236 -0.0810
vn -0.9713 0.2235 -0.0810
vn -0.7223 0.6502 -0.2355
vn -0.7222 0.6503 -0.2355
vn 0.7223 0.6502 -0.2355
vn 0.9714 -0.2234 0.0809
vn 0.9713 -0.2235 0.0810
vn -0.0000 0.3406 0.9402
vn 0.9713 0.2235 -0.0810
vn 0.9601 -0.2631 0.0953
vn -0.7223 -0.6502 0.2355
vn -0.2798 0.9027 -0.3269
vn 0.7223 -0.6502 0.2355
vn 0.2797 -0.9027 0.3270
vn 0.2378 0.9133 -0.3308
vn 0.6916 0.6791 -0.2460
vn -0.6915 -0.6792 0.2460
vn -0.2798 -0.9027 0.3269
vn -0.2797 -0.9027 0.3270
vn -0.7223 -0.6503 0.2355
vn -0.2797 0.9027 -0.3270
vn -0.0000 -0.3408 -0.9401
vn 0.0002 -0.3406 -0.9402
vn 0.0002 -0.3404 -0.9403
vn 0.0001 -0.3406 -0.9402
vn -0.0000 -0.3405 -0.9403
vn -0.0001 -0.3405 -0.9402
vn -0.0001 -0.3406 -0.9402
vn -0.7224 -0.6502 0.2355
vn 0.9601 0.2630 -0.0953
vn -0.2376 0.9133 -0.3308
vn -0.6915 0.6792 -0.2460
vn -0.9601 0.2629 -0.0952
vn 0.2798 -0.9027 0.3269
vn 0.9713 0.2236 -0.0810
vn 0.7222 0.6503 -0.2355
vn -0.9714 -0.2234 0.0809
vn 0.7223 -0.6503 0.2355
vn -0.0002 -0.3406 -0.9402
vn -0.0002 -0.3404 -0.9403
vn 0.0001 -0.3405 -0.9402
vn 0.2798 -0.9027 -0.3270
vn 0.7223 -0.6502 -0.2355
vn 0.7224 -0.6502 -0.2355
vn -0.9601 0.2630 0.0953
vn -0.9713 -0.2235 -0.0810
vn -0.9601 0.2631 0.0953
vn 0.2377 0.9133 0.3308
vn -0.2798 0.9027 0.3270
vn 0.2376 0.9133 0.3308
vn -0.2378 -0.9133 -0.3308
vn 0.2798 -0.9027 -0.3269
vn 0.6915 0.6792 0.2460
vn -0.6916 -0.6791 -0.2460
vn -0.6916 0.6791 0.2460
vn 0.6915 -0.6792 -0.2460
vn 0.9601 -0.2630 -0.0953
vn 0.6916 -0.6791 -0.2460
vn -0.2378 0.9133 0.3308
vn -0.9601 -0.2631 -0.0953
vn 0.2798 0.9027 0.3270
vn 0.2377 -0.9133 -0.3308
vn 0.9601 0.2631 0.0953
vn 0.9601 0.2629 0.0952
vn -0.2798 -0.9027 -0.3270
vn -0.2798 -0.9027 -0.3269
vn -0.9713 0.2236 0.0810
vn -0.7223 0.6502 0.2355
vn -0.7222 0.6503 0.2355
vn 0.7223 0.6502 0.2355
vn 0.9714 -0.2234 -0.0809
vn -0.0000 0.3406 -0.9402
vn 0.9601 -0.2631 -0.0953
vn 0.9713 0.2235 0.0810
vn -0.7223 -0.6502 -0.2355
vn -0.2798 0.9027 0.3269
vn 0.2797 -0.9027 -0.3270
vn 0.2378 0.9133 0.3308
vn -0.2377 -0.9133 -0.3308
vn 0.6916 0.6791 0.2460
vn -0.6915 -0.6792 -0.2460
vn 0.6916 -0.6792 -0.2460
vn -0.2377 0.9133 0.3308
vn -0.9601 -0.2630 -0.0953
vn 0.2798 0.9027 0.3269
vn 0.9601 0.2630 0.0953
vn -0.2797 -0.9027 -0.3270
vn -0.9713 0.2235 0.0810
vn 0.9713 -0.2235 -0.0810
vn -0.7223 -0.6503 -0.2355
vn -0.0000 -0.3408 0.9401
vn 0.0002 -0.3406 0.9402
vn 0.0002 -0.3404 0.9403
vn 0.0001 -0.3406 0.9402
vn -0.0000 -0.3405 0.9403
vn -0.0001 -0.3405 0.9402
vn -0.0001 -0.3406 0.9402
vn -0.7224 -0.6502 -0.2355
vn -0.2376 0.9133 0.3308
vn 0.2378 -0.9133 -0.3308
vn -0.6915 0.6792 0.2460
vn -0.6916 0.6792 0.2460
vn -0.9601 0.2629 0.0952
vn 0.9713 0.2236 0.0810
vn 0.7222 0.6503 0.2355
vn -0.9714 -0.2234 -0.0809
vn 0.7223 -0.6503 -0.2355
vn 0.2797 0.9027 0.3270
vn -0.0002 -0.3406 0.9402
vn -0.0002 -0.3404 0.9403
vn 0.0001 -0.3405 0.9402
vn -0.6916 0.6792 -0.2460
vn 0.6916 0.6792 0.2460
vt 0.157408 0.869111
vt 0.155516 0.823213
vt 0.155133 0.823213
vt 0.157747 0.868215
vt 0.160022 0.823213
vt 0.158130 0.869111
vt 0.160405 0.823213
vt 0.157792 0.868215
vt 0.071984 0.116077
vt 0.071949 0.115463
vt 0.071954 0.115452
vt 0.071989 0.116066
vt 0.071977 0.115861
vt 0.071980 0.115873
vt 0.071979 0.115858
vt 0.071966 0.115656
vt 0.071968 0.115669
vt 0.071967 0.115653
vt 0.071978 0.115877
vt 0.071976 0.115846
vt 0.071978 0.115842
vt 0.071965 0.115641
vt 0.071966 0.115637
vt 0.071966 0.115672
vt 0.071976 0.115839
vt 0.071978 0.115836
vt 0.071966 0.115631
vt 0.071968 0.115675
vt 0.071980 0.115880
vt 0.071979 0.115883
vt 0.071964 0.115634
vt 0.071967 0.115679
vt 0.072028 0.115463
vt 0.071992 0.116077
vt 0.072023 0.115452
vt 0.071987 0.116066
vt 0.071999 0.115861
vt 0.071997 0.115873
vt 0.071998 0.115877
vt 0.072011 0.115656
vt 0.072008 0.115669
vt 0.072010 0.115672
vt 0.072000 0.115846
vt 0.071997 0.115858
vt 0.072012 0.115641
vt 0.072009 0.115653
vt 0.072000 0.115839
vt 0.071998 0.115842
vt 0.072011 0.115631
vt 0.072010 0.115637
vt 0.072008 0.115675
vt 0.071999 0.115836
vt 0.071996 0.115880
vt 0.072010 0.115679
vt 0.071998 0.115883
vt 0.072012 0.115634
vt 0.071985 0.116088
vt 0.071985 0.116078
vt 0.071986 0.116096
vt 0.071988 0.116099
vt 0.071990 0.116096
vt 0.071991 0.116088
vt 0.071992 0.116078
vt 0.071990 0.116094
vt 0.071988 0.116097
vt 0.071992 0.116090
vt 0.071992 0.116078
vt 0.071991 0.116068
vt 0.071990 0.116061
vt 0.071992 0.116065
vt 0.071985 0.116065
vt 0.071984 0.116078
vt 0.071988 0.116102
vt 0.071990 0.116099
vt 0.071991 0.116067
vt 0.071985 0.116067
vt 0.071986 0.116056
vt 0.071988 0.116056
vt 0.071986 0.116059
vt 0.071985 0.116090
vt 0.071986 0.116099
vt 0.071988 0.116053
vt 0.071990 0.116059
vt 0.071990 0.116056
vt 0.071991 0.116078
vt 0.071988 0.116058
vt 0.071987 0.116061
vt 0.071985 0.116068
vt 0.071985 0.116078
vt 0.071985 0.116087
vt 0.071987 0.116094
vt 0.071991 0.116087
vt 0.071988 0.116078
vt 0.071752 0.111985
vt 0.071671 0.112161
vt 0.071752 0.111978
vt 0.071780 0.112475
vt 0.071700 0.112670
vt 0.071781 0.112487
vt 0.071754 0.112025
vt 0.071674 0.112208
vt 0.071754 0.112026
vt 0.071752 0.111978
vt 0.071671 0.112161
vt 0.071754 0.112020
vt 0.071673 0.112202
vt 0.071752 0.111984
vt 0.071671 0.112167
vt 0.071782 0.112498
vt 0.071701 0.112681
vt 0.071780 0.112474
vt 0.071699 0.112646
vt 0.071780 0.112463
vt 0.071701 0.112687
vt 0.071782 0.112504
vt 0.071753 0.111995
vt 0.071672 0.112178
vt 0.071782 0.112504
vt 0.071701 0.112687
vt 0.071779 0.112457
vt 0.071699 0.112639
vt 0.071673 0.112192
vt 0.071753 0.112009
vt 0.071699 0.112640
vt 0.071779 0.112457
vt 0.071753 0.112008
vt 0.071673 0.112190
vt 0.071673 0.112202
vt 0.071754 0.112019
vt 0.071782 0.112497
vt 0.071701 0.112680
vt 0.071753 0.111996
vt 0.071672 0.112179
vt 0.071700 0.112669
vt 0.071700 0.112663
vt 0.071700 0.112656
vt 0.071701 0.112671
vt 0.071700 0.112657
vt 0.071699 0.112646
vt 0.071700 0.112655
vt 0.071673 0.112193
vt 0.071674 0.112208
vt 0.071672 0.112185
vt 0.071672 0.112177
vt 0.071671 0.112168
vt 0.071781 0.112486
vt 0.071780 0.112463
vt 0.071925 0.114980
vt 0.071845 0.115170
vt 0.071844 0.115163
vt 0.071954 0.115489
vt 0.071873 0.115659
vt 0.071874 0.115672
vt 0.071928 0.115027
vt 0.071847 0.115210
vt 0.071928 0.115027
vt 0.071925 0.114980
vt 0.071844 0.115163
vt 0.071927 0.115021
vt 0.071847 0.115204
vt 0.071925 0.114986
vt 0.071845 0.115169
vt 0.071874 0.115683
vt 0.071955 0.115500
vt 0.071953 0.115465
vt 0.071873 0.115658
vt 0.071872 0.115647
vt 0.071875 0.115689
vt 0.071955 0.115506
vt 0.071845 0.115180
vt 0.071926 0.114997
vt 0.071955 0.115506
vt 0.071875 0.115689
vt 0.071872 0.115641
vt 0.071953 0.115458
vt 0.071927 0.115011
vt 0.071846 0.115193
vt 0.071872 0.115642
vt 0.071953 0.115459
vt 0.071927 0.115010
vt 0.071846 0.115192
vt 0.071847 0.115203
vt 0.071927 0.115021
vt 0.071955 0.115499
vt 0.071874 0.115682
vt 0.071845 0.115181
vt 0.071926 0.114998
vt 0.071874 0.115671
vt 0.071873 0.115665
vt 0.071874 0.115673
vt 0.071872 0.115648
vt 0.071873 0.115657
vt 0.071846 0.115195
vt 0.071847 0.115210
vt 0.071846 0.115186
vt 0.071845 0.115178
vt 0.071954 0.115475
vt 0.071953 0.115465
vt 0.071954 0.115476
vt 0.071954 0.115488
vt 0.071925 0.114987
vt 0.071753 0.112002
vt 0.071954 0.115482
vt 0.071926 0.115004
vt 0.071781 0.112480
vt 0.072225 0.111978
vt 0.072305 0.112168
vt 0.072224 0.111985
vt 0.072276 0.112670
vt 0.072196 0.112475
vt 0.072195 0.112487
vt 0.072303 0.112208
vt 0.072222 0.112025
vt 0.072222 0.112026
vt 0.072225 0.111978
vt 0.072305 0.112161
vt 0.072222 0.112020
vt 0.072305 0.112167
vt 0.072224 0.111984
vt 0.072195 0.112498
vt 0.072277 0.112646
vt 0.072196 0.112474
vt 0.072197 0.112463
vt 0.072275 0.112687
vt 0.072194 0.112504
vt 0.072304 0.112178
vt 0.072224 0.111995
vt 0.072194 0.112504
vt 0.072278 0.112639
vt 0.072197 0.112457
vt 0.072303 0.112192
vt 0.072223 0.112009
vt 0.072278 0.112640
vt 0.072197 0.112457
vt 0.072223 0.112008
vt 0.072303 0.112202
vt 0.072222 0.112019
vt 0.072275 0.112680
vt 0.072195 0.112497
vt 0.072224 0.111996
vt 0.072276 0.112669
vt 0.072276 0.112663
vt 0.072276 0.112671
vt 0.072275 0.112687
vt 0.072275 0.112681
vt 0.072277 0.112657
vt 0.072277 0.112646
vt 0.072277 0.112655
vt 0.072277 0.112656
vt 0.072303 0.112193
vt 0.072303 0.112208
vt 0.072304 0.112190
vt 0.072304 0.112185
vt 0.072305 0.112161
vt 0.072304 0.112177
vt 0.072304 0.112179
vt 0.072303 0.112202
vt 0.072195 0.112486
vt 0.072197 0.112463
vt 0.072132 0.115163
vt 0.072051 0.114987
vt 0.072051 0.114980
vt 0.072102 0.115672
vt 0.072023 0.115476
vt 0.072022 0.115489
vt 0.072129 0.115210
vt 0.072049 0.115027
vt 0.072049 0.115027
vt 0.072132 0.115163
vt 0.072051 0.114980
vt 0.072129 0.115204
vt 0.072049 0.115021
vt 0.072051 0.114986
vt 0.072102 0.115683
vt 0.072021 0.115500
vt 0.072104 0.115647
vt 0.072023 0.115475
vt 0.072023 0.115465
vt 0.072102 0.115689
vt 0.072021 0.115506
vt 0.072131 0.115180
vt 0.072050 0.114997
vt 0.072102 0.115689
vt 0.072021 0.115506
vt 0.072104 0.115641
vt 0.072024 0.115458
vt 0.072130 0.115193
vt 0.072050 0.115011
vt 0.072104 0.115642
vt 0.072024 0.115459
vt 0.072050 0.115010
vt 0.072049 0.115021
vt 0.072130 0.115192
vt 0.072021 0.115499
vt 0.072131 0.115181
vt 0.072050 0.114998
vt 0.072103 0.115671
vt 0.072103 0.115665
vt 0.072102 0.115682
vt 0.072102 0.115673
vt 0.072103 0.115659
vt 0.072104 0.115648
vt 0.072103 0.115657
vt 0.072103 0.115658
vt 0.072130 0.115195
vt 0.072129 0.115210
vt 0.072130 0.115203
vt 0.072131 0.115186
vt 0.072132 0.115169
vt 0.072131 0.115178
vt 0.072131 0.115170
vt 0.072022 0.115488
vt 0.072023 0.115465
vt 0.072223 0.112002
vt 0.072022 0.115482
vt 0.072050 0.115004
vt 0.072196 0.112480
vt 0.159345 0.847325
vt 0.159731 0.836817
vt 0.159225 0.847009
vt 0.158288 0.868638
vt 0.158794 0.858446
vt 0.159850 0.837133
vt 0.158169 0.868322
vt 0.158674 0.858130
vt 0.156193 0.847325
vt 0.155808 0.836817
vt 0.155688 0.837133
vt 0.156745 0.858446
vt 0.157369 0.868322
vt 0.156864 0.858130
vt 0.155688 0.837133
vt 0.157250 0.868638
vt 0.156313 0.847009
s 1
g simple_barricade_01_wood_small_regular_material
usemtl regular_material
f 1/1/1 6/2/1 5/3/1
s 2
f 2/4/2 7/2/2 6/2/2
s 3
f 3/1/3 7/2/3 4/4/3
s 4
f 3/1/4 5/3/4 8/3/4
s 5
f 2/4/5 3/1/5 4/4/5
s 6
f 7/2/6 5/3/6 6/2/6
s 7
f 14/2/3 9/1/3 13/3/3
s 8
f 15/2/2 10/4/2 14/2/2
s 9
f 11/1/1 15/2/1 16/3/1
s 10
f 13/3/4 11/1/4 16/3/4
s 11
f 11/1/5 10/4/5 12/4/5
s 12
f 13/3/6 15/2/6 14/2/6
s 13
f 22/5/1 17/6/1 21/7/1
s 14
f 23/5/7 18/8/7 22/5/7
s 15
f 19/6/3 23/5/3 24/7/3
s 16
f 21/7/8 19/6/8 24/7/8
s 17
f 19/6/9 18/8/9 20/8/9
s 18
f 21/7/6 23/5/6 22/5/6
s 19
f 25/6/3 30/5/3 29/7/3
s 20
f 26/8/7 31/5/7 30/5/7
s 21
f 27/6/1 31/5/1 28/8/1
s 22
f 27/6/8 29/7/8 32/7/8
s 23
f 26/8/9 27/6/9 28/8/9
s 24
f 31/5/6 29/7/6 30/5/6
s 25
f 38/9/4 33/10/4 37/10/4
s 26
f 39/11/10 33/10/10 35/11/10
s 27
f 36/12/5 38/9/5 40/12/5
s 28
f 34/9/1 35/11/1 33/10/1
s 29
f 36/12/2 39/11/2 35/11/2
s 30
f 51/13/1 73/14/11 72/15/1
s 31
f 41/16/1 62/17/11 61/18/1
s 30
f 49/13/3 66/14/12 56/19/12
f 54/20/13 72/15/1 71/21/13
s 31
f 45/22/13 61/18/1 59/23/13
f 48/22/14 65/18/3 44/16/3
f 44/16/3 64/17/12 47/24/15
s 30
f 50/25/16 71/21/13 70/26/16
s 32
f 58/27/17 60/18/2 57/23/17
f 61/18/17 60/18/2 59/23/2
f 63/28/2 60/18/2 62/17/2
f 65/18/17 60/18/2 64/17/2
s 33
f 67/15/17 69/15/2 66/14/2
f 70/26/2 69/15/2 68/21/17
f 72/15/2 69/15/2 71/21/2
f 74/29/2 69/15/2 73/14/2
s 30
f 49/13/3 68/21/14 67/15/3
s 31
f 46/24/11 63/28/18 62/17/11
s 30
f 52/30/18 73/14/11 55/19/11
s 31
f 42/31/16 57/23/14 48/22/14
f 43/32/18 64/17/12 63/28/18
s 30
f 56/19/12 74/29/18 52/30/18
s 31
f 42/31/16 59/23/13 58/27/16
s 30
f 50/25/16 68/21/14 53/20/14
s 34
f 39/11/3 38/9/3 37/10/3
s 35
f 75/10/4 80/9/4 79/10/4
s 36
f 75/10/10 81/11/10 77/11/10
s 37
f 80/9/5 78/12/5 82/12/5
s 38
f 77/11/3 76/9/3 75/10/3
s 39
f 81/11/2 78/12/2 77/11/2
s 40
f 93/13/3 115/14/12 97/19/12
s 41
f 83/16/3 104/17/12 88/24/12
s 40
f 108/14/11 91/13/1 98/19/11
f 96/20/14 114/15/3 93/13/3
s 41
f 87/22/14 103/18/3 83/16/3
f 107/18/1 90/22/13 86/16/1
f 106/17/19 86/16/1 89/24/19
s 40
f 92/25/16 113/21/14 96/20/14
s 42
f 100/27/17 102/18/2 101/23/2
f 103/18/17 102/18/2 104/17/2
f 105/28/2 102/18/2 106/17/2
f 107/18/17 102/18/2 99/23/17
s 43
f 109/15/17 111/15/2 110/21/17
f 112/26/2 111/15/2 113/21/2
f 114/15/2 111/15/2 115/14/2
f 116/29/2 111/15/2 108/14/2
s 40
f 91/13/1 110/21/13 95/20/13
s 41
f 88/24/12 105/28/18 85/32/18
s 40
f 115/14/12 94/30/18 97/19/12
s 41
f 99/23/13 84/31/16 90/22/13
f 105/28/18 89/24/19 85/32/18
s 40
f 116/29/18 98/19/11 94/30/18
s 41
f 84/31/16 101/23/14 87/22/14
s 40
f 110/21/13 92/25/16 95/20/13
s 44
f 81/11/1 80/9/1 82/12/1
s 45
f 117/33/8 122/34/8 121/33/8
s 46
f 117/33/20 123/35/20 119/35/20
s 47
f 122/34/9 120/36/9 124/36/9
s 48
f 119/35/1 118/34/1 117/33/1
s 49
f 123/35/7 120/36/7 119/35/7
s 50
f 135/37/1 157/38/21 139/39/21
s 51
f 125/40/1 146/41/21 130/42/21
s 50
f 150/38/22 133/37/3 140/39/22
f 138/43/23 156/44/1 135/37/1
s 51
f 129/45/23 145/46/1 125/40/1
f 149/46/3 132/45/24 128/40/3
f 148/41/25 128/40/3 131/42/25
s 50
f 134/47/26 155/48/23 138/43/23
s 52
f 142/49/27 144/46/7 143/50/7
f 145/46/27 144/46/7 146/41/7
f 147/51/7 144/46/7 148/41/7
f 149/46/27 144/46/7 141/50/27
s 53
f 151/44/27 153/44/7 152/48/27
f 154/52/7 153/44/7 155/48/7
f 156/44/7 153/44/7 157/38/7
f 158/53/7 153/44/7 150/38/7
s 50
f 133/37/3 152/48/24 137/43/24
s 51
f 130/42/21 147/51/28 127/54/28
s 50
f 157/38/21 136/55/28 139/39/21
s 51
f 141/50/24 126/56/26 132/45/24
f 147/51/28 131/42/25 127/54/28
s 50
f 158/53/28 140/39/22 136/55/28
s 51
f 126/56/26 143/50/23 129/45/23
s 50
f 152/48/24 134/47/26 137/43/24
s 54
f 123/35/3 122/34/3 124/36/3
s 55
f 164/34/8 159/33/8 163/33/8
s 56
f 165/35/20 159/33/20 161/35/20
s 57
f 162/36/9 164/34/9 166/36/9
s 58
f 160/34/3 161/35/3 159/33/3
s 59
f 162/36/7 165/35/7 161/35/7
s 60
f 177/37/3 199/38/22 198/44/3
s 61
f 167/40/3 188/41/22 187/46/3
s 60
f 175/37/1 192/38/21 182/39/21
f 180/43/24 198/44/3 197/48/24
s 61
f 171/45/24 187/46/3 185/50/24
f 174/45/23 191/46/1 170/40/1
f 170/40/1 190/41/21 173/42/29
s 60
f 176/47/26 197/48/24 196/52/26
s 62
f 184/49/27 186/46/7 183/50/27
f 187/46/27 186/46/7 185/50/7
f 189/51/7 186/46/7 188/41/7
f 191/46/27 186/46/7 190/41/7
s 63
f 193/44/27 195/44/7 192/38/7
f 196/52/7 195/44/7 194/48/27
f 198/44/7 195/44/7 197/48/7
f 200/53/7 195/44/7 199/38/7
s 60
f 175/37/1 194/48/23 193/44/1
s 61
f 172/42/22 189/51/28 188/41/22
s 60
f 178/55/28 199/38/22 181/39/22
s 61
f 168/56/26 183/50/23 174/45/23
f 169/54/28 190/41/21 189/51/28
s 60
f 182/39/21 200/53/28 178/55/28
s 61
f 168/56/26 185/50/24 184/49/26
s 60
f 176/47/26 194/48/23 179/43/23
s 64
f 165/35/1 164/34/1 163/33/1
s 65
f 225/57/30 299/58/31 300/58/31
f 229/59/32 226/57/30 225/57/30
s 66
f 231/59/32 228/57/30 227/57/30
s 65
f 233/60/33 230/59/32 229/59/32
s 66
f 235/60/33 232/59/32 231/59/32
s 65
f 237/61/34 234/60/33 233/60/33
s 66
f 239/61/34 236/60/33 235/60/33
s 65
f 243/62/35 238/61/34 237/61/34
s 66
f 247/62/35 240/61/34 239/61/34
s 65
f 242/63/36 244/62/35 243/62/35
s 67
f 221/64/37 363/65/6 219/65/6
s 66
f 246/63/36 248/62/35 247/62/35
s 68
f 295/66/3 245/63/3 250/67/3
s 69
f 204/68/30 350/69/32 206/69/32
s 70
f 254/70/1 242/63/1 251/67/1
s 71
f 269/71/3 299/58/3 273/72/3
s 68
f 287/73/3 240/61/3 291/74/3
f 255/70/3 245/63/3 317/75/3
s 70
f 270/71/1 300/58/1 304/76/1
s 72
f 288/73/1 239/61/1 235/60/1
s 71
f 265/77/3 311/78/3 307/79/3
s 68
f 279/80/3 232/59/3 283/81/3
s 72
f 296/66/1 246/63/1 247/62/1
f 256/70/1 246/63/1 249/67/1
s 70
f 266/77/1 312/78/1 262/82/1
s 65
f 242/63/36 319/75/38 241/63/36
s 66
f 318/75/38 245/63/36 246/63/36
s 65
f 316/83/39 319/75/38 320/75/38
s 66
f 314/83/39 317/75/38 318/75/38
s 65
f 312/78/6 315/83/39 316/83/39
s 66
f 310/78/6 313/83/39 314/83/39
s 65
f 308/79/37 311/78/6 312/78/6
s 66
f 306/79/37 309/78/6 310/78/6
s 65
f 304/76/40 307/79/37 308/79/37
s 66
f 302/76/40 305/79/37 306/79/37
s 65
f 300/58/31 303/76/40 304/76/40
s 66
f 298/58/31 301/76/40 302/76/40
f 227/57/30 297/58/31 298/58/31
s 72
f 280/80/1 231/59/1 227/57/1
s 71
f 253/70/3 315/83/3 257/84/3
s 68
f 271/71/3 297/58/3 275/72/3
s 71
f 293/66/3 238/61/3 244/62/3
s 70
f 254/70/1 316/83/1 320/75/1
s 72
f 272/71/1 298/58/1 302/76/1
s 70
f 294/66/1 237/61/1 290/74/1
s 68
f 267/77/3 309/78/3 305/79/3
s 71
f 285/73/3 230/59/3 234/60/3
s 72
f 268/77/1 310/78/1 264/82/1
s 70
f 286/73/1 229/59/1 282/81/1
s 68
f 255/70/3 313/83/3 259/84/3
s 71
f 277/80/3 299/58/3 226/57/3
s 68
f 295/66/3 240/61/3 248/62/3
s 72
f 256/70/1 314/83/1 318/75/1
s 70
f 278/80/1 300/58/1 274/72/1
s 72
f 296/66/1 239/61/1 292/74/1
s 71
f 269/71/3 307/79/3 303/76/3
s 68
f 287/73/3 232/59/3 236/60/3
s 70
f 270/71/1 308/79/1 266/77/1
s 72
f 288/73/1 231/59/1 284/81/1
s 71
f 257/84/3 311/78/3 261/82/3
s 68
f 279/80/3 297/58/3 228/57/3
s 71
f 293/66/3 241/63/3 252/67/3
s 73
f 250/67/36 322/70/38 321/67/36
f 295/66/35 321/67/36 343/66/35
s 74
f 252/67/36 256/70/38 249/67/36
f 293/66/35 249/67/36 296/66/35
s 75
f 294/66/35 324/67/36 251/67/36
f 324/67/36 254/70/38 251/67/36
f 323/70/38 258/84/39 254/70/38
s 74
f 253/70/38 260/84/39 256/70/38
s 73
f 255/70/38 325/84/39 322/70/38
s 75
f 326/84/39 262/82/6 258/84/39
s 74
f 257/84/39 264/82/6 260/84/39
s 73
f 259/84/39 327/82/6 325/84/39
s 75
f 328/82/6 266/77/37 262/82/6
s 74
f 261/82/6 268/77/37 264/82/6
s 73
f 263/82/6 329/77/37 327/82/6
s 75
f 330/77/37 270/71/40 266/77/37
s 74
f 265/77/37 272/71/40 268/77/37
s 73
f 267/77/37 331/71/40 329/77/37
s 75
f 332/71/40 274/72/31 270/71/40
s 74
f 269/71/40 276/72/31 272/71/40
s 73
f 271/71/40 333/72/31 331/71/40
s 75
f 334/72/31 278/80/30 274/72/31
s 74
f 273/72/31 280/80/30 276/72/31
s 73
f 275/72/31 335/80/30 333/72/31
s 75
f 336/80/30 282/81/32 278/80/30
s 74
f 277/80/30 284/81/32 280/80/30
s 73
f 279/80/30 337/81/32 335/80/30
s 75
f 338/81/32 286/73/33 282/81/32
s 74
f 281/81/32 288/73/33 284/81/32
s 73
f 283/81/32 339/73/33 337/81/32
s 75
f 340/73/33 290/74/34 286/73/33
s 74
f 285/73/33 292/74/34 288/73/33
s 73
f 287/73/33 341/74/34 339/73/33
s 75
f 342/74/34 294/66/35 290/74/34
s 74
f 289/74/34 296/66/35 292/74/34
s 73
f 291/74/34 343/66/35 341/74/34
s 70
f 278/80/1 229/59/1 225/57/1
s 72
f 260/84/1 310/78/1 314/83/1
s 71
f 253/70/3 241/63/3 319/75/3
f 277/80/3 230/59/3 281/81/3
s 68
f 259/84/3 309/78/3 263/82/3
s 70
f 286/73/1 237/61/1 233/60/1
s 72
f 272/71/1 306/79/1 268/77/1
s 70
f 294/66/1 242/63/1 243/62/1
s 71
f 285/73/3 238/61/3 289/74/3
s 68
f 271/71/3 305/79/3 301/76/3
s 72
f 280/80/1 298/58/1 276/72/1
s 70
f 258/84/1 312/78/1 316/83/1
s 76
f 201/85/1 322/70/1 203/68/1
s 77
f 202/85/3 323/70/3 324/67/3
s 76
f 203/68/1 325/84/1 205/69/1
s 77
f 204/68/3 326/84/3 323/70/3
s 76
f 205/69/1 327/82/1 207/86/1
s 77
f 206/69/3 328/82/3 326/84/3
s 76
f 209/87/1 327/82/1 329/77/1
s 77
f 210/87/3 328/82/3 208/86/3
s 76
f 211/88/1 329/77/1 331/71/1
s 77
f 212/88/3 330/77/3 210/87/3
s 76
f 213/89/1 331/71/1 333/72/1
s 77
f 214/89/3 332/71/3 212/88/3
s 76
f 213/89/1 335/80/1 215/90/1
s 77
f 214/89/3 336/80/3 334/72/3
s 76
f 215/90/1 337/81/1 217/91/1
s 77
f 216/90/3 338/81/3 336/80/3
s 76
f 217/91/1 339/73/1 219/65/1
s 77
f 218/91/3 340/73/3 338/81/3
s 76
f 221/64/1 339/73/1 341/74/1
s 77
f 222/64/3 340/73/3 220/65/3
s 76
f 223/92/1 341/74/1 343/66/1
s 77
f 224/92/3 342/74/3 222/64/3
s 76
f 201/85/1 343/66/1 321/67/1
s 77
f 202/85/3 344/66/3 224/92/3
s 78
f 345/85/1 346/68/1 370/93/1
s 69
f 212/88/35 358/89/36 214/89/36
s 67
f 207/86/33 349/69/32 205/69/32
s 69
f 220/65/6 366/64/37 222/64/37
s 67
f 215/90/38 357/89/36 213/89/36
s 69
f 206/69/32 352/86/33 208/86/33
s 67
f 223/92/40 365/64/37 221/64/37
s 69
f 214/89/36 360/90/38 216/90/38
s 67
f 209/87/34 351/86/33 207/86/33
s 69
f 222/64/37 368/92/40 224/92/40
s 67
f 217/91/39 359/90/38 215/90/38
s 69
f 208/86/33 354/87/34 210/87/34
s 67
f 201/85/31 367/92/40 223/92/40
f 203/68/30 345/85/31 201/85/31
s 69
f 216/90/38 362/91/39 218/91/39
s 67
f 211/88/35 353/87/34 209/87/34
s 69
f 224/92/40 348/85/31 202/85/31
f 202/85/31 347/68/30 204/68/30
s 67
f 219/65/6 361/91/39 217/91/39
s 69
f 210/87/34 356/88/35 212/88/35
s 67
f 205/69/32 346/68/30 203/68/30
s 69
f 218/91/39 364/65/6 220/65/6
s 67
f 213/89/36 355/88/35 211/88/35
s 79
f 347/68/3 348/85/3 369/93/3
f 348/85/3 368/92/3 369/93/3
f 368/92/3 366/64/3 369/93/3
f 366/64/3 364/65/3 369/93/3
f 364/65/3 362/91/3 369/93/3
f 362/91/3 360/90/3 369/93/3
f 360/90/3 358/89/3 369/93/3
f 358/89/3 356/88/3 369/93/3
f 356/88/3 354/87/3 369/93/3
f 354/87/3 352/86/3 369/93/3
f 352/86/3 350/69/3 369/93/3
f 350/69/3 347/68/3 369/93/3
s 78
f 346/68/1 349/69/1 370/93/1
f 349/69/1 351/86/1 370/93/1
f 351/86/1 353/87/1 370/93/1
f 353/87/1 355/88/1 370/93/1
f 355/88/1 357/89/1 370/93/1
f 357/89/1 359/90/1 370/93/1
f 359/90/1 361/91/1 370/93/1
f 361/91/1 363/65/1 370/93/1
f 363/65/1 365/64/1 370/93/1
f 365/64/1 367/92/1 370/93/1
f 367/92/1 345/85/1 370/93/1
s 80
f 469/58/31 395/57/30 470/58/31
f 396/57/30 399/59/32 395/57/30
s 81
f 398/57/30 401/59/32 397/57/30
s 80
f 400/59/32 403/60/33 399/59/32
s 81
f 402/59/32 405/60/33 401/59/32
s 80
f 404/60/33 407/61/34 403/60/33
s 81
f 406/60/33 409/61/34 405/60/33
s 80
f 408/61/34 413/62/35 407/61/34
s 81
f 410/61/34 417/62/35 409/61/34
s 80
f 414/62/35 412/63/36 413/62/35
s 82
f 533/65/6 391/64/37 389/65/6
s 81
f 418/62/35 416/63/36 417/62/35
s 83
f 415/63/1 465/66/1 420/67/1
s 84
f 520/69/32 374/68/30 376/69/32
s 85
f 412/63/3 424/70/3 421/67/3
s 86
f 469/58/1 439/71/1 443/72/1
s 83
f 410/61/1 457/73/1 461/74/1
f 425/70/1 415/63/1 420/67/1
s 85
f 440/71/3 470/58/3 444/72/3
s 87
f 458/73/3 409/61/3 462/74/3
s 86
f 435/77/1 481/78/1 431/82/1
s 83
f 402/59/1 449/80/1 453/81/1
s 87
f 466/66/3 416/63/3 419/67/3
f 416/63/3 426/70/3 419/67/3
s 85
f 482/78/3 436/77/3 432/82/3
s 80
f 412/63/36 489/75/38 490/75/38
s 81
f 415/63/36 488/75/38 416/63/36
s 80
f 489/75/38 486/83/39 490/75/38
s 81
f 487/75/38 484/83/39 488/75/38
s 80
f 485/83/39 482/78/6 486/83/39
s 81
f 483/83/39 480/78/6 484/83/39
s 80
f 481/78/6 478/79/37 482/78/6
s 81
f 479/78/6 476/79/37 480/78/6
s 80
f 477/79/37 474/76/40 478/79/37
s 81
f 475/79/37 472/76/40 476/79/37
s 80
f 473/76/40 470/58/31 474/76/40
s 81
f 471/76/40 468/58/31 472/76/40
f 467/58/31 397/57/30 468/58/31
s 87
f 450/80/3 401/59/3 454/81/3
s 86
f 485/83/1 423/70/1 427/84/1
s 83
f 467/58/1 441/71/1 445/72/1
s 86
f 463/66/1 408/61/1 459/74/1
s 85
f 424/70/3 486/83/3 428/84/3
s 87
f 442/71/3 468/58/3 446/72/3
s 85
f 407/61/3 464/66/3 460/74/3
s 83
f 437/77/1 479/78/1 433/82/1
s 86
f 455/73/1 400/59/1 451/81/1
s 87
f 480/78/3 438/77/3 434/82/3
s 85
f 399/59/3 456/73/3 452/81/3
s 83
f 483/83/1 425/70/1 429/84/1
s 86
f 447/80/1 469/58/1 443/72/1
s 83
f 465/66/1 410/61/1 461/74/1
s 87
f 426/70/3 484/83/3 430/84/3
s 85
f 470/58/3 448/80/3 444/72/3
s 87
f 409/61/3 466/66/3 462/74/3
s 86
f 439/71/1 477/79/1 435/77/1
s 83
f 457/73/1 402/59/1 453/81/1
s 85
f 478/79/3 440/71/3 436/77/3
s 87
f 401/59/3 458/73/3 454/81/3
s 86
f 481/78/1 427/84/1 431/82/1
s 83
f 449/80/1 467/58/1 445/72/1
s 86
f 411/63/1 463/66/1 422/67/1
s 88
f 492/70/38 420/67/36 491/67/36
f 491/67/36 465/66/35 513/66/35
s 89
f 426/70/38 422/67/36 419/67/36
f 419/67/36 463/66/35 466/66/35
s 90
f 464/66/35 494/67/36 514/66/35
f 424/70/38 494/67/36 421/67/36
f 428/84/39 493/70/38 424/70/38
s 89
f 430/84/39 423/70/38 426/70/38
s 88
f 495/84/39 425/70/38 492/70/38
s 90
f 432/82/6 496/84/39 428/84/39
s 89
f 434/82/6 427/84/39 430/84/39
s 88
f 497/82/6 429/84/39 495/84/39
s 90
f 436/77/37 498/82/6 432/82/6
s 89
f 438/77/37 431/82/6 434/82/6
s 88
f 499/77/37 433/82/6 497/82/6
s 90
f 440/71/40 500/77/37 436/77/37
s 89
f 442/71/40 435/77/37 438/77/37
s 88
f 501/71/40 437/77/37 499/77/37
s 90
f 444/72/31 502/71/40 440/71/40
s 89
f 446/72/31 439/71/40 442/71/40
s 88
f 503/72/31 441/71/40 501/71/40
s 90
f 448/80/30 504/72/31 444/72/31
s 89
f 450/80/30 443/72/31 446/72/31
s 88
f 505/80/30 445/72/31 503/72/31
s 90
f 452/81/32 506/80/30 448/80/30
s 89
f 454/81/32 447/80/30 450/80/30
s 88
f 507/81/32 449/80/30 505/80/30
s 90
f 456/73/33 508/81/32 452/81/32
s 89
f 458/73/33 451/81/32 454/81/32
s 88
f 509/73/33 453/81/32 507/81/32
s 90
f 460/74/34 510/73/33 456/73/33
s 89
f 462/74/34 455/73/33 458/73/33
s 88
f 511/74/34 457/73/33 509/73/33
s 90
f 464/66/35 512/74/34 460/74/34
s 89
f 466/66/35 459/74/34 462/74/34
s 88
f 513/66/35 461/74/34 511/74/34
s 85
f 448/80/3 399/59/3 452/81/3
s 87
f 430/84/3 480/78/3 434/82/3
s 86
f 423/70/1 411/63/1 422/67/1
f 400/59/1 447/80/1 451/81/1
s 83
f 479/78/1 429/84/1 433/82/1
s 85
f 456/73/3 407/61/3 460/74/3
s 87
f 476/79/3 442/71/3 438/77/3
s 85
f 464/66/3 412/63/3 421/67/3
s 86
f 408/61/1 455/73/1 459/74/1
s 83
f 441/71/1 475/79/1 437/77/1
s 87
f 468/58/3 450/80/3 446/72/3
s 85
f 428/84/3 482/78/3 432/82/3
s 91
f 492/70/3 371/85/3 373/68/3
s 92
f 372/85/1 493/70/1 374/68/1
s 91
f 495/84/3 373/68/3 375/69/3
s 92
f 374/68/1 496/84/1 376/69/1
s 91
f 497/82/3 375/69/3 377/86/3
s 92
f 376/69/1 498/82/1 378/86/1
s 91
f 379/87/3 497/82/3 377/86/3
s 92
f 498/82/1 380/87/1 378/86/1
s 91
f 381/88/3 499/77/3 379/87/3
s 92
f 500/77/1 382/88/1 380/87/1
s 91
f 383/89/3 501/71/3 381/88/3
s 92
f 502/71/1 384/89/1 382/88/1
s 91
f 505/80/3 383/89/3 385/90/3
s 92
f 384/89/1 506/80/1 386/90/1
s 91
f 507/81/3 385/90/3 387/91/3
s 92
f 386/90/1 508/81/1 388/91/1
s 91
f 509/73/3 387/91/3 389/65/3
s 92
f 388/91/1 510/73/1 390/65/1
s 91
f 391/64/3 509/73/3 389/65/3
s 92
f 510/73/1 392/64/1 390/65/1
s 91
f 393/92/3 511/74/3 391/64/3
s 92
f 512/74/1 394/92/1 392/64/1
s 91
f 371/85/3 513/66/3 393/92/3
s 92
f 514/66/1 372/85/1 394/92/1
s 93
f 515/85/3 540/93/3 516/68/3
s 84
f 528/89/36 382/88/35 384/89/36
s 82
f 519/69/32 377/86/33 375/69/32
s 84
f 536/64/37 390/65/6 392/64/37
s 82
f 527/89/36 385/90/38 383/89/36
s 84
f 522/86/33 376/69/32 378/86/33
s 82
f 535/64/37 393/92/40 391/64/37
s 84
f 530/90/38 384/89/36 386/90/38
s 82
f 521/86/33 379/87/34 377/86/33
s 84
f 538/92/40 392/64/37 394/92/40
s 82
f 529/90/38 387/91/39 385/90/38
s 84
f 524/87/34 378/86/33 380/87/34
s 82
f 537/92/40 371/85/31 393/92/40
f 515/85/31 373/68/30 371/85/31
s 84
f 532/91/39 386/90/38 388/91/39
s 82
f 523/87/34 381/88/35 379/87/34
s 84
f 518/85/31 394/92/40 372/85/31
f 517/68/30 372/85/31 374/68/30
s 82
f 531/91/39 389/65/6 387/91/39
s 84
f 526/88/35 380/87/34 382/88/35
s 82
f 516/68/30 375/69/32 373/68/30
s 84
f 534/65/6 388/91/39 390/65/6
s 82
f 525/88/35 383/89/36 381/88/35
s 94
f 517/68/1 539/93/1 518/85/1
f 518/85/1 539/93/1 538/92/1
f 538/92/1 539/93/1 536/64/1
f 536/64/1 539/93/1 534/65/1
f 534/65/1 539/93/1 532/91/1
f 532/91/1 539/93/1 530/90/1
f 530/90/1 539/93/1 528/89/1
f 528/89/1 539/93/1 526/88/1
f 526/88/1 539/93/1 524/87/1
f 524/87/1 539/93/1 522/86/1
f 522/86/1 539/93/1 520/69/1
f 520/69/1 539/93/1 517/68/1
s 93
f 516/68/3 540/93/3 519/69/3
f 519/69/3 540/93/3 521/86/3
f 521/86/3 540/93/3 523/87/3
f 523/87/3 540/93/3 525/88/3
f 525/88/3 540/93/3 527/89/3
f 527/89/3 540/93/3 529/90/3
f 529/90/3 540/93/3 531/91/3
f 531/91/3 540/93/3 533/65/3
f 533/65/3 540/93/3 535/64/3
f 535/64/3 540/93/3 537/92/3
f 537/92/3 540/93/3 515/85/3
s 95
f 564/94/41 592/95/42 561/96/42
s 96
f 543/97/43 573/98/44 550/99/45
s 95
f 557/100/46 582/101/47 553/102/48
f 555/103/49 592/95/42 591/104/50
f 558/105/51 582/101/47 581/106/52
f 562/107/53 591/104/50 589/108/54
s 96
f 547/109/55 573/98/44 572/110/55
f 546/111/56 580/112/57 551/113/58
f 547/109/55 571/114/59 542/115/60
s 95
f 559/116/61 589/108/54 588/117/62
s 96
f 548/118/63 571/114/59 569/119/64
f 544/120/65 580/112/57 579/121/66
s 95
f 558/105/51 596/122/67 563/123/68
s 96
f 544/120/65 577/124/69 552/125/69
s 95
f 554/126/70 588/117/62 587/127/71
f 554/126/70 585/128/72 560/129/73
s 96
f 545/130/74 569/119/64 567/131/74
s 95
f 556/132/75 596/122/67 595/133/76
s 97
f 566/134/77 568/135/4 565/136/4
f 567/131/77 570/137/4 568/135/4
f 571/114/4 570/137/4 569/119/77
f 572/110/4 574/135/4 570/137/4
f 575/138/77 574/135/4 573/98/4
f 576/139/77 578/140/4 574/135/4
f 579/121/4 578/140/4 577/124/4
f 580/112/4 568/135/4 578/140/4
f 570/137/4 578/140/4 568/135/4
s 98
f 582/101/77 584/141/77 581/106/4
f 585/128/4 584/141/77 583/142/4
f 587/127/4 586/143/77 585/128/4
f 589/108/77 586/143/77 588/117/77
f 591/104/77 590/144/77 589/108/77
f 593/145/4 590/144/77 592/95/77
f 595/133/4 594/143/77 593/145/4
f 581/106/4 594/143/77 596/122/77
f 586/143/77 594/143/77 584/141/77
s 96
f 541/146/78 565/136/79 546/111/56
f 549/147/80 575/138/43 543/97/43
f 541/146/78 567/131/74 566/134/78
s 95
f 560/129/73 583/142/81 557/100/46
s 96
f 552/125/69 576/139/80 549/147/80
s 95
f 556/132/75 593/145/82 564/94/41
s 99
f 617/148/83 649/149/41 648/150/42
s 100
f 606/151/44 631/152/43 629/153/45
s 99
f 613/154/81 638/155/84 609/156/47
f 611/157/50 648/150/42 647/158/49
f 614/159/51 638/155/84 637/160/85
f 618/161/86 647/158/49 645/162/86
s 100
f 606/151/44 628/163/55 603/164/55
f 607/165/58 621/166/79 636/167/58
f 603/164/55 627/168/59 598/169/59
s 99
f 618/161/86 644/170/62 615/171/62
s 100
f 604/172/63 627/168/59 625/173/63
f 607/165/58 635/174/66 600/175/65
s 99
f 619/176/67 637/160/85 652/177/67
s 100
f 600/175/65 633/178/87 608/179/88
s 99
f 610/180/71 644/170/62 643/181/71
f 610/180/71 641/182/72 616/183/72
s 100
f 601/184/74 625/173/63 623/185/74
s 99
f 619/176/67 651/186/76 612/187/76
s 101
f 622/188/4 624/189/4 621/166/77
f 623/185/4 626/190/4 624/189/4
f 627/168/4 626/190/4 625/173/77
f 628/163/4 630/189/77 626/190/4
f 631/152/77 630/189/77 629/153/4
f 632/191/4 634/192/4 630/189/77
f 635/174/4 634/192/4 633/178/4
f 636/167/4 624/189/4 634/192/4
f 626/190/4 634/192/4 624/189/4
s 102
f 638/155/77 640/193/77 637/160/77
f 641/182/77 640/193/77 639/194/4
f 643/181/4 642/195/77 641/182/77
f 645/162/4 642/195/77 644/170/4
f 647/158/77 646/196/4 645/162/4
f 649/149/4 646/196/4 648/150/4
f 651/186/4 650/195/4 649/149/4
f 637/160/77 650/195/4 652/177/77
f 642/195/77 650/195/4 640/193/77
s 100
f 602/197/56 622/188/78 621/166/79
f 605/198/89 631/152/43 599/199/43
f 601/184/74 622/188/78 597/200/78
s 99
f 613/154/81 641/182/72 639/194/90
s 100
f 605/198/89 633/178/87 632/191/80
s 99
f 612/187/76 649/149/41 620/201/82
s 103
f 558/105/2 563/123/17 654/202/2
s 104
f 602/197/17 607/165/2 655/203/2
s 105
f 614/159/17 619/176/17 656/204/2
s 106
f 546/111/17 551/113/17 653/205/17
f 551/113/17 544/120/17 653/205/17
f 544/120/17 552/125/17 653/205/17
f 552/125/17 549/147/17 653/205/17
f 549/147/17 543/97/91 653/205/17
f 543/97/91 550/99/92 653/205/17
f 550/99/92 547/109/93 653/205/17
f 547/109/93 542/115/2 653/205/17
f 542/115/2 548/118/2 653/205/17
f 548/118/2 545/130/2 653/205/17
f 545/130/2 541/146/2 653/205/17
f 541/146/2 546/111/17 653/205/17
s 103
f 563/123/17 556/132/94 654/202/2
f 556/132/94 564/94/95 654/202/2
f 564/94/95 561/96/2 654/202/2
f 561/96/2 555/103/2 654/202/2
f 555/103/2 562/107/2 654/202/2
f 562/107/2 559/116/95 654/202/2
f 559/116/95 554/126/96 654/202/2
f 554/126/96 560/129/97 654/202/2
f 560/129/97 557/100/17 654/202/2
f 557/100/17 553/102/94 654/202/2
f 553/102/94 558/105/2 654/202/2
s 104
f 607/165/2 600/175/2 655/203/2
f 600/175/2 608/179/2 655/203/2
f 608/179/2 605/198/2 655/203/2
f 605/198/2 599/199/17 655/203/2
f 599/199/17 606/151/2 655/203/2
f 606/151/2 603/164/2 655/203/2
f 603/164/2 598/169/17 655/203/2
f 598/169/17 604/172/17 655/203/2
f 604/172/17 601/184/2 655/203/2
f 601/184/2 597/200/2 655/203/2
f 597/200/2 602/197/17 655/203/2
s 105
f 619/176/17 612/187/2 656/204/2
f 612/187/2 620/201/17 656/204/2
f 620/201/17 617/148/17 656/204/2
f 617/148/17 611/157/2 656/204/2
f 611/157/2 618/161/2 656/204/2
f 618/161/2 615/171/2 656/204/2
f 615/171/2 610/180/17 656/204/2
f 610/180/17 616/183/2 656/204/2
f 616/183/2 613/154/2 656/204/2
f 613/154/2 609/156/2 656/204/2
f 609/156/2 614/159/17 656/204/2
s 107
f 677/96/69 709/145/80 680/94/98
s 108
f 689/98/99 659/97/76 666/99/67
s 107
f 698/101/59 673/100/64 669/102/100
f 671/103/65 708/95/87 677/96/69
f 674/105/101 698/101/59 669/102/100
f 705/108/58 671/103/65 678/107/58
s 108
f 663/109/85 689/98/99 666/99/67
f 696/112/86 662/111/62 667/113/54
f 687/114/84 663/109/85 658/115/84
s 107
f 704/117/79 678/107/58 675/116/79
s 108
f 664/118/46 687/114/84 658/115/84
f 695/121/50 667/113/54 660/120/50
s 107
f 712/122/45 674/105/101 679/123/102
s 108
f 693/124/42 660/120/50 668/125/103
s 107
f 670/126/104 704/117/79 675/116/79
f 701/128/74 670/126/104 676/129/105
s 108
f 683/131/72 664/118/46 661/130/72
s 107
f 672/132/106 712/122/45 679/123/102
s 109
f 682/134/77 684/135/4 683/131/77
f 683/131/77 686/137/4 685/119/77
f 687/114/4 686/137/4 688/110/4
f 688/110/4 690/135/4 689/98/4
f 691/138/77 690/135/4 692/139/77
f 692/139/77 694/140/4 693/124/4
f 695/121/4 694/140/4 696/112/4
f 696/112/4 684/135/4 681/136/4
f 694/140/4 686/137/4 684/135/4
s 110
f 698/101/77 700/141/77 699/142/4
f 700/141/77 701/128/4 699/142/4
f 703/127/4 702/143/77 704/117/77
f 702/143/77 705/108/77 704/117/77
f 707/104/77 706/144/77 708/95/77
f 706/144/77 709/145/4 708/95/77
f 711/133/4 710/143/77 712/122/77
f 710/143/77 697/106/4 712/122/77
f 710/143/77 702/143/77 700/141/77
s 108
f 681/136/61 657/146/71 662/111/62
f 659/97/76 692/139/82 665/147/82
f 682/134/71 661/130/72 657/146/71
s 107
f 699/142/63 676/129/105 673/100/64
s 108
f 692/139/82 668/125/103 665/147/82
s 107
f 709/145/80 672/132/106 680/94/98
s 111
f 764/150/88 736/201/98 733/148/88
s 112
f 745/153/99 715/199/76 722/151/99
s 111
f 754/155/59 729/154/63 725/156/60
f 763/158/66 733/148/88 727/157/65
f 753/160/55 725/156/60 730/159/55
f 734/161/57 763/158/66 727/157/65
s 112
f 744/163/85 722/151/99 719/164/85
f 752/167/53 718/197/61 723/165/54
f 743/168/47 719/164/85 714/169/84
s 111
f 760/170/56 734/161/57 731/171/56
s 112
f 741/173/81 714/169/84 720/172/81
f 751/174/50 723/165/54 716/175/50
s 111
f 768/177/44 730/159/55 735/176/45
s 112
f 749/178/103 716/175/50 724/179/83
s 111
f 726/180/78 760/170/56 731/171/56
f 732/183/74 759/181/78 726/180/78
s 112
f 717/184/72 741/173/81 720/172/81
s 111
f 767/186/43 735/176/45 728/187/43
s 113
f 738/188/4 740/189/4 739/185/4
f 739/185/4 742/190/4 741/173/77
f 743/168/4 742/190/4 744/163/4
f 744/163/4 746/189/77 745/153/4
f 747/152/77 746/189/77 748/191/4
f 748/191/4 750/192/4 749/178/4
f 751/174/4 750/192/4 752/167/4
f 752/167/4 740/189/4 737/166/77
f 750/192/4 742/190/4 740/189/4
s 114
f 754/155/77 756/193/77 755/194/4
f 756/193/77 757/182/77 755/194/4
f 759/181/4 758/195/77 760/170/4
f 758/195/77 761/162/4 760/170/4
f 763/158/77 762/196/4 764/150/4
f 762/196/4 765/149/4 764/150/4
f 767/186/4 766/195/4 768/177/77
f 766/195/4 753/160/77 768/177/77
f 766/195/4 758/195/77 756/193/77
s 112
f 737/166/61 713/200/71 718/197/61
f 715/199/76 748/191/82 721/198/107
f 738/188/71 717/184/72 713/200/71
s 111
f 729/154/63 757/182/74 732/183/74
s 112
f 721/198/107 749/178/103 724/179/83
s 111
f 765/149/80 728/187/43 736/201/98
s 115
f 674/105/2 770/202/2 679/123/17
s 116
f 718/197/17 771/203/2 723/165/2
s 117
f 730/159/17 772/204/2 735/176/17
s 118
f 662/111/17 769/205/17 667/113/17
f 667/113/17 769/205/17 660/120/17
f 660/120/17 769/205/17 668/125/17
f 668/125/17 769/205/17 665/147/17
f 665/147/17 769/205/17 659/97/91
f 659/97/91 769/205/17 666/99/108
f 666/99/108 769/205/17 663/109/109
f 663/109/109 769/205/17 658/115/2
f 658/115/2 769/205/17 664/118/2
f 664/118/2 769/205/17 661/130/2
f 661/130/2 769/205/17 657/146/2
f 657/146/2 769/205/17 662/111/17
s 115
f 679/123/17 770/202/2 672/132/97
f 672/132/97 770/202/2 680/94/95
f 680/94/95 770/202/2 677/96/2
f 677/96/2 770/202/2 671/103/2
f 671/103/2 770/202/2 678/107/2
f 678/107/2 770/202/2 675/116/95
f 675/116/95 770/202/2 670/126/110
f 670/126/110 770/202/2 676/129/94
f 676/129/94 770/202/2 673/100/17
f 673/100/17 770/202/2 669/102/97
f 669/102/97 770/202/2 674/105/2
s 116
f 723/165/2 771/203/2 716/175/2
f 716/175/2 771/203/2 724/179/2
f 724/179/2 771/203/2 721/198/2
f 721/198/2 771/203/2 715/199/17
f 715/199/17 771/203/2 722/151/2
f 722/151/2 771/203/2 719/164/2
f 719/164/2 771/203/2 714/169/17
f 714/169/17 771/203/2 720/172/17
f 720/172/17 771/203/2 717/184/2
f 717/184/2 771/203/2 713/200/2
f 713/200/2 771/203/2 718/197/17
s 117
f 735/176/17 772/204/2 728/187/2
f 728/187/2 772/204/2 736/201/17
f 736/201/17 772/204/2 733/148/17
f 733/148/17 772/204/2 727/157/2
f 727/157/2 772/204/2 734/161/2
f 734/161/2 772/204/2 731/171/2
f 731/171/2 772/204/2 726/180/17
f 726/180/17 772/204/2 732/183/2
f 732/183/2 772/204/2 729/154/2
f 729/154/2 772/204/2 725/156/2
f 725/156/2 772/204/2 730/159/17
s 119
f 793/206/111 825/207/112 796/208/113
s 120
f 805/209/114 775/210/115 782/211/116
s 119
f 814/212/117 789/213/118 785/214/119
f 787/215/120 824/216/121 793/206/111
f 790/217/122 814/212/117 785/214/119
f 821/218/123 787/215/120 794/219/123
s 120
f 779/220/124 805/209/114 782/211/116
f 812/221/125 778/222/126 783/223/127
f 803/224/128 779/220/124 774/225/128
s 119
f 820/226/129 794/219/123 791/227/129
s 120
f 780/228/130 803/224/128 774/225/128
f 811/229/131 783/223/127 776/230/131
s 119
f 828/231/132 790/217/122 795/232/133
s 120
f 809/233/134 776/230/131 784/234/135
s 119
f 786/235/136 820/226/129 791/227/129
f 817/236/137 786/235/136 792/237/138
s 120
f 799/238/139 780/228/130 777/239/139
s 119
f 788/240/140 828/231/132 795/232/133
s 121
f 798/241/141 800/242/8 799/238/141
f 799/238/141 802/243/8 801/244/141
f 803/224/8 802/243/8 804/245/8
f 804/245/8 806/242/8 805/209/8
f 807/246/141 806/242/8 808/247/141
f 808/247/141 810/248/8 809/233/8
f 811/229/8 810/248/8 812/221/8
f 812/221/8 800/242/8 797/249/8
f 810/248/8 802/243/8 800/242/8
s 122
f 814/212/141 816/250/141 815/251/8
f 816/250/141 817/236/8 815/251/8
f 819/252/8 818/253/141 820/226/141
f 818/253/141 821/218/141 820/226/141
f 823/254/141 822/255/141 824/216/141
f 822/255/141 825/207/8 824/216/141
f 827/256/8 826/253/141 828/231/141
f 826/253/141 813/257/8 828/231/141
f 826/253/141 818/253/141 816/250/141
s 120
f 797/249/142 773/258/143 778/222/126
f 775/210/115 808/247/144 781/259/144
f 798/241/143 777/239/139 773/258/143
s 119
f 815/251/145 792/237/138 789/213/118
s 120
f 808/247/144 784/234/135 781/259/144
s 119
f 825/207/112 788/240/140 796/208/113
s 123
f 880/260/146 852/261/113 849/262/146
s 124
f 861/263/114 831/264/115 838/265/114
s 123
f 870/266/117 845/267/145 841/268/147
f 879/269/148 849/262/146 843/270/120
f 869/271/149 841/268/147 846/272/149
f 850/273/150 879/269/148 843/270/120
s 124
f 860/274/124 838/265/114 835/275/124
f 868/276/151 834/277/142 839/278/127
f 859/279/152 835/275/124 830/280/128
s 123
f 876/281/153 850/273/150 847/282/153
s 124
f 857/283/154 830/280/128 836/284/154
f 867/285/131 839/278/127 832/286/131
s 123
f 884/287/155 846/272/149 851/288/132
s 124
f 865/289/135 832/286/131 840/290/156
s 123
f 842/291/157 876/281/153 847/282/153
f 848/292/137 875/293/157 842/291/157
s 124
f 833/294/139 857/283/154 836/284/154
s 123
f 883/295/158 851/288/132 844/296/158
s 125
f 854/297/8 856/298/8 855/299/8
f 855/299/8 858/300/8 857/283/141
f 859/279/8 858/300/8 860/274/8
f 860/274/8 862/298/141 861/263/8
f 863/301/141 862/298/141 864/302/8
f 864/302/8 866/303/8 865/289/8
f 867/285/8 866/303/8 868/276/8
f 868/276/8 856/298/8 853/304/141
f 866/303/8 858/300/8 856/298/8
s 126
f 870/266/141 872/305/141 871/306/8
f 872/305/141 873/307/141 871/306/8
f 875/293/8 874/308/141 876/281/8
f 874/308/141 877/309/8 876/281/8
f 879/269/141 878/310/8 880/260/8
f 878/310/8 881/311/8 880/260/8
f 883/295/8 882/308/8 884/287/141
f 882/308/8 869/271/141 884/287/141
f 882/308/8 874/308/141 872/305/141
s 124
f 853/304/142 829/312/143 834/277/142
f 831/264/115 864/302/144 837/313/159
f 854/297/143 833/294/139 829/312/143
s 123
f 845/267/145 873/307/137 848/292/137
s 124
f 837/313/159 865/289/135 840/290/156
s 123
f 881/311/112 844/296/158 852/261/113
s 127
f 790/217/7 886/314/7 795/232/27
s 128
f 834/277/27 887/315/7 839/278/7
s 129
f 846/272/27 888/316/7 851/288/27
s 130
f 778/222/27 885/317/27 783/223/27
f 783/223/27 885/317/27 776/230/27
f 776/230/27 885/317/27 784/234/27
f 784/234/27 885/317/27 781/259/27
f 781/259/27 885/317/27 775/210/160
f 775/210/160 885/317/27 782/211/161
f 782/211/161 885/317/27 779/220/162
f 779/220/162 885/317/27 774/225/7
f 774/225/7 885/317/27 780/228/7
f 780/228/7 885/317/27 777/239/7
f 777/239/7 885/317/27 773/258/7
f 773/258/7 885/317/27 778/222/27
s 127
f 795/232/27 886/314/7 788/240/163
f 788/240/163 886/314/7 796/208/164
f 796/208/164 886/314/7 793/206/7
f 793/206/7 886/314/7 787/215/7
f 787/215/7 886/314/7 794/219/7
f 794/219/7 886/314/7 791/227/164
f 791/227/164 886/314/7 786/235/165
f 786/235/165 886/314/7 792/237/166
f 792/237/166 886/314/7 789/213/27
f 789/213/27 886/314/7 785/214/163
f 785/214/163 886/314/7 790/217/7
s 128
f 839/278/7 887/315/7 832/286/7
f 832/286/7 887/315/7 840/290/7
f 840/290/7 887/315/7 837/313/7
f 837/313/7 887/315/7 831/264/27
f 831/264/27 887/315/7 838/265/7
f 838/265/7 887/315/7 835/275/7
f 835/275/7 887/315/7 830/280/27
f 830/280/27 887/315/7 836/284/27
f 836/284/27 887/315/7 833/294/7
f 833/294/7 887/315/7 829/312/7
f 829/312/7 887/315/7 834/277/27
s 129
f 851/288/27 888/316/7 844/296/7
f 844/296/7 888/316/7 852/261/27
f 852/261/27 888/316/7 849/262/27
f 849/262/27 888/316/7 843/270/7
f 843/270/7 888/316/7 850/273/7
f 850/273/7 888/316/7 847/282/7
f 847/282/7 888/316/7 842/291/27
f 842/291/27 888/316/7 848/292/7
f 848/292/7 888/316/7 845/267/7
f 845/267/7 888/316/7 841/268/7
f 841/268/7 888/316/7 846/272/27
s 131
f 912/208/167 940/216/134 909/206/134
s 132
f 891/210/158 921/209/155 898/211/132
s 131
f 905/213/130 930/212/152 901/214/168
f 903/215/169 940/216/134 939/254/131
f 906/217/170 930/212/152 929/257/171
f 910/219/151 939/254/131 937/218/127
s 132
f 895/220/149 921/209/155 920/245/149
f 894/222/153 928/221/150 899/223/123
f 895/220/149 919/224/117 890/225/147
s 131
f 907/227/142 937/218/127 936/226/126
s 132
f 896/228/145 919/224/117 917/244/118
f 892/230/120 928/221/150 927/229/148
s 131
f 906/217/170 944/231/116 911/232/172
s 132
f 892/230/120 925/233/111 900/234/111
s 131
f 902/235/173 936/226/126 935/252/143
f 902/235/173 933/236/139 908/237/174
s 132
f 893/239/137 917/244/118 915/238/137
s 131
f 904/240/175 944/231/116 943/256/115
s 133
f 914/241/141 916/242/8 913/249/8
f 915/238/141 918/243/8 916/242/8
f 919/224/8 918/243/8 917/244/141
f 920/245/8 922/242/8 918/243/8
f 923/246/141 922/242/8 921/209/8
f 924/247/141 926/248/8 922/242/8
f 927/229/8 926/248/8 925/233/8
f 928/221/8 916/242/8 926/248/8
f 918/243/8 926/248/8 916/242/8
s 134
f 930/212/141 932/250/141 929/257/8
f 933/236/8 932/250/141 931/251/8
f 935/252/8 934/253/141 933/236/8
f 937/218/141 934/253/141 936/226/141
f 939/254/141 938/255/141 937/218/141
f 941/207/8 938/255/141 940/216/141
f 943/256/8 942/253/141 941/207/8
f 929/257/8 942/253/141 944/231/141
f 934/253/141 942/253/141 932/250/141
s 132
f 889/258/157 913/249/129 894/222/153
f 897/259/112 923/246/158 891/210/158
f 889/258/157 915/238/137 914/241/157
s 131
f 908/237/174 931/251/154 905/213/130
s 132
f 900/234/111 924/247/112 897/259/112
s 131
f 904/240/175 941/207/144 912/208/167
s 135
f 965/262/156 997/311/167 996/260/134
s 136
f 954/265/155 979/301/158 977/263/132
s 135
f 961/267/154 986/266/128 957/268/152
f 959/270/131 996/260/134 995/269/169
f 962/272/170 986/266/128 985/271/124
f 966/273/125 995/269/169 993/309/125
s 136
f 954/265/155 976/274/149 951/275/149
f 955/278/123 969/304/129 984/276/123
f 951/275/149 975/279/117 946/280/117
s 135
f 966/273/125 992/281/126 963/282/126
s 136
f 952/284/145 975/279/117 973/283/145
f 955/278/123 983/285/148 948/286/120
s 135
f 967/288/116 985/271/124 1000/287/116
s 136
f 948/286/120 981/289/121 956/290/146
s 135
f 958/291/143 992/281/126 991/293/143
f 958/291/143 989/307/139 964/292/139
s 136
f 949/294/137 973/283/145 971/299/137
s 135
f 967/288/116 999/295/115 960/296/115
s 137
f 970/297/8 972/298/8 969/304/141
f 971/299/8 974/300/8 972/298/8
f 975/279/8 974/300/8 973/283/141
f 976/274/8 978/298/141 974/300/8
f 979/301/141 978/298/141 977/263/8
f 980/302/8 982/303/8 978/298/141
f 983/285/8 982/303/8 981/289/8
f 984/276/8 972/298/8 982/303/8
f 974/300/8 982/303/8 972/298/8
s 138
f 986/266/141 988/305/141 985/271/141
f 989/307/141 988/305/141 987/306/8
f 991/293/8 990/308/141 989/307/141
f 993/309/8 990/308/141 992/281/8
f 995/269/141 994/310/8 993/309/8
f 997/311/8 994/310/8 996/260/8
f 999/295/8 998/308/8 997/311/8
f 985/271/141 998/308/8 1000/287/141
f 990/308/141 998/308/8 988/305/141
s 136
f 950/277/153 970/297/157 969/304/129
f 953/313/176 979/301/158 947/264/158
f 949/294/137 970/297/157 945/312/157
s 135
f 961/267/154 989/307/139 987/306/177
s 136
f 953/313/176 981/289/121 980/302/112
s 135
f 960/296/115 997/311/167 968/261/144
s 139
f 906/217/7 911/232/27 1002/314/7
s 140
f 950/277/27 955/278/7 1003/315/7
s 141
f 962/272/27 967/288/27 1004/316/7
s 142
f 894/222/27 899/223/27 1001/317/27
f 899/223/27 892/230/27 1001/317/27
f 892/230/27 900/234/27 1001/317/27
f 900/234/27 897/259/27 1001/317/27
f 897/259/27 891/210/160 1001/317/27
f 891/210/160 898/211/178 1001/317/27
f 898/211/178 895/220/179 1001/317/27
f 895/220/179 890/225/7 1001/317/27
f 890/225/7 896/228/7 1001/317/27
f 896/228/7 893/239/7 1001/317/27
f 893/239/7 889/258/7 1001/317/27
f 889/258/7 894/222/27 1001/317/27
s 139
f 911/232/27 904/240/166 1002/314/7
f 904/240/166 912/208/164 1002/314/7
f 912/208/164 909/206/7 1002/314/7
f 909/206/7 903/215/7 1002/314/7
f 903/215/7 910/219/7 1002/314/7
f 910/219/7 907/227/164 1002/314/7
f 907/227/164 902/235/180 1002/314/7
f 902/235/180 908/237/163 1002/314/7
f 908/237/163 905/213/27 1002/314/7
f 905/213/27 901/214/166 1002/314/7
f 901/214/166 906/217/7 1002/314/7
s 140
f 955/278/7 948/286/7 1003/315/7
f 948/286/7 956/290/7 1003/315/7
f 956/290/7 953/313/7 1003/315/7
f 953/313/7 947/264/27 1003/315/7
f 947/264/27 954/265/7 1003/315/7
f 954/265/7 951/275/7 1003/315/7
f 951/275/7 946/280/27 1003/315/7
f 946/280/27 952/284/27 1003/315/7
f 952/284/27 949/294/7 1003/315/7
f 949/294/7 945/312/7 1003/315/7
f 945/312/7 950/277/27 1003/315/7
s 141
f 967/288/27 960/296/7 1004/316/7
f 960/296/7 968/261/27 1004/316/7
f 968/261/27 965/262/27 1004/316/7
f 965/262/27 959/270/7 1004/316/7
f 959/270/7 966/273/7 1004/316/7
f 966/273/7 963/282/7 1004/316/7
f 963/282/7 958/291/27 1004/316/7
f 958/291/27 964/292/7 1004/316/7
f 964/292/7 961/267/7 1004/316/7
f 961/267/7 957/268/7 1004/316/7
f 957/268/7 962/272/27 1004/316/7
s 143
f 1006/318/1 1007/319/1 1008/320/1
s 144
f 1018/321/8 1013/322/8 1014/321/8
s 145
f 1012/320/9 1006/318/9 1008/320/9
s 146
f 1007/319/20 1009/323/20 1011/319/20
s 147
f 1011/319/3 1010/318/3 1012/320/3
s 148
f 1009/323/8 1006/318/8 1010/318/8
s 149
f 1020/324/3 1017/322/3 1018/321/3
s 150
f 1015/325/26 1017/322/26 1019/325/26
s 151
f 1018/321/28 1016/324/28 1020/324/28
s 152
f 1016/324/7 1019/325/7 1020/324/7
s 153
f 1008/320/7 1011/319/7 1012/320/7
s 154
f 1021/326/1 1022/327/1 1036/328/1
s 155
f 1028/329/1 1031/330/1 1030/331/1
s 156
f 1022/327/10 1024/328/10 1036/332/10
s 157
f 1036/332/4 1025/326/4 1021/326/4
s 158
f 1026/327/3 1025/326/3 1024/328/3
s 159
f 1032/329/3 1035/330/3 1033/333/3
s 160
f 1031/330/18 1033/333/18 1035/330/18
s 161
f 1030/331/16 1032/329/16 1028/329/16
s 162
f 1027/334/2 1022/327/2 1023/334/2
s 163
f 1032/329/4 1029/333/4 1028/329/4
s 164
f 1034/331/2 1031/330/2 1035/330/2
s 165
f 1021/326/5 1027/334/5 1023/334/5
s 166
f 1016/324/1 1013/322/1 1015/325/1
s 1
f 1/1/1 2/4/1 6/2/1
s 2
f 2/4/2 4/4/2 7/2/2
s 3
f 3/1/3 8/3/3 7/2/3
s 4
f 3/1/4 1/1/4 5/3/4
s 5
f 2/4/5 1/1/5 3/1/5
s 6
f 7/2/6 8/3/6 5/3/6
s 7
f 14/2/3 10/4/3 9/1/3
s 8
f 15/2/2 12/4/2 10/4/2
s 9
f 11/1/1 12/4/1 15/2/1
s 10
f 13/3/4 9/1/4 11/1/4
s 11
f 11/1/5 9/1/5 10/4/5
s 12
f 13/3/6 16/3/6 15/2/6
s 13
f 22/5/1 18/8/1 17/6/1
s 14
f 23/5/7 20/8/7 18/8/7
s 15
f 19/6/3 20/8/3 23/5/3
s 16
f 21/7/8 17/6/8 19/6/8
s 17
f 19/6/9 17/6/9 18/8/9
s 18
f 21/7/6 24/7/6 23/5/6
s 19
f 25/6/3 26/8/3 30/5/3
s 20
f 26/8/7 28/8/7 31/5/7
s 21
f 27/6/1 32/7/1 31/5/1
s 22
f 27/6/8 25/6/8 29/7/8
s 23
f 26/8/9 25/6/9 27/6/9
s 24
f 31/5/6 32/7/6 29/7/6
s 25
f 38/9/4 34/9/4 33/10/4
s 26
f 39/11/10 37/10/10 33/10/10
s 27
f 36/12/5 34/9/5 38/9/5
s 28
f 34/9/1 36/12/1 35/11/1
s 29
f 36/12/2 40/12/2 39/11/2
s 30
f 51/13/1 55/19/11 73/14/11
s 31
f 41/16/1 46/24/11 62/17/11
s 30
f 49/13/3 67/15/3 66/14/12
f 54/20/13 51/13/1 72/15/1
s 31
f 45/22/13 41/16/1 61/18/1
f 48/22/14 57/23/14 65/18/3
f 44/16/3 65/18/3 64/17/12
s 30
f 50/25/16 54/20/13 71/21/13
s 32
f 58/27/17 59/23/2 60/18/2
f 61/18/17 62/17/2 60/18/2
f 63/28/2 64/17/2 60/18/2
f 65/18/17 57/23/17 60/18/2
s 33
f 67/15/17 68/21/17 69/15/2
f 70/26/2 71/21/2 69/15/2
f 72/15/2 73/14/2 69/15/2
f 74/29/2 66/14/2 69/15/2
s 30
f 49/13/3 53/20/14 68/21/14
s 31
f 46/24/11 43/32/18 63/28/18
s 30
f 52/30/18 74/29/18 73/14/11
s 31
f 42/31/16 58/27/16 57/23/14
f 43/32/18 47/24/15 64/17/12
s 30
f 56/19/12 66/14/12 74/29/18
s 31
f 42/31/16 45/22/13 59/23/13
s 30
f 50/25/16 70/26/16 68/21/14
s 34
f 39/11/3 40/12/3 38/9/3
s 35
f 75/10/4 76/9/4 80/9/4
s 36
f 75/10/10 79/10/10 81/11/10
s 37
f 80/9/5 76/9/5 78/12/5
s 38
f 77/11/3 78/12/3 76/9/3
s 39
f 81/11/2 82/12/2 78/12/2
s 40
f 93/13/3 114/15/3 115/14/12
s 41
f 83/16/3 103/18/3 104/17/12
s 40
f 108/14/11 109/15/1 91/13/1
f 96/20/14 113/21/14 114/15/3
s 41
f 87/22/14 101/23/14 103/18/3
f 107/18/1 99/23/13 90/22/13
f 106/17/19 107/18/1 86/16/1
s 40
f 92/25/16 112/26/16 113/21/14
s 42
f 100/27/17 99/23/17 102/18/2
f 103/18/17 101/23/2 102/18/2
f 105/28/2 104/17/2 102/18/2
f 107/18/17 106/17/2 102/18/2
s 43
f 109/15/17 108/14/2 111/15/2
f 112/26/2 110/21/17 111/15/2
f 114/15/2 113/21/2 111/15/2
f 116/29/2 115/14/2 111/15/2
s 40
f 91/13/1 109/15/1 110/21/13
s 41
f 88/24/12 104/17/12 105/28/18
s 40
f 115/14/12 116/29/18 94/30/18
s 41
f 99/23/13 100/27/16 84/31/16
f 105/28/18 106/17/19 89/24/19
s 40
f 116/29/18 108/14/11 98/19/11
s 41
f 84/31/16 100/27/16 101/23/14
s 40
f 110/21/13 112/26/16 92/25/16
s 44
f 81/11/1 79/10/1 80/9/1
s 45
f 117/33/8 118/34/8 122/34/8
s 46
f 117/33/20 121/33/20 123/35/20
s 47
f 122/34/9 118/34/9 120/36/9
s 48
f 119/35/1 120/36/1 118/34/1
s 49
f 123/35/7 124/36/7 120/36/7
s 50
f 135/37/1 156/44/1 157/38/21
s 51
f 125/40/1 145/46/1 146/41/21
s 50
f 150/38/22 151/44/3 133/37/3
f 138/43/23 155/48/23 156/44/1
s 51
f 129/45/23 143/50/23 145/46/1
f 149/46/3 141/50/24 132/45/24
f 148/41/25 149/46/3 128/40/3
s 50
f 134/47/26 154/52/26 155/48/23
s 52
f 142/49/27 141/50/27 144/46/7
f 145/46/27 143/50/7 144/46/7
f 147/51/7 146/41/7 144/46/7
f 149/46/27 148/41/7 144/46/7
s 53
f 151/44/27 150/38/7 153/44/7
f 154/52/7 152/48/27 153/44/7
f 156/44/7 155/48/7 153/44/7
f 158/53/7 157/38/7 153/44/7
s 50
f 133/37/3 151/44/3 152/48/24
s 51
f 130/42/21 146/41/21 147/51/28
s 50
f 157/38/21 158/53/28 136/55/28
s 51
f 141/50/24 142/49/26 126/56/26
f 147/51/28 148/41/25 131/42/25
s 50
f 158/53/28 150/38/22 140/39/22
s 51
f 126/56/26 142/49/26 143/50/23
s 50
f 152/48/24 154/52/26 134/47/26
s 54
f 123/35/3 121/33/3 122/34/3
s 55
f 164/34/8 160/34/8 159/33/8
s 56
f 165/35/20 163/33/20 159/33/20
s 57
f 162/36/9 160/34/9 164/34/9
s 58
f 160/34/3 162/36/3 161/35/3
s 59
f 162/36/7 166/36/7 165/35/7
s 60
f 177/37/3 181/39/22 199/38/22
s 61
f 167/40/3 172/42/22 188/41/22
s 60
f 175/37/1 193/44/1 192/38/21
f 180/43/24 177/37/3 198/44/3
s 61
f 171/45/24 167/40/3 187/46/3
f 174/45/23 183/50/23 191/46/1
f 170/40/1 191/46/1 190/41/21
s 60
f 176/47/26 180/43/24 197/48/24
s 62
f 184/49/27 185/50/7 186/46/7
f 187/46/27 188/41/7 186/46/7
f 189/51/7 190/41/7 186/46/7
f 191/46/27 183/50/27 186/46/7
s 63
f 193/44/27 194/48/27 195/44/7
f 196/52/7 197/48/7 195/44/7
f 198/44/7 199/38/7 195/44/7
f 200/53/7 192/38/7 195/44/7
s 60
f 175/37/1 179/43/23 194/48/23
s 61
f 172/42/22 169/54/28 189/51/28
s 60
f 178/55/28 200/53/28 199/38/22
s 61
f 168/56/26 184/49/26 183/50/23
f 169/54/28 173/42/29 190/41/21
s 60
f 182/39/21 192/38/21 200/53/28
s 61
f 168/56/26 171/45/24 185/50/24
s 60
f 176/47/26 196/52/26 194/48/23
s 64
f 165/35/1 166/36/1 164/34/1
s 65
f 225/57/30 226/57/30 299/58/31
f 229/59/32 230/59/32 226/57/30
s 66
f 231/59/32 232/59/32 228/57/30
s 65
f 233/60/33 234/60/33 230/59/32
s 66
f 235/60/33 236/60/33 232/59/32
s 65
f 237/61/34 238/61/34 234/60/33
s 66
f 239/61/34 240/61/34 236/60/33
s 65
f 243/62/35 244/62/35 238/61/34
s 66
f 247/62/35 248/62/35 240/61/34
s 65
f 242/63/36 241/63/36 244/62/35
s 67
f 221/64/37 365/64/37 363/65/6
s 66
f 246/63/36 245/63/36 248/62/35
s 68
f 295/66/3 248/62/3 245/63/3
s 69
f 204/68/30 347/68/30 350/69/32
s 70
f 254/70/1 320/75/1 242/63/1
s 71
f 269/71/3 303/76/3 299/58/3
s 68
f 287/73/3 236/60/3 240/61/3
f 255/70/3 250/67/3 245/63/3
s 70
f 270/71/1 274/72/1 300/58/1
s 72
f 288/73/1 292/74/1 239/61/1
s 71
f 265/77/3 261/82/3 311/78/3
s 68
f 279/80/3 228/57/3 232/59/3
s 72
f 296/66/1 249/67/1 246/63/1
f 256/70/1 318/75/1 246/63/1
s 70
f 266/77/1 308/79/1 312/78/1
s 65
f 242/63/36 320/75/38 319/75/38
s 66
f 318/75/38 317/75/38 245/63/36
s 65
f 316/83/39 315/83/39 319/75/38
s 66
f 314/83/39 313/83/39 317/75/38
s 65
f 312/78/6 311/78/6 315/83/39
s 66
f 310/78/6 309/78/6 313/83/39
s 65
f 308/79/37 307/79/37 311/78/6
s 66
f 306/79/37 305/79/37 309/78/6
s 65
f 304/76/40 303/76/40 307/79/37
s 66
f 302/76/40 301/76/40 305/79/37
s 65
f 300/58/31 299/58/31 303/76/40
s 66
f 298/58/31 297/58/31 301/76/40
f 227/57/30 228/57/30 297/58/31
s 72
f 280/80/1 284/81/1 231/59/1
s 71
f 253/70/3 319/75/3 315/83/3
s 68
f 271/71/3 301/76/3 297/58/3
s 71
f 293/66/3 289/74/3 238/61/3
s 70
f 254/70/1 258/84/1 316/83/1
s 72
f 272/71/1 276/72/1 298/58/1
s 70
f 294/66/1 243/62/1 237/61/1
s 68
f 267/77/3 263/82/3 309/78/3
s 71
f 285/73/3 281/81/3 230/59/3
s 72
f 268/77/1 306/79/1 310/78/1
s 70
f 286/73/1 233/60/1 229/59/1
s 68
f 255/70/3 317/75/3 313/83/3
s 71
f 277/80/3 273/72/3 299/58/3
s 68
f 295/66/3 291/74/3 240/61/3
s 72
f 256/70/1 260/84/1 314/83/1
s 70
f 278/80/1 225/57/1 300/58/1
s 72
f 296/66/1 247/62/1 239/61/1
s 71
f 269/71/3 265/77/3 307/79/3
s 68
f 287/73/3 283/81/3 232/59/3
s 70
f 270/71/1 304/76/1 308/79/1
s 72
f 288/73/1 235/60/1 231/59/1
s 71
f 257/84/3 315/83/3 311/78/3
s 68
f 279/80/3 275/72/3 297/58/3
s 71
f 293/66/3 244/62/3 241/63/3
s 73
f 250/67/36 255/70/38 322/70/38
f 295/66/35 250/67/36 321/67/36
s 74
f 252/67/36 253/70/38 256/70/38
f 293/66/35 252/67/36 249/67/36
s 75
f 294/66/35 344/66/35 324/67/36
f 324/67/36 323/70/38 254/70/38
f 323/70/38 326/84/39 258/84/39
s 74
f 253/70/38 257/84/39 260/84/39
s 73
f 255/70/38 259/84/39 325/84/39
s 75
f 326/84/39 328/82/6 262/82/6
s 74
f 257/84/39 261/82/6 264/82/6
s 73
f 259/84/39 263/82/6 327/82/6
s 75
f 328/82/6 330/77/37 266/77/37
s 74
f 261/82/6 265/77/37 268/77/37
s 73
f 263/82/6 267/77/37 329/77/37
s 75
f 330/77/37 332/71/40 270/71/40
s 74
f 265/77/37 269/71/40 272/71/40
s 73
f 267/77/37 271/71/40 331/71/40
s 75
f 332/71/40 334/72/31 274/72/31
s 74
f 269/71/40 273/72/31 276/72/31
s 73
f 271/71/40 275/72/31 333/72/31
s 75
f 334/72/31 336/80/30 278/80/30
s 74
f 273/72/31 277/80/30 280/80/30
s 73
f 275/72/31 279/80/30 335/80/30
s 75
f 336/80/30 338/81/32 282/81/32
s 74
f 277/80/30 281/81/32 284/81/32
s 73
f 279/80/30 283/81/32 337/81/32
s 75
f 338/81/32 340/73/33 286/73/33
s 74
f 281/81/32 285/73/33 288/73/33
s 73
f 283/81/32 287/73/33 339/73/33
s 75
f 340/73/33 342/74/34 290/74/34
s 74
f 285/73/33 289/74/34 292/74/34
s 73
f 287/73/33 291/74/34 341/74/34
s 75
f 342/74/34 344/66/35 294/66/35
s 74
f 289/74/34 293/66/35 296/66/35
s 73
f 291/74/34 295/66/35 343/66/35
s 70
f 278/80/1 282/81/1 229/59/1
s 72
f 260/84/1 264/82/1 310/78/1
s 71
f 253/70/3 252/67/3 241/63/3
f 277/80/3 226/57/3 230/59/3
s 68
f 259/84/3 313/83/3 309/78/3
s 70
f 286/73/1 290/74/1 237/61/1
s 72
f 272/71/1 302/76/1 306/79/1
s 70
f 294/66/1 251/67/1 242/63/1
s 71
f 285/73/3 234/60/3 238/61/3
s 68
f 271/71/3 267/77/3 305/79/3
s 72
f 280/80/1 227/57/1 298/58/1
s 70
f 258/84/1 262/82/1 312/78/1
s 76
f 201/85/1 321/67/1 322/70/1
s 77
f 202/85/3 204/68/3 323/70/3
s 76
f 203/68/1 322/70/1 325/84/1
s 77
f 204/68/3 206/69/3 326/84/3
s 76
f 205/69/1 325/84/1 327/82/1
s 77
f 206/69/3 208/86/3 328/82/3
s 76
f 209/87/1 207/86/1 327/82/1
s 77
f 210/87/3 330/77/3 328/82/3
s 76
f 211/88/1 209/87/1 329/77/1
s 77
f 212/88/3 332/71/3 330/77/3
s 76
f 213/89/1 211/88/1 331/71/1
s 77
f 214/89/3 334/72/3 332/71/3
s 76
f 213/89/1 333/72/1 335/80/1
s 77
f 214/89/3 216/90/3 336/80/3
s 76
f 215/90/1 335/80/1 337/81/1
s 77
f 216/90/3 218/91/3 338/81/3
s 76
f 217/91/1 337/81/1 339/73/1
s 77
f 218/91/3 220/65/3 340/73/3
s 76
f 221/64/1 219/65/1 339/73/1
s 77
f 222/64/3 342/74/3 340/73/3
s 76
f 223/92/1 221/64/1 341/74/1
s 77
f 224/92/3 344/66/3 342/74/3
s 76
f 201/85/1 223/92/1 343/66/1
s 77
f 202/85/3 324/67/3 344/66/3
s 69
f 212/88/35 356/88/35 358/89/36
s 67
f 207/86/33 351/86/33 349/69/32
s 69
f 220/65/6 364/65/6 366/64/37
s 67
f 215/90/38 359/90/38 357/89/36
s 69
f 206/69/32 350/69/32 352/86/33
s 67
f 223/92/40 367/92/40 365/64/37
s 69
f 214/89/36 358/89/36 360/90/38
s 67
f 209/87/34 353/87/34 351/86/33
s 69
f 222/64/37 366/64/37 368/92/40
s 67
f 217/91/39 361/91/39 359/90/38
s 69
f 208/86/33 352/86/33 354/87/34
s 67
f 201/85/31 345/85/31 367/92/40
f 203/68/30 346/68/30 345/85/31
s 69
f 216/90/38 360/90/38 362/91/39
s 67
f 211/88/35 355/88/35 353/87/34
s 69
f 224/92/40 368/92/40 348/85/31
f 202/85/31 348/85/31 347/68/30
s 67
f 219/65/6 363/65/6 361/91/39
s 69
f 210/87/34 354/87/34 356/88/35
s 67
f 205/69/32 349/69/32 346/68/30
s 69
f 218/91/39 362/91/39 364/65/6
s 67
f 213/89/36 357/89/36 355/88/35
s 80
f 469/58/31 396/57/30 395/57/30
f 396/57/30 400/59/32 399/59/32
s 81
f 398/57/30 402/59/32 401/59/32
s 80
f 400/59/32 404/60/33 403/60/33
s 81
f 402/59/32 406/60/33 405/60/33
s 80
f 404/60/33 408/61/34 407/61/34
s 81
f 406/60/33 410/61/34 409/61/34
s 80
f 408/61/34 414/62/35 413/62/35
s 81
f 410/61/34 418/62/35 417/62/35
s 80
f 414/62/35 411/63/36 412/63/36
s 82
f 533/65/6 535/64/37 391/64/37
s 81
f 418/62/35 415/63/36 416/63/36
s 83
f 415/63/1 418/62/1 465/66/1
s 84
f 520/69/32 517/68/30 374/68/30
s 85
f 412/63/3 490/75/3 424/70/3
s 86
f 469/58/1 473/76/1 439/71/1
s 83
f 410/61/1 406/60/1 457/73/1
f 425/70/1 487/75/1 415/63/1
s 85
f 440/71/3 474/76/3 470/58/3
s 87
f 458/73/3 405/60/3 409/61/3
s 86
f 435/77/1 477/79/1 481/78/1
s 83
f 402/59/1 398/57/1 449/80/1
s 87
f 466/66/3 417/62/3 416/63/3
f 416/63/3 488/75/3 426/70/3
s 85
f 482/78/3 478/79/3 436/77/3
s 80
f 412/63/36 411/63/36 489/75/38
s 81
f 415/63/36 487/75/38 488/75/38
s 80
f 489/75/38 485/83/39 486/83/39
s 81
f 487/75/38 483/83/39 484/83/39
s 80
f 485/83/39 481/78/6 482/78/6
s 81
f 483/83/39 479/78/6 480/78/6
s 80
f 481/78/6 477/79/37 478/79/37
s 81
f 479/78/6 475/79/37 476/79/37
s 80
f 477/79/37 473/76/40 474/76/40
s 81
f 475/79/37 471/76/40 472/76/40
s 80
f 473/76/40 469/58/31 470/58/31
s 81
f 471/76/40 467/58/31 468/58/31
f 467/58/31 398/57/30 397/57/30
s 87
f 450/80/3 397/57/3 401/59/3
s 86
f 485/83/1 489/75/1 423/70/1
s 83
f 467/58/1 471/76/1 441/71/1
s 86
f 463/66/1 414/62/1 408/61/1
s 85
f 424/70/3 490/75/3 486/83/3
s 87
f 442/71/3 472/76/3 468/58/3
s 85
f 407/61/3 413/62/3 464/66/3
s 83
f 437/77/1 475/79/1 479/78/1
s 86
f 455/73/1 404/60/1 400/59/1
s 87
f 480/78/3 476/79/3 438/77/3
s 85
f 399/59/3 403/60/3 456/73/3
s 83
f 483/83/1 487/75/1 425/70/1
s 86
f 447/80/1 396/57/1 469/58/1
s 83
f 465/66/1 418/62/1 410/61/1
s 87
f 426/70/3 488/75/3 484/83/3
s 85
f 470/58/3 395/57/3 448/80/3
s 87
f 409/61/3 417/62/3 466/66/3
s 86
f 439/71/1 473/76/1 477/79/1
s 83
f 457/73/1 406/60/1 402/59/1
s 85
f 478/79/3 474/76/3 440/71/3
s 87
f 401/59/3 405/60/3 458/73/3
s 86
f 481/78/1 485/83/1 427/84/1
s 83
f 449/80/1 398/57/1 467/58/1
s 86
f 411/63/1 414/62/1 463/66/1
s 88
f 492/70/38 425/70/38 420/67/36
f 491/67/36 420/67/36 465/66/35
s 89
f 426/70/38 423/70/38 422/67/36
f 419/67/36 422/67/36 463/66/35
s 90
f 464/66/35 421/67/36 494/67/36
f 424/70/38 493/70/38 494/67/36
f 428/84/39 496/84/39 493/70/38
s 89
f 430/84/39 427/84/39 423/70/38
s 88
f 495/84/39 429/84/39 425/70/38
s 90
f 432/82/6 498/82/6 496/84/39
s 89
f 434/82/6 431/82/6 427/84/39
s 88
f 497/82/6 433/82/6 429/84/39
s 90
f 436/77/37 500/77/37 498/82/6
s 89
f 438/77/37 435/77/37 431/82/6
s 88
f 499/77/37 437/77/37 433/82/6
s 90
f 440/71/40 502/71/40 500/77/37
s 89
f 442/71/40 439/71/40 435/77/37
s 88
f 501/71/40 441/71/40 437/77/37
s 90
f 444/72/31 504/72/31 502/71/40
s 89
f 446/72/31 443/72/31 439/71/40
s 88
f 503/72/31 445/72/31 441/71/40
s 90
f 448/80/30 506/80/30 504/72/31
s 89
f 450/80/30 447/80/30 443/72/31
s 88
f 505/80/30 449/80/30 445/72/31
s 90
f 452/81/32 508/81/32 506/80/30
s 89
f 454/81/32 451/81/32 447/80/30
s 88
f 507/81/32 453/81/32 449/80/30
s 90
f 456/73/33 510/73/33 508/81/32
s 89
f 458/73/33 455/73/33 451/81/32
s 88
f 509/73/33 457/73/33 453/81/32
s 90
f 460/74/34 512/74/34 510/73/33
s 89
f 462/74/34 459/74/34 455/73/33
s 88
f 511/74/34 461/74/34 457/73/33
s 90
f 464/66/35 514/66/35 512/74/34
s 89
f 466/66/35 463/66/35 459/74/34
s 88
f 513/66/35 465/66/35 461/74/34
s 85
f 448/80/3 395/57/3 399/59/3
s 87
f 430/84/3 484/83/3 480/78/3
s 86
f 423/70/1 489/75/1 411/63/1
f 400/59/1 396/57/1 447/80/1
s 83
f 479/78/1 483/83/1 429/84/1
s 85
f 456/73/3 403/60/3 407/61/3
s 87
f 476/79/3 472/76/3 442/71/3
s 85
f 464/66/3 413/62/3 412/63/3
s 86
f 408/61/1 404/60/1 455/73/1
s 83
f 441/71/1 471/76/1 475/79/1
s 87
f 468/58/3 397/57/3 450/80/3
s 85
f 428/84/3 486/83/3 482/78/3
s 91
f 492/70/3 491/67/3 371/85/3
s 92
f 372/85/1 494/67/1 493/70/1
s 91
f 495/84/3 492/70/3 373/68/3
s 92
f 374/68/1 493/70/1 496/84/1
s 91
f 497/82/3 495/84/3 375/69/3
s 92
f 376/69/1 496/84/1 498/82/1
s 91
f 379/87/3 499/77/3 497/82/3
s 92
f 498/82/1 500/77/1 380/87/1
s 91
f 381/88/3 501/71/3 499/77/3
s 92
f 500/77/1 502/71/1 382/88/1
s 91
f 383/89/3 503/72/3 501/71/3
s 92
f 502/71/1 504/72/1 384/89/1
s 91
f 505/80/3 503/72/3 383/89/3
s 92
f 384/89/1 504/72/1 506/80/1
s 91
f 507/81/3 505/80/3 385/90/3
s 92
f 386/90/1 506/80/1 508/81/1
s 91
f 509/73/3 507/81/3 387/91/3
s 92
f 388/91/1 508/81/1 510/73/1
s 91
f 391/64/3 511/74/3 509/73/3
s 92
f 510/73/1 512/74/1 392/64/1
s 91
f 393/92/3 513/66/3 511/74/3
s 92
f 512/74/1 514/66/1 394/92/1
s 91
f 371/85/3 491/67/3 513/66/3
s 92
f 514/66/1 494/67/1 372/85/1
s 84
f 528/89/36 526/88/35 382/88/35
s 82
f 519/69/32 521/86/33 377/86/33
s 84
f 536/64/37 534/65/6 390/65/6
s 82
f 527/89/36 529/90/38 385/90/38
s 84
f 522/86/33 520/69/32 376/69/32
s 82
f 535/64/37 537/92/40 393/92/40
s 84
f 530/90/38 528/89/36 384/89/36
s 82
f 521/86/33 523/87/34 379/87/34
s 84
f 538/92/40 536/64/37 392/64/37
s 82
f 529/90/38 531/91/39 387/91/39
s 84
f 524/87/34 522/86/33 378/86/33
s 82
f 537/92/40 515/85/31 371/85/31
f 515/85/31 516/68/30 373/68/30
s 84
f 532/91/39 530/90/38 386/90/38
s 82
f 523/87/34 525/88/35 381/88/35
s 84
f 518/85/31 538/92/40 394/92/40
f 517/68/30 518/85/31 372/85/31
s 82
f 531/91/39 533/65/6 389/65/6
s 84
f 526/88/35 524/87/34 380/87/34
s 82
f 516/68/30 519/69/32 375/69/32
s 84
f 534/65/6 532/91/39 388/91/39
s 82
f 525/88/35 527/89/36 383/89/36
s 95
f 564/94/41 593/145/82 592/95/42
s 96
f 543/97/43 575/138/43 573/98/44
s 95
f 557/100/46 583/142/81 582/101/47
f 555/103/49 561/96/42 592/95/42
f 558/105/51 553/102/48 582/101/47
f 562/107/53 555/103/49 591/104/50
s 96
f 547/109/55 550/99/45 573/98/44
f 546/111/56 565/136/79 580/112/57
f 547/109/55 572/110/55 571/114/59
s 95
f 559/116/61 562/107/53 589/108/54
s 96
f 548/118/63 542/115/60 571/114/59
f 544/120/65 551/113/58 580/112/57
s 95
f 558/105/51 581/106/52 596/122/67
s 96
f 544/120/65 579/121/66 577/124/69
s 95
f 554/126/70 559/116/61 588/117/62
f 554/126/70 587/127/71 585/128/72
s 96
f 545/130/74 548/118/63 569/119/64
s 95
f 556/132/75 563/123/68 596/122/67
s 97
f 566/134/77 567/131/77 568/135/4
f 567/131/77 569/119/77 570/137/4
f 571/114/4 572/110/4 570/137/4
f 572/110/4 573/98/4 574/135/4
f 575/138/77 576/139/77 574/135/4
f 576/139/77 577/124/4 578/140/4
f 579/121/4 580/112/4 578/140/4
f 580/112/4 565/136/4 568/135/4
f 570/137/4 574/135/4 578/140/4
s 98
f 582/101/77 583/142/4 584/141/77
f 585/128/4 586/143/77 584/141/77
f 587/127/4 588/117/77 586/143/77
f 589/108/77 590/144/77 586/143/77
f 591/104/77 592/95/77 590/144/77
f 593/145/4 594/143/77 590/144/77
f 595/133/4 596/122/77 594/143/77
f 581/106/4 584/141/77 594/143/77
f 586/143/77 590/144/77 594/143/77
s 96
f 541/146/78 566/134/78 565/136/79
f 549/147/80 576/139/80 575/138/43
f 541/146/78 545/130/74 567/131/74
s 95
f 560/129/73 585/128/72 583/142/81
s 96
f 552/125/69 577/124/69 576/139/80
s 95
f 556/132/75 595/133/76 593/145/82
s 99
f 617/148/83 620/201/82 649/149/41
s 100
f 606/151/44 599/199/43 631/152/43
s 99
f 613/154/81 639/194/90 638/155/84
f 611/157/50 617/148/83 648/150/42
f 614/159/51 609/156/47 638/155/84
f 618/161/86 611/157/50 647/158/49
s 100
f 606/151/44 629/153/45 628/163/55
f 607/165/58 602/197/56 621/166/79
f 603/164/55 628/163/55 627/168/59
s 99
f 618/161/86 645/162/86 644/170/62
s 100
f 604/172/63 598/169/59 627/168/59
f 607/165/58 636/167/58 635/174/66
s 99
f 619/176/67 614/159/51 637/160/85
s 100
f 600/175/65 635/174/66 633/178/87
s 99
f 610/180/71 615/171/62 644/170/62
f 610/180/71 643/181/71 641/182/72
s 100
f 601/184/74 604/172/63 625/173/63
s 99
f 619/176/67 652/177/67 651/186/76
s 101
f 622/188/4 623/185/4 624/189/4
f 623/185/4 625/173/77 626/190/4
f 627/168/4 628/163/4 626/190/4
f 628/163/4 629/153/4 630/189/77
f 631/152/77 632/191/4 630/189/77
f 632/191/4 633/178/4 634/192/4
f 635/174/4 636/167/4 634/192/4
f 636/167/4 621/166/77 624/189/4
f 626/190/4 630/189/77 634/192/4
s 102
f 638/155/77 639/194/4 640/193/77
f 641/182/77 642/195/77 640/193/77
f 643/181/4 644/170/4 642/195/77
f 645/162/4 646/196/4 642/195/77
f 647/158/77 648/150/4 646/196/4
f 649/149/4 650/195/4 646/196/4
f 651/186/4 652/177/77 650/195/4
f 637/160/77 640/193/77 650/195/4
f 642/195/77 646/196/4 650/195/4
s 100
f 602/197/56 597/200/78 622/188/78
f 605/198/89 632/191/80 631/152/43
f 601/184/74 623/185/74 622/188/78
s 99
f 613/154/81 616/183/72 641/182/72
s 100
f 605/198/89 608/179/88 633/178/87
s 99
f 612/187/76 651/186/76 649/149/41
s 107
f 677/96/69 708/95/87 709/145/80
s 108
f 689/98/99 691/138/76 659/97/76
s 107
f 698/101/59 699/142/63 673/100/64
f 671/103/65 707/104/66 708/95/87
f 674/105/101 697/106/181 698/101/59
f 705/108/58 707/104/66 671/103/65
s 108
f 663/109/85 688/110/85 689/98/99
f 696/112/86 681/136/61 662/111/62
f 687/114/84 688/110/85 663/109/85
s 107
f 704/117/79 705/108/58 678/107/58
s 108
f 664/118/46 685/119/81 687/114/84
f 695/121/50 696/112/86 667/113/54
s 107
f 712/122/45 697/106/181 674/105/101
s 108
f 693/124/42 695/121/50 660/120/50
s 107
f 670/126/104 703/127/78 704/117/79
f 701/128/74 703/127/78 670/126/104
s 108
f 683/131/72 685/119/81 664/118/46
s 107
f 672/132/106 711/133/43 712/122/45
s 109
f 682/134/77 681/136/4 684/135/4
f 683/131/77 684/135/4 686/137/4
f 687/114/4 685/119/77 686/137/4
f 688/110/4 686/137/4 690/135/4
f 691/138/77 689/98/4 690/135/4
f 692/139/77 690/135/4 694/140/4
f 695/121/4 693/124/4 694/140/4
f 696/112/4 694/140/4 684/135/4
f 694/140/4 690/135/4 686/137/4
s 110
f 698/101/77 697/106/4 700/141/77
f 700/141/77 702/143/77 701/128/4
f 703/127/4 701/128/4 702/143/77
f 702/143/77 706/144/77 705/108/77
f 707/104/77 705/108/77 706/144/77
f 706/144/77 710/143/77 709/145/4
f 711/133/4 709/145/4 710/143/77
f 710/143/77 700/141/77 697/106/4
f 710/143/77 706/144/77 702/143/77
s 108
f 681/136/61 682/134/71 657/146/71
f 659/97/76 691/138/76 692/139/82
f 682/134/71 683/131/72 661/130/72
s 107
f 699/142/63 701/128/74 676/129/105
s 108
f 692/139/82 693/124/42 668/125/103
s 107
f 709/145/80 711/133/43 672/132/106
s 111
f 764/150/88 765/149/80 736/201/98
s 112
f 745/153/99 747/152/76 715/199/76
s 111
f 754/155/59 755/194/64 729/154/63
f 763/158/66 764/150/88 733/148/88
f 753/160/55 754/155/59 725/156/60
f 734/161/57 761/162/57 763/158/66
s 112
f 744/163/85 745/153/99 722/151/99
f 752/167/53 737/166/61 718/197/61
f 743/168/47 744/163/85 719/164/85
s 111
f 760/170/56 761/162/57 734/161/57
s 112
f 741/173/81 743/168/47 714/169/84
f 751/174/50 752/167/53 723/165/54
s 111
f 768/177/44 753/160/55 730/159/55
s 112
f 749/178/103 751/174/50 716/175/50
s 111
f 726/180/78 759/181/78 760/170/56
f 732/183/74 757/182/74 759/181/78
s 112
f 717/184/72 739/185/72 741/173/81
s 111
f 767/186/43 768/177/44 735/176/45
s 113
f 738/188/4 737/166/77 740/189/4
f 739/185/4 740/189/4 742/190/4
f 743/168/4 741/173/77 742/190/4
f 744/163/4 742/190/4 746/189/77
f 747/152/77 745/153/4 746/189/77
f 748/191/4 746/189/77 750/192/4
f 751/174/4 749/178/4 750/192/4
f 752/167/4 750/192/4 740/189/4
f 750/192/4 746/189/77 742/190/4
s 114
f 754/155/77 753/160/77 756/193/77
f 756/193/77 758/195/77 757/182/77
f 759/181/4 757/182/77 758/195/77
f 758/195/77 762/196/4 761/162/4
f 763/158/77 761/162/4 762/196/4
f 762/196/4 766/195/4 765/149/4
f 767/186/4 765/149/4 766/195/4
f 766/195/4 756/193/77 753/160/77
f 766/195/4 762/196/4 758/195/77
s 112
f 737/166/61 738/188/71 713/200/71
f 715/199/76 747/152/76 748/191/82
f 738/188/71 739/185/72 717/184/72
s 111
f 729/154/63 755/194/64 757/182/74
s 112
f 721/198/107 748/191/82 749/178/103
s 111
f 765/149/80 767/186/43 728/187/43
s 119
f 793/206/111 824/216/121 825/207/112
s 120
f 805/209/114 807/246/115 775/210/115
s 119
f 814/212/117 815/251/145 789/213/118
f 787/215/120 823/254/148 824/216/121
f 790/217/122 813/257/182 814/212/117
f 821/218/123 823/254/148 787/215/120
s 120
f 779/220/124 804/245/124 805/209/114
f 812/221/125 797/249/142 778/222/126
f 803/224/128 804/245/124 779/220/124
s 119
f 820/226/129 821/218/123 794/219/123
s 120
f 780/228/130 801/244/154 803/224/128
f 811/229/131 812/221/125 783/223/127
s 119
f 828/231/132 813/257/182 790/217/122
s 120
f 809/233/134 811/229/131 776/230/131
s 119
f 786/235/136 819/252/157 820/226/129
f 817/236/137 819/252/157 786/235/136
s 120
f 799/238/139 801/244/154 780/228/130
s 119
f 788/240/140 827/256/158 828/231/132
s 121
f 798/241/141 797/249/8 800/242/8
f 799/238/141 800/242/8 802/243/8
f 803/224/8 801/244/141 802/243/8
f 804/245/8 802/243/8 806/242/8
f 807/246/141 805/209/8 806/242/8
f 808/247/141 806/242/8 810/248/8
f 811/229/8 809/233/8 810/248/8
f 812/221/8 810/248/8 800/242/8
f 810/248/8 806/242/8 802/243/8
s 122
f 814/212/141 813/257/8 816/250/141
f 816/250/141 818/253/141 817/236/8
f 819/252/8 817/236/8 818/253/141
f 818/253/141 822/255/141 821/218/141
f 823/254/141 821/218/141 822/255/141
f 822/255/141 826/253/141 825/207/8
f 827/256/8 825/207/8 826/253/141
f 826/253/141 816/250/141 813/257/8
f 826/253/141 822/255/141 818/253/141
s 120
f 797/249/142 798/241/143 773/258/143
f 775/210/115 807/246/115 808/247/144
f 798/241/143 799/238/139 777/239/139
s 119
f 815/251/145 817/236/137 792/237/138
s 120
f 808/247/144 809/233/134 784/234/135
s 119
f 825/207/112 827/256/158 788/240/140
s 123
f 880/260/146 881/311/112 852/261/113
s 124
f 861/263/114 863/301/115 831/264/115
s 123
f 870/266/117 871/306/118 845/267/145
f 879/269/148 880/260/146 849/262/146
f 869/271/149 870/266/117 841/268/147
f 850/273/150 877/309/150 879/269/148
s 124
f 860/274/124 861/263/114 838/265/114
f 868/276/151 853/304/142 834/277/142
f 859/279/152 860/274/124 835/275/124
s 123
f 876/281/153 877/309/150 850/273/150
s 124
f 857/283/154 859/279/152 830/280/128
f 867/285/131 868/276/151 839/278/127
s 123
f 884/287/155 869/271/149 846/272/149
s 124
f 865/289/135 867/285/131 832/286/131
s 123
f 842/291/157 875/293/157 876/281/153
f 848/292/137 873/307/137 875/293/157
s 124
f 833/294/139 855/299/139 857/283/154
s 123
f 883/295/158 884/287/155 851/288/132
s 125
f 854/297/8 853/304/141 856/298/8
f 855/299/8 856/298/8 858/300/8
f 859/279/8 857/283/141 858/300/8
f 860/274/8 858/300/8 862/298/141
f 863/301/141 861/263/8 862/298/141
f 864/302/8 862/298/141 866/303/8
f 867/285/8 865/289/8 866/303/8
f 868/276/8 866/303/8 856/298/8
f 866/303/8 862/298/141 858/300/8
s 126
f 870/266/141 869/271/141 872/305/141
f 872/305/141 874/308/141 873/307/141
f 875/293/8 873/307/141 874/308/141
f 874/308/141 878/310/8 877/309/8
f 879/269/141 877/309/8 878/310/8
f 878/310/8 882/308/8 881/311/8
f 883/295/8 881/311/8 882/308/8
f 882/308/8 872/305/141 869/271/141
f 882/308/8 878/310/8 874/308/141
s 124
f 853/304/142 854/297/143 829/312/143
f 831/264/115 863/301/115 864/302/144
f 854/297/143 855/299/139 833/294/139
s 123
f 845/267/145 871/306/118 873/307/137
s 124
f 837/313/159 864/302/144 865/289/135
s 123
f 881/311/112 883/295/158 844/296/158
s 131
f 912/208/167 941/207/144 940/216/134
s 132
f 891/210/158 923/246/158 921/209/155
s 131
f 905/213/130 931/251/154 930/212/152
f 903/215/169 909/206/134 940/216/134
f 906/217/170 901/214/168 930/212/152
f 910/219/151 903/215/169 939/254/131
s 132
f 895/220/149 898/211/132 921/209/155
f 894/222/153 913/249/129 928/221/150
f 895/220/149 920/245/149 919/224/117
s 131
f 907/227/142 910/219/151 937/218/127
s 132
f 896/228/145 890/225/147 919/224/117
f 892/230/120 899/223/123 928/221/150
s 131
f 906/217/170 929/257/171 944/231/116
s 132
f 892/230/120 927/229/148 925/233/111
s 131
f 902/235/173 907/227/142 936/226/126
f 902/235/173 935/252/143 933/236/139
s 132
f 893/239/137 896/228/145 917/244/118
s 131
f 904/240/175 911/232/172 944/231/116
s 133
f 914/241/141 915/238/141 916/242/8
f 915/238/141 917/244/141 918/243/8
f 919/224/8 920/245/8 918/243/8
f 920/245/8 921/209/8 922/242/8
f 923/246/141 924/247/141 922/242/8
f 924/247/141 925/233/8 926/248/8
f 927/229/8 928/221/8 926/248/8
f 928/221/8 913/249/8 916/242/8
f 918/243/8 922/242/8 926/248/8
s 134
f 930/212/141 931/251/8 932/250/141
f 933/236/8 934/253/141 932/250/141
f 935/252/8 936/226/141 934/253/141
f 937/218/141 938/255/141 934/253/141
f 939/254/141 940/216/141 938/255/141
f 941/207/8 942/253/141 938/255/141
f 943/256/8 944/231/141 942/253/141
f 929/257/8 932/250/141 942/253/141
f 934/253/141 938/255/141 942/253/141
s 132
f 889/258/157 914/241/157 913/249/129
f 897/259/112 924/247/112 923/246/158
f 889/258/157 893/239/137 915/238/137
s 131
f 908/237/174 933/236/139 931/251/154
s 132
f 900/234/111 925/233/111 924/247/112
s 131
f 904/240/175 943/256/115 941/207/144
s 135
f 965/262/156 968/261/144 997/311/167
s 136
f 954/265/155 947/264/158 979/301/158
s 135
f 961/267/154 987/306/177 986/266/128
f 959/270/131 965/262/156 996/260/134
f 962/272/170 957/268/152 986/266/128
f 966/273/125 959/270/131 995/269/169
s 136
f 954/265/155 977/263/132 976/274/149
f 955/278/123 950/277/153 969/304/129
f 951/275/149 976/274/149 975/279/117
s 135
f 966/273/125 993/309/125 992/281/126
s 136
f 952/284/145 946/280/117 975/279/117
f 955/278/123 984/276/123 983/285/148
s 135
f 967/288/116 962/272/170 985/271/124
s 136
f 948/286/120 983/285/148 981/289/121
s 135
f 958/291/143 963/282/126 992/281/126
f 958/291/143 991/293/143 989/307/139
s 136
f 949/294/137 952/284/145 973/283/145
s 135
f 967/288/116 1000/287/116 999/295/115
s 137
f 970/297/8 971/299/8 972/298/8
f 971/299/8 973/283/141 974/300/8
f 975/279/8 976/274/8 974/300/8
f 976/274/8 977/263/8 978/298/141
f 979/301/141 980/302/8 978/298/141
f 980/302/8 981/289/8 982/303/8
f 983/285/8 984/276/8 982/303/8
f 984/276/8 969/304/141 972/298/8
f 974/300/8 978/298/141 982/303/8
s 138
f 986/266/141 987/306/8 988/305/141
f 989/307/141 990/308/141 988/305/141
f 991/293/8 992/281/8 990/308/141
f 993/309/8 994/310/8 990/308/141
f 995/269/141 996/260/8 994/310/8
f 997/311/8 998/308/8 994/310/8
f 999/295/8 1000/287/141 998/308/8
f 985/271/141 988/305/141 998/308/8
f 990/308/141 994/310/8 998/308/8
s 136
f 950/277/153 945/312/157 970/297/157
f 953/313/176 980/302/112 979/301/158
f 949/294/137 971/299/137 970/297/157
s 135
f 961/267/154 964/292/139 989/307/139
s 136
f 953/313/176 956/290/146 981/289/121
s 135
f 960/296/115 999/295/115 997/311/167
s 143
f 1006/318/1 1005/323/1 1007/319/1
s 144
f 1018/321/8 1017/322/8 1013/322/8
s 145
f 1012/320/9 1010/318/9 1006/318/9
s 146
f 1007/319/20 1005/323/20 1009/323/20
s 147
f 1011/319/3 1009/323/3 1010/318/3
s 148
f 1009/323/8 1005/323/8 1006/318/8
s 149
f 1020/324/3 1019/325/3 1017/322/3
s 150
f 1015/325/26 1013/322/26 1017/322/26
s 151
f 1018/321/28 1014/321/28 1016/324/28
s 152
f 1016/324/7 1015/325/7 1019/325/7
s 153
f 1008/320/7 1007/319/7 1011/319/7
s 154
f 1021/326/1 1023/334/1 1022/327/1
s 155
f 1028/329/1 1029/333/1 1031/330/1
s 156
f 1022/327/10 1026/327/10 1024/328/10
s 157
f 1036/332/4 1024/328/4 1025/326/4
s 158
f 1026/327/3 1027/334/3 1025/326/3
s 159
f 1032/329/3 1034/331/3 1035/330/3
s 160
f 1031/330/18 1029/333/18 1033/333/18
s 161
f 1030/331/16 1034/331/16 1032/329/16
s 162
f 1027/334/2 1026/327/2 1022/327/2
s 163
f 1032/329/4 1033/333/4 1029/333/4
s 164
f 1034/331/2 1030/331/2 1031/330/2
s 165
f 1021/326/5 1025/326/5 1027/334/5
s 166
f 1016/324/1 1014/321/1 1013/322/1
