# Blender 4.5.2 LTS
# www.blender.org
mtllib trash_bin_c_yellow.mtl
g trash_bin_c_yellow_Mesh
v 0.145120 0.571455 -0.167990
v -0.145120 0.571455 0.167990
v -0.145120 0.766678 0.136966
v 0.145120 0.766678 0.136966
v -0.145120 0.764385 0.094677
v 0.145120 0.764385 0.094677
v 0.145120 0.759501 0.059117
v -0.145120 0.759501 0.059117
v 0.145120 0.748737 0.022018
v -0.145120 0.748737 0.022018
v 0.145120 0.732505 -0.015195
v -0.145120 0.732505 -0.015195
v 0.145120 0.711430 -0.051091
v -0.145120 0.711430 -0.051091
v 0.145120 0.686321 -0.084291
v -0.145120 0.686321 -0.084291
v 0.145120 0.658144 -0.113519
v -0.145120 0.658144 -0.113519
v 0.145120 0.627980 -0.137652
v -0.145120 0.627980 -0.137652
v 0.145120 0.596991 -0.155763
v -0.145120 0.596991 -0.155763
v 0.145120 0.571455 0.158849
v -0.145120 0.571455 0.158849
v -0.167990 0.731348 0.136966
v 0.167990 0.731348 0.136966
v -0.145120 0.731348 0.167990
v 0.145120 0.731348 0.167990
v 0.145120 0.731348 0.140927
v -0.145120 0.731348 0.140927
v -0.126816 0.571455 -0.167990
v 0.126816 0.571455 -0.167990
v 0.126816 0.571455 0.158849
v -0.126816 0.571455 0.158849
v -0.126816 0.766678 0.136966
v 0.126816 0.766678 0.136966
v -0.126816 0.764385 0.094677
v 0.126816 0.764385 0.094677
v 0.126816 0.759501 0.059117
v -0.126816 0.759501 0.059117
v 0.126816 0.748737 0.022018
v -0.126816 0.748737 0.022018
v 0.126816 0.732505 -0.015195
v -0.126816 0.732505 -0.015195
v 0.126816 0.711430 -0.051091
v -0.126816 0.711430 -0.051091
v 0.126816 0.686321 -0.084291
v -0.126816 0.686321 -0.084291
v 0.126816 0.658144 -0.113519
v -0.126816 0.658144 -0.113519
v 0.126816 0.627980 -0.137652
v -0.126816 0.627980 -0.137652
v 0.126816 0.596991 -0.155763
v -0.126816 0.596991 -0.155763
v 0.126816 0.731348 0.140927
v -0.126816 0.731348 0.140927
v -0.167990 0.571455 0.159886
v -0.159881 0.571455 0.167990
v 0.167990 0.571455 0.136966
v 0.145120 0.746354 0.167990
v 0.145120 0.766678 0.147666
v 0.145120 0.756516 0.165267
v 0.145120 0.763955 0.157828
v -0.145120 0.766678 0.147666
v -0.145120 0.746354 0.167990
v -0.145120 0.763955 0.157828
v -0.145120 0.756516 0.165267
v 0.126816 0.731348 0.131139
v -0.126816 0.731348 0.131139
v 0.126816 0.570047 0.131139
v -0.126816 0.570047 0.131139
v -0.167990 0.571455 0.136966
v 0.163831 0.571784 -0.166524
v 0.166875 0.571784 -0.162949
v 0.145120 0.571455 0.167990
v 0.159672 0.571455 -0.167990
v 0.167990 0.571455 -0.158224
v 0.159873 0.766678 0.136966
v 0.167990 0.759421 0.136966
v 0.163931 0.765706 0.136966
v 0.166902 0.763050 0.136966
v -0.167990 0.759421 0.136966
v -0.159873 0.766678 0.136966
v -0.166902 0.763050 0.136966
v -0.163931 0.765706 0.136966
v -0.167990 0.757694 0.103242
v -0.159869 0.764385 0.094677
v -0.166902 0.761039 0.098960
v -0.163929 0.763489 0.095825
v -0.159725 0.596991 -0.155763
v -0.167990 0.596168 -0.146330
v -0.163857 0.596880 -0.154499
v -0.166882 0.596579 -0.151046
v -0.159863 0.759501 0.059117
v -0.167990 0.753902 0.074601
v -0.163927 0.758751 0.061192
v -0.166901 0.756701 0.066859
v -0.159856 0.748737 0.022018
v -0.167990 0.734562 0.007728
v -0.163923 0.746838 0.020104
v -0.166900 0.741649 0.014873
v -0.159847 0.732505 -0.015195
v -0.167990 0.726906 -0.009905
v -0.163918 0.731755 -0.014486
v -0.166899 0.729706 -0.012550
v -0.159834 0.711430 -0.051091
v -0.167990 0.706621 -0.044630
v -0.163912 0.710786 -0.050225
v -0.166897 0.709026 -0.047861
v -0.159817 0.686321 -0.084291
v -0.167990 0.682440 -0.076814
v -0.163903 0.685801 -0.083289
v -0.166895 0.684380 -0.080553
v -0.159794 0.658144 -0.113519
v -0.167990 0.655267 -0.105208
v -0.163892 0.657758 -0.112406
v -0.166892 0.656705 -0.109363
v -0.159764 0.627980 -0.137652
v -0.167990 0.626136 -0.128693
v -0.163877 0.627733 -0.136452
v -0.166888 0.627058 -0.133172
v 0.167990 0.596168 -0.146330
v 0.159725 0.596991 -0.155763
v 0.166882 0.596579 -0.151046
v 0.163857 0.596880 -0.154499
v 0.159869 0.764385 0.094677
v 0.167990 0.757694 0.103242
v 0.163929 0.763489 0.095825
v 0.166902 0.761039 0.098960
v 0.167990 0.626136 -0.128693
v 0.159764 0.627980 -0.137652
v 0.166888 0.627058 -0.133172
v 0.163877 0.627733 -0.136452
v 0.167990 0.655267 -0.105208
v 0.159794 0.658144 -0.113519
v 0.166892 0.656705 -0.109363
v 0.163892 0.657758 -0.112406
v 0.167990 0.682440 -0.076814
v 0.159817 0.686321 -0.084291
v 0.166895 0.684380 -0.080553
v 0.163903 0.685801 -0.083289
v 0.167990 0.706621 -0.044630
v 0.159834 0.711430 -0.051091
v 0.166897 0.709026 -0.047861
v 0.163912 0.710786 -0.050225
v 0.167990 0.726906 -0.009905
v 0.159847 0.732505 -0.015195
v 0.166899 0.729706 -0.012550
v 0.163918 0.731755 -0.014486
v 0.167990 0.734561 0.007727
v 0.159856 0.748737 0.022018
v 0.166900 0.741649 0.014873
v 0.163923 0.746838 0.020103
v 0.167990 0.753902 0.074601
v 0.159863 0.759501 0.059117
v 0.166901 0.756701 0.066859
v 0.163927 0.758751 0.061192
v 0.167990 0.731348 0.159886
v 0.159881 0.731348 0.167990
v 0.166903 0.731348 0.163938
v 0.163935 0.731348 0.166904
v -0.159881 0.731348 0.167990
v -0.167990 0.731348 0.159886
v -0.163935 0.731348 0.166904
v -0.166903 0.731348 0.163938
v 0.167990 0.759389 0.143560
v 0.159876 0.766678 0.147666
v 0.166903 0.763034 0.145613
v 0.163933 0.765702 0.147116
v 0.167990 0.745287 0.159886
v 0.159881 0.746354 0.167990
v 0.166903 0.745821 0.163938
v 0.163935 0.746211 0.166904
v 0.167990 0.756690 0.153633
v 0.159878 0.763955 0.157828
v 0.166903 0.760323 0.155730
v 0.163934 0.762982 0.157266
v 0.167990 0.752321 0.158001
v 0.159880 0.756516 0.165267
v 0.166903 0.754419 0.161634
v 0.163935 0.755954 0.164293
v -0.167990 0.745287 0.159886
v -0.159881 0.746354 0.167990
v -0.166903 0.745821 0.163938
v -0.163935 0.746211 0.166904
v -0.167990 0.759389 0.143560
v -0.159876 0.766678 0.147666
v -0.166903 0.763034 0.145613
v -0.163933 0.765702 0.147116
v -0.167990 0.752321 0.158001
v -0.159880 0.756516 0.165267
v -0.166903 0.754419 0.161634
v -0.163935 0.755954 0.164293
v -0.167990 0.756690 0.153633
v -0.159878 0.763955 0.157828
v -0.166903 0.760323 0.155730
v -0.163934 0.762982 0.157266
v 0.167990 0.571455 0.159886
v 0.159881 0.571455 0.167990
v 0.166903 0.571455 0.163938
v 0.163936 0.571455 0.166904
v -0.145120 0.571455 -0.167990
v -0.159672 0.571455 -0.167990
v -0.167990 0.571455 -0.158224
v -0.163831 0.571784 -0.166524
v -0.166875 0.571784 -0.162949
v -0.166903 0.571455 0.163938
v -0.163936 0.571455 0.166904
v 0.145120 0.569296 -0.163480
v -0.150120 0.571455 0.162990
v -0.147817 0.757653 0.134395
v 0.147817 0.757653 0.134395
v -0.145120 0.759404 0.095154
v 0.145120 0.759404 0.095154
v 0.145120 0.754598 0.060160
v -0.145120 0.754598 0.060160
v 0.145120 0.744025 0.023721
v -0.145120 0.744025 0.023721
v 0.145120 0.728042 -0.012921
v -0.145120 0.728042 -0.012921
v 0.145120 0.707266 -0.048307
v -0.145120 0.707266 -0.048307
v 0.145120 0.682514 -0.081036
v -0.145120 0.682514 -0.081036
v 0.145120 0.654768 -0.109816
v -0.145120 0.654768 -0.109816
v 0.145120 0.625142 -0.133520
v -0.145120 0.625142 -0.133520
v 0.145120 0.594646 -0.151342
v -0.145120 0.594646 -0.151342
v 0.150304 0.570916 0.154039
v -0.150304 0.570916 0.154039
v -0.162990 0.731348 0.136966
v 0.162990 0.731348 0.136966
v -0.150120 0.731348 0.162990
v 0.150120 0.731348 0.162990
v 0.150120 0.730791 0.135958
v -0.150120 0.730791 0.135958
v -0.126816 0.569296 -0.163480
v 0.126816 0.569296 -0.163480
v 0.126816 0.570898 0.153880
v -0.126816 0.570898 0.153880
v -0.126816 0.761430 0.132523
v 0.126816 0.761430 0.132523
v -0.126816 0.759404 0.095154
v 0.126816 0.759404 0.095154
v 0.126816 0.754598 0.060160
v -0.126816 0.754598 0.060160
v 0.126816 0.744025 0.023721
v -0.126816 0.744025 0.023721
v 0.126816 0.728042 -0.012921
v -0.126816 0.728042 -0.012921
v 0.126816 0.707266 -0.048307
v -0.126816 0.707266 -0.048307
v 0.126816 0.682514 -0.081036
v -0.126816 0.682514 -0.081036
v 0.126816 0.654768 -0.109816
v -0.126816 0.654768 -0.109816
v 0.126816 0.625142 -0.133520
v -0.126816 0.625142 -0.133520
v 0.126816 0.594646 -0.151342
v -0.126816 0.594646 -0.151342
v 0.126816 0.730791 0.135958
v -0.126816 0.730791 0.135958
v -0.162990 0.571455 0.159228
v -0.159224 0.571455 0.162990
v 0.162990 0.571455 0.136966
v 0.149809 0.745692 0.162962
v 0.149809 0.761650 0.147004
v 0.149662 0.753884 0.160707
v 0.149662 0.759396 0.155195
v -0.149809 0.761650 0.147004
v -0.149809 0.745692 0.162962
v -0.149662 0.759396 0.155195
v -0.149662 0.753884 0.160707
v 0.126816 0.731348 0.126139
v -0.126816 0.731348 0.126139
v 0.126816 0.570047 0.126139
v -0.126816 0.570047 0.126139
v -0.162990 0.571455 0.136966
v 0.161346 0.569808 -0.162397
v 0.162472 0.570595 -0.160467
v 0.150120 0.571455 0.162990
v 0.159023 0.569293 -0.163473
v 0.163005 0.571115 -0.157516
v 0.159285 0.761678 0.137101
v 0.162991 0.758674 0.136985
v 0.161552 0.761131 0.137088
v 0.162531 0.760241 0.137039
v -0.162991 0.758674 0.136985
v -0.159285 0.761678 0.137101
v -0.162531 0.760241 0.137039
v -0.161552 0.761131 0.137088
v -0.162995 0.756950 0.103296
v -0.159260 0.759405 0.095169
v -0.162519 0.758281 0.099200
v -0.161493 0.758962 0.096269
v -0.159032 0.594652 -0.151338
v -0.162992 0.595860 -0.145766
v -0.161185 0.594802 -0.150567
v -0.162371 0.595390 -0.148825
v -0.159143 0.754611 0.060204
v -0.163002 0.753214 0.074711
v -0.161207 0.754447 0.062120
v -0.162432 0.754197 0.067331
v -0.159144 0.744013 0.023671
v -0.163000 0.733885 0.008009
v -0.161237 0.742692 0.021590
v -0.162473 0.739218 0.015814
v -0.159250 0.728045 -0.012916
v -0.162993 0.726232 -0.009571
v -0.161519 0.727681 -0.012404
v -0.162524 0.727203 -0.011286
v -0.159222 0.707270 -0.048301
v -0.162993 0.706005 -0.044231
v -0.161469 0.707002 -0.047688
v -0.162499 0.706726 -0.046338
v -0.159189 0.682519 -0.081029
v -0.162993 0.681887 -0.076358
v -0.161413 0.682358 -0.080336
v -0.162473 0.682310 -0.078802
v -0.159146 0.654776 -0.109809
v -0.162993 0.654787 -0.104701
v -0.161347 0.654725 -0.109066
v -0.162445 0.654902 -0.107411
v -0.159091 0.625152 -0.133513
v -0.162994 0.625742 -0.128144
v -0.161264 0.625203 -0.132751
v -0.162410 0.625574 -0.131045
v 0.162992 0.595860 -0.145766
v 0.159032 0.594652 -0.151338
v 0.162371 0.595390 -0.148825
v 0.161185 0.594802 -0.150567
v 0.159260 0.759405 0.095169
v 0.162995 0.756950 0.103296
v 0.161493 0.758962 0.096269
v 0.162519 0.758281 0.099200
v 0.162994 0.625742 -0.128144
v 0.159091 0.625152 -0.133513
v 0.162410 0.625574 -0.131045
v 0.161264 0.625203 -0.132751
v 0.162993 0.654787 -0.104701
v 0.159146 0.654776 -0.109809
v 0.162445 0.654902 -0.107411
v 0.161347 0.654725 -0.109066
v 0.162993 0.681887 -0.076358
v 0.159189 0.682519 -0.081029
v 0.162473 0.682310 -0.078802
v 0.161413 0.682358 -0.080336
v 0.162993 0.706005 -0.044231
v 0.159222 0.707270 -0.048301
v 0.162499 0.706726 -0.046338
v 0.161469 0.707002 -0.047688
v 0.162993 0.726232 -0.009571
v 0.159250 0.728045 -0.012916
v 0.162524 0.727203 -0.011286
v 0.161519 0.727681 -0.012404
v 0.163000 0.733885 0.008009
v 0.159144 0.744013 0.023671
v 0.162473 0.739218 0.015814
v 0.161237 0.742692 0.021590
v 0.163002 0.753214 0.074711
v 0.159143 0.754611 0.060204
v 0.162432 0.754197 0.067331
v 0.161207 0.754447 0.062120
v 0.162990 0.731348 0.159228
v 0.159223 0.731348 0.162990
v 0.162421 0.731348 0.161349
v 0.161348 0.731348 0.162421
v -0.159223 0.731348 0.162990
v -0.162990 0.731348 0.159228
v -0.161348 0.731348 0.162421
v -0.162421 0.731348 0.161349
v 0.163004 0.758640 0.143486
v 0.159245 0.761681 0.146988
v 0.162502 0.760292 0.145283
v 0.161448 0.761177 0.146503
v 0.163000 0.745195 0.159186
v 0.159219 0.745696 0.162990
v 0.162449 0.745473 0.161297
v 0.161364 0.745620 0.162411
v 0.163002 0.756048 0.153262
v 0.159190 0.759476 0.155242
v 0.162439 0.757969 0.154372
v 0.161316 0.758979 0.154955
v 0.163002 0.751951 0.157359
v 0.159191 0.753930 0.160788
v 0.162439 0.753060 0.159281
v 0.161317 0.753643 0.160291
v -0.163000 0.745195 0.159186
v -0.159219 0.745696 0.162990
v -0.162449 0.745473 0.161297
v -0.161364 0.745620 0.162411
v -0.163004 0.758640 0.143486
v -0.159245 0.761681 0.146988
v -0.162502 0.760292 0.145283
v -0.161448 0.761177 0.146503
v -0.163002 0.751951 0.157359
v -0.159191 0.753930 0.160788
v -0.162439 0.753060 0.159281
v -0.161317 0.753643 0.160290
v -0.163002 0.756048 0.153262
v -0.159190 0.759476 0.155242
v -0.162439 0.757969 0.154372
v -0.161316 0.758979 0.154955
v 0.162990 0.571455 0.159228
v 0.159224 0.571455 0.162990
v 0.162421 0.571455 0.161349
v 0.161348 0.571455 0.162421
v -0.145120 0.569296 -0.163480
v -0.159023 0.569293 -0.163473
v -0.163005 0.571115 -0.157516
v -0.161346 0.569808 -0.162397
v -0.162472 0.570595 -0.160467
v -0.162421 0.571455 0.161349
v -0.161348 0.571455 0.162421
v -0.151933 0.571471 0.144604
v -0.152338 0.523284 0.169233
v -0.169233 0.523284 0.152338
v -0.160785 0.523284 0.166969
v -0.166969 0.523284 0.160785
v -0.169233 0.523284 -0.152338
v -0.152338 0.523284 -0.169233
v -0.166969 0.523284 -0.160785
v -0.160785 0.523284 -0.166969
v 0.169233 0.523284 0.152338
v 0.152338 0.523284 0.169233
v 0.166969 0.523284 0.160785
v 0.160785 0.523284 0.166969
v 0.152338 0.523284 -0.169233
v 0.169233 0.523284 -0.152338
v 0.160785 0.523284 -0.166969
v 0.166969 0.523284 -0.160785
v -0.188295 0.532149 0.205572
v -0.205572 0.532149 0.188295
v -0.196933 0.532149 0.203257
v -0.203257 0.532149 0.196933
v -0.196707 0.523284 0.178955
v -0.178955 0.523284 0.196707
v -0.194329 0.523284 0.187831
v -0.187831 0.523284 0.194329
v -0.204384 0.527717 0.186969
v -0.186969 0.527717 0.204384
v -0.202051 0.527717 0.195677
v -0.195677 0.527717 0.202051
v -0.201140 0.524472 0.183491
v -0.183491 0.524472 0.201140
v -0.198775 0.524472 0.192315
v -0.192315 0.524472 0.198775
v -0.205572 0.532149 -0.188295
v -0.188295 0.532149 -0.205572
v -0.203257 0.532149 -0.196933
v -0.196933 0.532149 -0.203257
v -0.178955 0.523284 -0.196707
v -0.196707 0.523284 -0.178955
v -0.187831 0.523284 -0.194329
v -0.194329 0.523284 -0.187831
v -0.186969 0.527717 -0.204384
v -0.204384 0.527717 -0.186969
v -0.195677 0.527717 -0.202051
v -0.202051 0.527717 -0.195677
v -0.183491 0.524472 -0.201140
v -0.201140 0.524472 -0.183491
v -0.192315 0.524472 -0.198775
v -0.198775 0.524472 -0.192315
v 0.188295 0.532149 -0.205572
v 0.205572 0.532149 -0.188295
v 0.196933 0.532149 -0.203257
v 0.203257 0.532149 -0.196933
v 0.196707 0.523284 -0.178955
v 0.178955 0.523284 -0.196707
v 0.194329 0.523284 -0.187831
v 0.187831 0.523284 -0.194329
v 0.204384 0.527717 -0.186969
v 0.186969 0.527717 -0.204384
v 0.202051 0.527717 -0.195677
v 0.195677 0.527717 -0.202051
v 0.201140 0.524472 -0.183491
v 0.183491 0.524472 -0.201140
v 0.198775 0.524472 -0.192315
v 0.192315 0.524472 -0.198775
v 0.205572 0.532149 0.188295
v 0.188295 0.532149 0.205572
v 0.203257 0.532149 0.196933
v 0.196933 0.532149 0.203257
v 0.178955 0.523284 0.196707
v 0.196707 0.523284 0.178955
v 0.187831 0.523284 0.194329
v 0.194329 0.523284 0.187831
v 0.186969 0.527717 0.204384
v 0.204384 0.527717 0.186969
v 0.195677 0.527717 0.202051
v 0.202051 0.527717 0.195677
v 0.183491 0.524472 0.201140
v 0.201140 0.524472 0.183491
v 0.192315 0.524472 0.198775
v 0.198775 0.524472 0.192315
v -0.205572 0.562591 0.188288
v -0.188288 0.562591 0.205572
v -0.203256 0.562591 0.196930
v -0.196930 0.562591 0.203256
v -0.201140 0.570268 0.183446
v -0.183446 0.570268 0.201140
v -0.198769 0.570268 0.192293
v -0.192293 0.570268 0.198769
v -0.204384 0.567023 0.186948
v -0.186948 0.567023 0.204384
v -0.202048 0.567023 0.195666
v -0.195666 0.567023 0.202048
v -0.144600 0.571471 0.151933
v -0.187792 0.571455 0.194318
v -0.194318 0.571455 0.187792
v -0.188288 0.562591 -0.205572
v -0.205572 0.562591 -0.188288
v -0.196930 0.562591 -0.203256
v -0.203256 0.562591 -0.196930
v -0.183446 0.570268 -0.201140
v -0.201140 0.570268 -0.183446
v -0.192293 0.570268 -0.198769
v -0.198769 0.570268 -0.192293
v -0.186948 0.567023 -0.204384
v -0.204384 0.567023 -0.186948
v -0.195666 0.567023 -0.202048
v -0.202048 0.567023 -0.195666
v 0.205572 0.562591 -0.188288
v 0.188288 0.562591 -0.205572
v 0.203256 0.562591 -0.196930
v 0.196930 0.562591 -0.203256
v 0.201140 0.570268 -0.183446
v 0.183446 0.570268 -0.201140
v 0.198769 0.570268 -0.192293
v 0.192293 0.570268 -0.198769
v 0.204384 0.567023 -0.186948
v 0.186948 0.567023 -0.204384
v 0.202048 0.567023 -0.195666
v 0.195666 0.567023 -0.202048
v 0.188288 0.562591 0.205572
v 0.205572 0.562591 0.188288
v 0.196930 0.562591 0.203256
v 0.203256 0.562591 0.196930
v 0.183446 0.570268 0.201140
v 0.201140 0.570268 0.183446
v 0.192293 0.570268 0.198769
v 0.198769 0.570268 0.192293
v 0.186948 0.567023 0.204384
v 0.204384 0.567023 0.186948
v 0.195666 0.567023 0.202048
v 0.202048 0.567023 0.195666
v -0.178877 0.571455 0.196707
v -0.196707 0.571455 0.178877
v 0.148172 0.571768 -0.150608
v 0.150925 0.571768 -0.147375
v 0.144411 0.571471 -0.151933
v 0.151933 0.571471 -0.143101
v 0.187792 0.571455 -0.194318
v 0.194318 0.571455 -0.187792
v 0.196707 0.571455 -0.178877
v 0.178877 0.571455 -0.196707
v 0.178877 0.571455 0.196707
v 0.196707 0.571455 0.178877
v 0.187792 0.571455 0.194318
v 0.194318 0.571455 0.187792
v 0.151933 0.571471 0.144604
v 0.144600 0.571471 0.151933
v 0.150951 0.571471 0.148269
v 0.148267 0.571471 0.150951
v -0.178877 0.571455 -0.196707
v -0.196707 0.571455 -0.178877
v -0.187792 0.571455 -0.194318
v -0.194318 0.571455 -0.187792
v -0.144411 0.571471 -0.151933
v -0.151933 0.571471 -0.143101
v -0.148172 0.571768 -0.150608
v -0.150925 0.571768 -0.147375
v -0.150951 0.571471 0.148269
v -0.148267 0.571471 0.150951
v 0.000000 0.034095 0.000095
v -0.117351 0.034092 0.111700
v -0.131055 0.049989 0.124733
v -0.126777 0.038748 0.120665
v -0.124729 0.049984 0.131055
v -0.111682 0.034092 0.117355
v -0.120657 0.038746 0.126779
v 0.114565 0.034321 -0.116439
v 0.127811 0.050253 -0.129912
v 0.123674 0.038998 -0.125704
v 0.116672 0.034321 -0.113918
v 0.130186 0.050251 -0.127123
v 0.125966 0.038997 -0.123000
v 0.124566 0.049998 -0.131055
v 0.111602 0.034092 -0.117407
v 0.120519 0.038751 -0.126794
v 0.117356 0.034092 -0.110524
v 0.131055 0.049993 -0.123436
v 0.126779 0.038749 -0.119406
v 0.131055 0.049989 0.124733
v 0.117351 0.034092 0.111700
v 0.126777 0.038748 0.120665
v 0.111682 0.034092 0.117355
v 0.124729 0.049984 0.131055
v 0.120657 0.038746 0.126779
v 0.130207 0.049986 0.127894
v 0.116667 0.034092 0.114604
v 0.125980 0.038747 0.123744
v 0.114592 0.034092 0.116676
v 0.127892 0.049985 0.130208
v 0.123739 0.038747 0.125982
v -0.111602 0.034092 -0.117407
v -0.124566 0.049998 -0.131055
v -0.120519 0.038751 -0.126794
v -0.117356 0.034092 -0.110524
v -0.131055 0.049993 -0.123436
v -0.126779 0.038749 -0.119406
v -0.114565 0.034321 -0.116439
v -0.127811 0.050253 -0.129912
v -0.123674 0.038998 -0.125704
v -0.116672 0.034321 -0.113918
v -0.130186 0.050251 -0.127123
v -0.125966 0.038997 -0.123000
v -0.130207 0.049986 0.127894
v -0.116667 0.034092 0.114604
v -0.125980 0.038747 0.123744
v -0.127892 0.049985 0.130208
v -0.114592 0.034092 0.116676
v -0.123739 0.038747 0.125982
v -0.175895 0.523284 0.143412
v 0.175895 0.523284 0.143412
v -0.151950 0.523284 -0.175895
v 0.151950 0.523284 -0.175895
v 0.151950 0.523284 0.175895
v -0.151950 0.523284 0.175895
v 0.128643 0.000000 0.121414
v -0.128643 0.000000 0.121414
v -0.132784 0.523284 -0.175895
v 0.132784 0.523284 -0.175895
v 0.132784 0.523284 0.175895
v -0.132784 0.523284 0.175895
v 0.112417 0.000000 0.121414
v -0.112417 0.000000 0.121414
v -0.158335 0.523284 0.175895
v -0.175895 0.523284 0.158335
v -0.167115 0.523284 0.173543
v -0.173543 0.523284 0.167115
v -0.175895 0.523284 -0.158335
v -0.158335 0.523284 -0.175895
v -0.173543 0.523284 -0.167115
v -0.167115 0.523284 -0.173543
v 0.175895 0.523284 0.158335
v 0.158335 0.523284 0.175895
v 0.173543 0.523284 0.167115
v 0.167115 0.523284 0.173543
v 0.158335 0.523284 -0.175895
v 0.175895 0.523284 -0.158335
v 0.167115 0.523284 -0.173543
v 0.173543 0.523284 -0.167115
v -0.149760 0.016391 0.122103
v -0.132495 0.000000 0.121414
v -0.147138 0.008196 0.121759
v -0.140819 0.002196 0.121507
v 0.132495 0.000000 0.121414
v 0.149760 0.016391 0.122103
v 0.140819 0.002196 0.121507
v 0.147138 0.008196 0.121759
v 0.129373 0.016392 -0.149760
v 0.128643 0.000000 -0.132495
v 0.129008 0.008196 -0.147138
v 0.128740 0.002196 -0.140818
v -0.128643 0.000000 -0.132495
v -0.129373 0.016392 -0.149760
v -0.128740 0.002196 -0.140818
v -0.129008 0.008196 -0.147138
v -0.129373 0.016392 0.149760
v -0.128643 0.000000 0.132495
v -0.129008 0.008196 0.147138
v -0.128740 0.002196 0.140818
v 0.128643 0.000000 0.132495
v 0.129373 0.016392 0.149760
v 0.128740 0.002196 0.140818
v 0.129008 0.008196 0.147138
v 0.112417 0.000000 -0.132495
v 0.113055 0.016393 -0.149760
v 0.112502 0.002196 -0.140818
v 0.112736 0.008196 -0.147138
v -0.113055 0.016393 -0.149760
v -0.112417 0.000000 -0.132495
v -0.112736 0.008196 -0.147138
v -0.112502 0.002196 -0.140818
v -0.112417 0.000000 0.132495
v -0.113055 0.016393 0.149760
v -0.112502 0.002196 0.140818
v -0.112736 0.008196 0.147138
v 0.113055 0.016393 0.149760
v 0.112417 0.000000 0.132495
v 0.112736 0.008196 0.147138
v 0.112502 0.002196 0.140818
v -0.129280 -0.000000 0.132495
v -0.132285 0.016391 0.149760
v -0.130474 0.002196 0.140818
v -0.131574 0.008196 0.147138
v -0.132495 0.000000 0.129280
v -0.149760 0.016391 0.132284
v -0.140818 0.002196 0.130474
v -0.147138 0.008195 0.131574
v -0.131679 -0.000000 0.131853
v -0.141022 0.016391 0.147419
v -0.136042 0.002196 0.139327
v -0.139462 0.008195 0.145024
v -0.131853 -0.000000 0.131679
v -0.147419 0.016390 0.141022
v -0.139327 0.002196 0.136042
v -0.145024 0.008195 0.139462
v -0.132495 -0.000000 -0.129280
v -0.149760 0.016391 -0.132284
v -0.140818 0.002196 -0.130474
v -0.147138 0.008195 -0.131574
v -0.129280 0.000000 -0.132495
v -0.132285 0.016392 -0.149760
v -0.130474 0.002196 -0.140818
v -0.131574 0.008196 -0.147138
v -0.131853 -0.000000 -0.131679
v -0.147419 0.016390 -0.141022
v -0.139327 0.002196 -0.136042
v -0.145024 0.008195 -0.139462
v -0.131679 -0.000000 -0.131853
v -0.141022 0.016391 -0.147419
v -0.136042 0.002196 -0.139327
v -0.139462 0.008195 -0.145024
v 0.132495 -0.000000 0.129280
v 0.149760 0.016391 0.132284
v 0.140818 0.002196 0.130474
v 0.147138 0.008195 0.131574
v 0.129280 0.000000 0.132495
v 0.132285 0.016392 0.149760
v 0.130474 0.002196 0.140818
v 0.131574 0.008196 0.147138
v 0.131853 -0.000000 0.131679
v 0.147419 0.016390 0.141022
v 0.139327 0.002196 0.136042
v 0.145024 0.008195 0.139462
v 0.131679 -0.000000 0.131853
v 0.141022 0.016391 0.147419
v 0.136042 0.002196 0.139327
v 0.139462 0.008195 0.145024
v 0.129280 -0.000000 -0.132495
v 0.132285 0.016391 -0.149760
v 0.130474 0.002196 -0.140818
v 0.131574 0.008196 -0.147138
v 0.132495 0.000000 -0.129280
v 0.149760 0.016391 -0.132284
v 0.140818 0.002196 -0.130474
v 0.147138 0.008195 -0.131574
v 0.131679 -0.000000 -0.131853
v 0.141022 0.016391 -0.147419
v 0.136042 0.002196 -0.139327
v 0.139462 0.008195 -0.145024
v 0.131853 -0.000000 -0.131679
v 0.147419 0.016390 -0.141022
v 0.139327 0.002196 -0.136042
v 0.145024 0.008195 -0.139462
v 0.145120 0.747958 0.152008
v -0.145120 0.747958 0.152008
v 0.167990 0.744184 0.147464
v -0.167990 0.744184 0.147464
v 0.149549 0.744706 0.148302
v -0.149549 0.744706 0.148302
v 0.162994 0.743858 0.147178
v -0.162994 0.743858 0.147178
v -0.130563 -0.000000 -0.005238
v -0.130459 0.000000 0.126691
v 0.130563 0.000000 -0.005238
v 0.130459 0.000000 0.126691
vn -0.0000 0.4319 -0.9019
vn -0.0000 0.4686 -0.8834
vn -0.0000 0.9955 -0.0952
vn -0.0000 0.9985 -0.0541
vn -0.0000 0.5662 -0.8243
vn -0.0000 0.6737 -0.7390
vn -0.0000 0.7601 -0.6498
vn -0.0000 0.8314 -0.5557
vn -0.0000 0.8911 -0.4539
vn -0.0000 0.9404 -0.3399
vn -0.0000 0.9781 -0.2079
vn -0.0000 0.1114 0.9938
vn -1.0000 -0.0000 -0.0000
vn 1.0000 -0.0000 -0.0000
vn -0.0000 0.9993 -0.0361
vn 0.9914 -0.0000 0.1306
vn -0.0000 -0.0000 1.0000
vn -0.9914 -0.0000 0.1306
vn -0.8659 -0.0000 0.5002
vn -0.4998 -0.0000 0.8661
vn -0.1305 -0.0000 0.9915
vn -0.1304 -0.0000 0.9915
vn -0.9903 0.1373 -0.0219
vn -0.8455 0.5320 -0.0462
vn -0.8681 0.4878 -0.0921
vn -0.4729 0.8769 -0.0858
vn -0.5253 0.8318 -0.1796
vn -0.1209 0.9879 -0.0975
vn -0.1423 0.9663 -0.2148
vn 0.9903 0.1373 -0.0219
vn 0.8455 0.5320 -0.0462
vn 0.9890 0.1477 -0.0106
vn 0.8681 0.4878 -0.0921
vn 0.4729 0.8769 -0.0858
vn 0.5253 0.8318 -0.1796
vn 0.1209 0.9879 -0.0975
vn -0.8618 0.4730 -0.1832
vn -0.9894 0.1339 -0.0558
vn -0.5204 0.8038 -0.2882
vn -0.1408 0.9345 -0.3269
vn 0.8618 0.4730 -0.1832
vn 0.5204 0.8038 -0.2882
vn 0.1407 0.9345 -0.3269
vn 0.1423 0.9663 -0.2148
vn -0.8422 0.4814 -0.2427
vn -0.9889 0.1336 -0.0659
vn -0.4651 0.7884 -0.4027
vn -0.1185 0.8842 -0.4517
vn 0.9894 0.1339 -0.0558
vn 0.8422 0.4814 -0.2427
vn 0.4651 0.7884 -0.4027
vn 0.1185 0.8842 -0.4517
vn -0.9894 0.1221 -0.0790
vn -0.8474 0.4429 -0.2929
vn -0.4732 0.7318 -0.4905
vn -0.1214 0.8244 -0.5528
vn 0.9894 0.1221 -0.0790
vn 0.9889 0.1336 -0.0659
vn 0.8474 0.4429 -0.2929
vn 0.4732 0.7318 -0.4905
vn -0.9898 0.1097 -0.0905
vn -0.8525 0.3993 -0.3373
vn -0.4817 0.6653 -0.5704
vn -0.1245 0.7531 -0.6461
vn 0.9898 0.1097 -0.0905
vn 0.8525 0.3993 -0.3373
vn 0.4817 0.6653 -0.5704
vn 0.1214 0.8244 -0.5528
vn -0.9903 0.0954 -0.1006
vn -0.8583 0.3483 -0.3768
vn -0.4916 0.5857 -0.6445
vn -0.1282 0.6666 -0.7343
vn 0.9903 0.0954 -0.1006
vn 0.8583 0.3483 -0.3768
vn 0.4916 0.5857 -0.6445
vn 0.1245 0.7531 -0.6461
vn -0.9909 0.0785 -0.1092
vn -0.8650 0.2872 -0.4114
vn -0.5035 0.4878 -0.7131
vn -0.1330 0.5591 -0.8184
vn 0.9909 0.0785 -0.1092
vn 0.8650 0.2872 -0.4114
vn 0.5035 0.4878 -0.7131
vn 0.1282 0.6666 -0.7343
vn -0.9918 0.0613 -0.1122
vn -0.8728 0.2305 -0.4303
vn -0.5148 0.4008 -0.7579
vn -0.1369 0.4629 -0.8758
vn 0.9918 0.0613 -0.1122
vn 0.8728 0.2305 -0.4303
vn 0.5148 0.4008 -0.7579
vn 0.1330 0.5591 -0.8184
vn 0.8418 0.5397 -0.0136
vn 0.9890 0.1476 -0.0035
vn 0.4620 0.8866 -0.0233
vn 0.1170 0.9928 -0.0267
vn -0.9890 0.1477 -0.0106
vn -0.8418 0.5397 -0.0136
vn -0.4620 0.8866 -0.0233
vn -0.1170 0.9928 -0.0267
vn 0.9877 0.0675 -0.1410
vn 0.8469 0.2294 -0.4797
vn 0.4755 0.3795 -0.7937
vn 0.1369 0.4629 -0.8758
vn -0.9877 0.0675 -0.1410
vn -0.8469 0.2294 -0.4797
vn -0.4755 0.3795 -0.7937
vn -0.1277 0.4281 -0.8947
vn 0.8659 -0.0000 0.5002
vn 0.4998 -0.0000 0.8661
vn 0.1305 -0.0000 0.9915
vn -0.9891 0.1273 0.0735
vn -0.8472 0.5275 0.0633
vn -0.9888 0.1484 0.0146
vn -0.8542 0.4503 0.2599
vn -0.4782 0.8703 0.1177
vn -0.4928 0.7536 0.4350
vn -0.1242 0.9833 0.1333
vn -0.9891 0.0735 0.1273
vn -0.4928 0.4351 0.7535
vn -0.1319 0.4956 0.8585
vn -0.1319 0.8585 0.4956
vn -0.8582 0.0670 0.5088
vn -0.8542 0.2600 0.4502
vn -0.4934 0.1135 0.8624
vn -0.1301 0.1294 0.9830
vn 0.9891 0.1273 0.0735
vn 0.8472 0.5275 0.0633
vn 0.8542 0.4503 0.2599
vn 0.4782 0.8703 0.1177
vn 0.4928 0.7536 0.4350
vn 0.1242 0.9833 0.1333
vn 0.1319 0.8585 0.4956
vn 0.8542 0.2600 0.4502
vn 0.9891 0.0735 0.1273
vn 0.4928 0.4351 0.7535
vn 0.1319 0.4956 0.8585
vn 0.8582 0.0670 0.5089
vn 0.9901 0.0183 0.1389
vn 0.4934 0.1135 0.8624
vn 0.1301 0.1294 0.9830
vn 0.9888 0.1484 0.0146
vn 0.1304 -0.0000 0.9915
vn -0.9901 0.0183 0.1389
vn -0.9890 0.1476 -0.0035
vn 0.1277 0.4281 -0.8947
vn -0.0000 0.9914 0.1305
vn 0.9942 0.0194 -0.1057
vn 0.9973 -0.0208 -0.0708
vn 0.9990 0.0306 -0.0333
vn -0.0000 0.1305 0.9914
vn -0.0000 0.8660 0.5000
vn -0.0000 0.5000 0.8660
vn -0.0000 -0.4686 0.8834
vn 0.0003 -0.4319 0.9019
vn -0.0000 -0.4319 0.9019
vn 0.0651 -0.9976 0.0222
vn 0.0147 -0.9978 0.0645
vn -0.0000 -0.9955 0.0952
vn -0.0000 -0.5661 0.8243
vn -0.0000 -0.5662 0.8243
vn -0.0000 -0.6737 0.7390
vn -0.0000 -0.7601 0.6498
vn -0.0000 -0.8314 0.5557
vn -0.0000 -0.8910 0.4539
vn -0.0000 -0.8911 0.4539
vn 0.0002 -0.9405 0.3399
vn -0.0000 -0.9404 0.3399
vn 0.0001 -0.9781 0.2080
vn -0.0000 -0.9781 0.2079
vn -0.0147 -0.9978 0.0645
vn -0.0096 -0.1011 -0.9948
vn -0.0406 -0.0896 -0.9951
vn -0.0321 -0.1113 -0.9933
vn 0.9999 0.0164 -0.0049
vn 0.9998 0.0001 0.0184
vn 0.9994 0.0327 -0.0122
vn -0.9999 0.0164 -0.0049
vn -0.9998 0.0001 0.0184
vn -0.9998 -0.0000 0.0206
vn -0.0062 -0.1123 -0.9937
vn -0.0003 -0.0856 -0.9963
vn 0.0062 -0.1123 -0.9937
vn 0.0003 -0.0856 -0.9963
vn 0.0068 -0.1124 -0.9936
vn 0.0096 -0.1011 -0.9948
vn 0.0406 -0.0896 -0.9951
vn 0.0321 -0.1113 -0.9933
vn -0.0001 -0.9781 0.2080
vn -0.0002 -0.9405 0.3399
vn -0.0651 -0.9976 0.0222
vn -0.0003 -0.4319 0.9019
vn -0.9973 -0.0208 -0.0708
vn -0.9942 0.0194 -0.1057
vn -0.9990 0.0306 -0.0333
vn -0.9914 0.0001 -0.1307
vn -0.9907 -0.0174 -0.1353
vn -1.0000 0.0004 0.0003
vn -0.0000 -0.0000 -1.0000
vn 0.8658 -0.0003 -0.5003
vn 0.9914 -0.0000 -0.1306
vn 0.9914 0.0001 -0.1307
vn 0.4999 -0.0004 -0.8661
vn 0.8659 -0.0000 -0.5002
vn 0.1305 -0.0001 -0.9914
vn 0.4998 -0.0000 -0.8661
vn 0.9902 -0.1379 0.0207
vn 0.8425 -0.5370 0.0418
vn 0.9888 -0.1489 0.0092
vn 0.8546 -0.5116 0.0891
vn 0.4846 -0.8706 0.0855
vn 0.5383 -0.8244 0.1747
vn 0.1058 -0.9913 0.0788
vn -0.8426 -0.5370 0.0418
vn -0.9902 -0.1379 0.0207
vn -0.9888 -0.1489 0.0092
vn -0.4846 -0.8706 0.0855
vn -0.8546 -0.5116 0.0891
vn -0.1058 -0.9913 0.0788
vn -0.5383 -0.8244 0.1747
vn 0.8452 -0.4959 0.1995
vn 0.9895 -0.1328 0.0568
vn 0.5331 -0.7949 0.2895
vn 0.1418 -0.9364 0.3210
vn -0.8452 -0.4959 0.1995
vn -0.9895 -0.1328 0.0568
vn -0.5331 -0.7949 0.2895
vn -0.1418 -0.9364 0.3210
vn 0.8470 -0.4757 0.2373
vn 0.9893 -0.1314 0.0632
vn 0.4736 -0.7823 0.4045
vn 0.1191 -0.8835 0.4531
vn -0.8470 -0.4756 0.2373
vn -0.9893 -0.1314 0.0632
vn -0.4736 -0.7823 0.4045
vn -0.1191 -0.8835 0.4531
vn 0.9897 -0.1210 0.0764
vn 0.8505 -0.4408 0.2868
vn 0.4818 -0.7261 0.4905
vn -0.9897 -0.1210 0.0764
vn -0.8505 -0.4408 0.2868
vn -0.4818 -0.7261 0.4905
vn 0.9901 -0.1093 0.0882
vn 0.8548 -0.3993 0.3316
vn 0.4905 -0.6595 0.5696
vn 0.1223 -0.8237 0.5537
vn -0.9901 -0.1093 0.0882
vn -0.8548 -0.3993 0.3316
vn -0.1223 -0.8237 0.5537
vn -0.4905 -0.6595 0.5696
vn 0.9906 -0.0955 0.0984
vn 0.8598 -0.3501 0.3717
vn 0.5004 -0.5800 0.6428
vn 0.1255 -0.7521 0.6470
vn -0.9906 -0.0955 0.0984
vn -0.8598 -0.3501 0.3717
vn -0.1255 -0.7521 0.6470
vn -0.5004 -0.5800 0.6428
vn 0.9911 -0.0788 0.1070
vn 0.8662 -0.2903 0.4067
vn 0.5121 -0.4825 0.7106
vn 0.1293 -0.6653 0.7353
vn -0.9911 -0.0788 0.1070
vn -0.8662 -0.2903 0.4067
vn -0.1293 -0.6653 0.7353
vn -0.5121 -0.4825 0.7106
vn 0.9919 -0.0614 0.1111
vn 0.8736 -0.2314 0.4281
vn 0.5207 -0.3961 0.7563
vn 0.1341 -0.5574 0.8194
vn -0.9919 -0.0614 0.1111
vn -0.8736 -0.2314 0.4281
vn -0.1341 -0.5574 0.8194
vn -0.5207 -0.3961 0.7563
vn -0.8455 -0.5338 0.0146
vn -0.9894 -0.1448 0.0042
vn -0.4660 -0.8845 0.0241
vn -0.0026 -0.9976 0.0695
vn 0.8455 -0.5338 0.0146
vn 0.9894 -0.1448 0.0042
vn 0.4660 -0.8845 0.0241
vn 0.0026 -0.9976 0.0695
vn -0.9897 -0.0631 0.1285
vn -0.8561 -0.2247 0.4653
vn -0.1384 -0.4609 0.8766
vn -0.4693 -0.3816 0.7963
vn 0.9897 -0.0631 0.1285
vn 0.8561 -0.2247 0.4653
vn 0.4693 -0.3816 0.7963
vn 0.1384 -0.4609 0.8766
vn -0.8659 -0.0000 -0.5002
vn -0.9914 -0.0000 -0.1306
vn -0.4998 -0.0000 -0.8661
vn -0.8658 -0.0003 -0.5003
vn -0.1305 -0.0001 -0.9914
vn -0.4999 -0.0004 -0.8661
vn 0.8488 -0.5260 -0.0528
vn 0.9897 -0.1237 -0.0727
vn 0.9891 -0.1472 -0.0099
vn 0.4909 -0.8627 -0.1217
vn 0.8560 -0.4467 -0.2604
vn 0.1228 -0.9831 -0.1356
vn 0.4899 -0.7544 -0.4370
vn 0.9896 -0.0720 -0.1244
vn 0.8559 -0.2591 -0.4475
vn 0.1247 -0.4968 -0.8589
vn 0.4904 -0.4361 -0.7546
vn 0.8636 -0.0654 -0.5000
vn 0.9907 -0.0174 -0.1353
vn 0.5001 -0.1124 -0.8587
vn 0.1297 -0.1293 -0.9831
vn -0.9897 -0.1237 -0.0727
vn -0.8488 -0.5260 -0.0528
vn -0.9891 -0.1472 -0.0099
vn -0.8560 -0.4467 -0.2604
vn -0.4909 -0.8627 -0.1217
vn -0.4899 -0.7544 -0.4369
vn -0.1228 -0.9831 -0.1356
vn -0.9896 -0.0720 -0.1244
vn -0.8559 -0.2591 -0.4475
vn -0.1247 -0.4968 -0.8589
vn -0.4904 -0.4361 -0.7546
vn -0.8636 -0.0654 -0.4999
vn -0.5001 -0.1124 -0.8587
vn -0.1297 -0.1293 -0.9831
vn 0.1305 -0.0000 -0.9915
vn 1.0000 0.0001 -0.0000
vn 0.1351 -0.4277 0.8938
vn -0.1351 -0.4277 0.8938
vn -0.1305 -0.0000 -0.9915
vn 0.0825 -0.9951 -0.0539
vn 0.1260 -0.9895 0.0703
vn -1.0000 0.0001 -0.0000
vn 1.0000 0.0004 0.0003
vn -0.1260 -0.9895 0.0703
vn -0.1366 -0.9905 -0.0178
vn -0.1249 -0.9896 -0.0719
vn -0.0000 -1.0000 -0.0000
vn -0.0825 -0.9951 -0.0539
vn 0.1438 -0.9646 0.2209
vn -0.1438 -0.9646 0.2209
vn 0.0006 -0.0003 -1.0000
vn -0.0006 -0.0003 -1.0000
vn -0.1246 -0.8588 -0.4969
vn 0.0048 -0.1347 -0.9909
vn 0.0097 -0.5041 -0.8636
vn 0.0097 -0.8636 -0.5041
vn -0.0048 -0.1347 -0.9909
vn -0.0097 -0.5041 -0.8636
vn 0.1246 -0.8588 -0.4969
vn -0.0097 -0.8636 -0.5041
vn -0.0000 -0.9019 -0.4319
vn 0.0150 -0.9971 0.0747
vn -0.0000 -0.9938 0.1114
vn 0.0093 -0.9999 0.0112
vn 0.0251 -0.9961 0.0846
vn -0.0150 -0.9971 0.0747
vn -0.0251 -0.9961 0.0846
vn -0.0004 -1.0000 0.0006
vn -0.0000 1.0000 -0.0000
vn 0.1212 -0.9131 -0.3894
vn 0.3142 -0.9321 -0.1799
vn 0.1844 -0.8966 -0.4027
vn 0.2629 -0.9567 -0.1253
vn 0.2443 -0.9237 -0.2950
vn 0.1159 -0.9932 -0.0096
vn 0.2408 -0.9656 0.0982
vn -0.0783 -0.9940 0.0768
vn -0.0000 -1.0000 0.0006
vn 0.0004 -1.0000 0.0006
vn 0.0783 -0.9940 0.0768
vn -0.0093 -0.9999 0.0112
vn -0.1159 -0.9932 -0.0096
vn -0.2408 -0.9656 0.0982
vn -0.2629 -0.9567 -0.1253
vn -0.3142 -0.9321 -0.1799
vn -0.1212 -0.9131 -0.3894
vn -0.2443 -0.9237 -0.2950
vn -0.1844 -0.8966 -0.4027
vn -0.1129 -0.5353 -0.8371
vn 0.1384 -0.1478 -0.9793
vn 0.1129 -0.5353 -0.8371
vn 0.0092 0.9912 0.1323
vn 0.0001 1.0000 0.0002
vn -0.0000 1.0000 0.0003
vn -0.0494 0.8758 0.4802
vn 0.1128 0.5356 0.8369
vn 0.0494 0.8758 0.4802
vn -0.1384 -0.1478 -0.9793
vn -0.4036 -0.5873 -0.7016
vn -0.4985 -0.1751 -0.8490
vn -0.8490 -0.1751 -0.4985
vn -0.7016 -0.5873 -0.4036
vn -0.9793 -0.1478 -0.1384
vn -0.2027 -0.9037 -0.3772
vn -0.3772 -0.9037 -0.2027
vn -0.8371 -0.5353 -0.1129
vn -0.0495 -0.8757 -0.4804
vn -0.0513 -0.9935 -0.1016
vn -0.1016 -0.9935 -0.0513
vn -0.4804 -0.8757 -0.0495
vn 0.9793 -0.1478 -0.1384
vn 0.7016 -0.5873 -0.4036
vn 0.8490 -0.1751 -0.4985
vn 0.4985 -0.1751 -0.8490
vn 0.4036 -0.5873 -0.7016
vn 0.8371 -0.5353 -0.1129
vn 0.3772 -0.9037 -0.2027
vn 0.2027 -0.9037 -0.3772
vn 0.4804 -0.8757 -0.0495
vn 0.1016 -0.9935 -0.0513
vn 0.0512 -0.9935 -0.1016
vn 0.0495 -0.8757 -0.4804
vn 0.1384 -0.1478 0.9793
vn 0.4036 -0.5873 0.7016
vn 0.4985 -0.1751 0.8490
vn 0.8490 -0.1751 0.4985
vn 0.7016 -0.5873 0.4036
vn 0.9793 -0.1478 0.1384
vn 0.1129 -0.5353 0.8371
vn 0.2027 -0.9037 0.3772
vn 0.3772 -0.9037 0.2027
vn 0.8371 -0.5353 0.1129
vn 0.0495 -0.8757 0.4804
vn 0.0513 -0.9935 0.1016
vn 0.1016 -0.9935 0.0513
vn 0.4804 -0.8757 0.0495
vn -0.9793 -0.1478 0.1384
vn -0.7016 -0.5873 0.4036
vn -0.8490 -0.1751 0.4985
vn -0.4985 -0.1751 0.8490
vn -0.4036 -0.5873 0.7016
vn -0.1384 -0.1478 0.9793
vn -0.8371 -0.5353 0.1129
vn -0.3772 -0.9037 0.2027
vn -0.2027 -0.9037 0.3772
vn -0.1129 -0.5353 0.8371
vn -0.4804 -0.8757 0.0495
vn -0.1016 -0.9935 0.0513
vn -0.0512 -0.9935 0.1016
vn -0.0495 -0.8757 0.4804
vn -0.0494 0.8758 -0.4802
vn -0.0523 0.9933 -0.1033
vn -0.0090 0.9909 -0.1345
vn -0.2024 0.9040 -0.3767
vn -0.1033 0.9933 -0.0523
vn -0.4802 0.8758 -0.0494
vn -0.1345 0.9909 -0.0090
vn -0.1128 0.5356 -0.8369
vn -0.4033 0.5881 -0.7011
vn -0.3767 0.9039 -0.2024
vn -0.8369 0.5356 -0.1128
vn -0.1385 0.1481 -0.9792
vn -0.4985 0.1757 -0.8489
vn -0.7011 0.5881 -0.4032
vn -0.9792 0.1481 -0.1385
vn 0.4802 0.8758 -0.0494
vn 0.1033 0.9933 -0.0523
vn 0.1345 0.9909 -0.0090
vn 0.3767 0.9040 -0.2024
vn 0.0523 0.9933 -0.1033
vn 0.0494 0.8758 -0.4802
vn 0.0090 0.9909 -0.1345
vn 0.8369 0.5356 -0.1128
vn 0.7011 0.5881 -0.4032
vn 0.2024 0.9039 -0.3767
vn 0.1128 0.5356 -0.8369
vn 0.9792 0.1481 -0.1385
vn 0.8489 0.1757 -0.4985
vn 0.4032 0.5881 -0.7011
vn 0.1385 0.1481 -0.9792
vn 0.0512 0.9935 0.1015
vn 0.2024 0.9040 0.3767
vn 0.1015 0.9935 0.0512
vn 0.4802 0.8758 0.0494
vn 0.1323 0.9912 0.0092
vn 0.4033 0.5881 0.7011
vn 0.3767 0.9039 0.2024
vn 0.8369 0.5356 0.1128
vn 0.1385 0.1481 0.9792
vn 0.4985 0.1757 0.8489
vn 0.7011 0.5881 0.4032
vn 0.9792 0.1481 0.1385
vn -0.4802 0.8758 0.0494
vn -0.1015 0.9935 0.0512
vn -0.1323 0.9912 0.0092
vn -0.3767 0.9040 0.2024
vn -0.0512 0.9935 0.1015
vn -0.0092 0.9912 0.1323
vn -0.8369 0.5356 0.1128
vn -0.7011 0.5881 0.4032
vn -0.2024 0.9039 0.3767
vn -0.1128 0.5356 0.8369
vn -0.9792 0.1481 0.1385
vn -0.8489 0.1757 0.4985
vn -0.4032 0.5881 0.7011
vn -0.1385 0.1481 0.9792
vn -0.1322 -0.9912 0.0092
vn -0.0092 -0.9912 0.1322
vn -0.4985 0.1757 0.8489
vn -0.0092 -0.9912 -0.1322
vn -0.1322 -0.9912 -0.0092
vn -0.8489 0.1757 -0.4985
vn 0.4985 0.1757 -0.8489
vn 0.1322 -0.9912 -0.0092
vn 0.0092 -0.9912 -0.1322
vn 0.8489 0.1757 0.4985
vn 0.0092 -0.9912 0.1322
vn 0.1322 -0.9912 0.0092
vn 0.0159 0.9997 0.0195
vn 0.0223 0.9996 -0.0175
vn -0.0159 0.9997 0.0195
vn -0.0003 1.0000 -0.0000
vn -0.0002 1.0000 0.0001
vn 0.0002 1.0000 0.0001
vn 0.0003 1.0000 -0.0000
vn -0.0288 0.9993 -0.0256
vn -0.0223 0.9996 -0.0175
vn 0.0271 0.9992 0.0298
vn -0.0001 1.0000 0.0002
vn -0.0271 0.9992 0.0298
vn 0.0288 0.9993 -0.0256
vn 0.1875 0.9780 -0.0913
vn 0.7210 0.6873 -0.0880
vn 0.6068 0.7185 -0.3400
vn 0.9660 0.2201 -0.1356
vn 0.8347 0.2525 -0.4894
vn 0.3397 0.7185 -0.6069
vn 0.0910 0.9780 -0.1878
vn 0.4892 0.2525 -0.8348
vn 0.0878 0.6873 -0.7210
vn 0.0153 0.9729 -0.2306
vn 0.1356 0.2202 -0.9660
vn -0.1875 0.9780 -0.0913
vn -0.3397 0.7185 -0.6069
vn -0.6068 0.7185 -0.3400
vn -0.4892 0.2525 -0.8348
vn -0.8347 0.2525 -0.4894
vn -0.7210 0.6873 -0.0880
vn -0.2306 0.9729 -0.0154
vn -0.9660 0.2201 -0.1356
vn -0.1839 0.2307 0.9555
vn -0.4082 0.7188 0.5628
vn -0.5581 0.2507 0.7910
vn -0.1404 0.7031 0.6971
vn -0.1375 0.9794 0.1482
vn -0.8586 0.2462 0.4498
vn -0.6191 0.7150 0.3248
vn -0.1714 0.9793 0.1079
vn -0.9660 0.2238 0.1291
vn -0.7066 0.7000 0.1033
vn -0.2044 0.9780 0.0420
vn 0.2306 0.9729 -0.0154
vn 0.7066 0.7000 0.1033
vn 0.9660 0.2238 0.1291
vn -0.0910 0.9780 -0.1878
vn -0.0878 0.6873 -0.7210
vn -0.1356 0.2202 -0.9660
vn -0.0153 0.9729 -0.2306
vn 0.6191 0.7150 0.3248
vn 0.8586 0.2462 0.4498
vn 0.1714 0.9793 0.1079
vn 0.4082 0.7188 0.5628
vn 0.5581 0.2507 0.7910
vn 0.1375 0.9794 0.1482
vn 0.1839 0.2307 0.9555
vn 0.1404 0.7030 0.6971
vn 0.0516 0.9774 0.2050
vn -0.0516 0.9774 0.2050
vn 0.9916 0.0443 0.1218
vn 0.9901 0.0447 -0.1331
vn 0.2044 0.9780 0.0420
vn 0.1330 0.0447 -0.9901
vn 0.5010 0.0539 -0.8637
vn -0.1330 0.0447 -0.9901
vn -0.8867 0.0531 0.4593
vn -0.1774 0.0461 0.9831
vn -0.5737 0.0548 0.8172
vn -0.9916 0.0443 0.1218
vn 0.1774 0.0461 0.9831
vn -0.9901 0.0447 -0.1331
vn -0.8635 0.0539 -0.5014
vn -0.5010 0.0539 -0.8637
vn 0.8867 0.0531 0.4593
vn 0.5737 0.0548 0.8172
vn 0.8635 0.0539 -0.5014
vn -0.0000 -0.9917 -0.1286
vn -0.0000 -0.8734 -0.4871
vn -0.0000 -0.5316 -0.8470
vn -0.0000 -0.1796 -0.9837
vn -0.0000 -0.9917 0.1286
vn -0.0000 -0.8734 0.4871
vn -0.0000 -0.5316 0.8470
vn -0.0000 -0.1796 0.9837
vn -0.0720 -0.9896 0.1249
vn -0.0641 -0.8670 0.4942
vn -0.2501 -0.8649 0.4351
vn -0.1097 -0.5287 0.8417
vn -0.4215 -0.5347 0.7324
vn -0.1280 -0.1846 0.9745
vn -0.4899 -0.1971 0.8492
vn -0.4351 -0.8649 0.2501
vn -0.1249 -0.9896 0.0719
vn -0.7324 -0.5347 0.4215
vn -0.8492 -0.1971 0.4899
vn -0.4942 -0.8670 0.0641
vn -0.1366 -0.9905 0.0178
vn -0.8417 -0.5287 0.1097
vn -0.9745 -0.1846 0.1280
vn -0.0719 -0.9896 -0.1249
vn -0.0641 -0.8670 -0.4942
vn -0.0178 -0.9905 -0.1367
vn -0.2501 -0.8649 -0.4351
vn -0.1097 -0.5287 -0.8417
vn -0.4215 -0.5347 -0.7324
vn -0.1280 -0.1846 -0.9745
vn -0.4351 -0.8649 -0.2501
vn -0.7324 -0.5347 -0.4215
vn -0.8492 -0.1971 -0.4899
vn -0.4899 -0.1971 -0.8492
vn -0.4942 -0.8670 -0.0641
vn -0.8417 -0.5287 -0.1097
vn -0.9745 -0.1846 -0.1280
vn 0.1249 -0.9896 -0.0719
vn 0.4942 -0.8670 -0.0641
vn 0.1366 -0.9905 -0.0178
vn 0.4351 -0.8649 -0.2501
vn 0.8417 -0.5287 -0.1097
vn 0.7324 -0.5347 -0.4215
vn 0.9745 -0.1846 -0.1280
vn 0.0719 -0.9896 -0.1249
vn 0.2501 -0.8649 -0.4351
vn 0.4215 -0.5347 -0.7324
vn 0.8492 -0.1971 -0.4899
vn 0.0641 -0.8670 -0.4942
vn 0.1097 -0.5287 -0.8417
vn 0.1280 -0.1846 -0.9745
vn 0.4899 -0.1971 -0.8492
vn 0.0719 -0.9896 0.1249
vn 0.0641 -0.8670 0.4942
vn 0.0178 -0.9905 0.1367
vn 0.2501 -0.8649 0.4351
vn 0.1097 -0.5287 0.8417
vn 0.4215 -0.5347 0.7324
vn 0.1280 -0.1846 0.9745
vn 0.4351 -0.8649 0.2501
vn 0.7324 -0.5347 0.4215
vn 0.8492 -0.1971 0.4899
vn 0.4899 -0.1971 0.8492
vn 0.1249 -0.9896 0.0719
vn 0.4942 -0.8670 0.0641
vn 0.8417 -0.5287 0.1097
vn 0.9745 -0.1846 0.1280
vn -0.9837 -0.1796 -0.0000
vn -0.8470 -0.5316 -0.0000
vn -0.4870 -0.8734 -0.0000
vn -0.0178 -0.9905 0.1367
vn -0.1286 -0.9917 -0.0000
vn 0.9837 -0.1796 -0.0000
vn 0.8470 -0.5316 -0.0000
vn 0.4870 -0.8734 -0.0000
vn 0.1366 -0.9905 0.0178
vn 0.1286 -0.9917 -0.0000
vn 0.0178 -0.9905 -0.1367
vn -0.9987 -0.0515 -0.0000
vn 0.9987 -0.0515 -0.0000
vn -0.0000 -0.0515 -0.9987
vn -0.0000 -0.0515 0.9987
vn -0.1339 -0.0579 0.9893
vn -0.9893 -0.0579 0.1339
vn -0.8624 -0.0703 0.5014
vn -0.9893 -0.0579 -0.1339
vn -0.8624 -0.0703 -0.5014
vn -0.1339 -0.0579 -0.9893
vn -0.5014 -0.0703 -0.8624
vn 0.9893 -0.0579 0.1339
vn 0.8624 -0.0703 0.5014
vn 0.1339 -0.0579 0.9893
vn 0.5014 -0.0703 0.8624
vn 0.1339 -0.0579 -0.9893
vn 0.5014 -0.0703 -0.8624
vn 0.9893 -0.0579 -0.1339
vn 0.8624 -0.0703 -0.5014
vn 0.9999 -0.0101 0.0050
vn 0.9999 0.0030 -0.0114
vn 0.9997 0.0174 -0.0189
vn -0.9994 0.0327 -0.0122
vn -0.9997 0.0174 -0.0189
vn -0.9999 0.0030 -0.0114
vn -0.9999 -0.0101 0.0050
vn 0.9998 -0.0000 0.0206
vn -0.0068 -0.1124 -0.9936
vn -0.5014 -0.0703 0.8624
vt 0.025179 0.723350
vt 0.025946 0.726210
vt 0.025946 0.723350
vt 0.025179 0.744955
vt 0.025946 0.745211
vt 0.025946 0.744955
vt 0.037342 0.729680
vt 0.036575 0.726210
vt 0.036575 0.729680
vt 0.037342 0.733058
vt 0.036575 0.733058
vt 0.037342 0.736213
vt 0.036575 0.736213
vt 0.037342 0.739025
vt 0.036575 0.739025
vt 0.036575 0.741385
vt 0.037342 0.743202
vt 0.036575 0.743202
vt 0.037342 0.744408
vt 0.036575 0.744408
vt 0.036575 0.744955
vt 0.025946 0.741255
vt 0.025179 0.745211
vt 0.025179 0.741255
vt 0.037342 0.723350
vt 0.037342 0.741255
vt 0.036575 0.723350
vt 0.036575 0.745211
vt 0.036575 0.741255
vt 0.025946 0.744408
vt 0.025179 0.744408
vt 0.025179 0.743202
vt 0.025946 0.743202
vt 0.025179 0.741385
vt 0.025946 0.741385
vt 0.025179 0.739025
vt 0.025946 0.739025
vt 0.025179 0.736213
vt 0.025946 0.736213
vt 0.025179 0.733058
vt 0.025946 0.733058
vt 0.025179 0.729680
vt 0.025946 0.729680
vt 0.025179 0.726210
vt 0.037342 0.745211
vt 0.037342 0.744955
vt 0.037342 0.726210
vt 0.025179 0.744907
vt 0.025179 0.743115
vt 0.038300 0.741255
vt 0.038300 0.742693
vt 0.036575 0.723193
vt 0.024221 0.723350
vt 0.024266 0.741255
vt 0.024221 0.741255
vt 0.024266 0.723350
vt 0.024391 0.741255
vt 0.024561 0.723350
vt 0.024561 0.741255
vt 0.024221 0.743781
vt 0.024266 0.744580
vt 0.024267 0.744094
vt 0.024391 0.744854
vt 0.024391 0.744324
vt 0.024561 0.744955
vt 0.024561 0.744408
vt 0.038300 0.743781
vt 0.038255 0.744580
vt 0.038300 0.744206
vt 0.038255 0.744094
vt 0.038130 0.744854
vt 0.038130 0.744324
vt 0.037960 0.744955
vt 0.024267 0.742409
vt 0.024221 0.741615
vt 0.024391 0.742990
vt 0.024562 0.743202
vt 0.038254 0.742409
vt 0.038130 0.742990
vt 0.037959 0.743202
vt 0.037960 0.744408
vt 0.024267 0.741071
vt 0.024221 0.740758
vt 0.024392 0.741301
vt 0.024562 0.741385
vt 0.038300 0.741615
vt 0.038254 0.741071
vt 0.038129 0.741301
vt 0.037959 0.741385
vt 0.024221 0.738486
vt 0.024267 0.738756
vt 0.024392 0.738953
vt 0.024563 0.739025
vt 0.038300 0.738486
vt 0.038300 0.740758
vt 0.038254 0.738756
vt 0.038129 0.738953
vt 0.024221 0.735779
vt 0.024267 0.735996
vt 0.024392 0.736155
vt 0.024563 0.736213
vt 0.038300 0.735779
vt 0.038254 0.735996
vt 0.038129 0.736155
vt 0.037958 0.739025
vt 0.024221 0.732736
vt 0.024267 0.732897
vt 0.024393 0.733015
vt 0.024564 0.733058
vt 0.038300 0.732736
vt 0.038254 0.732897
vt 0.038128 0.733015
vt 0.037958 0.736213
vt 0.024221 0.729474
vt 0.024267 0.729577
vt 0.024393 0.729653
vt 0.024566 0.729680
vt 0.038300 0.729474
vt 0.038254 0.729577
vt 0.038128 0.729653
vt 0.037957 0.733058
vt 0.024221 0.726118
vt 0.024267 0.726164
vt 0.024394 0.726198
vt 0.024567 0.726210
vt 0.038300 0.726118
vt 0.038254 0.726164
vt 0.038127 0.726198
vt 0.037955 0.729680
vt 0.038255 0.744805
vt 0.038300 0.744399
vt 0.038130 0.745103
vt 0.037960 0.745211
vt 0.024221 0.744206
vt 0.024266 0.744805
vt 0.024391 0.745103
vt 0.024561 0.745211
vt 0.038300 0.723350
vt 0.038253 0.723387
vt 0.038126 0.723387
vt 0.037954 0.726210
vt 0.024268 0.723387
vt 0.024395 0.723387
vt 0.024569 0.723350
vt 0.038255 0.723350
vt 0.038255 0.741255
vt 0.038130 0.723350
vt 0.038130 0.741255
vt 0.037960 0.723350
vt 0.024221 0.744093
vt 0.024266 0.744803
vt 0.024221 0.744395
vt 0.024266 0.744500
vt 0.024391 0.745102
vt 0.024391 0.744798
vt 0.024221 0.743604
vt 0.024391 0.744011
vt 0.024561 0.744074
vt 0.024561 0.744907
vt 0.024266 0.742876
vt 0.024266 0.743839
vt 0.024391 0.742920
vt 0.024561 0.742936
vt 0.038300 0.744093
vt 0.038255 0.744803
vt 0.038255 0.744500
vt 0.038130 0.745102
vt 0.038130 0.744798
vt 0.037960 0.745211
vt 0.037960 0.744907
vt 0.038255 0.743839
vt 0.038300 0.743604
vt 0.038130 0.744011
vt 0.037960 0.744074
vt 0.038255 0.742876
vt 0.038300 0.742816
vt 0.038130 0.742920
vt 0.037960 0.742936
vt 0.038300 0.744395
vt 0.037960 0.741255
vt 0.024221 0.742816
vt 0.024221 0.744399
vt 0.037952 0.723350
vt 0.024221 0.742692
vt 0.037455 0.744201
vt 0.037538 0.744649
vt 0.037528 0.742751
vt 0.037342 0.741385
vt 0.037342 0.742936
vt 0.037342 0.744907
vt 0.037342 0.744074
vt 0.025179 0.742936
vt 0.025179 0.744074
vt 0.025946 0.725947
vt 0.025179 0.723109
vt 0.025946 0.723109
vt 0.025946 0.744624
vt 0.025179 0.744397
vt 0.025946 0.744397
vt 0.036575 0.725947
vt 0.037342 0.729362
vt 0.036575 0.729362
vt 0.037342 0.732680
vt 0.036575 0.732680
vt 0.037342 0.735787
vt 0.036575 0.735787
vt 0.037342 0.738559
vt 0.036575 0.738559
vt 0.037342 0.740885
vt 0.036575 0.740885
vt 0.037342 0.742675
vt 0.036575 0.742675
vt 0.037342 0.743859
vt 0.036575 0.743859
vt 0.036575 0.744397
vt 0.037342 0.744397
vt 0.025946 0.741193
vt 0.025066 0.744201
vt 0.037551 0.741255
vt 0.037559 0.723290
vt 0.037551 0.741193
vt 0.024970 0.741255
vt 0.024962 0.723290
vt 0.024970 0.723350
vt 0.025946 0.723288
vt 0.024970 0.741193
vt 0.036575 0.723288
vt 0.036575 0.741193
vt 0.036575 0.744624
vt 0.025946 0.743859
vt 0.025179 0.743859
vt 0.025946 0.742675
vt 0.025179 0.740885
vt 0.025179 0.742675
vt 0.025946 0.740885
vt 0.025179 0.738559
vt 0.025946 0.738559
vt 0.025179 0.735787
vt 0.025946 0.735787
vt 0.025179 0.732680
vt 0.025946 0.732680
vt 0.025179 0.729362
vt 0.025946 0.729362
vt 0.025179 0.725947
vt 0.037342 0.725947
vt 0.036575 0.723109
vt 0.037342 0.723109
vt 0.024983 0.744649
vt 0.024993 0.742751
vt 0.038091 0.741255
vt 0.038091 0.742806
vt 0.038091 0.742656
vt 0.024454 0.741255
vt 0.024430 0.723350
vt 0.024430 0.741255
vt 0.024499 0.741255
vt 0.024454 0.723350
vt 0.024588 0.741255
vt 0.024499 0.723350
vt 0.024430 0.743704
vt 0.024450 0.744271
vt 0.024430 0.744122
vt 0.024454 0.743814
vt 0.024493 0.744347
vt 0.024505 0.743842
vt 0.024587 0.744397
vt 0.038071 0.744271
vt 0.038091 0.743704
vt 0.038091 0.744122
vt 0.038028 0.744347
vt 0.038067 0.743814
vt 0.037934 0.744397
vt 0.038016 0.743842
vt 0.024452 0.742137
vt 0.024430 0.741539
vt 0.024504 0.742526
vt 0.024592 0.742673
vt 0.038069 0.742137
vt 0.038091 0.741539
vt 0.038017 0.742526
vt 0.037929 0.742673
vt 0.024450 0.740791
vt 0.024430 0.740682
vt 0.024492 0.740844
vt 0.024587 0.740885
vt 0.038071 0.740791
vt 0.038091 0.740682
vt 0.038029 0.740844
vt 0.037934 0.740885
vt 0.024430 0.738417
vt 0.024451 0.738498
vt 0.024494 0.738529
vt 0.038091 0.738417
vt 0.038070 0.738498
vt 0.038027 0.738529
vt 0.024430 0.735717
vt 0.024452 0.735764
vt 0.024497 0.735769
vt 0.024588 0.738559
vt 0.038091 0.735717
vt 0.038069 0.735764
vt 0.037933 0.738559
vt 0.038025 0.735769
vt 0.024430 0.732682
vt 0.024453 0.732695
vt 0.024499 0.732675
vt 0.024590 0.735787
vt 0.038091 0.732682
vt 0.038068 0.732695
vt 0.037931 0.735787
vt 0.038022 0.732675
vt 0.024430 0.729429
vt 0.024455 0.729411
vt 0.024503 0.729369
vt 0.024591 0.732681
vt 0.038091 0.729429
vt 0.038066 0.729411
vt 0.037930 0.732681
vt 0.038018 0.729369
vt 0.024430 0.726083
vt 0.024456 0.726031
vt 0.024506 0.725965
vt 0.024594 0.729363
vt 0.038091 0.726083
vt 0.038065 0.726031
vt 0.037927 0.729363
vt 0.038015 0.725965
vt 0.038071 0.744491
vt 0.038091 0.744315
vt 0.038030 0.744590
vt 0.037935 0.744652
vt 0.024450 0.744491
vt 0.024430 0.744315
vt 0.024491 0.744590
vt 0.024586 0.744652
vt 0.038091 0.723312
vt 0.038069 0.723254
vt 0.037925 0.725948
vt 0.038022 0.723166
vt 0.024430 0.723312
vt 0.024452 0.723254
vt 0.024499 0.723166
vt 0.024596 0.725948
vt 0.038067 0.723350
vt 0.038091 0.723350
vt 0.038022 0.723350
vt 0.038067 0.741255
vt 0.037933 0.741255
vt 0.038022 0.741255
vt 0.024451 0.744496
vt 0.024430 0.744021
vt 0.024430 0.744312
vt 0.024495 0.744595
vt 0.024453 0.744236
vt 0.024587 0.744652
vt 0.024501 0.744349
vt 0.024430 0.743562
vt 0.024453 0.743687
vt 0.024590 0.743784
vt 0.024500 0.743752
vt 0.024453 0.742837
vt 0.024430 0.742806
vt 0.024498 0.742854
vt 0.024588 0.742862
vt 0.038091 0.744021
vt 0.038070 0.744496
vt 0.038091 0.744312
vt 0.038068 0.744236
vt 0.038026 0.744595
vt 0.038020 0.744349
vt 0.037934 0.744652
vt 0.038091 0.743562
vt 0.038068 0.743687
vt 0.037931 0.743784
vt 0.038020 0.743752
vt 0.038068 0.742837
vt 0.038022 0.742854
vt 0.037933 0.742862
vt 0.024588 0.723350
vt 0.024597 0.723108
vt 0.037924 0.723108
vt 0.037551 0.723350
vt 0.037933 0.723350
vt 0.024430 0.742656
vt 0.025708 0.659359
vt 0.025735 0.659359
vt 0.025789 0.659359
vt 0.024592 0.743860
vt 0.037929 0.743860
vt 0.037931 0.744405
vt 0.037538 0.742862
vt 0.037532 0.743779
vt 0.037532 0.744396
vt 0.024983 0.742862
vt 0.024989 0.743779
vt 0.024590 0.744405
vt 0.024989 0.744396
vt 0.024391 0.723350
vt 0.025946 0.723193
vt 0.023426 0.718452
vt 0.039151 0.718949
vt 0.039095 0.718452
vt 0.038756 0.723350
vt 0.037474 0.723352
vt 0.037320 0.723352
vt 0.023573 0.723217
vt 0.039095 0.722854
vt 0.038948 0.723217
vt 0.023370 0.718949
vt 0.023061 0.718452
vt 0.023008 0.718949
vt 0.022743 0.718949
vt 0.022794 0.718453
vt 0.022646 0.718949
vt 0.023202 0.718089
vt 0.022931 0.718089
vt 0.022696 0.718453
vt 0.023571 0.718089
vt 0.023389 0.717956
vt 0.023117 0.717956
vt 0.022832 0.718089
vt 0.039875 0.718949
vt 0.039728 0.718453
vt 0.039778 0.718949
vt 0.039513 0.718949
vt 0.039460 0.718452
vt 0.039825 0.718453
vt 0.039590 0.718089
vt 0.039320 0.718089
vt 0.039689 0.718089
vt 0.039404 0.717956
vt 0.039132 0.717956
vt 0.038950 0.718089
vt 0.039460 0.718453
vt 0.039095 0.718453
vt 0.023061 0.718453
vt 0.023426 0.718453
vt 0.023391 0.723350
vt 0.023765 0.723350
vt 0.023202 0.723217
vt 0.023118 0.723350
vt 0.022832 0.723217
vt 0.023017 0.723350
vt 0.023426 0.722854
vt 0.023061 0.722854
vt 0.022931 0.723217
vt 0.022696 0.722854
vt 0.023370 0.722358
vt 0.023008 0.722358
vt 0.022794 0.722854
vt 0.022646 0.722358
vt 0.039689 0.723217
vt 0.039403 0.723350
vt 0.039504 0.723350
vt 0.039590 0.723217
vt 0.039130 0.723350
vt 0.039825 0.722854
vt 0.039727 0.722854
vt 0.039319 0.723217
vt 0.039875 0.722358
vt 0.039778 0.722358
vt 0.039460 0.722854
vt 0.039151 0.722358
vt 0.039513 0.722358
vt 0.022743 0.722358
vt 0.023017 0.717956
vt 0.024264 0.717956
vt 0.024523 0.717956
vt 0.023761 0.717956
vt 0.039504 0.717956
vt 0.038257 0.717956
vt 0.037998 0.717956
vt 0.038760 0.717956
vt 0.037627 0.723352
vt 0.025209 0.723352
vt 0.025201 0.723352
vt 0.024877 0.717956
vt 0.037644 0.717956
vt 0.038352 0.717956
vt 0.024894 0.723352
vt 0.024169 0.717956
vt 0.024935 0.723352
vt 0.037586 0.723352
vt 0.037470 0.723385
vt 0.037312 0.723352
vt 0.037585 0.723385
vt 0.025047 0.723352
vt 0.024936 0.723385
vt 0.025051 0.723385
vt 0.026372 0.663176
vt 0.025948 0.663698
vt 0.025981 0.663698
vt 0.025769 0.664957
vt 0.025804 0.664956
vt 0.026075 0.663698
vt 0.026459 0.663176
vt 0.025901 0.664956
vt 0.026204 0.663698
vt 0.026580 0.663176
vt 0.026034 0.664956
vt 0.036149 0.663176
vt 0.036446 0.663698
vt 0.036540 0.663698
vt 0.036620 0.664956
vt 0.036717 0.664956
vt 0.036573 0.663698
vt 0.036178 0.663176
vt 0.036752 0.664957
vt 0.036480 0.664958
vt 0.036443 0.663726
vt 0.036616 0.664986
vt 0.036311 0.663698
vt 0.036061 0.663202
vt 0.036716 0.664986
vt 0.036539 0.663726
vt 0.036150 0.663202
vt 0.036752 0.664957
vt 0.036573 0.663698
vt 0.036178 0.663176
vt 0.026343 0.663176
vt 0.025948 0.663698
vt 0.025769 0.664957
vt 0.036062 0.663176
vt 0.036317 0.663698
vt 0.036487 0.664956
vt 0.035940 0.663176
vt 0.025982 0.663726
vt 0.025805 0.664986
vt 0.026371 0.663202
vt 0.026078 0.663726
vt 0.025905 0.664986
vt 0.026460 0.663202
vt 0.026041 0.664958
vt 0.026210 0.663698
vt 0.026584 0.663176
vt 0.035937 0.663176
vt 0.031260 0.663177
vt 0.026343 0.663176
vt 0.025870 0.659359
vt 0.026546 0.659605
vt 0.026550 0.659359
vt 0.025866 0.659605
vt 0.026536 0.660277
vt 0.025854 0.660277
vt 0.026523 0.661194
vt 0.036651 0.659359
vt 0.035975 0.659605
vt 0.035971 0.659359
vt 0.036655 0.659605
vt 0.035985 0.660277
vt 0.036667 0.660277
vt 0.035998 0.661194
vt 0.036682 0.661194
vt 0.025839 0.661194
vt 0.025743 0.659359
vt 0.025793 0.659605
vt 0.025560 0.659605
vt 0.025747 0.660277
vt 0.025416 0.660277
vt 0.025717 0.661194
vt 0.025351 0.661194
vt 0.025422 0.659605
vt 0.025183 0.660277
vt 0.025083 0.661194
vt 0.025359 0.659605
vt 0.025095 0.660277
vt 0.024985 0.661194
vt 0.025843 0.659359
vt 0.036786 0.659359
vt 0.037161 0.659605
vt 0.036813 0.659359
vt 0.037099 0.659605
vt 0.037426 0.660277
vt 0.037338 0.660277
vt 0.037536 0.661194
vt 0.036779 0.659359
vt 0.036961 0.659605
vt 0.037105 0.660277
vt 0.037438 0.661194
vt 0.036728 0.659605
vt 0.036774 0.660277
vt 0.036804 0.661194
vt 0.037170 0.661194
vt 0.036678 0.659359
vt 0.025794 0.659359
vt 0.036732 0.659359
vt 0.023890 0.717956
vt 0.038631 0.717956
vt 0.036727 0.659359
vt 0.037628 0.717956
vt 0.036825 0.717956
vt 0.025696 0.717956
vt 0.024893 0.717956
vt 0.024625 0.717956
vt 0.023988 0.717956
vt 0.024257 0.717956
vt 0.038533 0.717956
vt 0.037896 0.717956
vt 0.038263 0.717956
vt 0.037342 0.743115
s 1
g trash_bin_c_yellow_regular_material
usemtl regular_material
f 202/1/1 54/2/2 31/3/1
f 5/4/3 35/5/4 37/6/3
f 19/7/5 53/8/2 51/9/5
f 17/10/6 51/9/5 49/11/6
f 15/12/7 49/11/6 47/13/7
f 13/14/8 47/13/7 45/15/8
f 43/16/9 13/14/8 45/15/8
f 9/17/10 43/16/9 41/18/10
f 7/19/11 41/18/10 39/20/11
f 38/21/3 7/19/11 39/20/11
s 2
f 56/22/12 3/23/12 30/24/12
s 3
f 23/25/13 28/26/13 29/26/13
s 4
f 27/24/14 24/1/14 30/24/14
s 2
f 56/22/12 24/1/12 34/3/12
f 29/26/12 33/27/12 23/25/12
f 29/26/12 36/28/12 55/29/12
f 55/29/12 35/5/12 56/22/12
s 1
f 5/4/3 40/30/11 8/31/11
f 37/6/3 39/20/11 40/30/11
f 40/30/11 10/32/10 8/31/11
f 39/20/11 42/33/10 40/30/11
f 42/33/10 12/34/9 10/32/10
f 41/18/10 44/35/9 42/33/10
f 44/35/9 14/36/8 12/34/9
f 43/16/9 46/37/8 44/35/9
f 46/37/8 16/38/7 14/36/8
f 45/15/8 48/39/7 46/37/8
f 48/39/7 18/40/6 16/38/7
f 47/13/7 50/41/6 48/39/7
f 50/41/6 20/42/5 18/40/6
f 49/11/6 52/43/5 50/41/6
f 52/43/5 22/44/2 20/42/5
f 51/9/5 54/2/2 52/43/5
f 38/21/3 4/45/15 6/46/3
f 37/6/3 36/28/4 38/21/3
f 32/27/1 21/47/2 1/25/1
f 31/3/1 53/8/2 32/27/1
s 4
f 64/23/14 66/48/14 761/49/14
s 1
f 158/50/16 26/50/14 762/51/14
s 5
f 69/22/17 70/52/17 68/29/17
s 1
f 57/53/18 165/54/19 163/55/18
f 207/56/19 164/57/20 165/54/19
f 164/57/20 58/58/21 162/59/22
f 95/60/23 88/61/24 97/62/25
f 97/62/25 89/63/26 96/64/27
f 96/64/27 87/65/28 94/66/29
f 154/67/30 129/68/31 127/69/32
f 156/70/33 128/71/34 129/68/31
f 157/72/35 126/73/36 128/71/34
f 95/60/23 101/74/37 99/75/38
f 97/62/25 100/76/39 101/74/37
f 96/64/27 98/77/40 100/76/39
f 154/67/30 152/78/41 156/70/33
f 156/70/33 153/79/42 157/72/35
f 157/72/35 151/80/43 155/81/44
f 99/75/38 105/82/45 103/83/46
f 101/74/37 104/84/47 105/82/45
f 100/76/39 102/85/48 104/84/47
f 150/86/49 148/87/50 152/78/41
f 152/78/41 149/88/51 153/79/42
f 153/79/42 147/89/52 151/80/43
f 107/90/53 105/82/45 109/91/54
f 109/91/54 104/84/47 108/92/55
f 108/92/55 102/85/48 106/93/56
f 142/94/57 148/87/50 146/95/58
f 144/96/59 149/88/51 148/87/50
f 145/97/60 147/89/52 149/88/51
f 111/98/61 109/91/54 113/99/62
f 113/99/62 108/92/55 112/100/63
f 112/100/63 106/93/56 110/101/64
f 138/102/65 144/96/59 142/94/57
f 140/103/66 145/97/60 144/96/59
f 141/104/67 143/105/68 145/97/60
f 115/106/69 113/99/62 117/107/70
f 117/107/70 112/100/63 116/108/71
f 116/108/71 110/101/64 114/109/72
f 134/110/73 140/103/66 138/102/65
f 136/111/74 141/104/67 140/103/66
f 137/112/75 139/113/76 141/104/67
f 119/114/77 117/107/70 121/115/78
f 121/115/78 116/108/71 120/116/79
f 120/116/79 114/109/72 118/117/80
f 130/118/81 136/111/74 134/110/73
f 132/119/82 137/112/75 136/111/74
f 133/120/83 135/121/84 137/112/75
f 91/122/85 121/115/78 93/123/86
f 93/123/86 120/116/79 92/124/87
f 92/124/87 118/117/80 90/125/88
f 122/126/89 132/119/82 130/118/81
f 124/127/90 133/120/83 132/119/82
f 125/128/91 131/129/92 133/120/83
f 127/69/32 81/130/93 79/131/94
f 129/68/31 80/132/95 81/130/93
f 128/71/34 78/133/96 80/132/95
f 86/134/97 84/135/98 88/61/24
f 88/61/24 85/136/99 89/63/26
f 89/63/26 83/137/100 87/65/28
f 77/138/101 124/127/90 122/126/89
f 74/139/102 125/128/91 124/127/90
f 73/140/103 123/141/104 125/128/91
f 204/53/105 93/123/86 206/142/106
f 206/142/106 92/124/87 205/143/107
f 205/143/107 90/125/88 203/144/108
f 158/50/16 200/145/109 198/138/16
f 160/146/109 201/147/110 200/145/109
f 161/148/110 199/149/111 201/147/110
f 194/150/112 188/151/113 186/152/114
f 196/153/115 189/154/116 188/151/113
f 197/155/117 187/137/118 189/154/116
f 190/156/119 196/153/115 194/150/112
f 196/153/115 193/157/120 197/155/117
f 197/155/117 191/158/121 195/159/122
f 190/156/119 184/160/123 192/161/124
f 192/161/124 185/162/125 193/157/120
f 193/157/120 183/163/126 191/158/121
f 174/164/127 168/165/128 176/166/129
f 176/166/129 169/167/130 177/168/131
f 177/168/131 167/169/132 175/170/133
f 174/164/127 180/171/134 178/172/135
f 176/166/129 181/173/136 180/171/134
f 177/168/131 179/174/137 181/173/136
f 178/172/135 172/175/138 170/176/139
f 180/171/134 173/177/140 172/175/138
f 181/173/136 171/178/141 173/177/140
f 166/179/142 81/130/93 168/165/128
f 168/165/128 80/132/95 169/167/130
f 169/167/130 78/133/96 167/169/132
f 159/180/143 173/177/140 171/178/141
f 161/148/110 172/175/138 173/177/140
f 160/146/109 170/176/139 172/175/138
f 182/181/144 165/54/19 184/160/123
f 184/160/123 164/57/20 185/162/125
f 185/162/125 162/59/22 183/163/126
f 186/152/114 84/135/98 82/182/145
f 188/151/113 85/136/99 84/135/98
f 189/154/116 83/137/100 85/136/99
f 2/1/17 162/59/22 58/58/21
f 57/53/18 25/55/13 72/53/13
f 204/53/105 72/53/13 91/122/85
f 203/144/108 22/44/2 202/1/1
f 76/183/146 21/47/2 123/141/104
f 59/138/14 77/138/101 122/126/89
f 59/138/14 158/50/16 198/138/16
f 199/149/111 28/26/17 75/25/17
f 78/133/96 61/45/147 167/169/132
f 127/69/32 79/131/94 26/50/14
f 126/73/36 4/45/15 78/133/96
f 25/55/13 163/55/18 763/184/13
f 25/55/13 82/182/145 86/134/97
f 87/65/28 3/23/15 5/4/3
s 6
f 212/185/148 269/186/149 764/187/150
s 1
f 83/137/100 64/23/147 3/23/15
f 86/134/97 95/60/23 25/55/13
f 5/4/3 94/66/29 87/65/28
f 91/122/85 72/53/13 119/114/77
f 20/42/5 90/125/88 118/117/80
f 8/31/11 98/77/40 94/66/29
f 95/60/23 99/75/38 25/55/13
f 10/32/10 102/85/48 98/77/40
f 99/75/38 103/83/46 72/53/13
f 72/53/13 25/55/13 99/75/38
f 12/34/9 106/93/56 102/85/48
f 103/83/46 107/90/53 72/53/13
f 14/36/8 110/101/64 106/93/56
f 107/90/53 111/98/61 72/53/13
f 16/38/7 114/109/72 110/101/64
f 111/98/61 115/106/69 72/53/13
f 18/40/6 118/117/80 114/109/72
f 115/106/69 119/114/77 72/53/13
f 122/126/89 130/118/81 59/138/14
f 19/7/5 123/141/104 21/47/2
f 6/46/3 155/81/44 7/19/11
f 154/67/30 127/69/32 26/50/14
f 130/118/81 134/110/73 59/138/14
f 17/10/6 131/129/92 19/7/5
f 134/110/73 138/102/65 59/138/14
f 15/12/7 135/121/84 17/10/6
f 138/102/65 142/94/57 59/138/14
f 13/14/8 139/113/76 15/12/7
f 142/94/57 146/95/58 59/138/14
f 11/188/9 143/105/68 13/14/8
f 146/95/58 150/86/49 59/138/14
f 9/17/10 147/89/52 11/188/9
f 150/86/49 154/67/30 26/50/14
f 7/19/11 151/80/43 9/17/10
f 26/50/14 59/138/14 150/86/49
f 28/26/17 171/178/141 60/189/151
f 27/24/17 183/163/126 162/59/22
f 167/169/132 63/190/152 175/170/133
f 179/174/137 60/189/151 171/178/141
f 175/170/133 62/191/153 179/174/137
f 191/158/121 65/192/151 67/193/153
f 187/137/118 66/48/152 64/23/147
f 195/159/122 67/193/153 66/48/152
s 7
f 262/194/154 410/195/155 239/196/156
f 243/197/157 213/198/158 245/199/159
f 261/200/154 227/201/160 259/202/161
f 259/202/161 225/203/162 257/204/162
f 257/204/162 223/205/163 255/206/163
f 255/206/163 221/207/164 253/208/164
f 253/208/164 219/209/165 251/210/166
f 251/210/166 217/211/167 249/212/168
f 249/212/168 215/213/169 247/214/170
f 246/215/159 215/213/169 214/216/171
s 8
f 264/217/172 211/218/173 243/197/174
s 6
f 236/219/175 231/220/176 237/221/177
s 9
f 235/222/178 232/223/179 210/224/180
s 8
f 242/225/181 238/226/182 264/217/172
f 241/227/183 237/221/184 231/220/185
f 263/228/186 212/185/187 237/221/184
f 264/217/172 244/229/188 263/228/186
s 7
f 213/198/158 248/230/170 245/199/159
f 248/230/170 246/215/159 245/199/159
f 216/231/189 250/232/168 248/230/170
f 250/232/168 247/214/170 248/230/170
f 220/233/165 250/232/168 218/234/190
f 252/235/166 249/212/168 250/232/168
f 222/236/164 252/235/166 220/233/165
f 254/237/164 251/210/166 252/235/166
f 224/238/163 254/237/164 222/236/164
f 256/239/163 253/208/164 254/237/164
f 226/240/162 256/239/163 224/238/163
f 258/241/162 255/206/163 256/239/163
f 228/242/160 258/241/162 226/240/162
f 260/243/161 257/204/162 258/241/162
f 230/244/154 260/243/161 228/242/160
f 262/194/154 259/202/161 260/243/161
f 214/216/171 244/229/191 246/215/159
f 246/215/159 243/197/157 245/199/159
f 229/245/154 240/246/156 209/247/192
f 261/200/154 239/196/156 240/246/156
s 9
f 272/248/193 211/218/194 765/249/195
s 7
f 366/250/196 378/251/197 766/252/198
s 10
f 278/52/199 277/22/199 276/29/199
s 7
f 373/253/200 265/254/201 371/255/202
f 372/256/203 415/257/204 373/253/200
f 370/258/205 416/259/206 372/256/203
f 303/260/207 296/261/208 294/262/209
f 305/263/210 297/264/211 296/261/208
f 304/265/212 295/266/213 297/264/211
f 337/267/214 362/268/215 335/269/216
f 336/270/217 364/271/218 337/267/214
f 334/272/219 365/273/220 336/270/217
f 309/274/221 303/260/207 307/275/222
f 308/276/223 305/263/210 309/274/221
f 306/277/224 304/265/212 308/276/223
f 362/268/215 360/278/225 358/279/226
f 364/271/218 361/280/227 360/278/225
f 365/273/220 359/281/228 361/280/227
f 313/282/229 307/275/222 311/283/230
f 312/284/231 309/274/221 313/282/229
f 310/285/232 308/276/223 312/284/231
f 358/279/226 356/286/233 354/287/234
f 360/278/225 357/288/235 356/286/233
f 361/280/227 355/289/236 357/288/235
f 315/290/237 313/282/229 311/283/230
f 317/291/238 312/284/231 313/282/229
f 316/292/239 310/285/232 312/284/231
f 356/286/233 350/293/240 354/287/234
f 357/288/235 352/294/241 356/286/233
f 355/289/236 353/295/242 357/288/235
f 319/296/243 317/291/238 315/290/237
f 321/297/244 316/292/239 317/291/238
f 320/298/245 314/299/246 316/292/239
f 352/294/241 346/300/247 350/293/240
f 353/295/242 348/301/248 352/294/241
f 351/302/249 349/303/250 353/295/242
f 323/304/251 321/297/244 319/296/243
f 325/305/252 320/298/245 321/297/244
f 324/306/253 318/307/254 320/298/245
f 348/301/248 342/308/255 346/300/247
f 349/303/250 344/309/256 348/301/248
f 347/310/257 345/311/258 349/303/250
f 327/312/259 325/305/252 323/304/251
f 329/313/260 324/306/253 325/305/252
f 328/314/261 322/315/262 324/306/253
f 344/309/256 338/316/263 342/308/255
f 345/311/258 340/317/264 344/309/256
f 343/318/265 341/319/266 345/311/258
f 299/320/267 329/313/260 327/312/259
f 301/321/268 328/314/261 329/313/260
f 300/322/269 326/323/270 328/314/261
f 340/317/264 330/324/271 338/316/263
f 341/319/266 332/325/272 340/317/264
f 339/326/273 333/327/274 341/319/266
f 289/328/275 335/269/216 287/329/276
f 288/330/277 337/267/214 289/328/275
f 286/331/278 336/270/217 288/330/277
f 294/262/209 292/332/279 290/333/280
f 296/261/208 293/334/281 292/332/279
f 297/264/211 291/335/282 293/334/281
f 332/325/272 285/336/283 330/324/271
f 333/327/274 282/337/284 332/325/272
f 331/338/285 281/339/286 333/327/274
f 412/340/287 301/321/268 299/320/267
f 414/341/288 300/322/269 301/321/268
f 413/342/289 298/343/290 300/322/269
f 408/344/291 366/250/196 406/345/292
f 409/346/293 368/347/294 408/344/291
f 409/346/293 367/348/295 369/349/296
f 396/350/297 402/351/298 394/352/299
f 397/353/300 404/354/301 396/350/297
f 395/355/302 405/356/303 397/353/300
f 404/354/301 398/357/304 402/351/298
f 405/356/303 400/358/305 404/354/301
f 405/356/303 399/359/306 401/360/307
f 398/357/304 392/361/308 390/362/309
f 400/358/305 393/363/310 392/361/308
f 401/360/307 391/364/311 393/363/310
f 382/365/312 376/366/313 374/367/314
f 384/368/315 377/369/316 376/366/313
f 385/370/317 375/371/318 377/369/316
f 386/372/319 384/368/315 382/365/312
f 388/373/320 385/370/317 384/368/315
f 387/374/321 385/370/317 389/375/322
f 380/376/323 386/372/319 378/251/197
f 381/377/324 388/373/320 380/376/323
f 379/378/325 389/375/322 381/377/324
f 374/367/314 289/328/275 287/329/276
f 376/366/313 288/330/277 289/328/275
f 377/369/316 286/331/278 288/330/277
f 381/377/324 367/348/295 379/378/325
f 380/376/323 369/349/296 381/377/324
f 378/251/197 368/347/294 380/376/323
f 390/362/309 373/253/200 371/255/202
f 392/361/308 372/256/203 373/253/200
f 393/363/310 370/258/205 372/256/203
f 292/332/279 394/352/299 290/333/280
f 293/334/281 396/350/297 292/332/279
f 291/335/282 397/353/300 293/334/281
f 370/258/205 210/224/199 266/379/326
f 233/255/327 265/254/201 280/254/14
f 412/340/287 299/320/267 280/254/14
f 230/244/154 411/380/328 410/195/155
f 284/381/329 229/245/154 209/247/192
f 267/345/13 330/324/271 285/336/283
f 366/250/196 267/345/13 406/345/292
f 283/382/199 367/348/295 407/383/330
f 286/331/278 269/186/331 212/185/332
f 335/269/216 234/250/333 287/329/276
f 334/272/219 212/185/332 214/216/171
f 233/255/327 290/333/280 767/384/334
f 233/255/327 294/262/209 290/333/280
f 211/218/335 295/266/213 213/198/158
s 11
f 712/385/336 720/386/337 768/387/338
s 7
f 272/248/339 291/335/282 211/218/335
f 294/262/209 233/255/327 303/260/207
f 302/388/340 213/198/158 295/266/213
f 299/320/267 327/312/259 280/254/14
f 298/343/290 228/242/160 326/323/270
f 302/388/340 218/234/190 216/231/189
f 303/260/207 233/255/327 307/275/222
f 306/277/224 220/233/165 218/234/190
f 307/275/222 280/254/14 311/283/230
f 280/254/14 307/275/222 233/255/327
f 314/299/246 220/233/165 310/285/232
f 311/283/230 280/254/14 315/290/237
f 318/307/254 222/236/164 314/299/246
f 315/290/237 280/254/14 319/296/243
f 322/315/262 224/238/163 318/307/254
f 319/296/243 280/254/14 323/304/251
f 326/323/270 226/240/162 322/315/262
f 323/304/251 280/254/14 327/312/259
f 330/324/271 267/345/13 338/316/263
f 227/201/160 331/338/285 339/326/273
f 214/216/171 363/389/341 334/272/219
f 362/268/215 234/250/333 335/269/216
f 338/316/263 267/345/13 342/308/255
f 225/203/162 339/326/273 343/318/265
f 342/308/255 267/345/13 346/300/247
f 223/205/163 343/318/265 347/310/257
f 346/300/247 267/345/13 350/293/240
f 221/207/164 347/310/257 351/302/249
f 350/293/240 267/345/13 354/287/234
f 219/209/165 351/302/249 355/289/236
f 354/287/234 267/345/13 358/279/226
f 219/209/165 359/281/228 217/211/167
f 358/279/226 234/250/333 362/268/215
f 217/211/167 363/389/341 215/213/169
f 234/250/333 358/279/226 267/345/13
f 236/219/342 379/378/325 367/348/295
f 391/364/311 235/222/343 370/258/205
f 383/390/344 269/186/331 375/371/318
f 387/374/321 268/391/345 270/392/346
f 383/390/344 270/392/346 271/393/347
f 273/394/348 399/359/306 275/395/349
f 272/248/339 403/396/350 395/355/302
f 275/395/349 403/396/350 274/397/351
s 12
f 1/25/352 240/246/352 32/27/352
f 24/1/353 242/225/354 34/3/354
f 24/1/353 210/224/355 232/223/356
f 32/27/352 239/196/352 31/3/352
f 23/25/357 241/227/354 231/220/358
s 13
f 56/22/354 263/228/354 55/29/354
s 14
f 55/29/13 241/227/13 33/27/13
s 15
f 56/22/14 242/225/14 264/217/14
s 12
f 58/58/338 210/224/355 2/1/338
f 72/53/359 265/254/338 57/53/338
f 57/53/338 415/257/338 207/56/338
f 208/398/338 415/257/338 416/259/338
f 58/58/338 416/259/338 266/379/338
s 16
f 68/29/360 277/22/360 69/22/360
s 17
f 71/399/338 278/52/338 70/52/338
s 18
f 70/52/14 276/29/14 68/29/14
s 19
f 69/22/13 279/399/13 71/399/13
s 12
f 201/147/338 408/344/338 200/145/338
f 198/138/338 408/344/338 406/345/338
f 76/183/361 281/339/362 284/381/363
f 74/139/364 281/339/362 73/140/365
f 77/138/366 282/337/367 74/139/364
f 72/53/359 412/340/368 280/254/369
f 59/138/370 285/336/371 77/138/366
f 1/25/352 284/381/363 209/247/352
f 199/149/338 409/346/338 201/147/338
f 59/138/370 406/345/338 267/345/369
f 199/149/338 283/382/372 407/383/338
f 23/25/357 283/382/372 75/25/338
f 204/53/373 414/341/374 412/340/368
f 206/142/375 413/342/376 414/341/374
f 203/144/377 413/342/376 205/143/378
f 202/1/352 411/380/379 203/144/377
f 31/3/352 410/195/352 202/1/352
s 20
f 458/400/380 466/401/381 475/402/382
f 559/403/383 566/404/384 564/405/385
f 503/406/386 545/407/387 541/408/388
f 451/409/389 460/410/390 453/411/391
f 460/410/390 452/412/392 453/411/391
f 461/413/393 450/414/394 452/412/392
f 458/400/380 464/415/395 460/410/390
f 464/415/395 461/413/393 460/410/390
f 465/416/396 459/417/397 461/413/393
f 462/418/398 456/419/399 464/415/395
f 456/419/399 465/416/396 464/415/395
f 457/420/400 463/421/401 465/416/396
f 467/422/402 476/423/403 469/424/404
f 476/423/403 468/425/405 469/424/404
f 477/426/406 466/401/381 468/425/405
f 474/427/407 480/428/408 476/423/403
f 480/428/408 477/426/406 476/423/403
f 481/429/409 475/402/382 477/426/406
f 478/430/410 472/431/411 480/428/408
f 472/431/411 481/429/409 480/428/408
f 473/432/412 479/433/413 481/429/409
f 483/401/414 492/434/415 485/425/416
f 492/434/415 484/424/417 485/425/416
f 493/423/418 482/422/419 484/424/417
f 490/435/420 496/429/421 492/434/415
f 496/429/421 493/423/418 492/434/415
f 497/428/422 491/427/423 493/423/418
f 494/433/424 488/432/425 496/429/421
f 488/432/425 497/428/422 496/429/421
f 489/431/426 495/430/427 497/428/422
f 435/414/428 444/413/429 437/412/430
f 444/413/429 436/411/431 437/412/430
f 445/436/432 434/409/433 436/411/431
f 442/417/434 448/416/435 444/413/429
f 448/416/435 445/436/432 444/413/429
f 449/415/436 443/437/437 445/436/432
f 446/421/438 440/420/439 448/416/435
f 440/420/439 449/415/436 448/416/435
f 441/419/440 447/418/441 449/415/436
f 517/406/442 569/438/443 567/439/444
f 519/440/445 570/441/446 569/438/443
f 570/441/446 518/442/447 568/443/448
f 521/444/449 519/440/445 517/406/442
f 523/445/450 520/446/451 519/440/445
f 520/446/451 522/447/452 518/442/447
f 513/448/453 523/445/450 521/444/449
f 515/449/454 524/450/455 523/445/450
f 524/450/455 514/451/456 522/447/452
f 529/452/457 556/453/458 557/454/459
f 531/455/460 555/456/461 556/453/458
f 555/456/461 530/408/462 558/403/463
f 533/457/464 531/455/460 529/452/457
f 535/458/465 532/459/466 531/455/460
f 532/459/466 534/407/467 530/408/462
f 525/460/468 535/458/465 533/457/464
f 527/461/469 536/462/470 535/458/465
f 536/462/470 526/463/471 534/407/467
f 541/408/388 561/456/472 559/403/383
f 543/459/473 562/453/474 561/456/472
f 562/453/474 542/452/475 560/454/476
f 545/407/387 543/459/473 541/408/388
f 547/462/477 544/455/478 543/459/473
f 544/455/478 546/457/479 542/452/475
f 537/463/480 547/462/477 545/407/387
f 539/464/481 548/458/482 547/462/477
f 548/458/482 538/460/483 546/457/479
f 502/442/484 512/441/485 550/443/486
f 504/446/487 511/438/488 512/441/485
f 511/438/488 503/406/386 549/439/489
f 506/447/490 504/446/487 502/442/484
f 508/450/491 505/440/492 504/446/487
f 505/440/492 507/444/493 503/406/386
f 498/451/494 508/450/491 506/447/490
f 500/465/495 509/445/496 508/450/491
f 509/445/496 499/448/497 507/444/493
f 438/466/498 421/467/338 440/420/439
f 421/467/338 441/419/440 440/420/439
f 420/468/338 439/469/499 441/419/440
f 435/414/428 500/465/495 498/451/494
f 437/412/430 501/449/500 500/465/495
f 501/449/500 434/409/433 499/448/497
f 454/469/501 425/468/338 456/419/399
f 425/468/338 457/420/400 456/419/399
f 424/467/338 455/466/502 457/420/400
f 451/409/389 515/449/454 513/448/453
f 453/411/391 516/465/503 515/449/454
f 516/465/503 450/414/394 514/451/456
f 467/422/402 527/461/469 525/460/468
f 469/424/404 528/464/504 527/461/469
f 528/464/504 466/401/381 526/463/471
f 470/470/505 433/471/338 472/431/411
f 433/471/338 473/432/412 472/431/411
f 432/472/338 471/473/506 473/432/412
f 483/401/414 539/464/481 537/463/480
f 485/425/416 540/461/507 539/464/481
f 540/461/507 482/422/419 538/460/483
f 486/473/508 429/472/338 488/432/425
f 429/472/338 489/431/426 488/432/425
f 428/471/338 487/470/509 489/431/426
f 435/414/428 514/451/456 450/414/394
f 537/463/480 434/409/433 483/401/414
f 554/474/510 560/454/476 557/454/459
f 571/475/511 558/403/463 567/439/444
f 549/439/489 564/405/385 510/476/385
f 443/437/437 494/433/424 490/435/420
f 459/417/397 446/421/438 442/417/434
f 568/443/448 502/442/484 550/443/486
f 518/442/447 506/447/490 502/442/484
f 549/439/489 541/408/388 559/403/383
f 494/433/424 439/469/499 486/473/508
f 446/421/438 455/466/502 438/466/498
f 423/477/338 471/473/506 430/478/338
f 475/402/382 462/418/398 458/400/380
f 491/427/423 478/430/410 474/427/407
f 431/479/338 487/470/509 426/479/338
f 542/452/475 533/457/464 529/452/457
f 558/403/463 517/406/442 567/439/444
f 462/418/398 471/473/506 454/469/501
f 478/430/410 487/470/509 470/470/505
f 507/444/493 537/463/480 545/407/387
f 572/480/512 550/443/486 417/480/513
f 419/481/338 455/466/502 422/481/338
f 486/473/508 418/477/338 427/478/338
f 522/447/452 498/451/494 506/447/490
f 530/408/462 521/444/449 517/406/442
f 467/422/402 538/460/483 482/422/419
f 451/409/389 526/463/471 466/401/381
f 534/407/467 513/448/453 521/444/449
f 546/457/479 525/460/468 533/457/464
f 575/482/514 550/443/486 512/441/485
f 561/456/472 565/483/515 566/404/384
f 565/483/515 560/454/476 563/474/516
f 560/454/476 529/452/457 557/454/459
f 551/484/517 558/403/463 553/485/518
f 556/453/458 551/484/517 552/486/519
f 511/438/488 575/482/514 512/441/485
f 549/439/489 576/487/520 511/438/488
f 574/488/521 568/443/448 572/480/512
f 557/454/459 552/486/519 554/474/510
f 573/489/522 570/441/446 574/488/521
f 567/439/444 573/489/522 571/475/511
f 435/414/428 459/417/397 442/417/434
f 467/422/402 491/427/423 474/427/407
f 483/401/414 443/437/437 490/435/420
s 21
f 621/490/523 580/491/524 622/492/525
f 622/492/525 579/493/526 620/494/527
f 621/490/523 625/495/528 624/496/529
f 622/492/525 623/497/530 625/495/528
f 624/496/529 583/498/531 582/499/532
f 625/495/528 581/500/533 583/498/531
f 603/501/534 607/502/535 604/503/536
f 604/503/536 606/504/537 602/505/538
f 603/501/534 598/506/539 597/507/540
f 604/503/536 596/508/541 598/506/539
f 590/509/542 586/510/543 585/511/544
f 592/512/545 584/513/546 586/510/543
f 588/514/547 586/510/543 589/515/548
f 589/515/548 584/513/546 587/516/549
f 594/517/550 589/515/548 595/518/551
f 595/518/551 587/516/549 593/519/552
f 578/520/553 613/521/554 580/491/524
f 580/491/524 612/522/555 579/493/526
f 605/523/556 601/524/557 607/502/535
f 607/502/535 600/525/558 606/504/537
f 597/507/540 595/518/551 593/519/552
f 598/506/539 594/517/550 595/518/551
f 582/499/532 601/524/557 599/526/559
f 583/498/531 600/525/558 601/524/557
f 612/522/555 619/527/560 618/528/561
f 613/521/554 617/529/562 619/527/560
f 618/528/561 616/530/563 615/531/564
f 619/527/560 614/532/565 616/530/563
f 609/533/566 616/530/563 610/534/567
f 610/534/567 614/532/565 608/535/568
f 591/536/569 610/534/567 608/535/568
f 592/512/545 609/533/566 610/534/567
f 578/520/553 621/490/523 577/537/360
f 572/480/570 579/493/526 612/522/555
f 417/480/571 620/494/527 579/493/526
f 611/538/572 578/520/553 577/537/360
f 624/496/529 582/499/532 577/537/360
f 510/476/573 623/497/530 576/487/574
f 582/499/532 599/526/559 577/537/360
f 564/405/575 581/500/533 510/476/573
f 584/513/546 591/536/569 577/537/360
f 552/486/576 585/511/544 588/514/547
f 553/485/577 585/511/544 551/484/578
f 587/516/549 584/513/546 577/537/360
f 554/474/579 588/514/547 594/517/550
f 593/519/552 587/516/549 577/537/360
f 591/536/569 608/535/568 577/537/360
f 609/533/566 553/485/577 571/475/580
f 554/474/579 596/508/541 563/474/581
f 597/507/540 593/519/552 577/537/360
f 603/501/534 597/507/540 577/537/360
f 563/474/581 602/505/538 565/483/582
f 599/526/559 605/523/556 577/537/360
f 564/405/575 606/504/537 600/525/558
f 605/523/556 603/501/534 577/537/360
f 566/404/583 602/505/538 606/504/537
f 608/535/568 614/532/565 577/537/360
f 571/475/580 615/531/564 609/533/566
f 572/480/570 618/528/561 574/488/584
f 617/529/562 611/538/572 577/537/360
f 614/532/565 617/529/562 577/537/360
f 574/488/584 615/531/564 573/489/585
f 621/490/523 624/496/529 577/537/360
f 576/487/574 620/494/527 575/482/586
s 11
f 668/539/587 687/540/588 685/541/587
f 670/542/588 686/543/589 687/540/588
f 671/544/589 684/545/590 686/543/589
f 676/546/591 695/547/592 693/548/591
f 678/549/592 694/550/593 695/547/592
f 679/551/593 692/552/594 694/550/593
f 665/546/587 682/547/588 667/549/588
f 667/549/588 683/550/589 666/551/589
f 666/551/589 681/552/590 664/553/590
f 685/541/587 682/547/588 680/548/587
f 687/540/588 683/550/589 682/547/588
f 686/543/589 681/552/590 683/550/589
f 673/539/591 690/540/592 675/542/592
f 675/542/592 691/543/593 674/544/593
f 674/544/593 689/545/594 672/554/594
f 693/548/591 690/540/592 688/541/591
f 695/547/592 691/543/593 690/540/592
f 694/550/593 689/545/594 691/543/593
f 704/555/595 698/556/596 706/557/597
f 706/557/597 699/558/598 707/559/599
f 707/559/599 697/560/600 705/561/601
f 704/555/595 710/562/602 708/386/603
f 706/557/597 711/563/604 710/562/602
f 707/559/599 709/564/605 711/563/604
f 708/386/603 702/565/606 700/385/607
f 710/562/602 703/566/608 702/565/606
f 711/563/604 701/567/609 703/566/608
f 724/555/610 718/556/611 716/568/612
f 726/557/613 719/558/614 718/556/611
f 727/559/615 717/560/616 719/558/614
f 724/555/610 722/562/617 726/557/613
f 726/557/613 723/563/618 727/559/615
f 727/559/615 721/564/619 725/561/620
f 720/386/337 714/565/621 722/562/617
f 722/562/617 715/566/622 723/563/618
f 723/563/618 713/567/623 721/564/619
f 756/569/624 750/570/625 748/571/626
f 758/572/627 751/573/628 750/570/625
f 759/574/629 749/575/630 751/573/628
f 752/576/631 758/572/627 756/569/624
f 754/577/632 759/574/629 758/572/627
f 755/578/633 757/579/634 759/574/629
f 752/576/631 746/580/635 754/577/632
f 754/577/632 747/581/636 755/578/633
f 755/578/633 745/582/637 753/583/638
f 740/576/639 734/580/640 732/584/641
f 742/577/642 735/581/643 734/580/640
f 743/578/644 733/582/645 735/581/643
f 740/576/639 738/572/646 742/577/642
f 742/577/642 739/574/647 743/578/644
f 743/578/644 737/579/648 741/583/649
f 736/569/650 730/570/651 738/572/646
f 738/572/646 731/573/652 739/574/647
f 739/574/647 729/575/653 737/579/648
f 656/567/654 703/566/608 701/567/609
f 658/566/655 702/565/606 703/566/608
f 659/565/656 700/385/607 702/565/606
f 672/554/594 699/558/598 674/544/593
f 674/544/593 698/556/596 675/542/592
f 675/542/592 696/568/657 673/539/591
f 716/568/612 670/542/588 668/539/587
f 718/556/611 671/544/589 670/542/588
f 719/558/614 669/554/590 671/544/589
f 656/567/654 715/566/622 658/566/655
f 658/566/655 714/565/621 659/565/656
f 659/565/656 712/385/336 657/385/658
f 732/584/641 678/549/592 676/546/591
f 734/580/640 679/551/593 678/549/592
f 735/581/643 677/553/594 679/551/593
f 661/575/659 731/573/652 663/573/660
f 663/573/660 730/570/651 662/570/661
f 662/570/661 728/571/662 660/571/663
f 748/571/626 662/570/661 660/571/663
f 750/570/625 663/573/660 662/570/661
f 751/573/628 661/575/659 663/573/660
f 664/553/590 747/581/636 666/551/589
f 666/551/589 746/580/635 667/549/588
f 667/549/588 744/584/664 665/546/587
f 657/385/658 633/539/338 769/585/338
f 665/546/587 744/584/664 770/586/338
f 626/587/665 713/567/623 656/567/654
f 701/567/609 626/587/665 656/567/654
f 749/575/630 627/588/666 661/575/659
f 627/588/666 729/575/653 661/575/659
f 632/546/338 660/571/663 771/589/338
f 665/546/587 638/548/338 680/548/587
f 629/590/667 745/582/637 664/553/590
f 635/591/667 664/553/590 681/552/590
f 685/541/587 633/539/338 668/539/587
f 669/554/590 634/592/667 684/545/590
f 717/560/616 628/593/667 669/554/590
f 639/541/338 673/539/591 633/539/338
f 631/593/668 697/560/600 672/554/594
f 637/592/668 672/554/594 689/545/594
f 677/553/594 636/591/668 692/552/594
f 733/582/645 630/590/668 677/553/594
f 632/546/338 693/548/591 638/548/338
f 680/548/587 639/541/338 685/541/587
f 634/592/667 681/552/590 684/545/590
f 636/591/668 689/545/594 692/552/594
f 638/548/338 688/541/591 639/541/338
f 640/594/669 705/561/601 697/560/600
f 709/564/605 641/587/670 701/567/609
f 705/561/601 643/595/671 709/564/605
f 721/564/619 644/587/672 646/595/673
f 645/594/674 725/561/620 647/596/675
f 725/561/620 646/595/673 647/596/675
f 737/579/648 648/588/676 650/597/677
f 649/598/678 741/583/649 651/599/679
f 741/583/649 650/597/677 651/599/679
f 753/583/638 652/598/680 654/599/681
f 653/588/682 757/579/634 655/597/683
f 655/597/683 753/583/638 654/599/681
s 3
f 4/45/13 29/26/13 760/600/13
f 29/26/13 28/26/13 760/600/13
f 28/26/13 60/189/13 760/600/13
f 60/189/13 62/191/13 760/600/13
f 62/191/13 63/190/13 760/600/13
f 63/190/13 61/45/13 760/600/13
f 61/45/13 4/45/13 760/600/13
s 4
f 66/48/14 67/193/14 761/49/14
f 67/193/14 65/192/14 761/49/14
f 65/192/14 27/24/14 761/49/14
f 27/24/14 30/24/14 761/49/14
f 30/24/14 3/23/14 761/49/14
f 3/23/14 64/23/14 761/49/14
s 1
f 26/50/14 79/131/94 762/51/14
f 79/131/94 166/179/142 762/51/14
f 166/179/142 174/164/127 762/51/14
f 174/164/127 178/172/135 762/51/14
f 178/172/135 170/176/139 762/51/14
f 170/176/139 158/50/16 762/51/14
f 163/55/18 182/181/144 763/184/13
f 182/181/144 190/156/119 763/184/13
f 190/156/119 194/150/112 763/184/13
f 194/150/112 186/152/114 763/184/13
f 186/152/114 82/182/145 763/184/13
f 82/182/145 25/55/13 763/184/13
s 6
f 269/186/149 271/393/684 764/187/150
f 271/393/684 270/392/685 764/187/150
f 270/392/685 268/391/686 764/187/150
f 268/391/686 236/219/175 764/187/150
f 236/219/175 237/221/177 764/187/150
f 237/221/177 212/185/148 764/187/150
s 9
f 211/218/194 238/226/687 765/249/195
f 238/226/687 235/222/178 765/249/195
f 235/222/178 273/394/688 765/249/195
f 273/394/688 275/395/689 765/249/195
f 275/395/689 274/397/690 765/249/195
f 274/397/690 272/248/193 765/249/195
s 7
f 378/251/197 386/372/319 766/252/198
f 386/372/319 382/365/312 766/252/198
f 382/365/312 374/367/314 766/252/198
f 374/367/314 287/329/276 766/252/198
f 287/329/276 234/250/333 766/252/198
f 234/250/333 366/250/196 766/252/198
f 290/333/280 394/352/299 767/384/334
f 394/352/299 402/351/298 767/384/334
f 402/351/298 398/357/304 767/384/334
f 398/357/304 390/362/309 767/384/334
f 390/362/309 371/255/202 767/384/334
f 371/255/202 233/255/327 767/384/334
s 11
f 720/386/337 724/555/610 768/387/338
f 724/555/610 716/568/612 768/387/338
f 716/568/612 668/539/587 768/387/338
f 668/539/587 633/539/338 768/387/338
f 633/539/338 657/385/658 768/387/338
f 657/385/658 712/385/336 768/387/338
f 633/539/338 673/539/591 769/585/338
f 673/539/591 696/568/657 769/585/338
f 696/568/657 704/555/595 769/585/338
f 704/555/595 708/386/603 769/585/338
f 708/386/603 700/385/607 769/585/338
f 700/385/607 657/385/658 769/585/338
f 744/584/664 752/576/631 770/586/338
f 752/576/631 756/569/624 770/586/338
f 756/569/624 748/571/626 770/586/338
f 748/571/626 660/571/663 770/586/338
f 660/571/663 632/546/338 770/586/338
f 632/546/338 665/546/587 770/586/338
f 660/571/663 728/571/662 771/589/338
f 728/571/662 736/569/650 771/589/338
f 736/569/650 740/576/639 771/589/338
f 740/576/639 732/584/641 771/589/338
f 732/584/641 676/546/591 771/589/338
f 676/546/591 632/546/338 771/589/338
s 1
f 202/1/1 22/44/2 54/2/2
f 5/4/3 3/23/15 35/5/4
f 19/7/5 21/47/2 53/8/2
f 17/10/6 19/7/5 51/9/5
f 15/12/7 17/10/6 49/11/6
f 13/14/8 15/12/7 47/13/7
f 43/16/9 11/188/9 13/14/8
f 9/17/10 11/188/9 43/16/9
f 7/19/11 9/17/10 41/18/10
f 38/21/3 6/46/3 7/19/11
s 2
f 56/22/12 35/5/12 3/23/12
s 3
f 23/25/13 75/25/13 28/26/13
s 4
f 27/24/14 2/1/14 24/1/14
s 2
f 56/22/12 30/24/12 24/1/12
f 29/26/12 55/29/12 33/27/12
f 29/26/12 4/45/12 36/28/12
f 55/29/12 36/28/12 35/5/12
s 1
f 5/4/3 37/6/3 40/30/11
f 37/6/3 38/21/3 39/20/11
f 40/30/11 42/33/10 10/32/10
f 39/20/11 41/18/10 42/33/10
f 42/33/10 44/35/9 12/34/9
f 41/18/10 43/16/9 44/35/9
f 44/35/9 46/37/8 14/36/8
f 43/16/9 45/15/8 46/37/8
f 46/37/8 48/39/7 16/38/7
f 45/15/8 47/13/7 48/39/7
f 48/39/7 50/41/6 18/40/6
f 47/13/7 49/11/6 50/41/6
f 50/41/6 52/43/5 20/42/5
f 49/11/6 51/9/5 52/43/5
f 52/43/5 54/2/2 22/44/2
f 51/9/5 53/8/2 54/2/2
f 38/21/3 36/28/4 4/45/15
f 37/6/3 35/5/4 36/28/4
f 32/27/1 53/8/2 21/47/2
f 31/3/1 54/2/2 53/8/2
s 5
f 69/22/17 71/399/17 70/52/17
s 1
f 57/53/18 207/56/19 165/54/19
f 207/56/19 208/398/20 164/57/20
f 164/57/20 208/398/20 58/58/21
f 95/60/23 86/134/97 88/61/24
f 97/62/25 88/61/24 89/63/26
f 96/64/27 89/63/26 87/65/28
f 154/67/30 156/70/33 129/68/31
f 156/70/33 157/72/35 128/71/34
f 157/72/35 155/81/44 126/73/36
f 95/60/23 97/62/25 101/74/37
f 97/62/25 96/64/27 100/76/39
f 96/64/27 94/66/29 98/77/40
f 154/67/30 150/86/49 152/78/41
f 156/70/33 152/78/41 153/79/42
f 157/72/35 153/79/42 151/80/43
f 99/75/38 101/74/37 105/82/45
f 101/74/37 100/76/39 104/84/47
f 100/76/39 98/77/40 102/85/48
f 150/86/49 146/95/58 148/87/50
f 152/78/41 148/87/50 149/88/51
f 153/79/42 149/88/51 147/89/52
f 107/90/53 103/83/46 105/82/45
f 109/91/54 105/82/45 104/84/47
f 108/92/55 104/84/47 102/85/48
f 142/94/57 144/96/59 148/87/50
f 144/96/59 145/97/60 149/88/51
f 145/97/60 143/105/68 147/89/52
f 111/98/61 107/90/53 109/91/54
f 113/99/62 109/91/54 108/92/55
f 112/100/63 108/92/55 106/93/56
f 138/102/65 140/103/66 144/96/59
f 140/103/66 141/104/67 145/97/60
f 141/104/67 139/113/76 143/105/68
f 115/106/69 111/98/61 113/99/62
f 117/107/70 113/99/62 112/100/63
f 116/108/71 112/100/63 110/101/64
f 134/110/73 136/111/74 140/103/66
f 136/111/74 137/112/75 141/104/67
f 137/112/75 135/121/84 139/113/76
f 119/114/77 115/106/69 117/107/70
f 121/115/78 117/107/70 116/108/71
f 120/116/79 116/108/71 114/109/72
f 130/118/81 132/119/82 136/111/74
f 132/119/82 133/120/83 137/112/75
f 133/120/83 131/129/92 135/121/84
f 91/122/85 119/114/77 121/115/78
f 93/123/86 121/115/78 120/116/79
f 92/124/87 120/116/79 118/117/80
f 122/126/89 124/127/90 132/119/82
f 124/127/90 125/128/91 133/120/83
f 125/128/91 123/141/104 131/129/92
f 127/69/32 129/68/31 81/130/93
f 129/68/31 128/71/34 80/132/95
f 128/71/34 126/73/36 78/133/96
f 86/134/97 82/182/145 84/135/98
f 88/61/24 84/135/98 85/136/99
f 89/63/26 85/136/99 83/137/100
f 77/138/101 74/139/102 124/127/90
f 74/139/102 73/140/103 125/128/91
f 73/140/103 76/183/146 123/141/104
f 204/53/105 91/122/85 93/123/86
f 206/142/106 93/123/86 92/124/87
f 205/143/107 92/124/87 90/125/88
f 158/50/16 160/146/109 200/145/109
f 160/146/109 161/148/110 201/147/110
f 161/148/110 159/180/143 199/149/111
f 194/150/112 196/153/115 188/151/113
f 196/153/115 197/155/117 189/154/116
f 197/155/117 195/159/122 187/137/118
f 190/156/119 192/161/124 196/153/115
f 196/153/115 192/161/124 193/157/120
f 197/155/117 193/157/120 191/158/121
f 190/156/119 182/181/144 184/160/123
f 192/161/124 184/160/123 185/162/125
f 193/157/120 185/162/125 183/163/126
f 174/164/127 166/179/142 168/165/128
f 176/166/129 168/165/128 169/167/130
f 177/168/131 169/167/130 167/169/132
f 174/164/127 176/166/129 180/171/134
f 176/166/129 177/168/131 181/173/136
f 177/168/131 175/170/133 179/174/137
f 178/172/135 180/171/134 172/175/138
f 180/171/134 181/173/136 173/177/140
f 181/173/136 179/174/137 171/178/141
f 166/179/142 79/131/94 81/130/93
f 168/165/128 81/130/93 80/132/95
f 169/167/130 80/132/95 78/133/96
f 159/180/143 161/148/110 173/177/140
f 161/148/110 160/146/109 172/175/138
f 160/146/109 158/50/16 170/176/139
f 182/181/144 163/55/18 165/54/19
f 184/160/123 165/54/19 164/57/20
f 185/162/125 164/57/20 162/59/22
f 186/152/114 188/151/113 84/135/98
f 188/151/113 189/154/116 85/136/99
f 189/154/116 187/137/118 83/137/100
f 2/1/17 27/24/17 162/59/22
f 57/53/18 163/55/18 25/55/13
f 203/144/108 90/125/88 22/44/2
f 76/183/146 1/25/1 21/47/2
f 59/138/14 26/50/14 158/50/16
f 199/149/111 159/180/143 28/26/17
f 78/133/96 4/45/15 61/45/147
f 126/73/36 6/46/3 4/45/15
f 87/65/28 83/137/100 3/23/15
f 83/137/100 187/137/118 64/23/147
f 5/4/3 8/31/11 94/66/29
f 20/42/5 22/44/2 90/125/88
f 8/31/11 10/32/10 98/77/40
f 10/32/10 12/34/9 102/85/48
f 12/34/9 14/36/8 106/93/56
f 14/36/8 16/38/7 110/101/64
f 16/38/7 18/40/6 114/109/72
f 18/40/6 20/42/5 118/117/80
f 19/7/5 131/129/92 123/141/104
f 6/46/3 126/73/36 155/81/44
f 17/10/6 135/121/84 131/129/92
f 15/12/7 139/113/76 135/121/84
f 13/14/8 143/105/68 139/113/76
f 11/188/9 147/89/52 143/105/68
f 9/17/10 151/80/43 147/89/52
f 7/19/11 155/81/44 151/80/43
f 28/26/17 159/180/143 171/178/141
f 27/24/17 65/192/151 183/163/126
f 167/169/132 61/45/147 63/190/152
f 179/174/137 62/191/153 60/189/151
f 175/170/133 63/190/152 62/191/153
f 191/158/121 183/163/126 65/192/151
f 187/137/118 195/159/122 66/48/152
f 195/159/122 191/158/121 67/193/153
s 7
f 262/194/154 230/244/154 410/195/155
f 243/197/157 211/218/335 213/198/158
f 261/200/154 229/245/154 227/201/160
f 259/202/161 227/201/160 225/203/162
f 257/204/162 225/203/162 223/205/163
f 255/206/163 223/205/163 221/207/164
f 253/208/164 221/207/164 219/209/165
f 251/210/166 219/209/165 217/211/167
f 249/212/168 217/211/167 215/213/169
f 246/215/159 247/214/170 215/213/169
s 8
f 264/217/172 238/226/182 211/218/173
s 6
f 236/219/175 283/382/691 231/220/176
s 9
f 235/222/178 238/226/687 232/223/179
s 8
f 242/225/181 232/223/692 238/226/182
f 241/227/183 263/228/186 237/221/184
f 263/228/186 244/229/188 212/185/187
f 264/217/172 243/197/174 244/229/188
s 7
f 213/198/158 216/231/189 248/230/170
f 248/230/170 247/214/170 246/215/159
f 216/231/189 218/234/190 250/232/168
f 250/232/168 249/212/168 247/214/170
f 220/233/165 252/235/166 250/232/168
f 252/235/166 251/210/166 249/212/168
f 222/236/164 254/237/164 252/235/166
f 254/237/164 253/208/164 251/210/166
f 224/238/163 256/239/163 254/237/164
f 256/239/163 255/206/163 253/208/164
f 226/240/162 258/241/162 256/239/163
f 258/241/162 257/204/162 255/206/163
f 228/242/160 260/243/161 258/241/162
f 260/243/161 259/202/161 257/204/162
f 230/244/154 262/194/154 260/243/161
f 262/194/154 261/200/154 259/202/161
f 214/216/171 212/185/332 244/229/191
f 246/215/159 244/229/191 243/197/157
f 229/245/154 261/200/154 240/246/156
f 261/200/154 262/194/154 239/196/156
s 10
f 278/52/199 279/399/199 277/22/199
s 7
f 373/253/200 415/257/204 265/254/201
f 372/256/203 416/259/206 415/257/204
f 370/258/205 266/379/326 416/259/206
f 303/260/207 305/263/210 296/261/208
f 305/263/210 304/265/212 297/264/211
f 304/265/212 302/388/340 295/266/213
f 337/267/214 364/271/218 362/268/215
f 336/270/217 365/273/220 364/271/218
f 334/272/219 363/389/341 365/273/220
f 309/274/221 305/263/210 303/260/207
f 308/276/223 304/265/212 305/263/210
f 306/277/224 302/388/340 304/265/212
f 362/268/215 364/271/218 360/278/225
f 364/271/218 365/273/220 361/280/227
f 365/273/220 363/389/341 359/281/228
f 313/282/229 309/274/221 307/275/222
f 312/284/231 308/276/223 309/274/221
f 310/285/232 306/277/224 308/276/223
f 358/279/226 360/278/225 356/286/233
f 360/278/225 361/280/227 357/288/235
f 361/280/227 359/281/228 355/289/236
f 315/290/237 317/291/238 313/282/229
f 317/291/238 316/292/239 312/284/231
f 316/292/239 314/299/246 310/285/232
f 356/286/233 352/294/241 350/293/240
f 357/288/235 353/295/242 352/294/241
f 355/289/236 351/302/249 353/295/242
f 319/296/243 321/297/244 317/291/238
f 321/297/244 320/298/245 316/292/239
f 320/298/245 318/307/254 314/299/246
f 352/294/241 348/301/248 346/300/247
f 353/295/242 349/303/250 348/301/248
f 351/302/249 347/310/257 349/303/250
f 323/304/251 325/305/252 321/297/244
f 325/305/252 324/306/253 320/298/245
f 324/306/253 322/315/262 318/307/254
f 348/301/248 344/309/256 342/308/255
f 349/303/250 345/311/258 344/309/256
f 347/310/257 343/318/265 345/311/258
f 327/312/259 329/313/260 325/305/252
f 329/313/260 328/314/261 324/306/253
f 328/314/261 326/323/270 322/315/262
f 344/309/256 340/317/264 338/316/263
f 345/311/258 341/319/266 340/317/264
f 343/318/265 339/326/273 341/319/266
f 299/320/267 301/321/268 329/313/260
f 301/321/268 300/322/269 328/314/261
f 300/322/269 298/343/290 326/323/270
f 340/317/264 332/325/272 330/324/271
f 341/319/266 333/327/274 332/325/272
f 339/326/273 331/338/285 333/327/274
f 289/328/275 337/267/214 335/269/216
f 288/330/277 336/270/217 337/267/214
f 286/331/278 334/272/219 336/270/217
f 294/262/209 296/261/208 292/332/279
f 296/261/208 297/264/211 293/334/281
f 297/264/211 295/266/213 291/335/282
f 332/325/272 282/337/284 285/336/283
f 333/327/274 281/339/286 282/337/284
f 331/338/285 284/381/329 281/339/286
f 412/340/287 414/341/288 301/321/268
f 414/341/288 413/342/289 300/322/269
f 413/342/289 411/380/328 298/343/290
f 408/344/291 368/347/294 366/250/196
f 409/346/293 369/349/296 368/347/294
f 409/346/293 407/383/330 367/348/295
f 396/350/297 404/354/301 402/351/298
f 397/353/300 405/356/303 404/354/301
f 395/355/302 403/396/350 405/356/303
f 404/354/301 400/358/305 398/357/304
f 405/356/303 401/360/307 400/358/305
f 405/356/303 403/396/350 399/359/306
f 398/357/304 400/358/305 392/361/308
f 400/358/305 401/360/307 393/363/310
f 401/360/307 399/359/306 391/364/311
f 382/365/312 384/368/315 376/366/313
f 384/368/315 385/370/317 377/369/316
f 385/370/317 383/390/344 375/371/318
f 386/372/319 388/373/320 384/368/315
f 388/373/320 389/375/322 385/370/317
f 387/374/321 383/390/344 385/370/317
f 380/376/323 388/373/320 386/372/319
f 381/377/324 389/375/322 388/373/320
f 379/378/325 387/374/321 389/375/322
f 374/367/314 376/366/313 289/328/275
f 376/366/313 377/369/316 288/330/277
f 377/369/316 375/371/318 286/331/278
f 381/377/324 369/349/296 367/348/295
f 380/376/323 368/347/294 369/349/296
f 378/251/197 366/250/196 368/347/294
f 390/362/309 392/361/308 373/253/200
f 392/361/308 393/363/310 372/256/203
f 393/363/310 391/364/311 370/258/205
f 292/332/279 396/350/297 394/352/299
f 293/334/281 397/353/300 396/350/297
f 291/335/282 395/355/302 397/353/300
f 370/258/205 235/222/343 210/224/199
f 233/255/327 371/255/202 265/254/201
f 230/244/154 298/343/290 411/380/328
f 284/381/329 331/338/285 229/245/154
f 366/250/196 234/250/333 267/345/13
f 283/382/199 236/219/342 367/348/295
f 286/331/278 375/371/318 269/186/331
f 334/272/219 286/331/278 212/185/332
f 211/218/335 291/335/282 295/266/213
f 272/248/339 395/355/302 291/335/282
f 302/388/340 216/231/189 213/198/158
f 298/343/290 230/244/154 228/242/160
f 302/388/340 306/277/224 218/234/190
f 306/277/224 310/285/232 220/233/165
f 314/299/246 222/236/164 220/233/165
f 318/307/254 224/238/163 222/236/164
f 322/315/262 226/240/162 224/238/163
f 326/323/270 228/242/160 226/240/162
f 227/201/160 229/245/154 331/338/285
f 214/216/171 215/213/169 363/389/341
f 225/203/162 227/201/160 339/326/273
f 223/205/163 225/203/162 343/318/265
f 221/207/164 223/205/163 347/310/257
f 219/209/165 221/207/164 351/302/249
f 219/209/165 355/289/236 359/281/228
f 217/211/167 359/281/228 363/389/341
f 236/219/342 268/391/345 379/378/325
f 391/364/311 273/394/348 235/222/343
f 383/390/344 271/393/347 269/186/331
f 387/374/321 379/378/325 268/391/345
f 383/390/344 387/374/321 270/392/346
f 273/394/348 391/364/311 399/359/306
f 272/248/339 274/397/351 403/396/350
f 275/395/349 399/359/306 403/396/350
s 12
f 1/25/352 209/247/352 240/246/352
f 24/1/353 232/223/356 242/225/354
f 24/1/353 2/1/338 210/224/355
f 32/27/352 240/246/352 239/196/352
f 23/25/357 33/27/354 241/227/354
s 13
f 56/22/354 264/217/354 263/228/354
s 14
f 55/29/13 263/228/13 241/227/13
s 15
f 56/22/14 34/3/14 242/225/14
s 12
f 58/58/338 266/379/338 210/224/355
f 72/53/359 280/254/369 265/254/338
f 57/53/338 265/254/338 415/257/338
f 208/398/338 207/56/338 415/257/338
f 58/58/338 208/398/338 416/259/338
s 16
f 68/29/360 276/29/360 277/22/360
s 17
f 71/399/338 279/399/338 278/52/338
s 18
f 70/52/14 278/52/14 276/29/14
s 19
f 69/22/13 277/22/13 279/399/13
s 12
f 201/147/338 409/346/338 408/344/338
f 198/138/338 200/145/338 408/344/338
f 76/183/361 73/140/365 281/339/362
f 74/139/364 282/337/367 281/339/362
f 77/138/366 285/336/371 282/337/367
f 72/53/359 204/53/373 412/340/368
f 59/138/370 267/345/369 285/336/371
f 1/25/352 76/183/361 284/381/363
f 199/149/338 407/383/338 409/346/338
f 59/138/370 198/138/338 406/345/338
f 199/149/338 75/25/338 283/382/372
f 23/25/357 231/220/358 283/382/372
f 204/53/373 206/142/375 414/341/374
f 206/142/375 205/143/378 413/342/376
f 203/144/377 411/380/379 413/342/376
f 202/1/352 410/195/352 411/380/379
f 31/3/352 239/196/352 410/195/352
s 20
f 458/400/380 451/409/389 466/401/381
f 559/403/383 561/456/472 566/404/384
f 503/406/386 507/444/493 545/407/387
f 451/409/389 458/400/380 460/410/390
f 460/410/390 461/413/393 452/412/392
f 461/413/393 459/417/397 450/414/394
f 458/400/380 462/418/398 464/415/395
f 464/415/395 465/416/396 461/413/393
f 465/416/396 463/421/401 459/417/397
f 462/418/398 454/469/501 456/419/399
f 456/419/399 457/420/400 465/416/396
f 457/420/400 455/466/502 463/421/401
f 467/422/402 474/427/407 476/423/403
f 476/423/403 477/426/406 468/425/405
f 477/426/406 475/402/382 466/401/381
f 474/427/407 478/430/410 480/428/408
f 480/428/408 481/429/409 477/426/406
f 481/429/409 479/433/413 475/402/382
f 478/430/410 470/470/505 472/431/411
f 472/431/411 473/432/412 481/429/409
f 473/432/412 471/473/506 479/433/413
f 483/401/414 490/435/420 492/434/415
f 492/434/415 493/423/418 484/424/417
f 493/423/418 491/427/423 482/422/419
f 490/435/420 494/433/424 496/429/421
f 496/429/421 497/428/422 493/423/418
f 497/428/422 495/430/427 491/427/423
f 494/433/424 486/473/508 488/432/425
f 488/432/425 489/431/426 497/428/422
f 489/431/426 487/470/509 495/430/427
f 435/414/428 442/417/434 444/413/429
f 444/413/429 445/436/432 436/411/431
f 445/436/432 443/437/437 434/409/433
f 442/417/434 446/421/438 448/416/435
f 448/416/435 449/415/436 445/436/432
f 449/415/436 447/418/441 443/437/437
f 446/421/438 438/466/498 440/420/439
f 440/420/439 441/419/440 449/415/436
f 441/419/440 439/469/499 447/418/441
f 517/406/442 519/440/445 569/438/443
f 519/440/445 520/446/451 570/441/446
f 570/441/446 520/446/451 518/442/447
f 521/444/449 523/445/450 519/440/445
f 523/445/450 524/450/455 520/446/451
f 520/446/451 524/450/455 522/447/452
f 513/448/453 515/449/454 523/445/450
f 515/449/454 516/465/503 524/450/455
f 524/450/455 516/465/503 514/451/456
f 529/452/457 531/455/460 556/453/458
f 531/455/460 532/459/466 555/456/461
f 555/456/461 532/459/466 530/408/462
f 533/457/464 535/458/465 531/455/460
f 535/458/465 536/462/470 532/459/466
f 532/459/466 536/462/470 534/407/467
f 525/460/468 527/461/469 535/458/465
f 527/461/469 528/464/504 536/462/470
f 536/462/470 528/464/504 526/463/471
f 541/408/388 543/459/473 561/456/472
f 543/459/473 544/455/478 562/453/474
f 562/453/474 544/455/478 542/452/475
f 545/407/387 547/462/477 543/459/473
f 547/462/477 548/458/482 544/455/478
f 544/455/478 548/458/482 546/457/479
f 537/463/480 539/464/481 547/462/477
f 539/464/481 540/461/507 548/458/482
f 548/458/482 540/461/507 538/460/483
f 502/442/484 504/446/487 512/441/485
f 504/446/487 505/440/492 511/438/488
f 511/438/488 505/440/492 503/406/386
f 506/447/490 508/450/491 504/446/487
f 508/450/491 509/445/496 505/440/492
f 505/440/492 509/445/496 507/444/493
f 498/451/494 500/465/495 508/450/491
f 500/465/495 501/449/500 509/445/496
f 509/445/496 501/449/500 499/448/497
f 438/466/498 419/481/338 421/467/338
f 421/467/338 420/468/338 441/419/440
f 420/468/338 418/477/338 439/469/499
f 435/414/428 437/412/430 500/465/495
f 437/412/430 436/411/431 501/449/500
f 501/449/500 436/411/431 434/409/433
f 454/469/501 423/477/338 425/468/338
f 425/468/338 424/467/338 457/420/400
f 424/467/338 422/481/338 455/466/502
f 451/409/389 453/411/391 515/449/454
f 453/411/391 452/412/392 516/465/503
f 516/465/503 452/412/392 450/414/394
f 467/422/402 469/424/404 527/461/469
f 469/424/404 468/425/405 528/464/504
f 528/464/504 468/425/405 466/401/381
f 470/470/505 431/479/338 433/471/338
f 433/471/338 432/472/338 473/432/412
f 432/472/338 430/478/338 471/473/506
f 483/401/414 485/425/416 539/464/481
f 485/425/416 484/424/417 540/461/507
f 540/461/507 484/424/417 482/422/419
f 486/473/508 427/478/338 429/472/338
f 429/472/338 428/471/338 489/431/426
f 428/471/338 426/479/338 487/470/509
f 435/414/428 498/451/494 514/451/456
f 537/463/480 499/448/497 434/409/433
f 554/474/510 563/474/516 560/454/476
f 571/475/511 553/485/518 558/403/463
f 549/439/489 559/403/383 564/405/385
f 443/437/437 447/418/441 494/433/424
f 459/417/397 463/421/401 446/421/438
f 568/443/448 518/442/447 502/442/484
f 518/442/447 522/447/452 506/447/490
f 549/439/489 503/406/386 541/408/388
f 494/433/424 447/418/441 439/469/499
f 446/421/438 463/421/401 455/466/502
f 423/477/338 454/469/501 471/473/506
f 475/402/382 479/433/413 462/418/398
f 491/427/423 495/430/427 478/430/410
f 431/479/338 470/470/505 487/470/509
f 542/452/475 546/457/479 533/457/464
f 558/403/463 530/408/462 517/406/442
f 462/418/398 479/433/413 471/473/506
f 478/430/410 495/430/427 487/470/509
f 507/444/493 499/448/497 537/463/480
f 572/480/512 568/443/448 550/443/486
f 419/481/338 438/466/498 455/466/502
f 486/473/508 439/469/499 418/477/338
f 522/447/452 514/451/456 498/451/494
f 530/408/462 534/407/467 521/444/449
f 467/422/402 525/460/468 538/460/483
f 451/409/389 513/448/453 526/463/471
f 534/407/467 526/463/471 513/448/453
f 546/457/479 538/460/483 525/460/468
f 575/482/514 417/480/513 550/443/486
f 561/456/472 562/453/474 565/483/515
f 565/483/515 562/453/474 560/454/476
f 560/454/476 542/452/475 529/452/457
f 551/484/517 555/456/461 558/403/463
f 556/453/458 555/456/461 551/484/517
f 511/438/488 576/487/520 575/482/514
f 549/439/489 510/476/385 576/487/520
f 574/488/521 570/441/446 568/443/448
f 557/454/459 556/453/458 552/486/519
f 573/489/522 569/438/443 570/441/446
f 567/439/444 569/438/443 573/489/522
f 435/414/428 450/414/394 459/417/397
f 467/422/402 482/422/419 491/427/423
f 483/401/414 434/409/433 443/437/437
s 21
f 621/490/523 578/520/553 580/491/524
f 622/492/525 580/491/524 579/493/526
f 621/490/523 622/492/525 625/495/528
f 622/492/525 620/494/527 623/497/530
f 624/496/529 625/495/528 583/498/531
f 625/495/528 623/497/530 581/500/533
f 603/501/534 605/523/556 607/502/535
f 604/503/536 607/502/535 606/504/537
f 603/501/534 604/503/536 598/506/539
f 604/503/536 602/505/538 596/508/541
f 590/509/542 592/512/545 586/510/543
f 592/512/545 591/536/569 584/513/546
f 588/514/547 585/511/544 586/510/543
f 589/515/548 586/510/543 584/513/546
f 594/517/550 588/514/547 589/515/548
f 595/518/551 589/515/548 587/516/549
f 578/520/553 611/538/572 613/521/554
f 580/491/524 613/521/554 612/522/555
f 605/523/556 599/526/559 601/524/557
f 607/502/535 601/524/557 600/525/558
f 597/507/540 598/506/539 595/518/551
f 598/506/539 596/508/541 594/517/550
f 582/499/532 583/498/531 601/524/557
f 583/498/531 581/500/533 600/525/558
f 612/522/555 613/521/554 619/527/560
f 613/521/554 611/538/572 617/529/562
f 618/528/561 619/527/560 616/530/563
f 619/527/560 617/529/562 614/532/565
f 609/533/566 615/531/564 616/530/563
f 610/534/567 616/530/563 614/532/565
f 591/536/569 592/512/545 610/534/567
f 592/512/545 590/509/542 609/533/566
f 572/480/570 417/480/571 579/493/526
f 417/480/571 575/482/586 620/494/527
f 510/476/573 581/500/533 623/497/530
f 564/405/575 600/525/558 581/500/533
f 552/486/576 551/484/578 585/511/544
f 553/485/577 590/509/542 585/511/544
f 554/474/579 552/486/576 588/514/547
f 609/533/566 590/509/542 553/485/577
f 554/474/579 594/517/550 596/508/541
f 563/474/581 596/508/541 602/505/538
f 564/405/575 566/404/583 606/504/537
f 566/404/583 565/483/582 602/505/538
f 571/475/580 573/489/585 615/531/564
f 572/480/570 612/522/555 618/528/561
f 574/488/584 618/528/561 615/531/564
f 576/487/574 623/497/530 620/494/527
s 11
f 668/539/587 670/542/588 687/540/588
f 670/542/588 671/544/589 686/543/589
f 671/544/589 669/554/590 684/545/590
f 676/546/591 678/549/592 695/547/592
f 678/549/592 679/551/593 694/550/593
f 679/551/593 677/553/594 692/552/594
f 665/546/587 680/548/587 682/547/588
f 667/549/588 682/547/588 683/550/589
f 666/551/589 683/550/589 681/552/590
f 685/541/587 687/540/588 682/547/588
f 687/540/588 686/543/589 683/550/589
f 686/543/589 684/545/590 681/552/590
f 673/539/591 688/541/591 690/540/592
f 675/542/592 690/540/592 691/543/593
f 674/544/593 691/543/593 689/545/594
f 693/548/591 695/547/592 690/540/592
f 695/547/592 694/550/593 691/543/593
f 694/550/593 692/552/594 689/545/594
f 704/555/595 696/568/657 698/556/596
f 706/557/597 698/556/596 699/558/598
f 707/559/599 699/558/598 697/560/600
f 704/555/595 706/557/597 710/562/602
f 706/557/597 707/559/599 711/563/604
f 707/559/599 705/561/601 709/564/605
f 708/386/603 710/562/602 702/565/606
f 710/562/602 711/563/604 703/566/608
f 711/563/604 709/564/605 701/567/609
f 724/555/610 726/557/613 718/556/611
f 726/557/613 727/559/615 719/558/614
f 727/559/615 725/561/620 717/560/616
f 724/555/610 720/386/337 722/562/617
f 726/557/613 722/562/617 723/563/618
f 727/559/615 723/563/618 721/564/619
f 720/386/337 712/385/336 714/565/621
f 722/562/617 714/565/621 715/566/622
f 723/563/618 715/566/622 713/567/623
f 756/569/624 758/572/627 750/570/625
f 758/572/627 759/574/629 751/573/628
f 759/574/629 757/579/634 749/575/630
f 752/576/631 754/577/632 758/572/627
f 754/577/632 755/578/633 759/574/629
f 755/578/633 753/583/638 757/579/634
f 752/576/631 744/584/664 746/580/635
f 754/577/632 746/580/635 747/581/636
f 755/578/633 747/581/636 745/582/637
f 740/576/639 742/577/642 734/580/640
f 742/577/642 743/578/644 735/581/643
f 743/578/644 741/583/649 733/582/645
f 740/576/639 736/569/650 738/572/646
f 742/577/642 738/572/646 739/574/647
f 743/578/644 739/574/647 737/579/648
f 736/569/650 728/571/662 730/570/651
f 738/572/646 730/570/651 731/573/652
f 739/574/647 731/573/652 729/575/653
f 656/567/654 658/566/655 703/566/608
f 658/566/655 659/565/656 702/565/606
f 659/565/656 657/385/658 700/385/607
f 672/554/594 697/560/600 699/558/598
f 674/544/593 699/558/598 698/556/596
f 675/542/592 698/556/596 696/568/657
f 716/568/612 718/556/611 670/542/588
f 718/556/611 719/558/614 671/544/589
f 719/558/614 717/560/616 669/554/590
f 656/567/654 713/567/623 715/566/622
f 658/566/655 715/566/622 714/565/621
f 659/565/656 714/565/621 712/385/336
f 732/584/641 734/580/640 678/549/592
f 734/580/640 735/581/643 679/551/593
f 735/581/643 733/582/645 677/553/594
f 661/575/659 729/575/653 731/573/652
f 663/573/660 731/573/652 730/570/651
f 662/570/661 730/570/651 728/571/662
f 748/571/626 750/570/625 662/570/661
f 750/570/625 751/573/628 663/573/660
f 751/573/628 749/575/630 661/575/659
f 664/553/590 745/582/637 747/581/636
f 666/551/589 747/581/636 746/580/635
f 667/549/588 746/580/635 744/584/664
f 626/587/665 644/587/672 713/567/623
f 701/567/609 641/587/670 626/587/665
f 749/575/630 653/588/682 627/588/666
f 627/588/666 648/588/676 729/575/653
f 665/546/587 632/546/338 638/548/338
f 629/590/667 652/598/680 745/582/637
f 635/591/667 629/590/667 664/553/590
f 685/541/587 639/541/338 633/539/338
f 669/554/590 628/593/667 634/592/667
f 717/560/616 645/594/674 628/593/667
f 639/541/338 688/541/591 673/539/591
f 631/593/668 640/594/669 697/560/600
f 637/592/668 631/593/668 672/554/594
f 677/553/594 630/590/668 636/591/668
f 733/582/645 649/598/678 630/590/668
f 632/546/338 676/546/591 693/548/591
f 680/548/587 638/548/338 639/541/338
f 634/592/667 635/591/667 681/552/590
f 636/591/668 637/592/668 689/545/594
f 638/548/338 693/548/591 688/541/591
f 640/594/669 642/596/693 705/561/601
f 709/564/605 643/595/671 641/587/670
f 705/561/601 642/596/693 643/595/671
f 721/564/619 713/567/623 644/587/672
f 645/594/674 717/560/616 725/561/620
f 725/561/620 721/564/619 646/595/673
f 737/579/648 729/575/653 648/588/676
f 649/598/678 733/582/645 741/583/649
f 741/583/649 737/579/648 650/597/677
f 753/583/638 745/582/637 652/598/680
f 653/588/682 749/575/630 757/579/634
f 655/597/683 757/579/634 753/583/638
