# Blender 4.5.2 LTS
# www.blender.org
mtllib type_ii_barricade_01_medium.mtl
g type_ii_barricade_01_medium_Mesh
v -0.490290 0.989410 0.056859
v -0.490290 0.970099 0.003544
v -0.440290 0.989410 0.056859
v -0.440290 0.970099 0.003544
v -0.490290 0.000000 0.415221
v -0.490290 0.000000 0.354912
v -0.440290 0.000000 0.354912
v -0.440290 0.000000 0.415221
v -0.490290 0.989410 -0.056859
v -0.490290 0.970099 -0.003544
v -0.440290 0.989410 -0.056859
v -0.440290 0.970099 -0.003544
v -0.490290 0.000000 -0.415221
v -0.490290 0.000000 -0.354912
v -0.440290 0.000000 -0.354912
v -0.440290 0.000000 -0.415221
v -0.480290 0.875678 0.037760
v -0.480290 0.969701 0.003705
v -0.480290 0.873975 0.033059
v -0.480290 0.967998 -0.000996
v -0.450290 0.875678 0.037760
v -0.450290 0.969701 0.003705
v -0.450290 0.873975 0.033059
v -0.450290 0.967998 -0.000996
v -0.468899 0.905316 0.021708
v -0.465290 0.901923 0.022937
v -0.465290 0.908710 0.020478
v -0.461680 0.905316 0.021708
v -0.467842 0.902917 0.022577
v -0.467842 0.907716 0.020838
v -0.462737 0.907716 0.020838
v -0.462737 0.902917 0.022577
v -0.461680 0.936657 0.010356
v -0.465290 0.933263 0.011585
v -0.468899 0.936657 0.010356
v -0.465290 0.940051 0.009127
v -0.462737 0.934257 0.011225
v -0.467842 0.934257 0.011225
v -0.467842 0.939057 0.009487
v -0.462737 0.939057 0.009487
v -0.462737 0.902386 0.021112
v -0.465290 0.901392 0.021472
v -0.467842 0.902386 0.021112
v -0.465290 0.904786 0.020243
v -0.468899 0.904786 0.020243
v -0.467842 0.907185 0.019374
v -0.465290 0.908179 0.019014
v -0.462737 0.907185 0.019374
v -0.461680 0.904786 0.020243
v -0.462737 0.938526 0.008022
v -0.461680 0.936126 0.008891
v -0.462737 0.933727 0.009760
v -0.465290 0.936126 0.008891
v -0.465290 0.932733 0.010120
v -0.467842 0.933727 0.009760
v -0.468899 0.936126 0.008891
v -0.467842 0.938526 0.008022
v -0.465290 0.939520 0.007662
v -0.480290 0.875678 -0.037760
v -0.480290 0.969701 -0.003705
v -0.480290 0.873975 -0.033059
v -0.480290 0.967998 0.000996
v -0.450290 0.875678 -0.037760
v -0.450290 0.969701 -0.003705
v -0.450290 0.873975 -0.033059
v -0.450290 0.967998 0.000996
v -0.468899 0.905316 -0.021708
v -0.465290 0.901923 -0.022937
v -0.465290 0.908710 -0.020478
v -0.461680 0.905316 -0.021708
v -0.467842 0.902917 -0.022577
v -0.467842 0.907716 -0.020838
v -0.462737 0.907716 -0.020838
v -0.462737 0.902917 -0.022577
v -0.461680 0.936657 -0.010356
v -0.465290 0.933263 -0.011585
v -0.468899 0.936657 -0.010356
v -0.465290 0.940051 -0.009127
v -0.462737 0.934257 -0.011225
v -0.467842 0.934257 -0.011225
v -0.467842 0.939057 -0.009487
v -0.462737 0.939057 -0.009487
v -0.462737 0.902386 -0.021112
v -0.465290 0.901392 -0.021472
v -0.467842 0.902386 -0.021112
v -0.465290 0.904786 -0.020243
v -0.468899 0.904786 -0.020243
v -0.467842 0.907185 -0.019374
v -0.465290 0.908179 -0.019014
v -0.462737 0.907185 -0.019374
v -0.461680 0.904786 -0.020243
v -0.462737 0.938526 -0.008022
v -0.461680 0.936126 -0.008891
v -0.462737 0.933727 -0.009760
v -0.465290 0.936126 -0.008891
v -0.465290 0.932733 -0.010120
v -0.467842 0.933727 -0.009760
v -0.468899 0.936126 -0.008891
v -0.467842 0.938526 -0.008022
v -0.465290 0.939520 -0.007662
v -0.483642 0.969783 -0.002950
v -0.446937 0.969783 -0.002950
v -0.483642 0.968308 -0.002555
v -0.446937 0.968308 -0.002555
v -0.483642 0.967228 -0.001475
v -0.446937 0.967228 -0.001475
v -0.483642 0.966833 0.000000
v -0.446937 0.966833 0.000000
v -0.483642 0.967228 0.001475
v -0.446937 0.967228 0.001475
v -0.483642 0.968308 0.002555
v -0.446937 0.968308 0.002555
v -0.483642 0.969783 0.002950
v -0.446937 0.969783 0.002950
v -0.483642 0.971258 0.002555
v -0.446937 0.971258 0.002555
v -0.483642 0.972337 0.001475
v -0.446937 0.972337 0.001475
v -0.483642 0.972732 0.000000
v -0.446937 0.972732 0.000000
v -0.483642 0.972337 -0.001475
v -0.446937 0.972337 -0.001475
v -0.483642 0.971258 -0.002555
v -0.446937 0.971258 -0.002555
v -0.458979 0.971424 0.002844
v -0.459365 0.971424 0.002844
v -0.471214 0.971424 0.002844
v -0.471600 0.971424 0.002844
v -0.458979 0.972626 0.001642
v -0.459365 0.972626 0.001642
v -0.471214 0.972626 0.001642
v -0.471600 0.972626 0.001642
v -0.458979 0.973066 0.000000
v -0.459365 0.973066 0.000000
v -0.471214 0.973066 0.000000
v -0.471600 0.973066 0.000000
v -0.458979 0.972626 -0.001642
v -0.459365 0.972626 -0.001642
v -0.471214 0.972626 -0.001642
v -0.471600 0.972626 -0.001642
v -0.459365 0.969783 -0.003283
v -0.458979 0.969783 -0.003283
v -0.458979 0.971424 -0.002844
v -0.459365 0.971424 -0.002844
v -0.471600 0.969783 -0.003283
v -0.471214 0.969783 -0.003283
v -0.471214 0.971424 -0.002844
v -0.471600 0.971424 -0.002844
v -0.471214 0.969783 -0.003750
v -0.471600 0.969783 -0.003750
v -0.458979 0.969783 -0.003750
v -0.459365 0.969783 -0.003750
v -0.459365 0.967908 -0.003248
v -0.458979 0.967908 -0.003248
v -0.471600 0.967908 -0.003248
v -0.471214 0.967908 -0.003248
v -0.459365 0.966535 -0.001875
v -0.458979 0.966535 -0.001875
v -0.471600 0.966535 -0.001875
v -0.471214 0.966535 -0.001875
v -0.459365 0.966033 0.000000
v -0.458979 0.966033 0.000000
v -0.471600 0.966033 0.000000
v -0.471214 0.966033 0.000000
v -0.459365 0.966535 0.001875
v -0.458979 0.966535 0.001875
v -0.471600 0.966535 0.001875
v -0.471214 0.966535 0.001875
v -0.459365 0.967908 0.003248
v -0.458979 0.967908 0.003248
v -0.471600 0.967908 0.003248
v -0.471214 0.967908 0.003248
v -0.459365 0.969783 0.003750
v -0.458979 0.969783 0.003750
v -0.471600 0.969783 0.003750
v -0.471214 0.969783 0.003750
v -0.459365 0.971658 0.003248
v -0.458979 0.971658 0.003248
v -0.471600 0.971658 0.003248
v -0.471214 0.971658 0.003248
v -0.459365 0.973030 0.001875
v -0.458979 0.973030 0.001875
v -0.471600 0.973030 0.001875
v -0.471214 0.973030 0.001875
v -0.459365 0.973533 0.000000
v -0.458979 0.973533 0.000000
v -0.471600 0.973533 0.000000
v -0.471214 0.973533 0.000000
v -0.459365 0.973030 -0.001875
v -0.458979 0.973030 -0.001875
v -0.471600 0.973030 -0.001875
v -0.471214 0.973030 -0.001875
v -0.459365 0.971658 -0.003248
v -0.458979 0.971658 -0.003248
v -0.471600 0.971658 -0.003248
v -0.471214 0.971658 -0.003248
v -0.471600 0.969783 0.003283
v -0.471214 0.969783 0.003283
v -0.459365 0.969783 0.003283
v -0.458979 0.969783 0.003283
v -0.471600 0.968141 0.002844
v -0.471214 0.968141 0.002844
v -0.459365 0.968141 0.002844
v -0.458979 0.968141 0.002844
v -0.471600 0.966939 0.001642
v -0.471214 0.966939 0.001642
v -0.459365 0.966939 0.001642
v -0.458979 0.966939 0.001642
v -0.471600 0.966499 0.000000
v -0.471214 0.966499 0.000000
v -0.459365 0.966499 0.000000
v -0.458979 0.966499 0.000000
v -0.471600 0.966939 -0.001642
v -0.471214 0.966939 -0.001642
v -0.459365 0.966939 -0.001642
v -0.458979 0.966939 -0.001642
v -0.471600 0.968141 -0.002844
v -0.471214 0.968141 -0.002844
v -0.459365 0.968141 -0.002844
v -0.458979 0.968141 -0.002844
v -0.483642 0.969783 -0.003750
v -0.483642 0.967908 -0.003248
v -0.446937 0.967908 -0.003248
v -0.446937 0.969783 -0.003750
v -0.483642 0.966535 -0.001875
v -0.446937 0.966535 -0.001875
v -0.483642 0.966033 0.000000
v -0.446937 0.966033 0.000000
v -0.483642 0.966535 0.001875
v -0.446937 0.966535 0.001875
v -0.483642 0.967908 0.003248
v -0.446937 0.967908 0.003248
v -0.483642 0.969783 0.003750
v -0.446937 0.969783 0.003750
v -0.483642 0.971658 0.003248
v -0.446937 0.971658 0.003248
v -0.483642 0.973030 0.001875
v -0.446937 0.973030 0.001875
v -0.483642 0.973533 0.000000
v -0.446937 0.973533 0.000000
v -0.483642 0.973030 -0.001875
v -0.446937 0.973030 -0.001875
v -0.483642 0.971658 -0.003248
v -0.446937 0.971658 -0.003248
v -0.482724 0.969783 -0.002950
v -0.482724 0.968308 -0.002555
v -0.447856 0.968308 -0.002555
v -0.447856 0.969783 -0.002950
v -0.482724 0.967228 -0.001475
v -0.447856 0.967228 -0.001475
v -0.482724 0.966833 0.000000
v -0.447856 0.966833 0.000000
v -0.482724 0.967228 0.001475
v -0.447856 0.967228 0.001475
v -0.482724 0.968308 0.002555
v -0.447856 0.968308 0.002555
v -0.482724 0.969783 0.002950
v -0.447856 0.969783 0.002950
v -0.482724 0.971258 0.002555
v -0.447856 0.971258 0.002555
v -0.482724 0.972337 0.001475
v -0.447856 0.972337 0.001475
v -0.482724 0.972732 0.000000
v -0.447856 0.972732 0.000000
v -0.482724 0.972337 -0.001475
v -0.447856 0.972337 -0.001475
v -0.482724 0.971258 -0.002555
v -0.447856 0.971258 -0.002555
v -0.447856 0.969783 0.000000
v -0.482724 0.969783 0.000000
v -0.457155 0.420103 0.198943
v -0.461973 0.422851 0.197948
v -0.464896 0.418321 0.199589
v -0.460078 0.415573 0.200584
v -0.458147 0.421803 0.198328
v -0.457200 0.418164 0.199646
v -0.463781 0.421918 0.198286
v -0.459911 0.422809 0.197963
v -0.463904 0.416621 0.200204
v -0.464851 0.420260 0.198885
v -0.458270 0.416506 0.200246
v -0.462140 0.415615 0.200569
v -0.460078 0.349614 0.224474
v -0.464896 0.346867 0.225470
v -0.461973 0.342336 0.227110
v -0.457155 0.345086 0.226115
v -0.462140 0.349572 0.224489
v -0.458270 0.348682 0.224812
v -0.464851 0.344927 0.226172
v -0.463904 0.348566 0.224854
v -0.459911 0.342378 0.227095
v -0.463781 0.343269 0.226772
v -0.457200 0.347023 0.225413
v -0.458147 0.343384 0.226731
v -0.457200 0.446143 0.276895
v -0.457155 0.448082 0.276192
v -0.458147 0.449782 0.275577
v -0.459715 0.447192 0.276515
v -0.459911 0.450788 0.275212
v -0.461026 0.448424 0.276069
v -0.461973 0.450831 0.275197
v -0.463781 0.449898 0.275535
v -0.464851 0.448240 0.276135
v -0.462336 0.447192 0.276515
v -0.464896 0.446301 0.276838
v -0.463904 0.444601 0.277453
v -0.462140 0.443595 0.277818
v -0.461026 0.445959 0.276961
v -0.460078 0.443552 0.277833
v -0.458270 0.444485 0.277495
v -0.458270 0.376661 0.302061
v -0.460078 0.377594 0.301723
v -0.462140 0.377552 0.301738
v -0.461026 0.375187 0.302595
v -0.463904 0.376546 0.302103
v -0.462336 0.373955 0.303041
v -0.464896 0.374846 0.302719
v -0.464851 0.372907 0.303421
v -0.463781 0.371249 0.304021
v -0.461026 0.372723 0.303487
v -0.461973 0.370316 0.304359
v -0.459911 0.370358 0.304344
v -0.458147 0.371364 0.303980
v -0.459715 0.373955 0.303041
v -0.457155 0.373064 0.303364
v -0.457200 0.375003 0.302661
v -0.457155 0.879532 0.032539
v -0.461973 0.882280 0.031544
v -0.464896 0.877750 0.033184
v -0.460078 0.875002 0.034180
v -0.458147 0.881232 0.031923
v -0.457200 0.877593 0.033241
v -0.463781 0.881347 0.031881
v -0.459911 0.882238 0.031559
v -0.463904 0.876050 0.033800
v -0.464851 0.879689 0.032482
v -0.458270 0.875935 0.033842
v -0.462140 0.875044 0.034164
v -0.460078 0.809044 0.058070
v -0.464896 0.806295 0.059065
v -0.461973 0.801765 0.060706
v -0.457155 0.804514 0.059710
v -0.462140 0.809001 0.058085
v -0.458270 0.808111 0.058408
v -0.464851 0.804356 0.059767
v -0.463904 0.807995 0.058449
v -0.459911 0.801808 0.060691
v -0.463781 0.802698 0.060368
v -0.457200 0.806453 0.059008
v -0.458147 0.802814 0.060326
v -0.457200 0.905573 0.110490
v -0.457155 0.907511 0.109788
v -0.458147 0.909212 0.109172
v -0.459715 0.906621 0.110110
v -0.459911 0.910218 0.108808
v -0.461026 0.907853 0.109664
v -0.461973 0.910260 0.108792
v -0.463781 0.909327 0.109130
v -0.464851 0.907669 0.109731
v -0.462336 0.906621 0.110110
v -0.464896 0.905730 0.110433
v -0.463904 0.904030 0.111049
v -0.462140 0.903024 0.111413
v -0.461026 0.905388 0.110557
v -0.460078 0.902982 0.111429
v -0.458270 0.903915 0.111091
v -0.458270 0.836090 0.135656
v -0.460078 0.837023 0.135319
v -0.462140 0.836981 0.135334
v -0.461026 0.834616 0.136190
v -0.463904 0.835975 0.135698
v -0.462336 0.833384 0.136637
v -0.464896 0.834275 0.136314
v -0.464851 0.832336 0.137016
v -0.463781 0.830678 0.137617
v -0.461026 0.832152 0.137083
v -0.461973 0.829745 0.137955
v -0.459911 0.829787 0.137939
v -0.458147 0.830793 0.137575
v -0.459715 0.833384 0.136637
v -0.457155 0.832493 0.136959
v -0.457200 0.834432 0.136257
v -0.461026 0.419212 0.199266
v -0.461026 0.345975 0.225792
v -0.461026 0.878641 0.032862
v -0.461026 0.805404 0.059388
v -0.457155 0.420103 -0.198943
v -0.461973 0.422851 -0.197948
v -0.464896 0.418321 -0.199589
v -0.460078 0.415573 -0.200584
v -0.458147 0.421803 -0.198328
v -0.457200 0.418164 -0.199646
v -0.463781 0.421918 -0.198286
v -0.459911 0.422809 -0.197963
v -0.463904 0.416621 -0.200204
v -0.464851 0.420260 -0.198885
v -0.458270 0.416506 -0.200246
v -0.462140 0.415615 -0.200569
v -0.460078 0.349614 -0.224474
v -0.464896 0.346867 -0.225470
v -0.461973 0.342336 -0.227110
v -0.457155 0.345086 -0.226115
v -0.462140 0.349572 -0.224489
v -0.458270 0.348682 -0.224812
v -0.464851 0.344927 -0.226172
v -0.463904 0.348566 -0.224854
v -0.459911 0.342378 -0.227095
v -0.463781 0.343269 -0.226772
v -0.457200 0.347023 -0.225413
v -0.458147 0.343384 -0.226731
v -0.457200 0.446143 -0.276895
v -0.457155 0.448082 -0.276192
v -0.458147 0.449782 -0.275577
v -0.459715 0.447192 -0.276515
v -0.459911 0.450788 -0.275212
v -0.461026 0.448424 -0.276069
v -0.461973 0.450831 -0.275197
v -0.463781 0.449898 -0.275535
v -0.464851 0.448240 -0.276135
v -0.462336 0.447192 -0.276515
v -0.464896 0.446301 -0.276838
v -0.463904 0.444601 -0.277453
v -0.462140 0.443595 -0.277818
v -0.461026 0.445959 -0.276961
v -0.460078 0.443552 -0.277833
v -0.458270 0.444485 -0.277495
v -0.458270 0.376661 -0.302061
v -0.460078 0.377594 -0.301723
v -0.462140 0.377552 -0.301738
v -0.461026 0.375187 -0.302595
v -0.463904 0.376546 -0.302103
v -0.462336 0.373955 -0.303041
v -0.464896 0.374846 -0.302719
v -0.464851 0.372907 -0.303421
v -0.463781 0.371249 -0.304021
v -0.461026 0.372723 -0.303487
v -0.461973 0.370316 -0.304359
v -0.459911 0.370358 -0.304344
v -0.458147 0.371364 -0.303980
v -0.459715 0.373955 -0.303041
v -0.457155 0.373064 -0.303364
v -0.457200 0.375003 -0.302661
v -0.457155 0.879532 -0.032539
v -0.461973 0.882280 -0.031544
v -0.464896 0.877750 -0.033184
v -0.460078 0.875002 -0.034180
v -0.458147 0.881232 -0.031923
v -0.457200 0.877593 -0.033241
v -0.463781 0.881347 -0.031881
v -0.459911 0.882238 -0.031559
v -0.463904 0.876050 -0.033800
v -0.464851 0.879689 -0.032482
v -0.458270 0.875935 -0.033842
v -0.462140 0.875044 -0.034164
v -0.460078 0.809044 -0.058070
v -0.464896 0.806295 -0.059065
v -0.461973 0.801765 -0.060706
v -0.457155 0.804514 -0.059710
v -0.462140 0.809001 -0.058085
v -0.458270 0.808111 -0.058408
v -0.464851 0.804356 -0.059767
v -0.463904 0.807995 -0.058449
v -0.459911 0.801808 -0.060691
v -0.463781 0.802698 -0.060368
v -0.457200 0.806453 -0.059008
v -0.458147 0.802814 -0.060326
v -0.457200 0.905573 -0.110490
v -0.457155 0.907511 -0.109788
v -0.458147 0.909212 -0.109172
v -0.459715 0.906621 -0.110110
v -0.459911 0.910218 -0.108808
v -0.461026 0.907853 -0.109664
v -0.461973 0.910260 -0.108792
v -0.463781 0.909327 -0.109130
v -0.464851 0.907669 -0.109731
v -0.462336 0.906621 -0.110110
v -0.464896 0.905730 -0.110433
v -0.463904 0.904030 -0.111049
v -0.462140 0.903024 -0.111413
v -0.461026 0.905388 -0.110557
v -0.460078 0.902982 -0.111429
v -0.458270 0.903915 -0.111091
v -0.458270 0.836090 -0.135656
v -0.460078 0.837023 -0.135319
v -0.462140 0.836981 -0.135334
v -0.461026 0.834616 -0.136190
v -0.463904 0.835975 -0.135698
v -0.462336 0.833384 -0.136637
v -0.464896 0.834275 -0.136314
v -0.464851 0.832336 -0.137016
v -0.463781 0.830678 -0.137617
v -0.461026 0.832152 -0.137083
v -0.461973 0.829745 -0.137955
v -0.459911 0.829787 -0.137939
v -0.458147 0.830793 -0.137575
v -0.459715 0.833384 -0.136637
v -0.457155 0.832493 -0.136959
v -0.457200 0.834432 -0.136257
v -0.461026 0.419212 -0.199266
v -0.461026 0.345975 -0.225792
v -0.461026 0.878641 -0.032862
v -0.461026 0.805404 -0.059388
v 0.490290 0.989410 0.056859
v 0.490290 0.970099 0.003544
v 0.440290 0.989410 0.056859
v 0.440290 0.970099 0.003544
v 0.490290 0.000000 0.415221
v 0.490290 0.000000 0.354912
v 0.440290 0.000000 0.354912
v 0.440290 0.000000 0.415221
v 0.490290 0.989410 -0.056859
v 0.490290 0.970099 -0.003544
v 0.440290 0.989410 -0.056859
v 0.440290 0.970099 -0.003544
v 0.490290 0.000000 -0.415221
v 0.490290 0.000000 -0.354912
v 0.440290 0.000000 -0.354912
v 0.440290 0.000000 -0.415221
v 0.480290 0.875678 0.037760
v 0.480290 0.969701 0.003705
v 0.480290 0.873975 0.033059
v 0.480290 0.967998 -0.000996
v 0.450290 0.875678 0.037760
v 0.450290 0.969701 0.003705
v 0.450290 0.873975 0.033059
v 0.450290 0.967998 -0.000996
v 0.468899 0.905316 0.021708
v 0.465290 0.901923 0.022937
v 0.465290 0.908710 0.020478
v 0.461680 0.905316 0.021708
v 0.467842 0.902917 0.022577
v 0.467842 0.907716 0.020838
v 0.462737 0.907716 0.020838
v 0.462737 0.902917 0.022577
v 0.461680 0.936657 0.010356
v 0.465290 0.933263 0.011585
v 0.468899 0.936657 0.010356
v 0.465290 0.940051 0.009127
v 0.462737 0.934257 0.011225
v 0.467842 0.934257 0.011225
v 0.467842 0.939057 0.009487
v 0.462737 0.939057 0.009487
v 0.462737 0.902386 0.021112
v 0.465290 0.901392 0.021472
v 0.467842 0.902386 0.021112
v 0.465290 0.904786 0.020243
v 0.468899 0.904786 0.020243
v 0.467842 0.907185 0.019374
v 0.465290 0.908179 0.019014
v 0.462737 0.907185 0.019374
v 0.461680 0.904786 0.020243
v 0.462737 0.938526 0.008022
v 0.461680 0.936126 0.008891
v 0.462737 0.933727 0.009760
v 0.465290 0.936126 0.008891
v 0.465290 0.932733 0.010120
v 0.467842 0.933727 0.009760
v 0.468899 0.936126 0.008891
v 0.467842 0.938526 0.008022
v 0.465290 0.939520 0.007662
v 0.480290 0.875678 -0.037760
v 0.480290 0.969701 -0.003705
v 0.480290 0.873975 -0.033059
v 0.480290 0.967998 0.000996
v 0.450290 0.875678 -0.037760
v 0.450290 0.969701 -0.003705
v 0.450290 0.873975 -0.033059
v 0.450290 0.967998 0.000996
v 0.468899 0.905316 -0.021708
v 0.465290 0.901923 -0.022937
v 0.465290 0.908710 -0.020478
v 0.461680 0.905316 -0.021708
v 0.467842 0.902917 -0.022577
v 0.467842 0.907716 -0.020838
v 0.462737 0.907716 -0.020838
v 0.462737 0.902917 -0.022577
v 0.461680 0.936657 -0.010356
v 0.465290 0.933263 -0.011585
v 0.468899 0.936657 -0.010356
v 0.465290 0.940051 -0.009127
v 0.462737 0.934257 -0.011225
v 0.467842 0.934257 -0.011225
v 0.467842 0.939057 -0.009487
v 0.462737 0.939057 -0.009487
v 0.462737 0.902386 -0.021112
v 0.465290 0.901392 -0.021472
v 0.467842 0.902386 -0.021112
v 0.465290 0.904786 -0.020243
v 0.468899 0.904786 -0.020243
v 0.467842 0.907185 -0.019374
v 0.465290 0.908179 -0.019014
v 0.462737 0.907185 -0.019374
v 0.461680 0.904786 -0.020243
v 0.462737 0.938526 -0.008022
v 0.461680 0.936126 -0.008891
v 0.462737 0.933727 -0.009760
v 0.465290 0.936126 -0.008891
v 0.465290 0.932733 -0.010120
v 0.467842 0.933727 -0.009760
v 0.468899 0.936126 -0.008891
v 0.467842 0.938526 -0.008022
v 0.465290 0.939520 -0.007662
v 0.483642 0.969783 -0.002950
v 0.446937 0.969783 -0.002950
v 0.483642 0.968308 -0.002555
v 0.446937 0.968308 -0.002555
v 0.483642 0.967228 -0.001475
v 0.446937 0.967228 -0.001475
v 0.483642 0.966833 0.000000
v 0.446937 0.966833 0.000000
v 0.483642 0.967228 0.001475
v 0.446937 0.967228 0.001475
v 0.483642 0.968308 0.002555
v 0.446937 0.968308 0.002555
v 0.483642 0.969783 0.002950
v 0.446937 0.969783 0.002950
v 0.483642 0.971258 0.002555
v 0.446937 0.971258 0.002555
v 0.483642 0.972337 0.001475
v 0.446937 0.972337 0.001475
v 0.483642 0.972732 0.000000
v 0.446937 0.972732 0.000000
v 0.483642 0.972337 -0.001475
v 0.446937 0.972337 -0.001475
v 0.483642 0.971258 -0.002555
v 0.446937 0.971258 -0.002555
v 0.458979 0.971424 0.002844
v 0.459365 0.971424 0.002844
v 0.471214 0.971424 0.002844
v 0.471600 0.971424 0.002844
v 0.458979 0.972626 0.001642
v 0.459365 0.972626 0.001642
v 0.471214 0.972626 0.001642
v 0.471600 0.972626 0.001642
v 0.458979 0.973066 0.000000
v 0.459365 0.973066 0.000000
v 0.471214 0.973066 0.000000
v 0.471600 0.973066 0.000000
v 0.458979 0.972626 -0.001642
v 0.459365 0.972626 -0.001642
v 0.471214 0.972626 -0.001642
v 0.471600 0.972626 -0.001642
v 0.459365 0.969783 -0.003283
v 0.458979 0.969783 -0.003283
v 0.458979 0.971424 -0.002844
v 0.459365 0.971424 -0.002844
v 0.471600 0.969783 -0.003283
v 0.471214 0.969783 -0.003283
v 0.471214 0.971424 -0.002844
v 0.471600 0.971424 -0.002844
v 0.471214 0.969783 -0.003750
v 0.471600 0.969783 -0.003750
v 0.458979 0.969783 -0.003750
v 0.459365 0.969783 -0.003750
v 0.459365 0.967908 -0.003248
v 0.458979 0.967908 -0.003248
v 0.471600 0.967908 -0.003248
v 0.471214 0.967908 -0.003248
v 0.459365 0.966535 -0.001875
v 0.458979 0.966535 -0.001875
v 0.471600 0.966535 -0.001875
v 0.471214 0.966535 -0.001875
v 0.459365 0.966033 0.000000
v 0.458979 0.966033 0.000000
v 0.471600 0.966033 0.000000
v 0.471214 0.966033 0.000000
v 0.459365 0.966535 0.001875
v 0.458979 0.966535 0.001875
v 0.471600 0.966535 0.001875
v 0.471214 0.966535 0.001875
v 0.459365 0.967908 0.003248
v 0.458979 0.967908 0.003248
v 0.471600 0.967908 0.003248
v 0.471214 0.967908 0.003248
v 0.459365 0.969783 0.003750
v 0.458979 0.969783 0.003750
v 0.471600 0.969783 0.003750
v 0.471214 0.969783 0.003750
v 0.459365 0.971658 0.003248
v 0.458979 0.971658 0.003248
v 0.471600 0.971658 0.003248
v 0.471214 0.971658 0.003248
v 0.459365 0.973030 0.001875
v 0.458979 0.973030 0.001875
v 0.471600 0.973030 0.001875
v 0.471214 0.973030 0.001875
v 0.459365 0.973533 0.000000
v 0.458979 0.973533 0.000000
v 0.471600 0.973533 0.000000
v 0.471214 0.973533 0.000000
v 0.459365 0.973030 -0.001875
v 0.458979 0.973030 -0.001875
v 0.471600 0.973030 -0.001875
v 0.471214 0.973030 -0.001875
v 0.459365 0.971658 -0.003248
v 0.458979 0.971658 -0.003248
v 0.471600 0.971658 -0.003248
v 0.471214 0.971658 -0.003248
v 0.471600 0.969783 0.003283
v 0.471214 0.969783 0.003283
v 0.459365 0.969783 0.003283
v 0.458979 0.969783 0.003283
v 0.471600 0.968141 0.002844
v 0.471214 0.968141 0.002844
v 0.459365 0.968141 0.002844
v 0.458979 0.968141 0.002844
v 0.471600 0.966939 0.001642
v 0.471214 0.966939 0.001642
v 0.459365 0.966939 0.001642
v 0.458979 0.966939 0.001642
v 0.471600 0.966499 0.000000
v 0.471214 0.966499 0.000000
v 0.459365 0.966499 0.000000
v 0.458979 0.966499 0.000000
v 0.471600 0.966939 -0.001642
v 0.471214 0.966939 -0.001642
v 0.459365 0.966939 -0.001642
v 0.458979 0.966939 -0.001642
v 0.471600 0.968141 -0.002844
v 0.471214 0.968141 -0.002844
v 0.459365 0.968141 -0.002844
v 0.458979 0.968141 -0.002844
v 0.483642 0.969783 -0.003750
v 0.483642 0.967908 -0.003248
v 0.446937 0.967908 -0.003248
v 0.446937 0.969783 -0.003750
v 0.483642 0.966535 -0.001875
v 0.446937 0.966535 -0.001875
v 0.483642 0.966033 0.000000
v 0.446937 0.966033 0.000000
v 0.483642 0.966535 0.001875
v 0.446937 0.966535 0.001875
v 0.483642 0.967908 0.003248
v 0.446937 0.967908 0.003248
v 0.483642 0.969783 0.003750
v 0.446937 0.969783 0.003750
v 0.483642 0.971658 0.003248
v 0.446937 0.971658 0.003248
v 0.483642 0.973030 0.001875
v 0.446937 0.973030 0.001875
v 0.483642 0.973533 0.000000
v 0.446937 0.973533 0.000000
v 0.483642 0.973030 -0.001875
v 0.446937 0.973030 -0.001875
v 0.483642 0.971658 -0.003248
v 0.446937 0.971658 -0.003248
v 0.482724 0.969783 -0.002950
v 0.482724 0.968308 -0.002555
v 0.447856 0.968308 -0.002555
v 0.447856 0.969783 -0.002950
v 0.482724 0.967228 -0.001475
v 0.447856 0.967228 -0.001475
v 0.482724 0.966833 0.000000
v 0.447856 0.966833 0.000000
v 0.482724 0.967228 0.001475
v 0.447856 0.967228 0.001475
v 0.482724 0.968308 0.002555
v 0.447856 0.968308 0.002555
v 0.482724 0.969783 0.002950
v 0.447856 0.969783 0.002950
v 0.482724 0.971258 0.002555
v 0.447856 0.971258 0.002555
v 0.482724 0.972337 0.001475
v 0.447856 0.972337 0.001475
v 0.482724 0.972732 0.000000
v 0.447856 0.972732 0.000000
v 0.482724 0.972337 -0.001475
v 0.447856 0.972337 -0.001475
v 0.482724 0.971258 -0.002555
v 0.447856 0.971258 -0.002555
v 0.447856 0.969783 0.000000
v 0.482724 0.969783 0.000000
v 0.457155 0.420103 0.198943
v 0.461973 0.422851 0.197948
v 0.464896 0.418321 0.199589
v 0.460078 0.415573 0.200584
v 0.458147 0.421803 0.198328
v 0.457200 0.418164 0.199646
v 0.463781 0.421918 0.198286
v 0.459911 0.422809 0.197963
v 0.463904 0.416621 0.200204
v 0.464851 0.420260 0.198885
v 0.458270 0.416506 0.200246
v 0.462140 0.415615 0.200569
v 0.460078 0.349614 0.224474
v 0.464896 0.346867 0.225470
v 0.461973 0.342336 0.227110
v 0.457155 0.345086 0.226115
v 0.462140 0.349572 0.224489
v 0.458270 0.348682 0.224812
v 0.464851 0.344927 0.226172
v 0.463904 0.348566 0.224854
v 0.459911 0.342378 0.227095
v 0.463781 0.343269 0.226772
v 0.457200 0.347023 0.225413
v 0.458147 0.343384 0.226731
v 0.457200 0.446143 0.276895
v 0.457155 0.448082 0.276192
v 0.458147 0.449782 0.275577
v 0.459715 0.447192 0.276515
v 0.459911 0.450788 0.275212
v 0.461026 0.448424 0.276069
v 0.461973 0.450831 0.275197
v 0.463781 0.449898 0.275535
v 0.464851 0.448240 0.276135
v 0.462336 0.447192 0.276515
v 0.464896 0.446301 0.276838
v 0.463904 0.444601 0.277453
v 0.462140 0.443595 0.277818
v 0.461026 0.445959 0.276961
v 0.460078 0.443552 0.277833
v 0.458270 0.444485 0.277495
v 0.458270 0.376661 0.302061
v 0.460078 0.377594 0.301723
v 0.462140 0.377552 0.301738
v 0.461026 0.375187 0.302595
v 0.463904 0.376546 0.302103
v 0.462336 0.373955 0.303041
v 0.464896 0.374846 0.302719
v 0.464851 0.372907 0.303421
v 0.463781 0.371249 0.304021
v 0.461026 0.372723 0.303487
v 0.461973 0.370316 0.304359
v 0.459911 0.370358 0.304344
v 0.458147 0.371364 0.303980
v 0.459715 0.373955 0.303041
v 0.457155 0.373064 0.303364
v 0.457200 0.375003 0.302661
v 0.457155 0.879532 0.032539
v 0.461973 0.882280 0.031544
v 0.464896 0.877750 0.033184
v 0.460078 0.875002 0.034180
v 0.458147 0.881232 0.031923
v 0.457200 0.877593 0.033241
v 0.463781 0.881347 0.031881
v 0.459911 0.882238 0.031559
v 0.463904 0.876050 0.033800
v 0.464851 0.879689 0.032482
v 0.458270 0.875935 0.033842
v 0.462140 0.875044 0.034164
v 0.460078 0.809044 0.058070
v 0.464896 0.806295 0.059065
v 0.461973 0.801765 0.060706
v 0.457155 0.804514 0.059710
v 0.462140 0.809001 0.058085
v 0.458270 0.808111 0.058408
v 0.464851 0.804356 0.059767
v 0.463904 0.807995 0.058449
v 0.459911 0.801808 0.060691
v 0.463781 0.802698 0.060368
v 0.457200 0.806453 0.059008
v 0.458147 0.802814 0.060326
v 0.457200 0.905573 0.110490
v 0.457155 0.907511 0.109788
v 0.458147 0.909212 0.109172
v 0.459715 0.906621 0.110110
v 0.459911 0.910218 0.108808
v 0.461026 0.907853 0.109664
v 0.461973 0.910260 0.108792
v 0.463781 0.909327 0.109130
v 0.464851 0.907669 0.109731
v 0.462336 0.906621 0.110110
v 0.464896 0.905730 0.110433
v 0.463904 0.904030 0.111049
v 0.462140 0.903024 0.111413
v 0.461026 0.905388 0.110557
v 0.460078 0.902982 0.111429
v 0.458270 0.903915 0.111091
v 0.458270 0.836090 0.135656
v 0.460078 0.837023 0.135319
v 0.462140 0.836981 0.135334
v 0.461026 0.834616 0.136190
v 0.463904 0.835975 0.135698
v 0.462336 0.833384 0.136637
v 0.464896 0.834275 0.136314
v 0.464851 0.832336 0.137016
v 0.463781 0.830678 0.137617
v 0.461026 0.832152 0.137083
v 0.461973 0.829745 0.137955
v 0.459911 0.829787 0.137939
v 0.458147 0.830793 0.137575
v 0.459715 0.833384 0.136637
v 0.457155 0.832493 0.136959
v 0.457200 0.834432 0.136257
v 0.461026 0.419212 0.199266
v 0.461026 0.345975 0.225792
v 0.461026 0.878641 0.032862
v 0.461026 0.805404 0.059388
v 0.457155 0.420103 -0.198943
v 0.461973 0.422851 -0.197948
v 0.464896 0.418321 -0.199589
v 0.460078 0.415573 -0.200584
v 0.458147 0.421803 -0.198328
v 0.457200 0.418164 -0.199646
v 0.463781 0.421918 -0.198286
v 0.459911 0.422809 -0.197963
v 0.463904 0.416621 -0.200204
v 0.464851 0.420260 -0.198885
v 0.458270 0.416506 -0.200246
v 0.462140 0.415615 -0.200569
v 0.460078 0.349614 -0.224474
v 0.464896 0.346867 -0.225470
v 0.461973 0.342336 -0.227110
v 0.457155 0.345086 -0.226115
v 0.462140 0.349572 -0.224489
v 0.458270 0.348682 -0.224812
v 0.464851 0.344927 -0.226172
v 0.463904 0.348566 -0.224854
v 0.459911 0.342378 -0.227095
v 0.463781 0.343269 -0.226772
v 0.457200 0.347023 -0.225413
v 0.458147 0.343384 -0.226731
v 0.457200 0.446143 -0.276895
v 0.457155 0.448082 -0.276192
v 0.458147 0.449782 -0.275577
v 0.459715 0.447192 -0.276515
v 0.459911 0.450788 -0.275212
v 0.461026 0.448424 -0.276069
v 0.461973 0.450831 -0.275197
v 0.463781 0.449898 -0.275535
v 0.464851 0.448240 -0.276135
v 0.462336 0.447192 -0.276515
v 0.464896 0.446301 -0.276838
v 0.463904 0.444601 -0.277453
v 0.462140 0.443595 -0.277818
v 0.461026 0.445959 -0.276961
v 0.460078 0.443552 -0.277833
v 0.458270 0.444485 -0.277495
v 0.458270 0.376661 -0.302061
v 0.460078 0.377594 -0.301723
v 0.462140 0.377552 -0.301738
v 0.461026 0.375187 -0.302595
v 0.463904 0.376546 -0.302103
v 0.462336 0.373955 -0.303041
v 0.464896 0.374846 -0.302719
v 0.464851 0.372907 -0.303421
v 0.463781 0.371249 -0.304021
v 0.461026 0.372723 -0.303487
v 0.461973 0.370316 -0.304359
v 0.459911 0.370358 -0.304344
v 0.458147 0.371364 -0.303980
v 0.459715 0.373955 -0.303041
v 0.457155 0.373064 -0.303364
v 0.457200 0.375003 -0.302661
v 0.457155 0.879532 -0.032539
v 0.461973 0.882280 -0.031544
v 0.464896 0.877750 -0.033184
v 0.460078 0.875002 -0.034180
v 0.458147 0.881232 -0.031923
v 0.457200 0.877593 -0.033241
v 0.463781 0.881347 -0.031881
v 0.459911 0.882238 -0.031559
v 0.463904 0.876050 -0.033800
v 0.464851 0.879689 -0.032482
v 0.458270 0.875935 -0.033842
v 0.462140 0.875044 -0.034164
v 0.460078 0.809044 -0.058070
v 0.464896 0.806295 -0.059065
v 0.461973 0.801765 -0.060706
v 0.457155 0.804514 -0.059710
v 0.462140 0.809001 -0.058085
v 0.458270 0.808111 -0.058408
v 0.464851 0.804356 -0.059767
v 0.463904 0.807995 -0.058449
v 0.459911 0.801808 -0.060691
v 0.463781 0.802698 -0.060368
v 0.457200 0.806453 -0.059008
v 0.458147 0.802814 -0.060326
v 0.457200 0.905573 -0.110490
v 0.457155 0.907511 -0.109788
v 0.458147 0.909212 -0.109172
v 0.459715 0.906621 -0.110110
v 0.459911 0.910218 -0.108808
v 0.461026 0.907853 -0.109664
v 0.461973 0.910260 -0.108792
v 0.463781 0.909327 -0.109130
v 0.464851 0.907669 -0.109731
v 0.462336 0.906621 -0.110110
v 0.464896 0.905730 -0.110433
v 0.463904 0.904030 -0.111049
v 0.462140 0.903024 -0.111413
v 0.461026 0.905388 -0.110557
v 0.460078 0.902982 -0.111429
v 0.458270 0.903915 -0.111091
v 0.458270 0.836090 -0.135656
v 0.460078 0.837023 -0.135319
v 0.462140 0.836981 -0.135334
v 0.461026 0.834616 -0.136190
v 0.463904 0.835975 -0.135698
v 0.462336 0.833384 -0.136637
v 0.464896 0.834275 -0.136314
v 0.464851 0.832336 -0.137016
v 0.463781 0.830678 -0.137617
v 0.461026 0.832152 -0.137083
v 0.461973 0.829745 -0.137955
v 0.459911 0.829787 -0.137939
v 0.458147 0.830793 -0.137575
v 0.459715 0.833384 -0.136637
v 0.457155 0.832493 -0.136959
v 0.457200 0.834432 -0.136257
v 0.461026 0.419212 -0.199266
v 0.461026 0.345975 -0.225792
v 0.461026 0.878641 -0.032862
v 0.461026 0.805404 -0.059388
v -0.561731 0.300071 -0.327780
v -0.561731 0.519781 -0.248201
v -0.561731 0.293260 -0.308975
v -0.561731 0.512970 -0.229397
v -0.561731 0.759500 -0.161375
v -0.561731 0.979210 -0.081797
v -0.561731 0.752689 -0.142571
v -0.561731 0.972399 -0.062992
v 0.024423 0.293260 -0.308975
v -0.073269 0.293260 -0.308975
v -0.170962 0.293260 -0.308975
v -0.268654 0.293260 -0.308975
v -0.366346 0.293260 -0.308975
v -0.464038 0.293260 -0.308975
v -0.464038 0.512970 -0.229397
v -0.366346 0.512970 -0.229397
v -0.268654 0.512970 -0.229397
v -0.170962 0.512970 -0.229397
v -0.073269 0.512970 -0.229397
v 0.024423 0.512970 -0.229397
v -0.464038 0.300071 -0.327780
v -0.366346 0.300071 -0.327780
v -0.268654 0.300071 -0.327780
v -0.170962 0.300071 -0.327780
v -0.073269 0.300071 -0.327780
v 0.024423 0.300071 -0.327780
v 0.024423 0.519781 -0.248201
v -0.073269 0.519781 -0.248201
v -0.170962 0.519781 -0.248201
v -0.268654 0.519781 -0.248201
v -0.366346 0.519781 -0.248201
v -0.464038 0.519781 -0.248201
v -0.561731 0.409926 -0.287990
v -0.561731 0.403115 -0.269186
v -0.561731 0.869355 -0.121586
v -0.561731 0.862544 -0.102781
v 0.024423 0.752689 -0.142571
v -0.073269 0.752689 -0.142571
v -0.170962 0.752689 -0.142571
v -0.268654 0.752689 -0.142571
v -0.366346 0.752689 -0.142571
v -0.464038 0.752689 -0.142571
v -0.464038 0.972399 -0.062992
v -0.366346 0.972399 -0.062992
v -0.268654 0.972399 -0.062992
v -0.170962 0.972399 -0.062992
v -0.073269 0.972399 -0.062992
v 0.024423 0.972399 -0.062992
v -0.464038 0.759500 -0.161375
v -0.366346 0.759500 -0.161375
v -0.268654 0.759500 -0.161375
v -0.170962 0.759500 -0.161375
v -0.073269 0.759500 -0.161375
v 0.024423 0.759500 -0.161375
v 0.024423 0.979210 -0.081797
v -0.073269 0.979210 -0.081797
v -0.170962 0.979210 -0.081797
v -0.268654 0.979210 -0.081797
v -0.366346 0.979210 -0.081797
v -0.464038 0.979210 -0.081797
v 0.561731 0.293260 -0.308975
v 0.512885 0.293260 -0.308975
v 0.415192 0.293260 -0.308975
v 0.317500 0.293260 -0.308975
v 0.219808 0.293260 -0.308975
v 0.122115 0.293260 -0.308975
v 0.122115 0.512970 -0.229397
v 0.219808 0.512970 -0.229397
v 0.317500 0.512970 -0.229397
v 0.415192 0.512970 -0.229397
v 0.512885 0.512970 -0.229397
v 0.561731 0.512970 -0.229397
v 0.122115 0.300071 -0.327780
v 0.219808 0.300071 -0.327780
v 0.317500 0.300071 -0.327780
v 0.415192 0.300071 -0.327780
v 0.512885 0.300071 -0.327780
v 0.561731 0.300071 -0.327780
v 0.561731 0.519781 -0.248201
v 0.512885 0.519781 -0.248201
v 0.415192 0.519781 -0.248201
v 0.317500 0.519781 -0.248201
v 0.219808 0.519781 -0.248201
v 0.122115 0.519781 -0.248201
v 0.561731 0.464853 -0.268096
v 0.561731 0.354998 -0.307885
v 0.561731 0.458042 -0.249291
v 0.561731 0.348187 -0.289081
v 0.561731 0.752689 -0.142571
v 0.512885 0.752689 -0.142571
v 0.415192 0.752689 -0.142571
v 0.317500 0.752689 -0.142571
v 0.219808 0.752689 -0.142571
v 0.122115 0.752689 -0.142571
v 0.122115 0.972399 -0.062992
v 0.219808 0.972399 -0.062992
v 0.317500 0.972399 -0.062992
v 0.415192 0.972399 -0.062992
v 0.512885 0.972399 -0.062992
v 0.561731 0.972399 -0.062992
v 0.122115 0.759500 -0.161375
v 0.219808 0.759500 -0.161375
v 0.317500 0.759500 -0.161375
v 0.415192 0.759500 -0.161375
v 0.512885 0.759500 -0.161375
v 0.561731 0.759500 -0.161375
v 0.561731 0.979210 -0.081797
v 0.512885 0.979210 -0.081797
v 0.415192 0.979210 -0.081797
v 0.317500 0.979210 -0.081797
v 0.219808 0.979210 -0.081797
v 0.122115 0.979210 -0.081797
v 0.561731 0.814427 -0.141481
v 0.561731 0.924282 -0.101691
v 0.561731 0.807616 -0.122676
v -0.000000 0.862544 -0.102781
v 0.561731 0.917471 -0.082887
v 0.000000 0.403115 -0.269186
v -0.561731 0.300071 0.327780
v -0.561731 0.519781 0.248201
v -0.561731 0.293260 0.308975
v -0.561731 0.512970 0.229397
v -0.561731 0.759500 0.161375
v -0.561731 0.979210 0.081797
v -0.561731 0.752689 0.142571
v -0.561731 0.972399 0.062992
v 0.024423 0.293260 0.308975
v -0.073269 0.293260 0.308975
v -0.170962 0.293260 0.308975
v -0.268654 0.293260 0.308975
v -0.366346 0.293260 0.308975
v -0.464038 0.293260 0.308975
v -0.464038 0.512970 0.229397
v -0.366346 0.512970 0.229397
v -0.268654 0.512970 0.229397
v -0.170962 0.512970 0.229397
v -0.073269 0.512970 0.229397
v 0.024423 0.512970 0.229397
v -0.464038 0.300071 0.327780
v -0.366346 0.300071 0.327780
v -0.268654 0.300071 0.327780
v -0.170962 0.300071 0.327780
v -0.073269 0.300071 0.327780
v 0.024423 0.300071 0.327780
v 0.024423 0.519781 0.248201
v -0.073269 0.519781 0.248201
v -0.170962 0.519781 0.248201
v -0.268654 0.519781 0.248201
v -0.366346 0.519781 0.248201
v -0.464038 0.519781 0.248201
v -0.561731 0.409926 0.287990
v -0.561731 0.403115 0.269186
v -0.561731 0.869355 0.121586
v -0.561731 0.862544 0.102781
v 0.024423 0.752689 0.142571
v -0.073269 0.752689 0.142571
v -0.170962 0.752689 0.142571
v -0.268654 0.752689 0.142571
v -0.366346 0.752689 0.142571
v -0.464038 0.752689 0.142571
v -0.464038 0.972399 0.062992
v -0.366346 0.972399 0.062992
v -0.268654 0.972399 0.062992
v -0.170962 0.972399 0.062992
v -0.073269 0.972399 0.062992
v 0.024423 0.972399 0.062992
v -0.464038 0.759500 0.161375
v -0.366346 0.759500 0.161375
v -0.268654 0.759500 0.161375
v -0.170962 0.759500 0.161375
v -0.073269 0.759500 0.161375
v 0.024423 0.759500 0.161375
v 0.024423 0.979210 0.081797
v -0.073269 0.979210 0.081797
v -0.170962 0.979210 0.081797
v -0.268654 0.979210 0.081797
v -0.366346 0.979210 0.081797
v -0.464038 0.979210 0.081797
v 0.561731 0.293260 0.308975
v 0.512885 0.293260 0.308975
v 0.415192 0.293260 0.308975
v 0.317500 0.293260 0.308975
v 0.219808 0.293260 0.308975
v 0.122115 0.293260 0.308975
v 0.122115 0.512970 0.229397
v 0.219808 0.512970 0.229397
v 0.317500 0.512970 0.229397
v 0.415192 0.512970 0.229397
v 0.512885 0.512970 0.229397
v 0.561731 0.512970 0.229397
v 0.122115 0.300071 0.327780
v 0.219808 0.300071 0.327780
v 0.317500 0.300071 0.327780
v 0.415192 0.300071 0.327780
v 0.512885 0.300071 0.327780
v 0.561731 0.300071 0.327780
v 0.561731 0.519781 0.248201
v 0.512885 0.519781 0.248201
v 0.415192 0.519781 0.248201
v 0.317500 0.519781 0.248201
v 0.219808 0.519781 0.248201
v 0.122115 0.519781 0.248201
v 0.561731 0.464853 0.268096
v 0.561731 0.354998 0.307885
v 0.561731 0.458042 0.249291
v 0.561731 0.348187 0.289081
v 0.561731 0.752689 0.142571
v 0.512885 0.752689 0.142571
v 0.415192 0.752689 0.142571
v 0.317500 0.752689 0.142571
v 0.219808 0.752689 0.142571
v 0.122115 0.752689 0.142571
v 0.122115 0.972399 0.062992
v 0.219808 0.972399 0.062992
v 0.317500 0.972399 0.062992
v 0.415192 0.972399 0.062992
v 0.512885 0.972399 0.062992
v 0.561731 0.972399 0.062992
v 0.122115 0.759500 0.161375
v 0.219808 0.759500 0.161375
v 0.317500 0.759500 0.161375
v 0.415192 0.759500 0.161375
v 0.512885 0.759500 0.161375
v 0.561731 0.759500 0.161375
v 0.561731 0.979210 0.081797
v 0.512885 0.979210 0.081797
v 0.415192 0.979210 0.081797
v 0.317500 0.979210 0.081797
v 0.219808 0.979210 0.081797
v 0.122115 0.979210 0.081797
v 0.561731 0.814427 0.141481
v 0.561731 0.924282 0.101691
v 0.561731 0.807616 0.122676
v -0.000000 0.862544 0.102781
v 0.561731 0.917471 0.082887
v 0.000000 0.403115 0.269186
vn -1.0000 -0.0000 -0.0000
vn -0.0000 -0.3405 -0.9402
vn 1.0000 -0.0000 -0.0000
vn -0.0000 0.3405 0.9402
vn -0.0000 0.9402 -0.3405
vn -0.0000 -1.0000 -0.0000
vn -0.0000 -0.3405 0.9402
vn -0.0000 0.3405 -0.9402
vn -0.0000 0.9402 0.3405
vn -0.0000 -0.9402 0.3405
vn -0.7071 0.6648 -0.2408
vn 0.7071 0.6648 -0.2408
vn -0.7071 -0.6648 0.2408
vn 0.7071 -0.6648 0.2408
vn 0.7071 0.6649 -0.2408
vn -0.0000 -0.9402 0.3406
vn -0.0000 -0.3406 -0.9402
vn -0.0000 0.9402 -0.3406
vn -0.0000 -0.9402 -0.3405
vn -0.7071 0.6648 0.2408
vn 0.7071 0.6648 0.2408
vn -0.7071 -0.6648 -0.2408
vn 0.7071 -0.6648 -0.2408
vn 0.7071 0.6649 0.2408
vn -0.0000 -0.9402 -0.3406
vn -0.0000 -0.3406 0.9402
vn -0.0000 0.9402 0.3406
vn 0.7071 -0.6649 -0.2408
vn -0.0000 0.5000 0.8660
vn -0.0000 -0.0000 1.0000
vn -0.0000 0.8660 0.5000
vn -0.0000 1.0000 -0.0000
vn -0.0000 0.8660 -0.5000
vn -0.0000 0.4999 -0.8661
vn -0.0000 0.5000 -0.8660
vn -0.0000 -0.0000 -1.0000
vn -0.0000 -0.8660 0.5000
vn -1.0000 -0.0000 0.0001
vn 1.0000 -0.0000 -0.0001
vn -1.0000 -0.0000 -0.0001
vn -0.0000 -0.5000 -0.8660
vn -0.0000 -0.8660 -0.5000
vn -0.0000 -0.8660 -0.5001
vn -0.0000 -0.5000 0.8660
vn 1.0000 -0.0000 0.0001
vn 0.7224 -0.6502 0.2355
vn 0.2798 -0.9027 0.3269
vn -0.9713 -0.2235 0.0810
vn -0.9601 0.2631 -0.0953
vn -0.2798 0.9027 -0.3269
vn 0.2377 0.9133 -0.3308
vn 0.2376 0.9133 -0.3308
vn -0.2378 -0.9133 0.3308
vn -0.2377 -0.9133 0.3308
vn 0.6915 0.6792 -0.2460
vn -0.6916 -0.6792 0.2460
vn -0.6916 -0.6791 0.2460
vn -0.6916 0.6791 -0.2460
vn 0.9601 -0.2630 0.0953
vn 0.6915 -0.6792 0.2460
vn 0.6916 -0.6791 0.2460
vn -0.2377 0.9133 -0.3308
vn -0.2378 0.9133 -0.3308
vn -0.9601 -0.2631 0.0953
vn -0.9601 -0.2630 0.0953
vn 0.2798 0.9027 -0.3269
vn 0.2377 -0.9133 0.3308
vn 0.2378 -0.9133 0.3308
vn 0.9601 0.2631 -0.0953
vn 0.9601 0.2629 -0.0952
vn -0.2798 -0.9027 0.3270
vn -0.9713 0.2236 -0.0810
vn -0.9713 0.2235 -0.0810
vn -0.7223 0.6502 -0.2355
vn -0.7222 0.6503 -0.2355
vn 0.7223 0.6502 -0.2355
vn 0.9714 -0.2234 0.0809
vn 0.9713 -0.2235 0.0810
vn -0.0000 0.3406 0.9402
vn 0.9713 0.2235 -0.0810
vn 0.9601 -0.2631 0.0953
vn -0.7223 -0.6502 0.2355
vn -0.2798 0.9027 -0.3270
vn 0.7223 -0.6502 0.2355
vn 0.2797 -0.9027 0.3270
vn 0.2798 -0.9027 0.3270
vn 0.2378 0.9133 -0.3308
vn 0.6916 0.6791 -0.2460
vn -0.6915 -0.6792 0.2460
vn 0.2798 0.9027 -0.3270
vn -0.2798 -0.9027 0.3269
vn -0.2797 -0.9027 0.3270
vn 0.7224 0.6502 -0.2355
vn -0.7223 -0.6503 0.2355
vn -0.2797 0.9027 -0.3270
vn -0.0000 -0.3408 -0.9401
vn 0.0002 -0.3406 -0.9402
vn 0.0002 -0.3404 -0.9403
vn 0.0001 -0.3406 -0.9402
vn -0.0000 -0.3405 -0.9403
vn -0.0001 -0.3405 -0.9402
vn -0.0001 -0.3406 -0.9402
vn 0.2798 -0.9027 -0.3269
vn 0.7224 -0.6502 -0.2355
vn 0.2798 -0.9027 -0.3270
vn -0.9601 0.2631 0.0953
vn -0.9713 -0.2235 -0.0810
vn 0.2376 0.9133 0.3308
vn -0.2798 0.9027 0.3270
vn -0.2798 0.9027 0.3269
vn -0.2378 -0.9133 -0.3308
vn 0.6915 0.6792 0.2460
vn 0.2377 0.9133 0.3308
vn -0.6916 -0.6792 -0.2460
vn -0.2377 -0.9133 -0.3308
vn -0.6916 0.6791 0.2460
vn 0.6915 -0.6792 -0.2460
vn 0.9601 -0.2630 -0.0953
vn 0.6916 -0.6791 -0.2460
vn -0.2378 0.9133 0.3308
vn -0.9601 -0.2631 -0.0953
vn -0.6916 -0.6791 -0.2460
vn 0.2798 0.9027 0.3270
vn 0.2798 0.9027 0.3269
vn 0.2377 -0.9133 -0.3308
vn 0.9601 0.2631 0.0953
vn 0.9601 0.2629 0.0952
vn -0.2798 -0.9027 -0.3270
vn -0.9713 0.2236 0.0810
vn -0.9601 -0.2630 -0.0953
vn -0.7223 0.6502 0.2355
vn -0.7222 0.6503 0.2355
vn 0.7223 0.6502 0.2355
vn 0.9714 -0.2234 -0.0809
vn -0.0000 0.3406 -0.9402
vn 0.9601 -0.2631 -0.0953
vn 0.9713 0.2235 0.0810
vn -0.7223 -0.6502 -0.2355
vn 0.7223 -0.6502 -0.2355
vn 0.2797 -0.9027 -0.3270
vn -0.2797 0.9027 0.3270
vn 0.6916 0.6791 0.2460
vn -0.6915 -0.6792 -0.2460
vn 0.6916 -0.6792 -0.2460
vn -0.2377 0.9133 0.3308
vn -0.2798 -0.9027 -0.3269
vn -0.2797 -0.9027 -0.3270
vn -0.9713 0.2235 0.0810
vn 0.9713 -0.2235 -0.0810
vn -0.7223 -0.6503 -0.2355
vn -0.0000 -0.3408 0.9401
vn 0.0002 -0.3406 0.9402
vn 0.0002 -0.3404 0.9403
vn 0.0001 -0.3406 0.9402
vn -0.0000 -0.3405 0.9403
vn -0.0001 -0.3405 0.9402
vn -0.0001 -0.3406 0.9402
vn -0.7071 0.6649 -0.2408
vn -0.7071 -0.6649 0.2408
vn -0.7071 0.6649 0.2408
vn -0.7224 -0.6502 0.2355
vn -0.2376 0.9133 -0.3308
vn -0.6915 0.6792 -0.2460
vn 0.6916 -0.6792 0.2460
vn -0.9601 0.2629 -0.0952
vn 0.9713 0.2236 -0.0810
vn 0.7222 0.6503 -0.2355
vn -0.9714 -0.2234 0.0809
vn 0.2797 0.9027 -0.3270
vn 0.7223 -0.6503 0.2355
vn -0.0002 -0.3406 -0.9402
vn -0.0002 -0.3404 -0.9403
vn 0.0001 -0.3405 -0.9402
vn -0.7224 -0.6502 -0.2355
vn -0.2376 0.9133 0.3308
vn 0.2378 -0.9133 -0.3308
vn -0.6915 0.6792 0.2460
vn 0.2378 0.9133 0.3308
vn -0.9601 0.2629 0.0952
vn 0.9713 0.2236 0.0810
vn 0.7222 0.6503 0.2355
vn -0.9714 -0.2234 -0.0809
vn -0.7224 0.6502 0.2355
vn 0.7223 -0.6503 -0.2355
vn 0.2797 0.9027 0.3270
vn -0.0002 -0.3406 0.9402
vn -0.0002 -0.3404 0.9403
vn 0.0001 -0.3405 0.9402
vt 0.096077 0.113529
vt 0.092528 0.027435
vt 0.091809 0.027435
vt 0.096712 0.111848
vt 0.100980 0.027435
vt 0.097431 0.113529
vt 0.101698 0.027435
vt 0.096796 0.111848
vt 0.073418 0.116077
vt 0.073382 0.115463
vt 0.073387 0.115452
vt 0.073423 0.116066
vt 0.073411 0.115861
vt 0.073413 0.115873
vt 0.073412 0.115858
vt 0.073399 0.115656
vt 0.073401 0.115669
vt 0.073401 0.115653
vt 0.073412 0.115877
vt 0.073411 0.115842
vt 0.073410 0.115846
vt 0.073398 0.115641
vt 0.073400 0.115637
vt 0.073400 0.115672
vt 0.073410 0.115839
vt 0.073411 0.115836
vt 0.073399 0.115631
vt 0.073402 0.115675
vt 0.073414 0.115880
vt 0.073400 0.115679
vt 0.073412 0.115883
vt 0.073398 0.115634
vt 0.073461 0.115463
vt 0.073426 0.116077
vt 0.073456 0.115452
vt 0.073421 0.116066
vt 0.073432 0.115861
vt 0.073430 0.115873
vt 0.073432 0.115877
vt 0.073444 0.115656
vt 0.073442 0.115669
vt 0.073443 0.115672
vt 0.073432 0.115842
vt 0.073433 0.115846
vt 0.073445 0.115641
vt 0.073443 0.115653
vt 0.073432 0.115836
vt 0.073434 0.115839
vt 0.073444 0.115631
vt 0.073444 0.115637
vt 0.073441 0.115675
vt 0.073431 0.115858
vt 0.073430 0.115880
vt 0.073443 0.115679
vt 0.073431 0.115883
vt 0.073446 0.115634
vt 0.073419 0.116088
vt 0.073418 0.116078
vt 0.073420 0.116096
vt 0.073422 0.116099
vt 0.073423 0.116096
vt 0.073425 0.116088
vt 0.073425 0.116078
vt 0.073423 0.116094
vt 0.073422 0.116097
vt 0.073425 0.116090
vt 0.073426 0.116078
vt 0.073424 0.116068
vt 0.073423 0.116061
vt 0.073425 0.116065
vt 0.073418 0.116065
vt 0.073418 0.116078
vt 0.073422 0.116102
vt 0.073424 0.116099
vt 0.073425 0.116067
vt 0.073419 0.116067
vt 0.073420 0.116056
vt 0.073422 0.116056
vt 0.073420 0.116059
vt 0.073418 0.116090
vt 0.073420 0.116099
vt 0.073422 0.116053
vt 0.073423 0.116059
vt 0.073424 0.116056
vt 0.073425 0.116078
vt 0.073422 0.116058
vt 0.073420 0.116061
vt 0.073419 0.116068
vt 0.073419 0.116078
vt 0.073419 0.116087
vt 0.073420 0.116094
vt 0.073424 0.116087
vt 0.073422 0.116078
vt 0.073185 0.111985
vt 0.073105 0.112161
vt 0.073185 0.111978
vt 0.073214 0.112475
vt 0.073134 0.112670
vt 0.073214 0.112487
vt 0.073188 0.112025
vt 0.073107 0.112208
vt 0.073188 0.112026
vt 0.073185 0.111978
vt 0.073105 0.112161
vt 0.073187 0.112020
vt 0.073107 0.112202
vt 0.073185 0.111984
vt 0.073105 0.112167
vt 0.073215 0.112498
vt 0.073135 0.112681
vt 0.073214 0.112474
vt 0.073133 0.112646
vt 0.073213 0.112463
vt 0.073135 0.112687
vt 0.073215 0.112504
vt 0.073186 0.111995
vt 0.073106 0.112178
vt 0.073215 0.112504
vt 0.073135 0.112687
vt 0.073132 0.112639
vt 0.073213 0.112457
vt 0.073106 0.112192
vt 0.073187 0.112009
vt 0.073213 0.112457
vt 0.073132 0.112640
vt 0.073187 0.112008
vt 0.073106 0.112190
vt 0.073107 0.112202
vt 0.073187 0.112019
vt 0.073135 0.112680
vt 0.073215 0.112497
vt 0.073186 0.111996
vt 0.073106 0.112179
vt 0.073134 0.112669
vt 0.073134 0.112663
vt 0.073133 0.112656
vt 0.073134 0.112671
vt 0.073133 0.112657
vt 0.073133 0.112646
vt 0.073133 0.112655
vt 0.073106 0.112193
vt 0.073107 0.112208
vt 0.073106 0.112185
vt 0.073105 0.112177
vt 0.073105 0.112168
vt 0.073214 0.112486
vt 0.073213 0.112463
vt 0.073358 0.114980
vt 0.073278 0.115170
vt 0.073278 0.115163
vt 0.073388 0.115489
vt 0.073307 0.115659
vt 0.073307 0.115672
vt 0.073361 0.115027
vt 0.073281 0.115210
vt 0.073361 0.115027
vt 0.073358 0.114980
vt 0.073278 0.115163
vt 0.073361 0.115021
vt 0.073280 0.115204
vt 0.073278 0.115169
vt 0.073359 0.114986
vt 0.073308 0.115683
vt 0.073388 0.115500
vt 0.073386 0.115465
vt 0.073307 0.115658
vt 0.073306 0.115647
vt 0.073308 0.115689
vt 0.073389 0.115506
vt 0.073279 0.115180
vt 0.073359 0.114997
vt 0.073389 0.115506
vt 0.073308 0.115689
vt 0.073306 0.115641
vt 0.073386 0.115458
vt 0.073360 0.115011
vt 0.073280 0.115193
vt 0.073306 0.115642
vt 0.073386 0.115459
vt 0.073360 0.115010
vt 0.073280 0.115192
vt 0.073280 0.115203
vt 0.073361 0.115021
vt 0.073308 0.115682
vt 0.073388 0.115499
vt 0.073279 0.115181
vt 0.073359 0.114998
vt 0.073307 0.115671
vt 0.073307 0.115665
vt 0.073307 0.115673
vt 0.073306 0.115648
vt 0.073306 0.115657
vt 0.073280 0.115195
vt 0.073281 0.115210
vt 0.073279 0.115186
vt 0.073279 0.115178
vt 0.073388 0.115488
vt 0.073387 0.115475
vt 0.073386 0.115465
vt 0.073387 0.115476
vt 0.073359 0.114987
vt 0.073186 0.112002
vt 0.073387 0.115482
vt 0.073360 0.115004
vt 0.073214 0.112480
vt 0.073739 0.112161
vt 0.073658 0.111985
vt 0.073658 0.111978
vt 0.073709 0.112670
vt 0.073630 0.112475
vt 0.073629 0.112487
vt 0.073656 0.112026
vt 0.073736 0.112208
vt 0.073656 0.112025
vt 0.073658 0.111978
vt 0.073656 0.112020
vt 0.073736 0.112208
vt 0.073658 0.111984
vt 0.073739 0.112161
vt 0.073628 0.112498
vt 0.073711 0.112646
vt 0.073630 0.112474
vt 0.073630 0.112463
vt 0.073708 0.112687
vt 0.073628 0.112504
vt 0.073657 0.111995
vt 0.073738 0.112167
vt 0.073708 0.112687
vt 0.073628 0.112504
vt 0.073631 0.112457
vt 0.073737 0.112192
vt 0.073656 0.112009
vt 0.073711 0.112640
vt 0.073631 0.112457
vt 0.073657 0.112008
vt 0.073738 0.112178
vt 0.073736 0.112202
vt 0.073656 0.112019
vt 0.073628 0.112497
vt 0.073657 0.111996
vt 0.073709 0.112669
vt 0.073710 0.112663
vt 0.073709 0.112680
vt 0.073709 0.112671
vt 0.073709 0.112681
vt 0.073710 0.112657
vt 0.073711 0.112646
vt 0.073710 0.112655
vt 0.073711 0.112639
vt 0.073710 0.112656
vt 0.073737 0.112193
vt 0.073737 0.112190
vt 0.073737 0.112185
vt 0.073738 0.112177
vt 0.073738 0.112168
vt 0.073738 0.112179
vt 0.073736 0.112202
vt 0.073629 0.112486
vt 0.073630 0.112463
vt 0.073485 0.114980
vt 0.073565 0.115170
vt 0.073485 0.114987
vt 0.073455 0.115489
vt 0.073537 0.115659
vt 0.073456 0.115476
vt 0.073482 0.115027
vt 0.073563 0.115210
vt 0.073482 0.115027
vt 0.073565 0.115163
vt 0.073485 0.114980
vt 0.073563 0.115204
vt 0.073482 0.115021
vt 0.073565 0.115169
vt 0.073485 0.114986
vt 0.073535 0.115683
vt 0.073455 0.115500
vt 0.073537 0.115647
vt 0.073456 0.115475
vt 0.073457 0.115465
vt 0.073535 0.115689
vt 0.073455 0.115506
vt 0.073484 0.114997
vt 0.073535 0.115689
vt 0.073455 0.115506
vt 0.073538 0.115641
vt 0.073457 0.115458
vt 0.073483 0.115011
vt 0.073538 0.115642
vt 0.073457 0.115459
vt 0.073483 0.115010
vt 0.073564 0.115180
vt 0.073483 0.115021
vt 0.073564 0.115192
vt 0.073535 0.115682
vt 0.073455 0.115499
vt 0.073484 0.114998
vt 0.073564 0.115193
vt 0.073536 0.115671
vt 0.073536 0.115665
vt 0.073536 0.115673
vt 0.073536 0.115672
vt 0.073537 0.115648
vt 0.073537 0.115657
vt 0.073537 0.115658
vt 0.073563 0.115210
vt 0.073564 0.115195
vt 0.073563 0.115203
vt 0.073564 0.115186
vt 0.073564 0.115178
vt 0.073565 0.115163
vt 0.073564 0.115181
vt 0.073456 0.115488
vt 0.073457 0.115465
vt 0.073657 0.112002
vt 0.073456 0.115482
vt 0.073484 0.115004
vt 0.073629 0.112480
vt 0.031826 0.832188
vt 0.031913 0.832698
vt 0.100433 0.052953
vt 0.100657 0.053546
vt 0.032283 0.816262
vt 0.032196 0.815753
vt 0.097504 0.112049
vt 0.097728 0.112641
vt 0.098451 0.092930
vt 0.098675 0.093523
vt 0.031509 0.850630
vt 0.031422 0.850121
vt 0.099485 0.072071
vt 0.099709 0.072664
vt 0.032098 0.824480
vt 0.100420 0.058325
vt 0.099959 0.062512
vt 0.100183 0.063105
vt 0.098202 0.103082
vt 0.097978 0.102490
vt 0.031139 0.867066
vt 0.031324 0.858848
vt 0.031052 0.866556
vt 0.097741 0.107269
vt 0.098215 0.097710
vt 0.032006 0.828589
vt 0.032103 0.819862
vt 0.032191 0.820371
vt 0.099946 0.067884
vt 0.031232 0.862957
vt 0.031417 0.854739
vt 0.031144 0.862447
vt 0.031329 0.854230
vt 0.097965 0.107862
vt 0.099722 0.067292
vt 0.100196 0.057733
vt 0.029604 0.832698
vt 0.029692 0.832188
vt 0.093075 0.052953
vt 0.092851 0.053546
vt 0.029322 0.815753
vt 0.029234 0.816262
vt 0.095780 0.112641
vt 0.096004 0.112049
vt 0.095056 0.092930
vt 0.094832 0.093523
vt 0.030096 0.850121
vt 0.030008 0.850630
vt 0.094022 0.072071
vt 0.093798 0.072664
vt 0.029419 0.824480
vt 0.093088 0.058325
vt 0.093548 0.062512
vt 0.093324 0.063105
vt 0.095306 0.103082
vt 0.095530 0.102490
vt 0.030378 0.867066
vt 0.030193 0.858848
vt 0.030466 0.866556
vt 0.095767 0.107269
vt 0.095293 0.097710
vt 0.029512 0.828589
vt 0.029327 0.820371
vt 0.029414 0.819862
vt 0.093561 0.067884
vt 0.030286 0.862957
vt 0.030101 0.854739
vt 0.030373 0.862447
vt 0.030188 0.854230
vt 0.095543 0.107862
vt 0.093785 0.067292
vt 0.030281 0.858338
vt 0.093311 0.057733
vt 0.032011 0.823971
vt 0.098438 0.098303
vt 0.031918 0.828079
vt 0.029507 0.823971
vt 0.095069 0.098303
vt 0.029599 0.828079
s 1
g type_ii_barricade_01_medium_regular_material
usemtl regular_material
f 1/1/1 6/2/1 5/3/1
s 2
f 2/4/2 7/2/2 6/2/2
s 3
f 3/1/3 7/2/3 4/4/3
s 4
f 3/1/4 5/3/4 8/3/4
s 5
f 2/4/5 3/1/5 4/4/5
s 6
f 7/2/6 5/3/6 6/2/6
s 7
f 14/5/1 9/6/1 13/7/1
s 8
f 15/5/7 10/8/7 14/5/7
s 9
f 11/6/3 15/5/3 16/7/3
s 10
f 13/7/8 11/6/8 16/7/8
s 11
f 11/6/9 10/8/9 12/8/9
s 12
f 13/7/6 15/5/6 14/5/6
s 13
f 22/9/4 17/10/4 21/10/4
s 14
f 23/11/10 17/10/10 19/11/10
s 15
f 20/12/5 22/9/5 24/12/5
s 16
f 18/9/1 19/11/1 17/10/1
s 17
f 20/12/2 23/11/2 19/11/2
s 18
f 35/13/1 57/14/11 56/15/1
s 19
f 25/16/1 46/17/11 45/18/1
s 18
f 33/13/3 50/14/12 40/19/12
f 35/13/1 55/20/13 38/21/13
s 19
f 29/22/13 45/18/1 43/23/13
f 32/22/14 49/18/3 28/16/3
f 28/16/3 48/17/12 31/24/15
s 18
f 34/25/16 55/20/13 54/26/16
s 20
f 42/27/17 44/18/17 41/23/17
f 45/18/17 44/18/17 43/23/17
f 47/28/2 44/18/17 46/17/17
f 49/18/17 44/18/17 48/17/2
s 21
f 51/15/17 53/15/17 50/14/2
f 54/26/17 53/15/17 52/20/17
f 56/15/17 53/15/17 55/20/17
f 58/29/2 53/15/17 57/14/17
s 18
f 37/21/14 51/15/3 33/13/3
s 19
f 30/24/11 47/28/18 46/17/11
s 18
f 39/19/11 58/29/18 57/14/11
s 19
f 32/22/14 42/27/16 41/23/14
f 27/30/18 48/17/12 47/28/18
s 18
f 40/19/12 58/29/18 36/31/18
s 19
f 26/32/16 43/23/13 42/27/16
s 18
f 37/21/14 54/26/16 52/20/14
s 22
f 23/11/3 22/9/3 21/10/3
s 23
f 59/33/8 64/34/8 63/33/8
s 24
f 59/33/19 65/35/19 61/35/19
s 25
f 64/34/9 62/36/9 66/36/9
s 26
f 61/35/1 60/34/1 59/33/1
s 27
f 65/35/7 62/36/7 61/35/7
s 28
f 77/37/1 99/38/20 81/39/20
s 29
f 67/40/1 88/41/20 72/42/20
s 28
f 92/38/21 75/37/3 82/39/21
f 97/43/22 77/37/1 80/44/22
s 29
f 71/45/22 87/46/1 67/40/1
f 91/46/3 74/45/23 70/40/3
f 90/41/24 70/40/3 73/42/24
s 28
f 96/47/25 80/44/22 76/48/25
s 30
f 84/49/26 86/46/26 85/50/26
f 87/46/26 86/46/26 88/41/26
f 89/51/7 86/46/26 90/41/7
f 91/46/26 86/46/26 83/50/26
s 31
f 93/52/26 95/52/26 94/43/26
f 96/47/26 95/52/26 97/43/26
f 98/52/26 95/52/26 99/38/26
f 100/53/7 95/52/26 92/38/7
s 28
f 93/52/3 79/44/23 75/37/3
s 29
f 72/42/20 89/51/27 69/54/27
s 28
f 81/39/20 100/53/27 78/55/27
s 29
f 83/50/23 68/56/25 74/45/23
f 89/51/27 73/42/24 69/54/27
s 28
f 100/53/27 82/39/21 78/55/27
s 29
f 68/56/25 85/50/22 71/45/22
s 28
f 94/43/28 76/48/25 79/44/23
s 32
f 65/35/3 64/34/3 66/36/3
s 33
f 125/57/29 199/58/30 200/58/30
f 129/59/31 126/57/29 125/57/29
s 34
f 131/59/31 128/57/29 127/57/29
s 33
f 133/60/32 130/59/31 129/59/31
s 34
f 135/60/32 132/59/31 131/59/31
s 33
f 137/61/33 134/60/32 133/60/32
s 34
f 139/61/33 136/60/32 135/60/32
s 33
f 143/62/34 138/61/33 137/61/33
s 34
f 147/62/35 140/61/33 139/61/33
s 33
f 142/63/36 144/62/34 143/62/34
s 35
f 121/64/37 263/65/6 119/65/6
s 34
f 146/63/36 148/62/35 147/62/35
s 36
f 195/66/3 145/63/3 150/67/3
s 37
f 104/68/29 250/69/31 106/69/31
s 38
f 154/70/38 142/63/1 151/67/1
s 39
f 169/71/39 199/58/3 173/72/3
s 36
f 187/73/3 140/61/3 191/74/3
f 155/70/3 145/63/3 217/75/3
s 38
f 170/71/40 200/58/1 204/76/40
s 40
f 188/73/1 139/61/1 135/60/1
s 39
f 165/77/3 211/78/3 207/79/3
s 36
f 179/80/3 132/59/3 183/81/3
s 40
f 196/66/1 146/63/1 147/62/1
f 156/70/1 146/63/1 149/67/1
s 38
f 166/77/1 212/78/1 162/82/1
s 33
f 142/63/36 219/75/41 141/63/36
s 34
f 218/75/41 145/63/36 146/63/36
s 33
f 216/83/42 219/75/41 220/75/41
s 34
f 214/83/42 217/75/41 218/75/41
s 33
f 212/78/6 215/83/43 216/83/42
s 34
f 210/78/6 213/83/42 214/83/42
s 33
f 208/79/37 211/78/6 212/78/6
s 34
f 206/79/37 209/78/6 210/78/6
s 33
f 204/76/44 207/79/37 208/79/37
s 34
f 202/76/44 205/79/37 206/79/37
s 33
f 200/58/30 203/76/44 204/76/44
s 34
f 198/58/30 201/76/44 202/76/44
f 127/57/29 197/58/30 198/58/30
s 40
f 180/80/1 131/59/1 127/57/1
s 39
f 153/70/45 215/83/3 157/84/3
s 36
f 171/71/3 197/58/3 175/72/3
s 39
f 193/66/45 138/61/3 144/62/45
s 38
f 154/70/38 216/83/1 220/75/38
s 40
f 172/71/1 198/58/1 202/76/1
s 38
f 194/66/38 137/61/1 190/74/1
s 36
f 167/77/3 209/78/3 205/79/3
s 39
f 185/73/3 130/59/3 134/60/3
s 40
f 168/77/1 210/78/1 164/82/1
s 38
f 186/73/1 129/59/1 182/81/1
s 36
f 155/70/3 213/83/3 159/84/3
s 39
f 177/80/39 199/58/3 126/57/39
s 36
f 195/66/3 140/61/3 148/62/3
s 40
f 156/70/1 214/83/1 218/75/1
s 38
f 178/80/40 200/58/1 174/72/1
s 40
f 196/66/1 139/61/1 192/74/1
s 39
f 169/71/39 207/79/3 203/76/39
s 36
f 187/73/3 132/59/3 136/60/3
s 38
f 170/71/40 208/79/1 166/77/1
s 40
f 188/73/1 131/59/1 184/81/1
s 39
f 157/84/3 211/78/3 161/82/3
s 36
f 179/80/3 197/58/3 128/57/3
s 39
f 193/66/45 141/63/3 152/67/3
s 41
f 150/67/36 222/70/41 221/67/36
f 195/66/35 221/67/36 243/66/35
s 42
f 152/67/36 156/70/41 149/67/36
f 193/66/35 149/67/36 196/66/35
s 43
f 194/66/35 224/67/36 151/67/36
f 224/67/36 154/70/41 151/67/36
f 223/70/41 158/84/42 154/70/41
s 42
f 153/70/41 160/84/42 156/70/41
s 41
f 155/70/41 225/84/42 222/70/41
s 43
f 226/84/42 162/82/6 158/84/42
s 42
f 157/84/42 164/82/6 160/84/42
s 41
f 159/84/42 227/82/6 225/84/42
s 43
f 228/82/6 166/77/37 162/82/6
s 42
f 161/82/6 168/77/37 164/82/6
s 41
f 163/82/6 229/77/37 227/82/6
s 43
f 230/77/37 170/71/44 166/77/37
s 42
f 165/77/37 172/71/44 168/77/37
s 41
f 167/77/37 231/71/44 229/77/37
s 43
f 232/71/44 174/72/30 170/71/44
s 42
f 169/71/44 176/72/30 172/71/44
s 41
f 171/71/44 233/72/30 231/71/44
s 43
f 234/72/30 178/80/29 174/72/30
s 42
f 173/72/30 180/80/29 176/72/30
s 41
f 175/72/30 235/80/29 233/72/30
s 43
f 236/80/29 182/81/31 178/80/29
s 42
f 177/80/29 184/81/31 180/80/29
s 41
f 179/80/29 237/81/31 235/80/29
s 43
f 238/81/31 186/73/32 182/81/31
s 42
f 181/81/31 188/73/32 184/81/31
s 41
f 183/81/31 239/73/32 237/81/31
s 43
f 240/73/32 190/74/33 186/73/32
s 42
f 185/73/32 192/74/33 188/73/32
s 41
f 187/73/32 241/74/33 239/73/32
s 43
f 242/74/33 194/66/35 190/74/33
s 42
f 189/74/33 196/66/35 192/74/33
s 41
f 191/74/33 243/66/35 241/74/33
s 38
f 178/80/40 129/59/1 125/57/40
s 40
f 160/84/1 210/78/1 214/83/1
s 39
f 153/70/45 141/63/3 219/75/45
f 177/80/39 130/59/3 181/81/3
s 36
f 159/84/3 209/78/3 163/82/3
s 38
f 186/73/1 137/61/1 133/60/1
s 40
f 172/71/1 206/79/1 168/77/1
s 38
f 194/66/38 142/63/1 143/62/38
s 39
f 185/73/3 138/61/3 189/74/3
s 36
f 171/71/3 205/79/3 201/76/3
s 40
f 180/80/1 198/58/1 176/72/1
s 38
f 158/84/1 212/78/1 216/83/1
s 44
f 101/85/1 222/70/1 103/68/1
s 45
f 102/85/3 223/70/3 224/67/3
s 44
f 103/68/1 225/84/1 105/69/1
s 45
f 104/68/3 226/84/3 223/70/3
s 44
f 105/69/1 227/82/1 107/86/1
s 45
f 106/69/3 228/82/3 226/84/3
s 44
f 109/87/1 227/82/1 229/77/1
s 45
f 110/87/3 228/82/3 108/86/3
s 44
f 111/88/1 229/77/1 231/71/1
s 45
f 112/88/3 230/77/3 110/87/3
s 44
f 113/89/1 231/71/1 233/72/1
s 45
f 114/89/3 232/71/3 112/88/3
s 44
f 113/89/1 235/80/1 115/90/1
s 45
f 114/89/3 236/80/3 234/72/3
s 44
f 115/90/1 237/81/1 117/91/40
s 45
f 116/90/3 238/81/3 236/80/3
s 44
f 117/91/40 239/73/1 119/65/1
s 45
f 118/91/3 240/73/3 238/81/3
s 44
f 121/64/38 239/73/1 241/74/1
s 45
f 122/64/3 240/73/3 120/65/3
s 44
f 123/92/1 241/74/1 243/66/1
s 45
f 124/92/3 242/74/3 122/64/3
s 44
f 101/85/1 243/66/1 221/67/1
s 45
f 102/85/3 244/66/3 124/92/3
s 46
f 245/85/1 246/68/1 270/93/1
s 37
f 112/88/35 258/89/36 114/89/36
s 35
f 107/86/32 249/69/31 105/69/31
s 37
f 120/65/6 266/64/37 122/64/37
s 35
f 115/90/41 257/89/36 113/89/36
s 37
f 106/69/31 252/86/32 108/86/32
s 35
f 123/92/44 265/64/37 121/64/37
s 37
f 114/89/36 260/90/41 116/90/41
s 35
f 109/87/33 251/86/32 107/86/32
s 37
f 122/64/37 268/92/44 124/92/44
s 35
f 117/91/42 259/90/41 115/90/41
s 37
f 108/86/32 254/87/33 110/87/33
s 35
f 101/85/30 267/92/44 123/92/44
f 103/68/29 245/85/30 101/85/30
s 37
f 116/90/41 262/91/42 118/91/42
s 35
f 111/88/35 253/87/33 109/87/33
s 37
f 124/92/44 248/85/30 102/85/30
f 102/85/30 247/68/29 104/68/29
s 35
f 119/65/6 261/91/42 117/91/42
s 37
f 110/87/33 256/88/35 112/88/35
s 35
f 105/69/31 246/68/29 103/68/29
s 37
f 118/91/42 264/65/6 120/65/6
s 35
f 113/89/36 255/88/35 111/88/35
s 47
f 247/68/3 248/85/3 269/93/3
f 248/85/3 268/92/3 269/93/3
f 268/92/3 266/64/3 269/93/3
f 266/64/3 264/65/3 269/93/3
f 264/65/3 262/91/3 269/93/3
f 262/91/3 260/90/3 269/93/3
f 260/90/3 258/89/3 269/93/3
f 258/89/3 256/88/3 269/93/3
f 256/88/3 254/87/3 269/93/3
f 254/87/3 252/86/3 269/93/3
f 252/86/3 250/69/3 269/93/3
f 250/69/3 247/68/3 269/93/3
s 46
f 246/68/1 249/69/1 270/93/1
f 249/69/1 251/86/1 270/93/1
f 251/86/1 253/87/1 270/93/1
f 253/87/1 255/88/1 270/93/1
f 255/88/1 257/89/1 270/93/1
f 257/89/1 259/90/1 270/93/1
f 259/90/1 261/91/1 270/93/1
f 261/91/1 263/65/1 270/93/1
f 263/65/1 265/64/1 270/93/1
f 265/64/1 267/92/1 270/93/1
f 267/92/1 245/85/1 270/93/1
s 48
f 294/94/46 322/95/47 291/96/47
s 49
f 273/97/48 303/98/49 280/99/49
s 48
f 287/100/50 312/101/51 283/102/52
f 285/103/53 322/95/47 321/104/54
f 288/105/55 312/101/51 311/106/55
f 292/107/56 321/104/54 319/108/57
s 49
f 277/109/58 303/98/49 302/110/58
f 276/111/59 310/112/60 281/113/61
f 277/109/58 301/114/62 272/115/63
s 48
f 289/116/64 319/108/57 318/117/65
s 49
f 278/118/66 301/114/62 299/119/66
f 281/113/61 309/120/67 274/121/68
s 48
f 288/105/55 326/122/69 293/123/70
s 49
f 282/124/71 309/120/67 307/125/71
s 48
f 284/126/72 318/117/65 317/127/73
f 284/126/72 315/128/74 290/129/75
s 49
f 278/118/66 297/130/76 275/131/76
s 48
f 286/132/77 326/122/69 325/133/78
s 50
f 296/134/4 298/135/4 295/136/4
f 297/130/4 300/137/4 298/135/4
f 301/114/4 300/137/4 299/119/79
f 302/110/4 304/135/4 300/137/4
f 305/138/4 304/135/4 303/98/4
f 306/139/79 308/140/4 304/135/4
f 309/120/4 308/140/4 307/125/4
f 310/112/4 298/135/4 308/140/4
f 298/135/4 304/135/4 308/140/4
s 51
f 312/101/79 314/141/79 311/106/79
f 315/128/4 314/141/79 313/142/4
f 317/127/4 316/143/4 315/128/4
f 319/108/79 316/143/4 318/117/79
f 321/104/79 320/144/4 319/108/79
f 323/145/4 320/144/4 322/95/79
f 325/133/4 324/143/79 323/145/4
f 311/106/79 324/143/79 326/122/79
f 316/143/4 324/143/79 314/141/79
s 49
f 276/111/59 296/134/80 295/136/81
f 273/97/48 306/139/82 305/138/48
f 271/146/80 297/130/76 296/134/80
s 48
f 290/129/75 313/142/83 287/100/50
s 49
f 279/147/82 307/125/71 306/139/82
s 48
f 286/132/77 323/145/84 294/94/46
s 52
f 347/148/85 379/149/46 378/150/86
s 53
f 336/151/49 361/152/48 359/153/49
s 52
f 343/154/50 368/155/87 339/156/51
f 341/157/54 378/150/86 377/158/53
f 344/159/55 368/155/87 367/160/88
f 341/157/54 375/161/89 348/162/89
s 53
f 336/151/49 358/163/58 333/164/58
f 337/165/61 351/166/81 366/167/61
f 333/164/58 357/168/62 328/169/62
s 52
f 348/162/89 374/170/64 345/171/64
s 53
f 334/172/66 357/168/62 355/173/90
f 337/165/61 365/174/67 330/175/68
s 52
f 349/176/69 367/160/88 382/177/69
s 53
f 330/175/68 363/178/91 338/179/92
s 52
f 340/180/73 374/170/64 373/181/73
f 340/180/73 371/182/74 346/183/74
s 53
f 334/172/66 353/184/76 331/185/93
s 52
f 349/176/69 381/186/78 342/187/78
s 54
f 352/188/4 354/189/4 351/166/4
f 353/184/4 356/190/4 354/189/4
f 357/168/79 356/190/4 355/173/79
f 358/163/4 360/189/4 356/190/4
f 361/152/79 360/189/4 359/153/4
f 362/191/79 364/192/4 360/189/4
f 365/174/4 364/192/4 363/178/4
f 366/167/79 354/189/4 364/192/4
f 354/189/4 360/189/4 364/192/4
s 55
f 368/155/4 370/193/4 367/160/79
f 371/182/79 370/193/4 369/194/4
f 373/181/79 372/195/4 371/182/79
f 375/161/79 372/195/4 374/170/4
f 377/158/79 376/196/4 375/161/79
f 379/149/79 376/196/4 378/150/4
f 381/186/4 380/195/4 379/149/79
f 367/160/79 380/195/4 382/177/4
f 372/195/4 380/195/4 370/193/4
s 53
f 327/197/80 351/166/81 332/198/81
f 335/199/94 361/152/48 329/200/48
f 331/185/93 352/188/80 327/197/80
s 52
f 343/154/50 371/182/74 369/194/95
s 53
f 335/199/94 363/178/91 362/191/82
s 52
f 342/187/78 379/149/46 350/201/84
s 56
f 288/105/2 293/123/17 384/202/2
s 57
f 332/198/2 337/165/2 385/203/2
s 58
f 344/159/2 349/176/2 386/204/2
s 59
f 276/111/2 281/113/17 383/205/17
f 281/113/17 274/121/17 383/205/17
f 274/121/17 282/124/17 383/205/17
f 282/124/17 279/147/17 383/205/17
f 279/147/17 273/97/96 383/205/17
f 273/97/96 280/99/97 383/205/17
f 280/99/97 277/109/98 383/205/17
f 277/109/98 272/115/2 383/205/17
f 272/115/2 278/118/2 383/205/17
f 278/118/2 275/131/2 383/205/17
f 275/131/2 271/146/2 383/205/17
f 271/146/2 276/111/2 383/205/17
s 56
f 293/123/17 286/132/99 384/202/2
f 286/132/99 294/94/100 384/202/2
f 294/94/100 291/96/2 384/202/2
f 291/96/2 285/103/2 384/202/2
f 285/103/2 292/107/2 384/202/2
f 292/107/2 289/116/100 384/202/2
f 289/116/100 284/126/101 384/202/2
f 284/126/101 290/129/102 384/202/2
f 290/129/102 287/100/17 384/202/2
f 287/100/17 283/102/99 384/202/2
f 283/102/99 288/105/2 384/202/2
s 57
f 337/165/2 330/175/2 385/203/2
f 330/175/2 338/179/2 385/203/2
f 338/179/2 335/199/2 385/203/2
f 335/199/2 329/200/2 385/203/2
f 329/200/2 336/151/2 385/203/2
f 336/151/2 333/164/2 385/203/2
f 333/164/2 328/169/17 385/203/2
f 328/169/17 334/172/17 385/203/2
f 334/172/17 331/185/2 385/203/2
f 331/185/2 327/197/2 385/203/2
f 327/197/2 332/198/2 385/203/2
s 58
f 349/176/2 342/187/2 386/204/2
f 342/187/2 350/201/17 386/204/2
f 350/201/17 347/148/17 386/204/2
f 347/148/17 341/157/17 386/204/2
f 341/157/17 348/162/17 386/204/2
f 348/162/17 345/171/2 386/204/2
f 345/171/2 340/180/17 386/204/2
f 340/180/17 346/183/17 386/204/2
f 346/183/17 343/154/2 386/204/2
f 343/154/2 339/156/2 386/204/2
f 339/156/2 344/159/2 386/204/2
s 60
f 438/206/103 410/207/104 407/208/105
s 61
f 419/209/106 389/210/107 396/211/106
s 60
f 399/212/108 429/213/109 403/214/110
f 401/215/111 438/206/103 407/208/105
f 404/216/112 428/217/113 399/212/108
f 408/218/114 437/219/115 401/215/111
s 61
f 393/220/116 419/209/106 396/211/106
f 426/221/117 392/222/118 397/223/119
f 417/224/120 393/220/116 388/225/120
s 60
f 405/226/121 435/227/122 408/218/114
s 61
f 415/228/123 388/225/120 394/229/124
f 390/230/125 426/221/117 397/223/119
s 60
f 442/231/126 404/216/112 409/232/127
s 61
f 423/233/128 390/230/125 398/234/128
s 60
f 400/235/129 434/236/130 405/226/121
f 431/237/131 400/235/129 406/238/132
s 61
f 391/239/133 415/228/123 394/229/124
s 60
f 402/240/134 442/231/126 409/232/127
s 62
f 412/241/8 414/242/8 413/243/8
f 413/243/8 416/244/8 415/228/135
f 417/224/8 416/244/8 418/245/8
f 418/245/8 420/242/8 419/209/8
f 421/246/8 420/242/8 422/247/135
f 422/247/135 424/248/8 423/233/8
f 425/249/8 424/248/8 426/221/8
f 426/221/8 414/242/8 411/250/8
f 414/242/8 420/242/8 416/244/8
s 63
f 428/217/135 430/251/135 429/213/8
f 430/251/135 431/237/8 429/213/8
f 433/252/8 432/253/8 434/236/135
f 432/253/8 435/227/135 434/236/135
f 437/219/135 436/254/8 438/206/135
f 436/254/8 439/255/8 438/206/135
f 441/256/8 440/253/8 442/231/135
f 440/253/8 427/257/135 442/231/135
f 440/253/8 432/253/8 430/251/135
s 61
f 411/250/136 387/258/137 392/222/118
f 421/246/107 395/259/138 389/210/107
f 412/241/137 391/239/133 387/258/137
s 60
f 403/214/110 431/237/131 406/238/132
s 61
f 395/259/138 423/233/128 398/234/128
s 60
f 439/255/139 402/240/134 410/207/104
s 64
f 463/260/140 495/261/104 466/262/139
s 65
f 452/263/106 477/264/107 445/265/107
s 64
f 455/266/113 485/267/141 459/268/110
f 493/269/115 463/260/140 457/270/111
f 483/271/142 455/266/113 460/272/142
f 491/273/143 457/270/111 464/274/143
s 65
f 474/275/116 452/263/106 449/276/116
f 482/277/117 448/278/136 453/279/144
f 473/280/145 449/276/116 444/281/120
s 64
f 461/282/121 491/273/143 464/274/143
s 65
f 471/283/123 444/281/120 450/284/124
f 481/285/125 453/279/144 446/286/125
s 64
f 465/287/126 483/271/142 460/272/142
s 65
f 479/288/146 446/286/125 454/289/147
s 64
f 456/290/148 490/291/121 461/282/121
f 462/292/131 489/293/148 456/290/148
s 65
f 469/294/133 450/284/124 447/295/133
s 64
f 458/296/149 498/297/126 465/287/126
s 66
f 468/298/8 470/299/8 469/294/8
f 469/294/8 472/300/8 471/283/135
f 473/280/135 472/300/8 474/275/8
f 474/275/8 476/299/8 475/301/8
f 477/264/135 476/299/8 478/302/135
f 478/302/135 480/303/8 479/288/8
f 481/285/8 480/303/8 482/277/135
f 482/277/135 470/299/8 467/304/8
f 470/299/8 476/299/8 472/300/8
s 67
f 484/305/8 486/306/8 485/267/8
f 486/306/8 487/307/135 485/267/8
f 489/293/135 488/308/8 490/291/8
f 488/308/8 491/273/135 490/291/8
f 493/269/135 492/309/8 494/310/8
f 492/309/8 495/261/8 494/310/8
f 497/311/8 496/308/8 498/297/8
f 496/308/8 483/271/135 498/297/8
f 496/308/8 488/308/8 486/306/8
s 65
f 467/304/136 443/312/137 448/278/136
f 477/264/107 451/313/150 445/265/107
f 443/312/137 469/294/133 447/295/133
s 64
f 459/268/110 487/307/131 462/292/131
s 65
f 451/313/150 479/288/146 454/289/147
s 64
f 495/261/104 458/296/149 466/262/139
s 68
f 404/216/7 500/314/7 409/232/26
s 69
f 448/278/7 501/315/7 453/279/7
s 70
f 460/272/7 502/316/7 465/287/7
s 71
f 392/222/7 499/317/26 397/223/26
f 397/223/26 499/317/26 390/230/26
f 390/230/26 499/317/26 398/234/26
f 398/234/26 499/317/26 395/259/26
f 395/259/26 499/317/26 389/210/151
f 389/210/151 499/317/26 396/211/152
f 396/211/152 499/317/26 393/220/153
f 393/220/153 499/317/26 388/225/7
f 388/225/7 499/317/26 394/229/7
f 394/229/7 499/317/26 391/239/7
f 391/239/7 499/317/26 387/258/7
f 387/258/7 499/317/26 392/222/7
s 68
f 409/232/26 500/314/7 402/240/154
f 402/240/154 500/314/7 410/207/155
f 410/207/155 500/314/7 407/208/7
f 407/208/7 500/314/7 401/215/7
f 401/215/7 500/314/7 408/218/7
f 408/218/7 500/314/7 405/226/155
f 405/226/155 500/314/7 400/235/156
f 400/235/156 500/314/7 406/238/157
f 406/238/157 500/314/7 403/214/26
f 403/214/26 500/314/7 399/212/154
f 399/212/154 500/314/7 404/216/7
s 69
f 453/279/7 501/315/7 446/286/7
f 446/286/7 501/315/7 454/289/7
f 454/289/7 501/315/7 451/313/7
f 451/313/7 501/315/7 445/265/7
f 445/265/7 501/315/7 452/263/7
f 452/263/7 501/315/7 449/276/7
f 449/276/7 501/315/7 444/281/26
f 444/281/26 501/315/7 450/284/26
f 450/284/26 501/315/7 447/295/7
f 447/295/7 501/315/7 443/312/7
f 443/312/7 501/315/7 448/278/7
s 70
f 465/287/7 502/316/7 458/296/7
f 458/296/7 502/316/7 466/262/26
f 466/262/26 502/316/7 463/260/26
f 463/260/26 502/316/7 457/270/26
f 457/270/26 502/316/7 464/274/26
f 464/274/26 502/316/7 461/282/7
f 461/282/7 502/316/7 456/290/26
f 456/290/26 502/316/7 462/292/26
f 462/292/26 502/316/7 459/268/7
f 459/268/7 502/316/7 455/266/7
f 455/266/7 502/316/7 460/272/7
s 72
f 508/2/3 503/1/3 507/3/3
s 73
f 509/2/2 504/4/2 508/2/2
s 74
f 505/1/1 509/2/1 510/3/1
s 75
f 507/3/4 505/1/4 510/3/4
s 76
f 505/1/5 504/4/5 506/4/5
s 77
f 507/3/6 509/2/6 508/2/6
s 78
f 511/6/3 516/5/3 515/7/3
s 79
f 512/8/7 517/5/7 516/5/7
s 80
f 513/6/1 517/5/1 514/8/1
s 81
f 513/6/8 515/7/8 518/7/8
s 82
f 512/8/9 513/6/9 514/8/9
s 83
f 517/5/6 515/7/6 516/5/6
s 84
f 519/10/4 524/9/4 523/10/4
s 85
f 519/10/10 525/11/10 521/11/10
s 86
f 524/9/5 522/12/5 526/12/5
s 87
f 521/11/3 520/9/3 519/10/3
s 88
f 525/11/2 522/12/2 521/11/2
s 89
f 537/13/3 559/14/12 541/19/12
s 90
f 527/16/3 548/17/12 532/24/12
s 89
f 552/14/11 535/13/1 542/19/11
f 557/20/14 537/13/3 540/21/14
s 90
f 531/22/14 547/18/3 527/16/3
f 551/18/1 534/22/13 530/16/1
f 550/17/158 530/16/1 533/24/158
s 89
f 556/26/16 540/21/14 536/25/16
s 91
f 544/27/17 546/18/17 545/23/17
f 547/18/17 546/18/17 548/17/17
f 549/28/2 546/18/17 550/17/2
f 551/18/17 546/18/17 543/23/17
s 92
f 553/15/17 555/15/17 554/20/17
f 556/26/17 555/15/17 557/20/17
f 558/15/17 555/15/17 559/14/17
f 560/29/2 555/15/17 552/14/2
s 89
f 553/15/1 539/21/13 535/13/1
s 90
f 532/24/12 549/28/18 529/30/18
s 89
f 541/19/12 560/29/18 538/31/18
s 90
f 543/23/13 528/32/16 534/22/13
f 549/28/18 533/24/158 529/30/18
s 89
f 560/29/18 542/19/11 538/31/18
s 90
f 528/32/16 545/23/14 531/22/14
s 89
f 554/20/159 536/25/16 539/21/13
s 93
f 525/11/1 524/9/1 526/12/1
s 94
f 566/34/8 561/33/8 565/33/8
s 95
f 567/35/19 561/33/19 563/35/19
s 96
f 564/36/9 566/34/9 568/36/9
s 97
f 562/34/3 563/35/3 561/33/3
s 98
f 564/36/7 567/35/7 563/35/7
s 99
f 579/37/3 601/38/21 600/52/3
s 100
f 569/40/3 590/41/21 589/46/3
s 99
f 577/37/1 594/38/20 584/39/20
f 579/37/3 599/43/23 582/44/23
s 100
f 573/45/23 589/46/3 587/50/23
f 576/45/22 593/46/1 572/40/1
f 572/40/1 592/41/20 575/42/160
s 99
f 578/48/25 599/43/23 598/47/25
s 101
f 586/49/26 588/46/26 585/50/26
f 589/46/26 588/46/26 587/50/26
f 591/51/7 588/46/26 590/41/26
f 593/46/26 588/46/26 592/41/7
s 102
f 595/52/26 597/52/26 594/38/7
f 598/47/26 597/52/26 596/43/26
f 600/52/26 597/52/26 599/43/26
f 602/53/7 597/52/26 601/38/26
s 99
f 581/44/22 595/52/1 577/37/1
s 100
f 574/42/21 591/51/27 590/41/21
s 99
f 583/39/21 602/53/27 601/38/21
s 100
f 576/45/22 586/49/25 585/50/22
f 571/54/27 592/41/20 591/51/27
s 99
f 584/39/20 602/53/27 580/55/27
s 100
f 570/56/25 587/50/23 586/49/25
s 99
f 581/44/22 598/47/25 596/43/22
s 103
f 567/35/1 566/34/1 565/33/1
s 104
f 701/58/30 627/57/29 702/58/30
f 628/57/29 631/59/31 627/57/29
s 105
f 630/57/29 633/59/31 629/57/29
s 104
f 632/59/31 635/60/32 631/59/31
s 105
f 634/59/31 637/60/32 633/59/31
s 104
f 636/60/32 639/61/33 635/60/32
s 105
f 638/60/32 641/61/33 637/60/32
s 104
f 640/61/33 645/62/34 639/61/33
s 105
f 642/61/33 649/62/35 641/61/33
s 104
f 646/62/34 644/63/36 645/62/34
s 106
f 765/65/6 623/64/37 621/65/6
s 105
f 650/62/35 648/63/36 649/62/35
s 107
f 647/63/1 697/66/1 652/67/1
s 108
f 752/69/31 606/68/29 608/69/31
s 109
f 644/63/3 656/70/3 653/67/3
s 110
f 701/58/1 671/71/1 675/72/1
s 107
f 642/61/1 689/73/1 693/74/1
f 657/70/1 647/63/1 652/67/1
s 109
f 672/71/39 702/58/3 676/72/3
s 111
f 690/73/3 641/61/3 694/74/3
s 110
f 667/77/1 713/78/1 663/82/1
s 107
f 634/59/1 681/80/1 685/81/1
s 111
f 698/66/3 648/63/3 651/67/3
f 648/63/3 658/70/3 651/67/3
s 109
f 714/78/3 668/77/3 664/82/3
s 104
f 644/63/36 721/75/41 722/75/41
s 105
f 647/63/36 720/75/41 648/63/36
s 104
f 721/75/41 718/83/42 722/75/41
s 105
f 719/75/41 716/83/42 720/75/41
s 104
f 717/83/43 714/78/6 718/83/42
s 105
f 715/83/42 712/78/6 716/83/42
s 104
f 713/78/6 710/79/37 714/78/6
s 105
f 711/78/6 708/79/37 712/78/6
s 104
f 709/79/37 706/76/44 710/79/37
s 105
f 707/79/37 704/76/44 708/79/37
s 104
f 705/76/44 702/58/30 706/76/44
s 105
f 703/76/44 700/58/30 704/76/44
f 699/58/30 629/57/29 700/58/30
s 111
f 682/80/3 633/59/3 686/81/3
s 110
f 717/83/1 655/70/38 659/84/1
s 107
f 699/58/1 673/71/1 677/72/1
s 110
f 695/66/1 640/61/1 691/74/1
s 109
f 656/70/3 718/83/3 660/84/3
s 111
f 674/71/3 700/58/3 678/72/3
s 109
f 639/61/3 696/66/45 692/74/3
s 107
f 669/77/1 711/78/1 665/82/1
s 110
f 687/73/1 632/59/1 683/81/1
s 111
f 712/78/3 670/77/3 666/82/3
s 109
f 631/59/3 688/73/3 684/81/3
s 107
f 715/83/1 657/70/1 661/84/1
s 110
f 679/80/40 701/58/1 675/72/1
s 107
f 697/66/1 642/61/1 693/74/1
s 111
f 658/70/3 716/83/3 662/84/3
s 109
f 702/58/3 680/80/3 676/72/3
s 111
f 641/61/3 698/66/3 694/74/3
s 110
f 671/71/1 709/79/1 667/77/1
s 107
f 689/73/1 634/59/1 685/81/1
s 109
f 710/79/3 672/71/39 668/77/3
s 111
f 633/59/3 690/73/3 686/81/3
s 110
f 713/78/1 659/84/1 663/82/1
s 107
f 681/80/1 699/58/1 677/72/1
s 110
f 643/63/1 695/66/1 654/67/1
s 112
f 724/70/41 652/67/36 723/67/36
f 723/67/36 697/66/35 745/66/35
s 113
f 658/70/41 654/67/36 651/67/36
f 651/67/36 695/66/35 698/66/35
s 114
f 696/66/35 726/67/36 746/66/35
f 656/70/41 726/67/36 653/67/36
f 660/84/42 725/70/41 656/70/41
s 113
f 662/84/42 655/70/41 658/70/41
s 112
f 727/84/42 657/70/41 724/70/41
s 114
f 664/82/6 728/84/42 660/84/42
s 113
f 666/82/6 659/84/42 662/84/42
s 112
f 729/82/6 661/84/42 727/84/42
s 114
f 668/77/37 730/82/6 664/82/6
s 113
f 670/77/37 663/82/6 666/82/6
s 112
f 731/77/37 665/82/6 729/82/6
s 114
f 672/71/44 732/77/37 668/77/37
s 113
f 674/71/44 667/77/37 670/77/37
s 112
f 733/71/44 669/77/37 731/77/37
s 114
f 676/72/30 734/71/44 672/71/44
s 113
f 678/72/30 671/71/44 674/71/44
s 112
f 735/72/30 673/71/44 733/71/44
s 114
f 680/80/29 736/72/30 676/72/30
s 113
f 682/80/29 675/72/30 678/72/30
s 112
f 737/80/29 677/72/30 735/72/30
s 114
f 684/81/31 738/80/29 680/80/29
s 113
f 686/81/31 679/80/29 682/80/29
s 112
f 739/81/31 681/80/29 737/80/29
s 114
f 688/73/32 740/81/31 684/81/31
s 113
f 690/73/32 683/81/31 686/81/31
s 112
f 741/73/32 685/81/31 739/81/31
s 114
f 692/74/33 742/73/32 688/73/32
s 113
f 694/74/33 687/73/32 690/73/32
s 112
f 743/74/33 689/73/32 741/73/32
s 114
f 696/66/35 744/74/33 692/74/33
s 113
f 698/66/35 691/74/33 694/74/33
s 112
f 745/66/35 693/74/33 743/74/33
s 109
f 680/80/3 631/59/3 684/81/3
s 111
f 662/84/3 712/78/3 666/82/3
s 110
f 655/70/38 643/63/1 654/67/1
f 632/59/1 679/80/40 683/81/1
s 107
f 711/78/1 661/84/1 665/82/1
s 109
f 688/73/3 639/61/3 692/74/3
s 111
f 708/79/3 674/71/3 670/77/3
s 109
f 696/66/45 644/63/3 653/67/3
s 110
f 640/61/1 687/73/1 691/74/1
s 107
f 673/71/1 707/79/1 669/77/1
s 111
f 700/58/3 682/80/3 678/72/3
s 109
f 660/84/3 714/78/3 664/82/3
s 115
f 724/70/3 603/85/3 605/68/3
s 116
f 604/85/1 725/70/1 606/68/1
s 115
f 727/84/3 605/68/3 607/69/3
s 116
f 606/68/1 728/84/1 608/69/1
s 115
f 729/82/3 607/69/3 609/86/3
s 116
f 608/69/1 730/82/1 610/86/1
s 115
f 611/87/3 729/82/3 609/86/3
s 116
f 730/82/1 612/87/1 610/86/1
s 115
f 613/88/3 731/77/3 611/87/3
s 116
f 732/77/1 614/88/1 612/87/1
s 115
f 615/89/3 733/71/3 613/88/3
s 116
f 734/71/1 616/89/1 614/88/1
s 115
f 737/80/3 615/89/3 617/90/3
s 116
f 616/89/1 738/80/1 618/90/1
s 115
f 739/81/3 617/90/3 619/91/3
s 116
f 618/90/1 740/81/1 620/91/1
s 115
f 741/73/3 619/91/3 621/65/3
s 116
f 620/91/1 742/73/1 622/65/1
s 115
f 623/64/45 741/73/3 621/65/3
s 116
f 742/73/1 624/64/1 622/65/1
s 115
f 625/92/3 743/74/3 623/64/45
s 116
f 744/74/1 626/92/1 624/64/1
s 115
f 603/85/3 745/66/3 625/92/3
s 116
f 746/66/1 604/85/1 626/92/1
s 117
f 747/85/3 772/93/3 748/68/3
s 108
f 760/89/36 614/88/35 616/89/36
s 106
f 751/69/31 609/86/32 607/69/31
s 108
f 768/64/37 622/65/6 624/64/37
s 106
f 759/89/36 617/90/41 615/89/36
s 108
f 754/86/32 608/69/31 610/86/32
s 106
f 767/64/37 625/92/44 623/64/37
s 108
f 762/90/41 616/89/36 618/90/41
s 106
f 753/86/32 611/87/33 609/86/32
s 108
f 770/92/44 624/64/37 626/92/44
s 106
f 761/90/41 619/91/42 617/90/41
s 108
f 756/87/33 610/86/32 612/87/33
s 106
f 769/92/44 603/85/30 625/92/44
f 747/85/30 605/68/29 603/85/30
s 108
f 764/91/42 618/90/41 620/91/42
s 106
f 755/87/33 613/88/35 611/87/33
s 108
f 750/85/30 626/92/44 604/85/30
f 749/68/29 604/85/30 606/68/29
s 106
f 763/91/42 621/65/6 619/91/42
s 108
f 758/88/35 612/87/33 614/88/35
s 106
f 748/68/29 607/69/31 605/68/29
s 108
f 766/65/6 620/91/42 622/65/6
s 106
f 757/88/35 615/89/36 613/88/35
s 118
f 749/68/1 771/93/1 750/85/1
f 750/85/1 771/93/1 770/92/1
f 770/92/1 771/93/1 768/64/1
f 768/64/1 771/93/1 766/65/1
f 766/65/1 771/93/1 764/91/1
f 764/91/1 771/93/1 762/90/1
f 762/90/1 771/93/1 760/89/1
f 760/89/1 771/93/1 758/88/1
f 758/88/1 771/93/1 756/87/1
f 756/87/1 771/93/1 754/86/1
f 754/86/1 771/93/1 752/69/1
f 752/69/1 771/93/1 749/68/1
s 117
f 748/68/3 772/93/3 751/69/3
f 751/69/3 772/93/3 753/86/3
f 753/86/3 772/93/3 755/87/3
f 755/87/3 772/93/3 757/88/3
f 757/88/3 772/93/3 759/89/3
f 759/89/3 772/93/3 761/90/3
f 761/90/3 772/93/3 763/91/3
f 763/91/3 772/93/3 765/65/3
f 765/65/3 772/93/3 767/64/3
f 767/64/3 772/93/3 769/92/3
f 769/92/3 772/93/3 747/85/3
s 119
f 824/95/91 796/94/161 793/96/71
s 120
f 805/98/69 775/97/78 782/99/69
s 119
f 785/102/162 815/142/90 789/100/66
f 787/103/68 824/95/91 793/96/71
f 790/105/163 814/101/62 785/102/162
f 794/107/164 823/104/67 787/103/68
s 120
f 779/109/88 805/98/69 782/99/69
f 812/112/89 778/111/65 783/113/57
f 803/114/87 779/109/88 774/115/87
s 119
f 791/116/81 821/108/61 794/107/164
s 120
f 801/119/83 774/115/87 780/118/50
f 776/121/54 812/112/89 783/113/57
s 119
f 828/122/49 790/105/163 795/123/165
s 120
f 809/125/86 776/121/54 784/124/86
s 119
f 786/126/166 820/117/59 791/116/81
f 817/128/76 786/126/166 792/129/167
s 120
f 777/131/74 801/119/83 780/118/50
s 119
f 788/132/168 828/122/49 795/123/165
s 121
f 798/134/4 800/135/4 799/130/4
f 799/130/4 802/137/4 801/119/79
f 803/114/4 802/137/4 804/110/4
f 804/110/4 806/135/4 805/98/4
f 807/138/4 806/135/4 808/139/79
f 808/139/79 810/140/4 809/125/4
f 811/120/4 810/140/4 812/112/4
f 812/112/4 800/135/4 797/136/4
f 800/135/4 806/135/4 802/137/4
s 122
f 814/101/79 816/141/79 815/142/4
f 816/141/79 817/128/4 815/142/4
f 819/127/4 818/143/4 820/117/79
f 818/143/4 821/108/79 820/117/79
f 823/104/79 822/144/4 824/95/79
f 822/144/4 825/145/4 824/95/79
f 827/133/4 826/143/4 828/122/79
f 826/143/4 813/106/79 828/122/79
f 826/143/4 818/143/4 816/141/79
s 120
f 797/136/64 773/146/73 778/111/65
f 807/138/78 781/147/84 775/97/78
f 798/134/73 777/131/74 773/146/73
s 119
f 789/100/66 817/128/76 792/129/167
s 120
f 781/147/84 809/125/86 784/124/86
s 119
f 825/145/82 788/132/168 796/94/161
s 123
f 849/148/92 881/149/161 852/201/82
s 124
f 838/151/69 863/152/78 831/200/78
s 123
f 841/156/62 871/194/169 845/154/66
f 879/158/67 849/148/92 843/157/68
f 869/160/58 841/156/62 846/159/58
f 877/161/60 843/157/68 850/162/60
s 124
f 860/163/88 838/151/69 835/164/88
f 868/167/89 834/198/64 839/165/56
f 859/168/51 835/164/88 830/169/87
s 123
f 847/171/81 877/161/60 850/162/60
s 124
f 857/173/83 830/169/87 836/172/50
f 867/174/54 839/165/56 832/175/54
s 123
f 851/176/49 869/160/58 846/159/58
s 124
f 865/178/47 832/175/54 840/179/85
s 123
f 842/180/80 876/170/81 847/171/81
f 848/183/76 875/181/80 842/180/80
s 124
f 855/184/74 836/172/50 833/185/74
s 123
f 844/187/48 884/177/49 851/176/49
s 125
f 854/188/4 856/189/4 855/184/4
f 855/184/4 858/190/4 857/173/79
f 859/168/79 858/190/4 860/163/4
f 860/163/4 862/189/4 861/153/4
f 863/152/79 862/189/4 864/191/79
f 864/191/79 866/192/4 865/178/4
f 867/174/4 866/192/4 868/167/79
f 868/167/79 856/189/4 853/166/4
f 856/189/4 862/189/4 858/190/4
s 126
f 870/155/4 872/193/4 871/194/4
f 872/193/4 873/182/79 871/194/4
f 875/181/79 874/195/4 876/170/4
f 874/195/4 877/161/79 876/170/4
f 879/158/79 878/196/4 880/150/4
f 878/196/4 881/149/4 880/150/4
f 883/186/4 882/195/4 884/177/4
f 882/195/4 869/160/79 884/177/4
f 882/195/4 874/195/4 872/193/4
s 124
f 853/166/64 829/197/73 834/198/64
f 863/152/78 837/199/170 831/200/78
f 829/197/73 855/184/74 833/185/74
s 123
f 845/154/66 873/182/76 848/183/76
s 124
f 837/199/170 865/178/47 840/179/85
s 123
f 881/149/161 844/187/48 852/201/82
s 127
f 790/105/2 886/202/2 795/123/17
s 128
f 834/198/2 887/203/2 839/165/2
s 129
f 846/159/2 888/204/2 851/176/2
s 130
f 778/111/2 885/205/17 783/113/17
f 783/113/17 885/205/17 776/121/17
f 776/121/17 885/205/17 784/124/17
f 784/124/17 885/205/17 781/147/17
f 781/147/17 885/205/17 775/97/96
f 775/97/96 885/205/17 782/99/171
f 782/99/171 885/205/17 779/109/172
f 779/109/172 885/205/17 774/115/2
f 774/115/2 885/205/17 780/118/2
f 780/118/2 885/205/17 777/131/2
f 777/131/2 885/205/17 773/146/2
f 773/146/2 885/205/17 778/111/2
s 127
f 795/123/17 886/202/2 788/132/102
f 788/132/102 886/202/2 796/94/100
f 796/94/100 886/202/2 793/96/2
f 793/96/2 886/202/2 787/103/2
f 787/103/2 886/202/2 794/107/2
f 794/107/2 886/202/2 791/116/100
f 791/116/100 886/202/2 786/126/173
f 786/126/173 886/202/2 792/129/99
f 792/129/99 886/202/2 789/100/17
f 789/100/17 886/202/2 785/102/102
f 785/102/102 886/202/2 790/105/2
s 128
f 839/165/2 887/203/2 832/175/2
f 832/175/2 887/203/2 840/179/2
f 840/179/2 887/203/2 837/199/2
f 837/199/2 887/203/2 831/200/2
f 831/200/2 887/203/2 838/151/2
f 838/151/2 887/203/2 835/164/2
f 835/164/2 887/203/2 830/169/17
f 830/169/17 887/203/2 836/172/17
f 836/172/17 887/203/2 833/185/2
f 833/185/2 887/203/2 829/197/2
f 829/197/2 887/203/2 834/198/2
s 129
f 851/176/2 888/204/2 844/187/2
f 844/187/2 888/204/2 852/201/17
f 852/201/17 888/204/2 849/148/17
f 849/148/17 888/204/2 843/157/17
f 843/157/17 888/204/2 850/162/17
f 850/162/17 888/204/2 847/171/2
f 847/171/2 888/204/2 842/180/17
f 842/180/17 888/204/2 848/183/17
f 848/183/17 888/204/2 845/154/2
f 845/154/2 888/204/2 841/156/2
f 841/156/2 888/204/2 846/159/2
s 131
f 912/207/174 940/206/146 909/208/146
s 132
f 891/210/149 921/209/126 898/211/126
s 131
f 905/214/124 930/217/145 901/212/175
f 903/215/176 940/206/146 939/219/125
f 906/216/177 930/217/145 929/257/177
f 910/218/144 939/219/125 937/227/119
s 132
f 895/220/142 921/209/126 920/245/142
f 894/222/130 928/221/143 899/223/122
f 895/220/142 919/224/113 890/225/178
s 131
f 907/226/136 937/227/119 936/236/118
s 132
f 896/229/110 919/224/113 917/228/110
f 899/223/122 927/249/115 892/230/111
s 131
f 906/216/177 944/231/106 911/232/179
s 132
f 900/234/105 927/249/115 925/233/105
s 131
f 902/235/180 936/236/118 935/252/137
f 902/235/180 933/237/133 908/238/181
s 132
f 896/229/110 915/243/131 893/239/131
s 131
f 904/240/182 944/231/106 943/256/107
s 133
f 914/241/8 916/242/8 913/250/8
f 915/243/8 918/244/8 916/242/8
f 919/224/8 918/244/8 917/228/135
f 920/245/8 922/242/8 918/244/8
f 923/246/8 922/242/8 921/209/8
f 924/247/135 926/248/8 922/242/8
f 927/249/8 926/248/8 925/233/8
f 928/221/8 916/242/8 926/248/8
f 916/242/8 922/242/8 926/248/8
s 134
f 930/217/135 932/251/135 929/257/135
f 933/237/8 932/251/135 931/213/8
f 935/252/8 934/253/8 933/237/8
f 937/227/135 934/253/8 936/236/135
f 939/219/135 938/254/8 937/227/135
f 941/255/8 938/254/8 940/206/135
f 943/256/8 942/253/135 941/255/8
f 929/257/135 942/253/135 944/231/135
f 934/253/8 942/253/135 932/251/135
s 132
f 894/222/130 914/241/148 913/250/121
f 891/210/149 924/247/139 923/246/149
f 889/258/148 915/243/131 914/241/148
s 131
f 908/238/181 931/213/123 905/214/124
s 132
f 897/259/139 925/233/105 924/247/139
s 131
f 904/240/182 941/255/138 912/207/174
s 135
f 965/260/147 997/261/174 996/310/128
s 136
f 954/263/126 979/264/149 977/301/126
s 135
f 961/268/124 986/305/120 957/266/145
f 959/270/125 996/310/128 995/269/176
f 962/272/177 986/305/120 985/271/116
f 959/270/125 993/273/117 966/274/117
s 136
f 954/263/126 976/275/142 951/276/142
f 955/279/122 969/304/121 984/277/122
f 951/276/142 975/280/113 946/281/113
s 135
f 966/274/117 992/291/136 963/282/136
s 136
f 952/284/110 975/280/113 973/283/109
f 955/279/122 983/285/115 948/286/111
s 135
f 967/287/106 985/271/116 1000/297/106
s 136
f 948/286/111 981/288/103 956/289/140
s 135
f 958/290/137 992/291/136 991/293/137
f 958/290/137 989/307/133 964/292/133
s 136
f 952/284/110 971/294/131 949/295/183
s 135
f 967/287/106 999/311/107 960/296/107
s 137
f 970/298/8 972/299/8 969/304/8
f 971/294/8 974/300/8 972/299/8
f 975/280/135 974/300/8 973/283/135
f 976/275/8 978/299/8 974/300/8
f 979/264/135 978/299/8 977/301/8
f 980/302/135 982/303/8 978/299/8
f 983/285/8 982/303/8 981/288/8
f 984/277/135 972/299/8 982/303/8
f 972/299/8 978/299/8 982/303/8
s 138
f 986/305/8 988/306/8 985/271/135
f 989/307/135 988/306/8 987/267/8
f 991/293/135 990/308/8 989/307/135
f 993/273/135 990/308/8 992/291/8
f 995/269/135 994/309/8 993/273/135
f 997/261/135 994/309/8 996/310/8
f 999/311/8 998/308/8 997/261/135
f 985/271/135 998/308/8 1000/297/8
f 990/308/8 998/308/8 988/306/8
s 136
f 945/312/148 969/304/121 950/278/121
f 953/313/184 979/264/149 947/265/149
f 949/295/183 970/298/148 945/312/148
s 135
f 961/268/124 989/307/133 987/267/185
s 136
f 953/313/184 981/288/103 980/302/139
s 135
f 960/296/107 997/261/174 968/262/138
s 139
f 906/216/7 911/232/26 1002/314/7
s 140
f 950/278/7 955/279/7 1003/315/7
s 141
f 962/272/7 967/287/7 1004/316/7
s 142
f 894/222/7 899/223/26 1001/317/26
f 899/223/26 892/230/26 1001/317/26
f 892/230/26 900/234/26 1001/317/26
f 900/234/26 897/259/26 1001/317/26
f 897/259/26 891/210/151 1001/317/26
f 891/210/151 898/211/186 1001/317/26
f 898/211/186 895/220/187 1001/317/26
f 895/220/187 890/225/7 1001/317/26
f 890/225/7 896/229/7 1001/317/26
f 896/229/7 893/239/7 1001/317/26
f 893/239/7 889/258/7 1001/317/26
f 889/258/7 894/222/7 1001/317/26
s 139
f 911/232/26 904/240/157 1002/314/7
f 904/240/157 912/207/155 1002/314/7
f 912/207/155 909/208/7 1002/314/7
f 909/208/7 903/215/7 1002/314/7
f 903/215/7 910/218/7 1002/314/7
f 910/218/7 907/226/155 1002/314/7
f 907/226/155 902/235/188 1002/314/7
f 902/235/188 908/238/154 1002/314/7
f 908/238/154 905/214/26 1002/314/7
f 905/214/26 901/212/157 1002/314/7
f 901/212/157 906/216/7 1002/314/7
s 140
f 955/279/7 948/286/7 1003/315/7
f 948/286/7 956/289/7 1003/315/7
f 956/289/7 953/313/7 1003/315/7
f 953/313/7 947/265/7 1003/315/7
f 947/265/7 954/263/7 1003/315/7
f 954/263/7 951/276/7 1003/315/7
f 951/276/7 946/281/26 1003/315/7
f 946/281/26 952/284/26 1003/315/7
f 952/284/26 949/295/7 1003/315/7
f 949/295/7 945/312/7 1003/315/7
f 945/312/7 950/278/7 1003/315/7
s 141
f 967/287/7 960/296/7 1004/316/7
f 960/296/7 968/262/26 1004/316/7
f 968/262/26 965/260/26 1004/316/7
f 965/260/26 959/270/26 1004/316/7
f 959/270/26 966/274/26 1004/316/7
f 966/274/26 963/282/7 1004/316/7
f 963/282/7 958/290/26 1004/316/7
f 958/290/26 964/292/26 1004/316/7
f 964/292/26 961/268/7 1004/316/7
f 961/268/7 957/266/7 1004/316/7
f 957/266/7 962/272/7 1004/316/7
s 143
f 1075/318/9 1085/319/9 1074/318/9
s 144
f 1069/320/19 1077/321/19 1078/321/19
f 1005/322/19 1018/323/19 1007/323/19
s 145
f 1052/324/27 1060/325/27 1051/324/27
s 146
f 1097/326/25 1105/327/25 1106/327/25
f 1009/328/25 1046/329/25 1011/329/25
s 144
f 1070/323/19 1030/322/19 1077/322/19
s 143
f 1022/318/9 1032/319/9 1033/319/9
f 1021/330/9 1033/331/9 1034/331/9
f 1020/318/9 1034/319/9 1035/319/9
f 1020/330/9 1036/331/9 1019/330/9
f 1036/319/9 1008/318/9 1019/318/9
s 144
f 1018/320/19 1026/321/19 1017/320/19
f 1016/323/19 1026/322/19 1027/322/19
f 1015/320/19 1027/321/19 1028/321/19
f 1014/323/19 1028/322/19 1029/322/19
f 1013/320/19 1029/321/19 1030/321/19
s 147
f 1007/323/1 1037/332/1 1005/322/1
s 148
f 1031/331/8 1077/321/8 1032/331/8
f 1090/333/8 1081/321/8 1085/331/8
s 147
f 1038/334/1 1006/331/1 1037/335/1
s 149
f 1039/336/1 1012/324/1 1010/325/1
s 150
f 1101/324/7 1100/324/7 1120/337/7
f 1102/324/7 1101/324/7 1120/337/7
s 151
f 1055/327/8 1063/325/8 1056/327/8
f 1116/338/8 1106/328/8 1059/338/8
f 1109/327/8 1114/325/8 1113/325/8
f 1009/328/8 1039/339/8 1053/328/8
f 1057/327/8 1061/325/8 1058/327/8
s 146
f 1098/329/25 1058/328/25 1105/328/25
s 145
f 1050/340/27 1060/338/27 1061/338/27
s 150
f 1103/324/7 1102/324/7 1120/337/7
s 145
f 1049/324/27 1061/325/27 1062/325/27
s 150
f 1051/324/7 1050/324/7 1120/337/7
s 145
f 1048/340/27 1062/338/27 1063/338/27
s 150
f 1050/324/7 1049/324/7 1120/337/7
s 145
f 1048/324/27 1064/325/27 1047/324/27
s 150
f 1104/324/7 1103/324/7 1120/337/7
s 145
f 1064/338/27 1012/340/27 1047/340/27
s 150
f 1121/341/7 1104/324/7 1120/337/7
f 1119/342/7 1121/341/7 1120/337/7
s 146
f 1046/326/25 1054/327/25 1045/326/25
s 150
f 1093/326/7 1119/342/7 1120/337/7
s 146
f 1044/329/25 1054/328/25 1055/328/25
s 150
f 1094/326/7 1093/326/7 1120/337/7
s 146
f 1043/326/25 1055/327/25 1056/327/25
s 150
f 1095/326/7 1094/326/7 1120/337/7
s 146
f 1042/329/25 1056/328/25 1057/328/25
s 150
f 1096/326/7 1095/326/7 1120/337/7
s 146
f 1041/326/25 1057/327/25 1058/327/25
s 150
f 1097/326/7 1096/326/7 1120/337/7
s 145
f 1103/340/27 1113/338/27 1102/340/27
s 150
f 1098/326/7 1097/326/7 1120/337/7
s 148
f 1088/319/8 1078/322/8 1031/319/8
f 1089/343/8 1085/319/8 1084/319/8
f 1037/335/8 1026/321/8 1025/321/8
f 1005/322/8 1037/332/8 1025/322/8
f 1034/319/8 1028/322/8 1035/319/8
s 151
f 1060/338/8 1058/328/8 1061/338/8
f 1062/338/8 1056/328/8 1063/338/8
s 143
f 1083/331/9 1075/330/9 1076/330/9
f 1074/330/9 1086/331/9 1073/330/9
f 1072/318/9 1086/319/9 1087/319/9
f 1071/330/9 1087/331/9 1088/331/9
f 1088/319/9 1024/318/9 1071/318/9
s 144
f 1068/323/19 1078/322/19 1079/322/19
f 1068/320/19 1080/321/19 1067/320/19
f 1067/323/19 1081/322/19 1066/323/19
s 152
f 1089/343/3 1092/344/3 1090/345/3
s 144
f 1081/321/19 1065/320/19 1066/320/19
s 148
f 1089/346/8 1084/331/8 1083/331/8
f 1087/331/8 1079/321/8 1088/331/8
f 1086/319/8 1080/322/8 1087/319/8
s 151
f 1114/338/8 1108/328/8 1115/338/8
f 1107/327/8 1115/325/8 1108/327/8
f 1064/338/8 1054/328/8 1010/338/8
f 1118/347/8 1113/338/8 1112/338/8
f 1039/336/8 1054/327/8 1053/327/8
s 145
f 1111/325/27 1103/324/27 1104/324/27
f 1102/324/27 1114/325/27 1101/324/27
s 150
f 1041/326/7 1098/326/7 1120/337/7
s 145
f 1100/340/27 1114/338/27 1115/338/27
s 150
f 1042/326/7 1041/326/7 1120/337/7
s 145
f 1099/324/27 1115/325/27 1116/325/27
s 150
f 1043/326/7 1042/326/7 1120/337/7
s 145
f 1116/338/27 1052/340/27 1099/340/27
s 150
f 1044/326/7 1043/326/7 1120/337/7
f 1045/326/7 1044/326/7 1120/337/7
f 1046/326/7 1045/326/7 1120/337/7
s 146
f 1096/329/25 1106/328/25 1107/328/25
s 150
f 1011/326/7 1046/326/7 1120/337/7
s 146
f 1096/326/25 1108/327/25 1095/326/25
s 150
f 1040/337/7 1011/326/7 1120/337/7
s 146
f 1095/329/25 1109/328/25 1094/329/25
s 150
f 1012/324/7 1040/337/7 1120/337/7
s 153
f 1117/348/3 1121/349/3 1119/350/3
s 150
f 1047/324/7 1012/324/7 1120/337/7
s 146
f 1109/327/25 1093/326/25 1094/326/25
s 151
f 1118/351/8 1112/325/8 1111/325/8
s 148
f 1035/331/8 1027/321/8 1036/331/8
f 1030/322/8 1032/319/8 1077/322/8
f 1029/321/8 1033/331/8 1030/321/8
s 153
f 1104/324/3 1118/351/3 1111/325/3
s 150
f 1049/324/7 1048/324/7 1120/337/7
f 1048/324/7 1047/324/7 1120/337/7
s 153
f 1110/327/3 1119/342/3 1093/326/3
s 152
f 1091/352/3 1083/331/3 1076/330/3
f 1065/320/3 1090/333/3 1092/353/3
s 151
f 1105/327/8 1059/325/8 1106/327/8
s 148
f 1036/319/8 1026/322/8 1006/319/8
s 149
f 1009/327/1 1040/337/1 1039/336/1
s 150
f 1100/324/7 1099/324/7 1120/337/7
f 1099/324/7 1052/324/7 1120/337/7
f 1052/324/7 1051/324/7 1120/337/7
s 143
f 1024/330/9 1032/331/9 1023/330/9
s 154
f 1073/330/7 1072/330/7 1122/334/7
f 1074/330/7 1073/330/7 1122/334/7
f 1075/330/7 1074/330/7 1122/334/7
f 1076/330/7 1075/330/7 1122/334/7
f 1091/352/7 1076/330/7 1122/334/7
f 1092/353/7 1091/352/7 1122/334/7
f 1065/320/7 1092/353/7 1122/334/7
f 1066/320/7 1065/320/7 1122/334/7
f 1067/320/7 1066/320/7 1122/334/7
f 1068/320/7 1067/320/7 1122/334/7
f 1069/320/7 1068/320/7 1122/334/7
f 1070/320/7 1069/320/7 1122/334/7
f 1013/320/7 1070/320/7 1122/334/7
f 1014/320/7 1013/320/7 1122/334/7
f 1015/320/7 1014/320/7 1122/334/7
f 1016/320/7 1015/320/7 1122/334/7
f 1017/320/7 1016/320/7 1122/334/7
f 1018/320/7 1017/320/7 1122/334/7
f 1007/320/7 1018/320/7 1122/334/7
f 1038/334/7 1007/320/7 1122/334/7
f 1008/330/7 1038/334/7 1122/334/7
f 1019/330/7 1008/330/7 1122/334/7
f 1020/330/7 1019/330/7 1122/334/7
f 1021/330/7 1020/330/7 1122/334/7
f 1022/330/7 1021/330/7 1122/334/7
f 1023/330/7 1022/330/7 1122/334/7
f 1024/330/7 1023/330/7 1122/334/7
f 1071/330/7 1024/330/7 1122/334/7
f 1072/330/7 1071/330/7 1122/334/7
s 155
f 1203/354/5 1193/355/5 1192/355/5
s 156
f 1187/356/10 1195/357/10 1188/356/10
f 1136/358/10 1123/359/10 1125/358/10
s 157
f 1178/360/18 1170/361/18 1169/361/18
s 158
f 1215/362/16 1223/363/16 1216/362/16
f 1164/364/16 1127/365/16 1129/364/16
s 156
f 1188/358/10 1148/359/10 1131/358/10
s 155
f 1140/355/5 1150/354/5 1141/355/5
f 1139/366/5 1151/367/5 1140/366/5
f 1138/355/5 1152/354/5 1139/355/5
f 1154/367/5 1138/366/5 1137/366/5
f 1126/355/5 1154/354/5 1137/355/5
s 156
f 1144/357/10 1136/356/10 1135/356/10
f 1134/358/10 1144/359/10 1135/358/10
f 1133/356/10 1145/357/10 1134/356/10
f 1132/358/10 1146/359/10 1133/358/10
f 1131/356/10 1147/357/10 1132/356/10
s 159
f 1155/368/1 1125/358/1 1123/359/1
s 160
f 1149/367/4 1195/357/4 1196/357/4
f 1203/367/4 1199/357/4 1208/369/4
s 159
f 1124/367/1 1156/370/1 1155/371/1
s 161
f 1157/372/1 1130/361/1 1158/373/1
s 162
f 1219/361/2 1238/373/2 1218/361/2
f 1220/361/2 1238/373/2 1219/361/2
s 163
f 1181/360/4 1173/363/4 1174/363/4
f 1234/374/4 1224/365/4 1225/365/4
f 1231/360/4 1232/360/4 1227/363/4
f 1127/365/4 1171/365/4 1157/375/4
f 1179/360/4 1175/363/4 1176/363/4
s 158
f 1216/364/16 1176/365/16 1159/364/16
s 157
f 1168/376/18 1178/374/18 1169/376/18
s 162
f 1221/361/2 1238/373/2 1220/361/2
s 157
f 1167/361/18 1179/360/18 1168/361/18
s 162
f 1169/361/2 1238/373/2 1168/361/2
s 157
f 1166/376/18 1180/374/18 1167/376/18
s 162
f 1168/361/2 1238/373/2 1167/361/2
s 157
f 1182/360/18 1166/361/18 1165/361/18
s 162
f 1222/361/2 1238/373/2 1221/361/2
s 157
f 1130/376/18 1182/374/18 1165/376/18
s 162
f 1239/377/2 1238/373/2 1222/361/2
f 1237/378/2 1238/373/2 1239/377/2
s 158
f 1172/363/16 1164/362/16 1163/362/16
s 162
f 1211/362/2 1238/373/2 1237/378/2
s 158
f 1162/364/16 1172/365/16 1163/364/16
s 162
f 1212/362/2 1238/373/2 1211/362/2
s 158
f 1161/362/16 1173/363/16 1162/362/16
s 162
f 1213/362/2 1238/373/2 1212/362/2
s 158
f 1160/364/16 1174/365/16 1161/364/16
s 162
f 1214/362/2 1238/373/2 1213/362/2
s 158
f 1159/362/16 1175/363/16 1160/362/16
s 162
f 1215/362/2 1238/373/2 1214/362/2
s 157
f 1231/374/18 1221/376/18 1220/376/18
s 162
f 1216/362/2 1238/373/2 1215/362/2
s 160
f 1206/354/4 1196/359/4 1197/359/4
f 1207/379/4 1203/354/4 1208/380/4
f 1144/357/4 1155/371/4 1143/357/4
f 1123/359/4 1143/359/4 1155/368/4
f 1152/354/4 1146/359/4 1147/359/4
s 163
f 1178/374/4 1176/365/4 1223/365/4
f 1180/374/4 1174/365/4 1175/365/4
s 155
f 1193/366/5 1201/367/5 1194/366/5
f 1204/367/5 1192/366/5 1191/366/5
f 1190/355/5 1204/354/5 1191/355/5
f 1189/366/5 1205/367/5 1190/366/5
f 1142/355/5 1206/354/5 1189/355/5
s 156
f 1186/358/10 1196/359/10 1187/358/10
f 1198/357/10 1186/356/10 1185/356/10
f 1199/359/10 1185/358/10 1184/358/10
s 164
f 1210/381/3 1207/379/3 1208/380/3
s 156
f 1183/356/10 1199/357/10 1184/356/10
s 160
f 1207/382/4 1201/367/4 1202/367/4
f 1205/367/4 1197/357/4 1198/357/4
f 1204/354/4 1198/359/4 1199/359/4
s 163
f 1232/374/4 1226/365/4 1227/365/4
f 1233/360/4 1225/363/4 1226/363/4
f 1172/365/4 1182/374/4 1128/374/4
f 1236/383/4 1231/374/4 1235/384/4
f 1157/372/4 1172/363/4 1128/360/4
s 157
f 1221/361/18 1229/360/18 1222/361/18
f 1232/360/18 1220/361/18 1219/361/18
s 162
f 1159/362/2 1238/373/2 1216/362/2
s 157
f 1218/376/18 1232/374/18 1219/376/18
s 162
f 1160/362/2 1238/373/2 1159/362/2
s 157
f 1217/361/18 1233/360/18 1218/361/18
s 162
f 1161/362/2 1238/373/2 1160/362/2
s 157
f 1170/376/18 1234/374/18 1217/376/18
s 162
f 1162/362/2 1238/373/2 1161/362/2
f 1163/362/2 1238/373/2 1162/362/2
f 1164/362/2 1238/373/2 1163/362/2
s 158
f 1214/364/16 1224/365/16 1215/364/16
s 162
f 1129/362/2 1238/373/2 1164/362/2
s 158
f 1226/363/16 1214/362/16 1213/362/16
s 162
f 1158/373/2 1238/373/2 1129/362/2
s 158
f 1227/365/16 1213/364/16 1212/364/16
s 162
f 1130/361/2 1238/373/2 1158/373/2
s 165
f 1239/385/3 1235/384/3 1237/386/3
s 162
f 1165/361/2 1238/373/2 1130/361/2
s 158
f 1211/362/16 1227/363/16 1212/362/16
s 163
f 1236/387/4 1229/360/4 1230/360/4
s 160
f 1153/367/4 1145/357/4 1146/357/4
f 1148/359/4 1150/354/4 1151/354/4
f 1147/357/4 1151/367/4 1152/367/4
s 165
f 1222/361/3 1236/387/3 1239/377/3
s 162
f 1167/361/2 1238/373/2 1166/361/2
f 1166/361/2 1238/373/2 1165/361/2
s 165
f 1237/378/3 1228/363/3 1211/362/3
s 164
f 1201/367/3 1209/388/3 1194/366/3
f 1183/356/3 1208/369/3 1200/357/3
s 163
f 1177/360/4 1223/363/4 1224/363/4
s 160
f 1144/359/4 1154/354/4 1124/354/4
s 161
f 1127/365/1 1158/389/1 1129/364/1
s 162
f 1218/361/2 1238/373/2 1217/361/2
f 1217/361/2 1238/373/2 1170/361/2
f 1170/361/2 1238/373/2 1169/361/2
s 155
f 1150/367/5 1142/366/5 1141/366/5
s 166
f 1191/366/2 1240/370/2 1190/366/2
f 1192/366/2 1240/370/2 1191/366/2
f 1193/366/2 1240/370/2 1192/366/2
f 1194/366/2 1240/370/2 1193/366/2
f 1209/388/2 1240/370/2 1194/366/2
f 1210/390/2 1240/370/2 1209/388/2
f 1183/356/2 1240/370/2 1210/390/2
f 1184/356/2 1240/370/2 1183/356/2
f 1185/356/2 1240/370/2 1184/356/2
f 1186/356/2 1240/370/2 1185/356/2
f 1187/356/2 1240/370/2 1186/356/2
f 1188/356/2 1240/370/2 1187/356/2
f 1131/356/2 1240/370/2 1188/356/2
f 1132/356/2 1240/370/2 1131/356/2
f 1133/356/2 1240/370/2 1132/356/2
f 1134/356/2 1240/370/2 1133/356/2
f 1135/356/2 1240/370/2 1134/356/2
f 1136/356/2 1240/370/2 1135/356/2
f 1125/356/2 1240/370/2 1136/356/2
f 1156/370/2 1240/370/2 1125/356/2
f 1126/366/2 1240/370/2 1156/370/2
f 1137/366/2 1240/370/2 1126/366/2
f 1138/366/2 1240/370/2 1137/366/2
f 1139/366/2 1240/370/2 1138/366/2
f 1140/366/2 1240/370/2 1139/366/2
f 1141/366/2 1240/370/2 1140/366/2
f 1142/366/2 1240/370/2 1141/366/2
f 1189/366/2 1240/370/2 1142/366/2
f 1190/366/2 1240/370/2 1189/366/2
s 1
f 1/1/1 2/4/1 6/2/1
s 2
f 2/4/2 4/4/2 7/2/2
s 3
f 3/1/3 8/3/3 7/2/3
s 4
f 3/1/4 1/1/4 5/3/4
s 5
f 2/4/5 1/1/5 3/1/5
s 6
f 7/2/6 8/3/6 5/3/6
s 7
f 14/5/1 10/8/1 9/6/1
s 8
f 15/5/7 12/8/7 10/8/7
s 9
f 11/6/3 12/8/3 15/5/3
s 10
f 13/7/8 9/6/8 11/6/8
s 11
f 11/6/9 9/6/9 10/8/9
s 12
f 13/7/6 16/7/6 15/5/6
s 13
f 22/9/4 18/9/4 17/10/4
s 14
f 23/11/10 21/10/10 17/10/10
s 15
f 20/12/5 18/9/5 22/9/5
s 16
f 18/9/1 20/12/1 19/11/1
s 17
f 20/12/2 24/12/2 23/11/2
s 18
f 35/13/1 39/19/11 57/14/11
s 19
f 25/16/1 30/24/11 46/17/11
s 18
f 33/13/3 51/15/3 50/14/12
f 35/13/1 56/15/1 55/20/13
s 19
f 29/22/13 25/16/1 45/18/1
f 32/22/14 41/23/14 49/18/3
f 28/16/3 49/18/3 48/17/12
s 18
f 34/25/16 38/21/13 55/20/13
s 20
f 42/27/17 43/23/17 44/18/17
f 45/18/17 46/17/17 44/18/17
f 47/28/2 48/17/2 44/18/17
f 49/18/17 41/23/17 44/18/17
s 21
f 51/15/17 52/20/17 53/15/17
f 54/26/17 55/20/17 53/15/17
f 56/15/17 57/14/17 53/15/17
f 58/29/2 50/14/2 53/15/17
s 18
f 37/21/14 52/20/14 51/15/3
s 19
f 30/24/11 27/30/18 47/28/18
s 18
f 39/19/11 36/31/18 58/29/18
s 19
f 32/22/14 26/32/16 42/27/16
f 27/30/18 31/24/15 48/17/12
s 18
f 40/19/12 50/14/12 58/29/18
s 19
f 26/32/16 29/22/13 43/23/13
s 18
f 37/21/14 34/25/16 54/26/16
s 22
f 23/11/3 24/12/3 22/9/3
s 23
f 59/33/8 60/34/8 64/34/8
s 24
f 59/33/19 63/33/19 65/35/19
s 25
f 64/34/9 60/34/9 62/36/9
s 26
f 61/35/1 62/36/1 60/34/1
s 27
f 65/35/7 66/36/7 62/36/7
s 28
f 77/37/1 98/52/1 99/38/20
s 29
f 67/40/1 87/46/1 88/41/20
s 28
f 92/38/21 93/52/3 75/37/3
f 97/43/22 98/52/1 77/37/1
s 29
f 71/45/22 85/50/22 87/46/1
f 91/46/3 83/50/23 74/45/23
f 90/41/24 91/46/3 70/40/3
s 28
f 96/47/25 97/43/22 80/44/22
s 30
f 84/49/26 83/50/26 86/46/26
f 87/46/26 85/50/26 86/46/26
f 89/51/7 88/41/26 86/46/26
f 91/46/26 90/41/7 86/46/26
s 31
f 93/52/26 92/38/7 95/52/26
f 96/47/26 94/43/26 95/52/26
f 98/52/26 97/43/26 95/52/26
f 100/53/7 99/38/26 95/52/26
s 28
f 93/52/3 94/43/28 79/44/23
s 29
f 72/42/20 88/41/20 89/51/27
s 28
f 81/39/20 99/38/20 100/53/27
s 29
f 83/50/23 84/49/25 68/56/25
f 89/51/27 90/41/24 73/42/24
s 28
f 100/53/27 92/38/21 82/39/21
s 29
f 68/56/25 84/49/25 85/50/22
s 28
f 94/43/28 96/47/25 76/48/25
s 32
f 65/35/3 63/33/3 64/34/3
s 33
f 125/57/29 126/57/29 199/58/30
f 129/59/31 130/59/31 126/57/29
s 34
f 131/59/31 132/59/31 128/57/29
s 33
f 133/60/32 134/60/32 130/59/31
s 34
f 135/60/32 136/60/32 132/59/31
s 33
f 137/61/33 138/61/33 134/60/32
s 34
f 139/61/33 140/61/33 136/60/32
s 33
f 143/62/34 144/62/34 138/61/33
s 34
f 147/62/35 148/62/35 140/61/33
s 33
f 142/63/36 141/63/36 144/62/34
s 35
f 121/64/37 265/64/37 263/65/6
s 34
f 146/63/36 145/63/36 148/62/35
s 36
f 195/66/3 148/62/3 145/63/3
s 37
f 104/68/29 247/68/29 250/69/31
s 38
f 154/70/38 220/75/38 142/63/1
s 39
f 169/71/39 203/76/39 199/58/3
s 36
f 187/73/3 136/60/3 140/61/3
f 155/70/3 150/67/3 145/63/3
s 38
f 170/71/40 174/72/1 200/58/1
s 40
f 188/73/1 192/74/1 139/61/1
s 39
f 165/77/3 161/82/3 211/78/3
s 36
f 179/80/3 128/57/3 132/59/3
s 40
f 196/66/1 149/67/1 146/63/1
f 156/70/1 218/75/1 146/63/1
s 38
f 166/77/1 208/79/1 212/78/1
s 33
f 142/63/36 220/75/41 219/75/41
s 34
f 218/75/41 217/75/41 145/63/36
s 33
f 216/83/42 215/83/43 219/75/41
s 34
f 214/83/42 213/83/42 217/75/41
s 33
f 212/78/6 211/78/6 215/83/43
s 34
f 210/78/6 209/78/6 213/83/42
s 33
f 208/79/37 207/79/37 211/78/6
s 34
f 206/79/37 205/79/37 209/78/6
s 33
f 204/76/44 203/76/44 207/79/37
s 34
f 202/76/44 201/76/44 205/79/37
s 33
f 200/58/30 199/58/30 203/76/44
s 34
f 198/58/30 197/58/30 201/76/44
f 127/57/29 128/57/29 197/58/30
s 40
f 180/80/1 184/81/1 131/59/1
s 39
f 153/70/45 219/75/45 215/83/3
s 36
f 171/71/3 201/76/3 197/58/3
s 39
f 193/66/45 189/74/3 138/61/3
s 38
f 154/70/38 158/84/1 216/83/1
s 40
f 172/71/1 176/72/1 198/58/1
s 38
f 194/66/38 143/62/38 137/61/1
s 36
f 167/77/3 163/82/3 209/78/3
s 39
f 185/73/3 181/81/3 130/59/3
s 40
f 168/77/1 206/79/1 210/78/1
s 38
f 186/73/1 133/60/1 129/59/1
s 36
f 155/70/3 217/75/3 213/83/3
s 39
f 177/80/39 173/72/3 199/58/3
s 36
f 195/66/3 191/74/3 140/61/3
s 40
f 156/70/1 160/84/1 214/83/1
s 38
f 178/80/40 125/57/40 200/58/1
s 40
f 196/66/1 147/62/1 139/61/1
s 39
f 169/71/39 165/77/3 207/79/3
s 36
f 187/73/3 183/81/3 132/59/3
s 38
f 170/71/40 204/76/40 208/79/1
s 40
f 188/73/1 135/60/1 131/59/1
s 39
f 157/84/3 215/83/3 211/78/3
s 36
f 179/80/3 175/72/3 197/58/3
s 39
f 193/66/45 144/62/45 141/63/3
s 41
f 150/67/36 155/70/41 222/70/41
f 195/66/35 150/67/36 221/67/36
s 42
f 152/67/36 153/70/41 156/70/41
f 193/66/35 152/67/36 149/67/36
s 43
f 194/66/35 244/66/35 224/67/36
f 224/67/36 223/70/41 154/70/41
f 223/70/41 226/84/42 158/84/42
s 42
f 153/70/41 157/84/42 160/84/42
s 41
f 155/70/41 159/84/42 225/84/42
s 43
f 226/84/42 228/82/6 162/82/6
s 42
f 157/84/42 161/82/6 164/82/6
s 41
f 159/84/42 163/82/6 227/82/6
s 43
f 228/82/6 230/77/37 166/77/37
s 42
f 161/82/6 165/77/37 168/77/37
s 41
f 163/82/6 167/77/37 229/77/37
s 43
f 230/77/37 232/71/44 170/71/44
s 42
f 165/77/37 169/71/44 172/71/44
s 41
f 167/77/37 171/71/44 231/71/44
s 43
f 232/71/44 234/72/30 174/72/30
s 42
f 169/71/44 173/72/30 176/72/30
s 41
f 171/71/44 175/72/30 233/72/30
s 43
f 234/72/30 236/80/29 178/80/29
s 42
f 173/72/30 177/80/29 180/80/29
s 41
f 175/72/30 179/80/29 235/80/29
s 43
f 236/80/29 238/81/31 182/81/31
s 42
f 177/80/29 181/81/31 184/81/31
s 41
f 179/80/29 183/81/31 237/81/31
s 43
f 238/81/31 240/73/32 186/73/32
s 42
f 181/81/31 185/73/32 188/73/32
s 41
f 183/81/31 187/73/32 239/73/32
s 43
f 240/73/32 242/74/33 190/74/33
s 42
f 185/73/32 189/74/33 192/74/33
s 41
f 187/73/32 191/74/33 241/74/33
s 43
f 242/74/33 244/66/35 194/66/35
s 42
f 189/74/33 193/66/35 196/66/35
s 41
f 191/74/33 195/66/35 243/66/35
s 38
f 178/80/40 182/81/1 129/59/1
s 40
f 160/84/1 164/82/1 210/78/1
s 39
f 153/70/45 152/67/3 141/63/3
f 177/80/39 126/57/39 130/59/3
s 36
f 159/84/3 213/83/3 209/78/3
s 38
f 186/73/1 190/74/1 137/61/1
s 40
f 172/71/1 202/76/1 206/79/1
s 38
f 194/66/38 151/67/1 142/63/1
s 39
f 185/73/3 134/60/3 138/61/3
s 36
f 171/71/3 167/77/3 205/79/3
s 40
f 180/80/1 127/57/1 198/58/1
s 38
f 158/84/1 162/82/1 212/78/1
s 44
f 101/85/1 221/67/1 222/70/1
s 45
f 102/85/3 104/68/3 223/70/3
s 44
f 103/68/1 222/70/1 225/84/1
s 45
f 104/68/3 106/69/3 226/84/3
s 44
f 105/69/1 225/84/1 227/82/1
s 45
f 106/69/3 108/86/3 228/82/3
s 44
f 109/87/1 107/86/1 227/82/1
s 45
f 110/87/3 230/77/3 228/82/3
s 44
f 111/88/1 109/87/1 229/77/1
s 45
f 112/88/3 232/71/3 230/77/3
s 44
f 113/89/1 111/88/1 231/71/1
s 45
f 114/89/3 234/72/3 232/71/3
s 44
f 113/89/1 233/72/1 235/80/1
s 45
f 114/89/3 116/90/3 236/80/3
s 44
f 115/90/1 235/80/1 237/81/1
s 45
f 116/90/3 118/91/3 238/81/3
s 44
f 117/91/40 237/81/1 239/73/1
s 45
f 118/91/3 120/65/3 240/73/3
s 44
f 121/64/38 119/65/1 239/73/1
s 45
f 122/64/3 242/74/3 240/73/3
s 44
f 123/92/1 121/64/38 241/74/1
s 45
f 124/92/3 244/66/3 242/74/3
s 44
f 101/85/1 123/92/1 243/66/1
s 45
f 102/85/3 224/67/3 244/66/3
s 37
f 112/88/35 256/88/35 258/89/36
s 35
f 107/86/32 251/86/32 249/69/31
s 37
f 120/65/6 264/65/6 266/64/37
s 35
f 115/90/41 259/90/41 257/89/36
s 37
f 106/69/31 250/69/31 252/86/32
s 35
f 123/92/44 267/92/44 265/64/37
s 37
f 114/89/36 258/89/36 260/90/41
s 35
f 109/87/33 253/87/33 251/86/32
s 37
f 122/64/37 266/64/37 268/92/44
s 35
f 117/91/42 261/91/42 259/90/41
s 37
f 108/86/32 252/86/32 254/87/33
s 35
f 101/85/30 245/85/30 267/92/44
f 103/68/29 246/68/29 245/85/30
s 37
f 116/90/41 260/90/41 262/91/42
s 35
f 111/88/35 255/88/35 253/87/33
s 37
f 124/92/44 268/92/44 248/85/30
f 102/85/30 248/85/30 247/68/29
s 35
f 119/65/6 263/65/6 261/91/42
s 37
f 110/87/33 254/87/33 256/88/35
s 35
f 105/69/31 249/69/31 246/68/29
s 37
f 118/91/42 262/91/42 264/65/6
s 35
f 113/89/36 257/89/36 255/88/35
s 48
f 294/94/46 323/145/84 322/95/47
s 49
f 273/97/48 305/138/48 303/98/49
s 48
f 287/100/50 313/142/83 312/101/51
f 285/103/53 291/96/47 322/95/47
f 288/105/55 283/102/52 312/101/51
f 292/107/56 285/103/53 321/104/54
s 49
f 277/109/58 280/99/49 303/98/49
f 276/111/59 295/136/81 310/112/60
f 277/109/58 302/110/58 301/114/62
s 48
f 289/116/64 292/107/56 319/108/57
s 49
f 278/118/66 272/115/63 301/114/62
f 281/113/61 310/112/60 309/120/67
s 48
f 288/105/55 311/106/55 326/122/69
s 49
f 282/124/71 274/121/68 309/120/67
s 48
f 284/126/72 289/116/64 318/117/65
f 284/126/72 317/127/73 315/128/74
s 49
f 278/118/66 299/119/66 297/130/76
s 48
f 286/132/77 293/123/70 326/122/69
s 50
f 296/134/4 297/130/4 298/135/4
f 297/130/4 299/119/79 300/137/4
f 301/114/4 302/110/4 300/137/4
f 302/110/4 303/98/4 304/135/4
f 305/138/4 306/139/79 304/135/4
f 306/139/79 307/125/4 308/140/4
f 309/120/4 310/112/4 308/140/4
f 310/112/4 295/136/4 298/135/4
f 298/135/4 300/137/4 304/135/4
s 51
f 312/101/79 313/142/4 314/141/79
f 315/128/4 316/143/4 314/141/79
f 317/127/4 318/117/79 316/143/4
f 319/108/79 320/144/4 316/143/4
f 321/104/79 322/95/79 320/144/4
f 323/145/4 324/143/79 320/144/4
f 325/133/4 326/122/79 324/143/79
f 311/106/79 314/141/79 324/143/79
f 316/143/4 320/144/4 324/143/79
s 49
f 276/111/59 271/146/80 296/134/80
f 273/97/48 279/147/82 306/139/82
f 271/146/80 275/131/76 297/130/76
s 48
f 290/129/75 315/128/74 313/142/83
s 49
f 279/147/82 282/124/71 307/125/71
s 48
f 286/132/77 325/133/78 323/145/84
s 52
f 347/148/85 350/201/84 379/149/46
s 53
f 336/151/49 329/200/48 361/152/48
s 52
f 343/154/50 369/194/95 368/155/87
f 341/157/54 347/148/85 378/150/86
f 344/159/55 339/156/51 368/155/87
f 341/157/54 377/158/53 375/161/89
s 53
f 336/151/49 359/153/49 358/163/58
f 337/165/61 332/198/81 351/166/81
f 333/164/58 358/163/58 357/168/62
s 52
f 348/162/89 375/161/89 374/170/64
s 53
f 334/172/66 328/169/62 357/168/62
f 337/165/61 366/167/61 365/174/67
s 52
f 349/176/69 344/159/55 367/160/88
s 53
f 330/175/68 365/174/67 363/178/91
s 52
f 340/180/73 345/171/64 374/170/64
f 340/180/73 373/181/73 371/182/74
s 53
f 334/172/66 355/173/90 353/184/76
s 52
f 349/176/69 382/177/69 381/186/78
s 54
f 352/188/4 353/184/4 354/189/4
f 353/184/4 355/173/79 356/190/4
f 357/168/79 358/163/4 356/190/4
f 358/163/4 359/153/4 360/189/4
f 361/152/79 362/191/79 360/189/4
f 362/191/79 363/178/4 364/192/4
f 365/174/4 366/167/79 364/192/4
f 366/167/79 351/166/4 354/189/4
f 354/189/4 356/190/4 360/189/4
s 55
f 368/155/4 369/194/4 370/193/4
f 371/182/79 372/195/4 370/193/4
f 373/181/79 374/170/4 372/195/4
f 375/161/79 376/196/4 372/195/4
f 377/158/79 378/150/4 376/196/4
f 379/149/79 380/195/4 376/196/4
f 381/186/4 382/177/4 380/195/4
f 367/160/79 370/193/4 380/195/4
f 372/195/4 376/196/4 380/195/4
s 53
f 327/197/80 352/188/80 351/166/81
f 335/199/94 362/191/82 361/152/48
f 331/185/93 353/184/76 352/188/80
s 52
f 343/154/50 346/183/74 371/182/74
s 53
f 335/199/94 338/179/92 363/178/91
s 52
f 342/187/78 381/186/78 379/149/46
s 60
f 438/206/103 439/255/139 410/207/104
s 61
f 419/209/106 421/246/107 389/210/107
s 60
f 399/212/108 428/217/113 429/213/109
f 401/215/111 437/219/115 438/206/103
f 404/216/112 427/257/112 428/217/113
f 408/218/114 435/227/122 437/219/115
s 61
f 393/220/116 418/245/116 419/209/106
f 426/221/117 411/250/136 392/222/118
f 417/224/120 418/245/116 393/220/116
s 60
f 405/226/121 434/236/130 435/227/122
s 61
f 415/228/123 417/224/120 388/225/120
f 390/230/125 425/249/125 426/221/117
s 60
f 442/231/126 427/257/112 404/216/112
s 61
f 423/233/128 425/249/125 390/230/125
s 60
f 400/235/129 433/252/148 434/236/130
f 431/237/131 433/252/148 400/235/129
s 61
f 391/239/133 413/243/133 415/228/123
s 60
f 402/240/134 441/256/149 442/231/126
s 62
f 412/241/8 411/250/8 414/242/8
f 413/243/8 414/242/8 416/244/8
f 417/224/8 415/228/135 416/244/8
f 418/245/8 416/244/8 420/242/8
f 421/246/8 419/209/8 420/242/8
f 422/247/135 420/242/8 424/248/8
f 425/249/8 423/233/8 424/248/8
f 426/221/8 424/248/8 414/242/8
f 414/242/8 424/248/8 420/242/8
s 63
f 428/217/135 427/257/135 430/251/135
f 430/251/135 432/253/8 431/237/8
f 433/252/8 431/237/8 432/253/8
f 432/253/8 436/254/8 435/227/135
f 437/219/135 435/227/135 436/254/8
f 436/254/8 440/253/8 439/255/8
f 441/256/8 439/255/8 440/253/8
f 440/253/8 430/251/135 427/257/135
f 440/253/8 436/254/8 432/253/8
s 61
f 411/250/136 412/241/137 387/258/137
f 421/246/107 422/247/138 395/259/138
f 412/241/137 413/243/133 391/239/133
s 60
f 403/214/110 429/213/109 431/237/131
s 61
f 395/259/138 422/247/138 423/233/128
s 60
f 439/255/139 441/256/149 402/240/134
s 64
f 463/260/140 494/310/105 495/261/104
s 65
f 452/263/106 475/301/106 477/264/107
s 64
f 455/266/113 484/305/178 485/267/141
f 493/269/115 494/310/105 463/260/140
f 483/271/142 484/305/178 455/266/113
f 491/273/143 493/269/115 457/270/111
s 65
f 474/275/116 475/301/106 452/263/106
f 482/277/117 467/304/136 448/278/136
f 473/280/145 474/275/116 449/276/116
s 64
f 461/282/121 490/291/121 491/273/143
s 65
f 471/283/123 473/280/145 444/281/120
f 481/285/125 482/277/117 453/279/144
s 64
f 465/287/126 498/297/126 483/271/142
s 65
f 479/288/146 481/285/125 446/286/125
s 64
f 456/290/148 489/293/148 490/291/121
f 462/292/131 487/307/131 489/293/148
s 65
f 469/294/133 471/283/123 450/284/124
s 64
f 458/296/149 497/311/149 498/297/126
s 66
f 468/298/8 467/304/8 470/299/8
f 469/294/8 470/299/8 472/300/8
f 473/280/135 471/283/135 472/300/8
f 474/275/8 472/300/8 476/299/8
f 477/264/135 475/301/8 476/299/8
f 478/302/135 476/299/8 480/303/8
f 481/285/8 479/288/8 480/303/8
f 482/277/135 480/303/8 470/299/8
f 470/299/8 480/303/8 476/299/8
s 67
f 484/305/8 483/271/135 486/306/8
f 486/306/8 488/308/8 487/307/135
f 489/293/135 487/307/135 488/308/8
f 488/308/8 492/309/8 491/273/135
f 493/269/135 491/273/135 492/309/8
f 492/309/8 496/308/8 495/261/8
f 497/311/8 495/261/8 496/308/8
f 496/308/8 486/306/8 483/271/135
f 496/308/8 492/309/8 488/308/8
s 65
f 467/304/136 468/298/137 443/312/137
f 477/264/107 478/302/138 451/313/150
f 443/312/137 468/298/137 469/294/133
s 64
f 459/268/110 485/267/141 487/307/131
s 65
f 451/313/150 478/302/138 479/288/146
s 64
f 495/261/104 497/311/149 458/296/149
s 72
f 508/2/3 504/4/3 503/1/3
s 73
f 509/2/2 506/4/2 504/4/2
s 74
f 505/1/1 506/4/1 509/2/1
s 75
f 507/3/4 503/1/4 505/1/4
s 76
f 505/1/5 503/1/5 504/4/5
s 77
f 507/3/6 510/3/6 509/2/6
s 78
f 511/6/3 512/8/3 516/5/3
s 79
f 512/8/7 514/8/7 517/5/7
s 80
f 513/6/1 518/7/1 517/5/1
s 81
f 513/6/8 511/6/8 515/7/8
s 82
f 512/8/9 511/6/9 513/6/9
s 83
f 517/5/6 518/7/6 515/7/6
s 84
f 519/10/4 520/9/4 524/9/4
s 85
f 519/10/10 523/10/10 525/11/10
s 86
f 524/9/5 520/9/5 522/12/5
s 87
f 521/11/3 522/12/3 520/9/3
s 88
f 525/11/2 526/12/2 522/12/2
s 89
f 537/13/3 558/15/3 559/14/12
s 90
f 527/16/3 547/18/3 548/17/12
s 89
f 552/14/11 553/15/1 535/13/1
f 557/20/14 558/15/3 537/13/3
s 90
f 531/22/14 545/23/14 547/18/3
f 551/18/1 543/23/13 534/22/13
f 550/17/158 551/18/1 530/16/1
s 89
f 556/26/16 557/20/14 540/21/14
s 91
f 544/27/17 543/23/17 546/18/17
f 547/18/17 545/23/17 546/18/17
f 549/28/2 548/17/17 546/18/17
f 551/18/17 550/17/2 546/18/17
s 92
f 553/15/17 552/14/2 555/15/17
f 556/26/17 554/20/17 555/15/17
f 558/15/17 557/20/17 555/15/17
f 560/29/2 559/14/17 555/15/17
s 89
f 553/15/1 554/20/159 539/21/13
s 90
f 532/24/12 548/17/12 549/28/18
s 89
f 541/19/12 559/14/12 560/29/18
s 90
f 543/23/13 544/27/16 528/32/16
f 549/28/18 550/17/158 533/24/158
s 89
f 560/29/18 552/14/11 542/19/11
s 90
f 528/32/16 544/27/16 545/23/14
s 89
f 554/20/159 556/26/16 536/25/16
s 93
f 525/11/1 523/10/1 524/9/1
s 94
f 566/34/8 562/34/8 561/33/8
s 95
f 567/35/19 565/33/19 561/33/19
s 96
f 564/36/9 562/34/9 566/34/9
s 97
f 562/34/3 564/36/3 563/35/3
s 98
f 564/36/7 568/36/7 567/35/7
s 99
f 579/37/3 583/39/21 601/38/21
s 100
f 569/40/3 574/42/21 590/41/21
s 99
f 577/37/1 595/52/1 594/38/20
f 579/37/3 600/52/3 599/43/23
s 100
f 573/45/23 569/40/3 589/46/3
f 576/45/22 585/50/22 593/46/1
f 572/40/1 593/46/1 592/41/20
s 99
f 578/48/25 582/44/23 599/43/23
s 101
f 586/49/26 587/50/26 588/46/26
f 589/46/26 590/41/26 588/46/26
f 591/51/7 592/41/7 588/46/26
f 593/46/26 585/50/26 588/46/26
s 102
f 595/52/26 596/43/26 597/52/26
f 598/47/26 599/43/26 597/52/26
f 600/52/26 601/38/26 597/52/26
f 602/53/7 594/38/7 597/52/26
s 99
f 581/44/22 596/43/22 595/52/1
s 100
f 574/42/21 571/54/27 591/51/27
s 99
f 583/39/21 580/55/27 602/53/27
s 100
f 576/45/22 570/56/25 586/49/25
f 571/54/27 575/42/160 592/41/20
s 99
f 584/39/20 594/38/20 602/53/27
s 100
f 570/56/25 573/45/23 587/50/23
s 99
f 581/44/22 578/48/25 598/47/25
s 103
f 567/35/1 568/36/1 566/34/1
s 104
f 701/58/30 628/57/29 627/57/29
f 628/57/29 632/59/31 631/59/31
s 105
f 630/57/29 634/59/31 633/59/31
s 104
f 632/59/31 636/60/32 635/60/32
s 105
f 634/59/31 638/60/32 637/60/32
s 104
f 636/60/32 640/61/33 639/61/33
s 105
f 638/60/32 642/61/33 641/61/33
s 104
f 640/61/33 646/62/34 645/62/34
s 105
f 642/61/33 650/62/35 649/62/35
s 104
f 646/62/34 643/63/36 644/63/36
s 106
f 765/65/6 767/64/37 623/64/37
s 105
f 650/62/35 647/63/36 648/63/36
s 107
f 647/63/1 650/62/1 697/66/1
s 108
f 752/69/31 749/68/29 606/68/29
s 109
f 644/63/3 722/75/3 656/70/3
s 110
f 701/58/1 705/76/40 671/71/1
s 107
f 642/61/1 638/60/1 689/73/1
f 657/70/1 719/75/1 647/63/1
s 109
f 672/71/39 706/76/39 702/58/3
s 111
f 690/73/3 637/60/3 641/61/3
s 110
f 667/77/1 709/79/1 713/78/1
s 107
f 634/59/1 630/57/1 681/80/1
s 111
f 698/66/3 649/62/3 648/63/3
f 648/63/3 720/75/3 658/70/3
s 109
f 714/78/3 710/79/3 668/77/3
s 104
f 644/63/36 643/63/36 721/75/41
s 105
f 647/63/36 719/75/41 720/75/41
s 104
f 721/75/41 717/83/43 718/83/42
s 105
f 719/75/41 715/83/42 716/83/42
s 104
f 717/83/43 713/78/6 714/78/6
s 105
f 715/83/42 711/78/6 712/78/6
s 104
f 713/78/6 709/79/37 710/79/37
s 105
f 711/78/6 707/79/37 708/79/37
s 104
f 709/79/37 705/76/44 706/76/44
s 105
f 707/79/37 703/76/44 704/76/44
s 104
f 705/76/44 701/58/30 702/58/30
s 105
f 703/76/44 699/58/30 700/58/30
f 699/58/30 630/57/29 629/57/29
s 111
f 682/80/3 629/57/3 633/59/3
s 110
f 717/83/1 721/75/38 655/70/38
s 107
f 699/58/1 703/76/1 673/71/1
s 110
f 695/66/1 646/62/38 640/61/1
s 109
f 656/70/3 722/75/3 718/83/3
s 111
f 674/71/3 704/76/3 700/58/3
s 109
f 639/61/3 645/62/45 696/66/45
s 107
f 669/77/1 707/79/1 711/78/1
s 110
f 687/73/1 636/60/1 632/59/1
s 111
f 712/78/3 708/79/3 670/77/3
s 109
f 631/59/3 635/60/3 688/73/3
s 107
f 715/83/1 719/75/1 657/70/1
s 110
f 679/80/40 628/57/40 701/58/1
s 107
f 697/66/1 650/62/1 642/61/1
s 111
f 658/70/3 720/75/3 716/83/3
s 109
f 702/58/3 627/57/3 680/80/3
s 111
f 641/61/3 649/62/3 698/66/3
s 110
f 671/71/1 705/76/40 709/79/1
s 107
f 689/73/1 638/60/1 634/59/1
s 109
f 710/79/3 706/76/39 672/71/39
s 111
f 633/59/3 637/60/3 690/73/3
s 110
f 713/78/1 717/83/1 659/84/1
s 107
f 681/80/1 630/57/1 699/58/1
s 110
f 643/63/1 646/62/38 695/66/1
s 112
f 724/70/41 657/70/41 652/67/36
f 723/67/36 652/67/36 697/66/35
s 113
f 658/70/41 655/70/41 654/67/36
f 651/67/36 654/67/36 695/66/35
s 114
f 696/66/35 653/67/36 726/67/36
f 656/70/41 725/70/41 726/67/36
f 660/84/42 728/84/42 725/70/41
s 113
f 662/84/42 659/84/42 655/70/41
s 112
f 727/84/42 661/84/42 657/70/41
s 114
f 664/82/6 730/82/6 728/84/42
s 113
f 666/82/6 663/82/6 659/84/42
s 112
f 729/82/6 665/82/6 661/84/42
s 114
f 668/77/37 732/77/37 730/82/6
s 113
f 670/77/37 667/77/37 663/82/6
s 112
f 731/77/37 669/77/37 665/82/6
s 114
f 672/71/44 734/71/44 732/77/37
s 113
f 674/71/44 671/71/44 667/77/37
s 112
f 733/71/44 673/71/44 669/77/37
s 114
f 676/72/30 736/72/30 734/71/44
s 113
f 678/72/30 675/72/30 671/71/44
s 112
f 735/72/30 677/72/30 673/71/44
s 114
f 680/80/29 738/80/29 736/72/30
s 113
f 682/80/29 679/80/29 675/72/30
s 112
f 737/80/29 681/80/29 677/72/30
s 114
f 684/81/31 740/81/31 738/80/29
s 113
f 686/81/31 683/81/31 679/80/29
s 112
f 739/81/31 685/81/31 681/80/29
s 114
f 688/73/32 742/73/32 740/81/31
s 113
f 690/73/32 687/73/32 683/81/31
s 112
f 741/73/32 689/73/32 685/81/31
s 114
f 692/74/33 744/74/33 742/73/32
s 113
f 694/74/33 691/74/33 687/73/32
s 112
f 743/74/33 693/74/33 689/73/32
s 114
f 696/66/35 746/66/35 744/74/33
s 113
f 698/66/35 695/66/35 691/74/33
s 112
f 745/66/35 697/66/35 693/74/33
s 109
f 680/80/3 627/57/3 631/59/3
s 111
f 662/84/3 716/83/3 712/78/3
s 110
f 655/70/38 721/75/38 643/63/1
f 632/59/1 628/57/40 679/80/40
s 107
f 711/78/1 715/83/1 661/84/1
s 109
f 688/73/3 635/60/3 639/61/3
s 111
f 708/79/3 704/76/3 674/71/3
s 109
f 696/66/45 645/62/45 644/63/3
s 110
f 640/61/1 636/60/1 687/73/1
s 107
f 673/71/1 703/76/1 707/79/1
s 111
f 700/58/3 629/57/3 682/80/3
s 109
f 660/84/3 718/83/3 714/78/3
s 115
f 724/70/3 723/67/3 603/85/3
s 116
f 604/85/1 726/67/1 725/70/1
s 115
f 727/84/3 724/70/3 605/68/3
s 116
f 606/68/1 725/70/1 728/84/1
s 115
f 729/82/3 727/84/3 607/69/3
s 116
f 608/69/1 728/84/1 730/82/1
s 115
f 611/87/3 731/77/3 729/82/3
s 116
f 730/82/1 732/77/1 612/87/1
s 115
f 613/88/3 733/71/3 731/77/3
s 116
f 732/77/1 734/71/1 614/88/1
s 115
f 615/89/3 735/72/3 733/71/3
s 116
f 734/71/1 736/72/1 616/89/1
s 115
f 737/80/3 735/72/3 615/89/3
s 116
f 616/89/1 736/72/1 738/80/1
s 115
f 739/81/3 737/80/3 617/90/3
s 116
f 618/90/1 738/80/1 740/81/1
s 115
f 741/73/3 739/81/3 619/91/3
s 116
f 620/91/1 740/81/1 742/73/1
s 115
f 623/64/45 743/74/3 741/73/3
s 116
f 742/73/1 744/74/1 624/64/1
s 115
f 625/92/3 745/66/3 743/74/3
s 116
f 744/74/1 746/66/1 626/92/1
s 115
f 603/85/3 723/67/3 745/66/3
s 116
f 746/66/1 726/67/1 604/85/1
s 108
f 760/89/36 758/88/35 614/88/35
s 106
f 751/69/31 753/86/32 609/86/32
s 108
f 768/64/37 766/65/6 622/65/6
s 106
f 759/89/36 761/90/41 617/90/41
s 108
f 754/86/32 752/69/31 608/69/31
s 106
f 767/64/37 769/92/44 625/92/44
s 108
f 762/90/41 760/89/36 616/89/36
s 106
f 753/86/32 755/87/33 611/87/33
s 108
f 770/92/44 768/64/37 624/64/37
s 106
f 761/90/41 763/91/42 619/91/42
s 108
f 756/87/33 754/86/32 610/86/32
s 106
f 769/92/44 747/85/30 603/85/30
f 747/85/30 748/68/29 605/68/29
s 108
f 764/91/42 762/90/41 618/90/41
s 106
f 755/87/33 757/88/35 613/88/35
s 108
f 750/85/30 770/92/44 626/92/44
f 749/68/29 750/85/30 604/85/30
s 106
f 763/91/42 765/65/6 621/65/6
s 108
f 758/88/35 756/87/33 612/87/33
s 106
f 748/68/29 751/69/31 607/69/31
s 108
f 766/65/6 764/91/42 620/91/42
s 106
f 757/88/35 759/89/36 615/89/36
s 119
f 824/95/91 825/145/82 796/94/161
s 120
f 805/98/69 807/138/78 775/97/78
s 119
f 785/102/162 814/101/62 815/142/90
f 787/103/68 823/104/67 824/95/91
f 790/105/163 813/106/163 814/101/62
f 794/107/164 821/108/61 823/104/67
s 120
f 779/109/88 804/110/88 805/98/69
f 812/112/89 797/136/64 778/111/65
f 803/114/87 804/110/88 779/109/88
s 119
f 791/116/81 820/117/59 821/108/61
s 120
f 801/119/83 803/114/87 774/115/87
f 776/121/54 811/120/54 812/112/89
s 119
f 828/122/49 813/106/163 790/105/163
s 120
f 809/125/86 811/120/54 776/121/54
s 119
f 786/126/166 819/127/80 820/117/59
f 817/128/76 819/127/80 786/126/166
s 120
f 777/131/74 799/130/74 801/119/83
s 119
f 788/132/168 827/133/48 828/122/49
s 121
f 798/134/4 797/136/4 800/135/4
f 799/130/4 800/135/4 802/137/4
f 803/114/4 801/119/79 802/137/4
f 804/110/4 802/137/4 806/135/4
f 807/138/4 805/98/4 806/135/4
f 808/139/79 806/135/4 810/140/4
f 811/120/4 809/125/4 810/140/4
f 812/112/4 810/140/4 800/135/4
f 800/135/4 810/140/4 806/135/4
s 122
f 814/101/79 813/106/79 816/141/79
f 816/141/79 818/143/4 817/128/4
f 819/127/4 817/128/4 818/143/4
f 818/143/4 822/144/4 821/108/79
f 823/104/79 821/108/79 822/144/4
f 822/144/4 826/143/4 825/145/4
f 827/133/4 825/145/4 826/143/4
f 826/143/4 816/141/79 813/106/79
f 826/143/4 822/144/4 818/143/4
s 120
f 797/136/64 798/134/73 773/146/73
f 807/138/78 808/139/84 781/147/84
f 798/134/73 799/130/74 777/131/74
s 119
f 789/100/66 815/142/90 817/128/76
s 120
f 781/147/84 808/139/84 809/125/86
s 119
f 825/145/82 827/133/48 788/132/168
s 123
f 849/148/92 880/150/71 881/149/161
s 124
f 838/151/69 861/153/69 863/152/78
s 123
f 841/156/62 870/155/63 871/194/169
f 879/158/67 880/150/71 849/148/92
f 869/160/58 870/155/63 841/156/62
f 877/161/60 879/158/67 843/157/68
s 124
f 860/163/88 861/153/69 838/151/69
f 868/167/89 853/166/64 834/198/64
f 859/168/51 860/163/88 835/164/88
s 123
f 847/171/81 876/170/81 877/161/60
s 124
f 857/173/83 859/168/51 830/169/87
f 867/174/54 868/167/89 839/165/56
s 123
f 851/176/49 884/177/49 869/160/58
s 124
f 865/178/47 867/174/54 832/175/54
s 123
f 842/180/80 875/181/80 876/170/81
f 848/183/76 873/182/76 875/181/80
s 124
f 855/184/74 857/173/83 836/172/50
s 123
f 844/187/48 883/186/48 884/177/49
s 125
f 854/188/4 853/166/4 856/189/4
f 855/184/4 856/189/4 858/190/4
f 859/168/79 857/173/79 858/190/4
f 860/163/4 858/190/4 862/189/4
f 863/152/79 861/153/4 862/189/4
f 864/191/79 862/189/4 866/192/4
f 867/174/4 865/178/4 866/192/4
f 868/167/79 866/192/4 856/189/4
f 856/189/4 866/192/4 862/189/4
s 126
f 870/155/4 869/160/79 872/193/4
f 872/193/4 874/195/4 873/182/79
f 875/181/79 873/182/79 874/195/4
f 874/195/4 878/196/4 877/161/79
f 879/158/79 877/161/79 878/196/4
f 878/196/4 882/195/4 881/149/4
f 883/186/4 881/149/4 882/195/4
f 882/195/4 872/193/4 869/160/79
f 882/195/4 878/196/4 874/195/4
s 124
f 853/166/64 854/188/73 829/197/73
f 863/152/78 864/191/84 837/199/170
f 829/197/73 854/188/73 855/184/74
s 123
f 845/154/66 871/194/169 873/182/76
s 124
f 837/199/170 864/191/84 865/178/47
s 123
f 881/149/161 883/186/48 844/187/48
s 131
f 912/207/174 941/255/138 940/206/146
s 132
f 891/210/149 923/246/149 921/209/126
s 131
f 905/214/124 931/213/123 930/217/145
f 903/215/176 909/208/146 940/206/146
f 906/216/177 901/212/175 930/217/145
f 910/218/144 903/215/176 939/219/125
s 132
f 895/220/142 898/211/126 921/209/126
f 894/222/130 913/250/121 928/221/143
f 895/220/142 920/245/142 919/224/113
s 131
f 907/226/136 910/218/144 937/227/119
s 132
f 896/229/110 890/225/178 919/224/113
f 899/223/122 928/221/143 927/249/115
s 131
f 906/216/177 929/257/177 944/231/106
s 132
f 900/234/105 892/230/111 927/249/115
s 131
f 902/235/180 907/226/136 936/236/118
f 902/235/180 935/252/137 933/237/133
s 132
f 896/229/110 917/228/110 915/243/131
s 131
f 904/240/182 911/232/179 944/231/106
s 133
f 914/241/8 915/243/8 916/242/8
f 915/243/8 917/228/135 918/244/8
f 919/224/8 920/245/8 918/244/8
f 920/245/8 921/209/8 922/242/8
f 923/246/8 924/247/135 922/242/8
f 924/247/135 925/233/8 926/248/8
f 927/249/8 928/221/8 926/248/8
f 928/221/8 913/250/8 916/242/8
f 916/242/8 918/244/8 922/242/8
s 134
f 930/217/135 931/213/8 932/251/135
f 933/237/8 934/253/8 932/251/135
f 935/252/8 936/236/135 934/253/8
f 937/227/135 938/254/8 934/253/8
f 939/219/135 940/206/135 938/254/8
f 941/255/8 942/253/135 938/254/8
f 943/256/8 944/231/135 942/253/135
f 929/257/135 932/251/135 942/253/135
f 934/253/8 938/254/8 942/253/135
s 132
f 894/222/130 889/258/148 914/241/148
f 891/210/149 897/259/139 924/247/139
f 889/258/148 893/239/131 915/243/131
s 131
f 908/238/181 933/237/133 931/213/123
s 132
f 897/259/139 900/234/105 925/233/105
s 131
f 904/240/182 943/256/107 941/255/138
s 135
f 965/260/147 968/262/138 997/261/174
s 136
f 954/263/126 947/265/149 979/264/149
s 135
f 961/268/124 987/267/185 986/305/120
f 959/270/125 965/260/147 996/310/128
f 962/272/177 957/266/145 986/305/120
f 959/270/125 995/269/176 993/273/117
s 136
f 954/263/126 977/301/126 976/275/142
f 955/279/122 950/278/121 969/304/121
f 951/276/142 976/275/142 975/280/113
s 135
f 966/274/117 993/273/117 992/291/136
s 136
f 952/284/110 946/281/113 975/280/113
f 955/279/122 984/277/122 983/285/115
s 135
f 967/287/106 962/272/177 985/271/116
s 136
f 948/286/111 983/285/115 981/288/103
s 135
f 958/290/137 963/282/136 992/291/136
f 958/290/137 991/293/137 989/307/133
s 136
f 952/284/110 973/283/109 971/294/131
s 135
f 967/287/106 1000/297/106 999/311/107
s 137
f 970/298/8 971/294/8 972/299/8
f 971/294/8 973/283/135 974/300/8
f 975/280/135 976/275/8 974/300/8
f 976/275/8 977/301/8 978/299/8
f 979/264/135 980/302/135 978/299/8
f 980/302/135 981/288/8 982/303/8
f 983/285/8 984/277/135 982/303/8
f 984/277/135 969/304/8 972/299/8
f 972/299/8 974/300/8 978/299/8
s 138
f 986/305/8 987/267/8 988/306/8
f 989/307/135 990/308/8 988/306/8
f 991/293/135 992/291/8 990/308/8
f 993/273/135 994/309/8 990/308/8
f 995/269/135 996/310/8 994/309/8
f 997/261/135 998/308/8 994/309/8
f 999/311/8 1000/297/8 998/308/8
f 985/271/135 988/306/8 998/308/8
f 990/308/8 994/309/8 998/308/8
s 136
f 945/312/148 970/298/148 969/304/121
f 953/313/184 980/302/139 979/264/149
f 949/295/183 971/294/131 970/298/148
s 135
f 961/268/124 964/292/133 989/307/133
s 136
f 953/313/184 956/289/140 981/288/103
s 135
f 960/296/107 999/311/107 997/261/174
s 143
f 1075/318/9 1084/319/9 1085/319/9
s 144
f 1069/320/19 1070/320/19 1077/321/19
f 1005/322/19 1025/322/19 1018/323/19
s 145
f 1052/324/27 1059/325/27 1060/325/27
s 146
f 1097/326/25 1098/326/25 1105/327/25
f 1009/328/25 1053/328/25 1046/329/25
s 144
f 1070/323/19 1013/323/19 1030/322/19
s 143
f 1022/318/9 1023/318/9 1032/319/9
f 1021/330/9 1022/330/9 1033/331/9
f 1020/318/9 1021/318/9 1034/319/9
f 1020/330/9 1035/331/9 1036/331/9
f 1036/319/9 1006/319/9 1008/318/9
s 144
f 1018/320/19 1025/321/19 1026/321/19
f 1016/323/19 1017/323/19 1026/322/19
f 1015/320/19 1016/320/19 1027/321/19
f 1014/323/19 1015/323/19 1028/322/19
f 1013/320/19 1014/320/19 1029/321/19
s 147
f 1007/323/1 1038/391/1 1037/332/1
s 148
f 1031/331/8 1078/321/8 1077/321/8
f 1082/321/8 1081/321/8 1090/333/8
f 1081/321/8 1086/331/8 1085/331/8
s 147
f 1038/334/1 1008/330/1 1006/331/1
s 149
f 1039/336/1 1040/337/1 1012/324/1
s 151
f 1055/327/8 1064/325/8 1063/325/8
f 1116/338/8 1107/328/8 1106/328/8
f 1113/325/8 1117/392/8 1109/327/8
f 1117/392/8 1110/327/8 1109/327/8
f 1057/327/8 1062/325/8 1061/325/8
s 146
f 1098/329/25 1041/329/25 1058/328/25
s 145
f 1050/340/27 1051/340/27 1060/338/27
f 1049/324/27 1050/324/27 1061/325/27
f 1048/340/27 1049/340/27 1062/338/27
f 1048/324/27 1063/325/27 1064/325/27
f 1064/338/27 1010/338/27 1012/340/27
s 146
f 1046/326/25 1053/327/25 1054/327/25
f 1044/329/25 1045/329/25 1054/328/25
f 1043/326/25 1044/326/25 1055/327/25
f 1042/329/25 1043/329/25 1056/328/25
f 1041/326/25 1042/326/25 1057/327/25
s 145
f 1103/340/27 1112/338/27 1113/338/27
s 148
f 1088/319/8 1079/322/8 1078/322/8
f 1089/343/8 1090/345/8 1085/319/8
f 1037/335/8 1006/331/8 1026/321/8
f 1034/319/8 1029/322/8 1028/322/8
s 151
f 1060/338/8 1105/328/8 1058/328/8
f 1062/338/8 1057/328/8 1056/328/8
s 143
f 1083/331/9 1084/331/9 1075/330/9
f 1074/330/9 1085/331/9 1086/331/9
f 1072/318/9 1073/318/9 1086/319/9
f 1071/330/9 1072/330/9 1087/331/9
f 1088/319/9 1031/319/9 1024/318/9
s 144
f 1068/323/19 1069/323/19 1078/322/19
f 1068/320/19 1079/321/19 1080/321/19
f 1067/323/19 1080/322/19 1081/322/19
s 152
f 1089/343/3 1091/393/3 1092/344/3
s 144
f 1081/321/19 1082/321/19 1065/320/19
s 148
f 1087/331/8 1080/321/8 1079/321/8
f 1086/319/8 1081/322/8 1080/322/8
s 151
f 1114/338/8 1109/328/8 1108/328/8
f 1107/327/8 1116/325/8 1115/325/8
f 1064/338/8 1055/328/8 1054/328/8
f 1118/347/8 1117/348/8 1113/338/8
f 1039/336/8 1010/325/8 1054/327/8
s 145
f 1111/325/27 1112/325/27 1103/324/27
f 1102/324/27 1113/325/27 1114/325/27
f 1100/340/27 1101/340/27 1114/338/27
f 1099/324/27 1100/324/27 1115/325/27
f 1116/338/27 1059/338/27 1052/340/27
s 146
f 1096/329/25 1097/329/25 1106/328/25
f 1096/326/25 1107/327/25 1108/327/25
f 1095/329/25 1108/328/25 1109/328/25
s 153
f 1117/348/3 1118/347/3 1121/349/3
s 146
f 1109/327/25 1110/327/25 1093/326/25
s 148
f 1035/331/8 1028/321/8 1027/321/8
f 1030/322/8 1033/319/8 1032/319/8
f 1029/321/8 1034/331/8 1033/331/8
s 153
f 1104/324/3 1121/341/3 1118/351/3
f 1110/327/3 1117/392/3 1119/342/3
s 152
f 1091/352/3 1089/346/3 1083/331/3
f 1065/320/3 1082/321/3 1090/333/3
s 151
f 1105/327/8 1060/325/8 1059/325/8
s 148
f 1036/319/8 1027/322/8 1026/322/8
s 149
f 1009/327/1 1011/326/1 1040/337/1
s 143
f 1024/330/9 1031/331/9 1032/331/9
s 155
f 1203/354/5 1202/354/5 1193/355/5
s 156
f 1187/356/10 1196/357/10 1195/357/10
f 1136/358/10 1143/359/10 1123/359/10
s 157
f 1178/360/18 1177/360/18 1170/361/18
s 158
f 1215/362/16 1224/363/16 1223/363/16
f 1164/364/16 1171/365/16 1127/365/16
s 156
f 1188/358/10 1195/359/10 1148/359/10
s 155
f 1140/355/5 1151/354/5 1150/354/5
f 1139/366/5 1152/367/5 1151/367/5
f 1138/355/5 1153/354/5 1152/354/5
f 1154/367/5 1153/367/5 1138/366/5
f 1126/355/5 1124/354/5 1154/354/5
s 156
f 1144/357/10 1143/357/10 1136/356/10
f 1134/358/10 1145/359/10 1144/359/10
f 1133/356/10 1146/357/10 1145/357/10
f 1132/358/10 1147/359/10 1146/359/10
f 1131/356/10 1148/357/10 1147/357/10
s 159
f 1155/368/1 1156/394/1 1125/358/1
s 160
f 1149/367/4 1150/367/4 1195/357/4
f 1204/367/4 1199/357/4 1203/367/4
f 1199/357/4 1200/357/4 1208/369/4
s 159
f 1124/367/1 1126/366/1 1156/370/1
s 161
f 1157/372/1 1128/360/1 1130/361/1
s 163
f 1181/360/4 1182/360/4 1173/363/4
f 1234/374/4 1177/374/4 1224/365/4
f 1228/363/4 1235/395/4 1227/363/4
f 1235/395/4 1231/360/4 1227/363/4
f 1179/360/4 1180/360/4 1175/363/4
s 158
f 1216/364/16 1223/365/16 1176/365/16
s 157
f 1168/376/18 1179/374/18 1178/374/18
f 1167/361/18 1180/360/18 1179/360/18
f 1166/376/18 1181/374/18 1180/374/18
f 1182/360/18 1181/360/18 1166/361/18
f 1130/376/18 1128/374/18 1182/374/18
s 158
f 1172/363/16 1171/363/16 1164/362/16
f 1162/364/16 1173/365/16 1172/365/16
f 1161/362/16 1174/363/16 1173/363/16
f 1160/364/16 1175/365/16 1174/365/16
f 1159/362/16 1176/363/16 1175/363/16
s 157
f 1231/374/18 1230/374/18 1221/376/18
s 160
f 1206/354/4 1149/354/4 1196/359/4
f 1207/379/4 1202/354/4 1203/354/4
f 1144/357/4 1124/367/4 1155/371/4
f 1152/354/4 1153/354/4 1146/359/4
s 163
f 1178/374/4 1179/374/4 1176/365/4
f 1180/374/4 1181/374/4 1174/365/4
s 155
f 1193/366/5 1202/367/5 1201/367/5
f 1204/367/5 1203/367/5 1192/366/5
f 1190/355/5 1205/354/5 1204/354/5
f 1189/366/5 1206/367/5 1205/367/5
f 1142/355/5 1149/354/5 1206/354/5
s 156
f 1186/358/10 1197/359/10 1196/359/10
f 1198/357/10 1197/357/10 1186/356/10
f 1199/359/10 1198/359/10 1185/358/10
s 164
f 1210/381/3 1209/396/3 1207/379/3
s 156
f 1183/356/10 1200/357/10 1199/357/10
s 160
f 1205/367/4 1206/367/4 1197/357/4
f 1204/354/4 1205/354/4 1198/359/4
s 163
f 1232/374/4 1233/374/4 1226/365/4
f 1233/360/4 1234/360/4 1225/363/4
f 1172/365/4 1173/365/4 1182/374/4
f 1236/383/4 1230/374/4 1231/374/4
f 1157/372/4 1171/363/4 1172/363/4
s 157
f 1221/361/18 1230/360/18 1229/360/18
f 1232/360/18 1231/360/18 1220/361/18
f 1218/376/18 1233/374/18 1232/374/18
f 1217/361/18 1234/360/18 1233/360/18
f 1170/376/18 1177/374/18 1234/374/18
s 158
f 1214/364/16 1225/365/16 1224/365/16
f 1226/363/16 1225/363/16 1214/362/16
f 1227/365/16 1226/365/16 1213/364/16
s 165
f 1239/385/3 1236/383/3 1235/384/3
s 158
f 1211/362/16 1228/363/16 1227/363/16
s 160
f 1153/367/4 1154/367/4 1145/357/4
f 1148/359/4 1195/359/4 1150/354/4
f 1147/357/4 1148/357/4 1151/367/4
s 165
f 1222/361/3 1229/360/3 1236/387/3
f 1237/378/3 1235/395/3 1228/363/3
s 164
f 1201/367/3 1207/382/3 1209/388/3
f 1183/356/3 1210/390/3 1208/369/3
s 163
f 1177/360/4 1178/360/4 1223/363/4
s 160
f 1144/359/4 1145/359/4 1154/354/4
s 161
f 1127/365/1 1157/375/1 1158/389/1
s 155
f 1150/367/5 1149/367/5 1142/366/5
